Name,Party,Chamber,State,Ticker,Date,Buy,Sell
Ro Khanna,Democrat,House,CA,INFN,2024-7-9,False,True
Ro Khanna,Democrat,House,CA,MHK,2024-7-15,False,True
Ro Khanna,Democrat,House,CA,CNC,2024-6-30,False,True
Ro Khanna,Democrat,House,CA,APTV,2024-6-30,False,True
Ro Khanna,Democrat,House,CA,CRI,2024-7-22,False,True
Ro Khanna,Democrat,House,CA,ANSS,2024-6-30,False,True
Ro Khanna,Democrat,House,CA,MS,2024-6-30,False,True
Ro Khanna,Democrat,House,CA,MSCI,2024-6-30,False,True
Ro Khanna,Democrat,House,CA,FITB,2024-6-30,False,True
Ro Khanna,Democrat,House,CA,GLW,2024-7-10,False,True
Ro Khanna,Democrat,House,CA,GLW,2024-7-8,False,True
Ro Khanna,Democrat,House,CA,FCX,2024-6-30,False,True
Ro Khanna,Democrat,House,CA,BAC,2024-7-24,False,True
Ro Khanna,Democrat,House,CA,CSCO,2024-6-30,False,True
Ro Khanna,Democrat,House,CA,SMCI,2024-6-30,False,True
Ro Khanna,Democrat,House,CA,DHR,2024-6-30,False,True
Ro Khanna,Democrat,House,CA,INFN,2024-7-10,False,True
Ro Khanna,Democrat,House,CA,URI,2024-6-30,False,True
Ro Khanna,Democrat,House,CA,POOL,2024-6-30,False,True
Ro Khanna,Democrat,House,CA,INFN,2024-7-11,False,True
Ro Khanna,Democrat,House,CA,INFN,2024-7-16,False,True
Ro Khanna,Democrat,House,CA,INFN,2024-7-21,False,True
Ro Khanna,Democrat,House,CA,MOH,2024-6-30,False,True
Ro Khanna,Democrat,House,CA,MNST,2024-6-30,False,True
Ro Khanna,Democrat,House,CA,PPG,2024-6-30,False,True
Ro Khanna,Democrat,House,CA,VMC,2024-6-30,False,True
Ro Khanna,Democrat,House,CA,ABNB,2024-6-30,False,True
Ro Khanna,Democrat,House,CA,LYV,2024-6-30,False,True
Ro Khanna,Democrat,House,CA,BEN,2024-6-30,False,True
Ro Khanna,Democrat,House,CA,HAS,2024-6-30,False,True
Ro Khanna,Democrat,House,CA,KDP,2024-6-30,False,True
Ro Khanna,Democrat,House,CA,ARE,2024-6-30,False,True
Ro Khanna,Democrat,House,CA,ETSY,2024-6-30,False,True
Ro Khanna,Democrat,House,CA,LEN,2024-7-1,False,True
Ro Khanna,Democrat,House,CA,CTVA,2024-6-30,False,True
Ro Khanna,Democrat,House,CA,KVUE,2024-6-30,False,True
Ro Khanna,Democrat,House,CA,DOW,2024-6-30,False,True
Ro Khanna,Democrat,House,CA,TECH,2024-6-30,False,True
Ro Khanna,Democrat,House,CA,PARA,2024-6-30,False,True
Ro Khanna,Democrat,House,CA,NSC,2024-6-30,False,True
Ro Khanna,Democrat,House,CA,PAYX,2024-6-30,False,True
Ro Khanna,Democrat,House,CA,LVS,2024-6-30,False,True
Ro Khanna,Democrat,House,CA,KR,2024-7-2,False,True
Ro Khanna,Democrat,House,CA,GNRC,2024-6-30,False,True
Ro Khanna,Democrat,House,CA,CE,2024-6-30,False,True
Ro Khanna,Democrat,House,CA,ENPH,2024-6-30,False,True
Ro Khanna,Democrat,House,CA,HSIC,2024-6-30,False,True
Ro Khanna,Democrat,House,CA,PAYC,2024-6-30,False,True
Ro Khanna,Democrat,House,CA,NKE,2024-6-30,False,True
Ro Khanna,Democrat,House,CA,CAT,2024-6-30,False,True
Ro Khanna,Democrat,House,CA,INFN,2024-7-29,False,True
Ro Khanna,Democrat,House,CA,PEP,2024-7-1,True,False
Ro Khanna,Democrat,House,CA,AIG,2024-7-1,True,False
Ro Khanna,Democrat,House,CA,LEA,2024-7-1,True,False
Ro Khanna,Democrat,House,CA,LH,2024-7-1,True,False
Ro Khanna,Democrat,House,CA,WFC,2024-7-15,True,False
Ro Khanna,Democrat,House,CA,STT,2024-7-16,True,False
Ro Khanna,Democrat,House,CA,DE,2024-7-1,True,False
Ro Khanna,Democrat,House,CA,BLDR,2024-7-18,True,False
Ro Khanna,Democrat,House,CA,RRX,2024-7-1,True,False
Ro Khanna,Democrat,House,CA,CAT,2024-7-1,True,False
Ro Khanna,Democrat,House,CA,IP,2024-7-30,True,False
Ro Khanna,Democrat,House,CA,IP,2024-7-10,True,False
Ro Khanna,Democrat,House,CA,GM,2024-7-1,True,False
Ro Khanna,Democrat,House,CA,UNP,2024-7-1,True,False
Ro Khanna,Democrat,House,CA,ABT,2024-7-17,True,False
Ro Khanna,Democrat,House,CA,FERG,2024-7-1,True,False
Ro Khanna,Democrat,House,CA,ABT,2024-7-1,True,False
Ro Khanna,Democrat,House,CA,SYY,2024-7-22,True,False
Ro Khanna,Democrat,House,CA,ALL,2024-7-28,False,True
Ro Khanna,Democrat,House,CA,HD,2024-7-9,False,True
Ro Khanna,Democrat,House,CA,BRK/B,2024-7-24,False,True
Ro Khanna,Democrat,House,CA,AMZN,2024-7-4,False,True
Ro Khanna,Democrat,House,CA,N/A,2024-6-30,True,False
Ro Khanna,Democrat,House,CA,N/A,2024-7-14,True,False
Ro Khanna,Democrat,House,CA,N/A,2024-7-10,True,False
Ro Khanna,Democrat,House,CA,N/A,2024-7-8,True,False
Ro Khanna,Democrat,House,CA,AVGO,2024-7-22,True,False
Ro Khanna,Democrat,House,CA,N/A,2024-7-14,True,False
Ro Khanna,Democrat,House,CA,N/A,2024-7-4,True,False
Ro Khanna,Democrat,House,CA,VRT,2024-7-22,True,False
Ro Khanna,Democrat,House,CA,N/A,2024-7-7,True,False
Ro Khanna,Democrat,House,CA,N/A,2024-7-7,True,False
Ro Khanna,Democrat,House,CA,N/A,2024-6-30,True,False
Ro Khanna,Democrat,House,CA,MDB,2024-7-22,True,False
Ro Khanna,Democrat,House,CA,AAPL,2024-7-22,True,False
Ro Khanna,Democrat,House,CA,N/A,2024-7-19,True,False
Ro Khanna,Democrat,House,CA,N/A,2024-7-1,True,False
Ro Khanna,Democrat,House,CA,N/A,2024-7-14,True,False
Ro Khanna,Democrat,House,CA,N/A,2024-7-7,True,False
Ro Khanna,Democrat,House,CA,ACN,2024-7-22,True,False
Ro Khanna,Democrat,House,CA,NET,2024-7-22,True,False
Ro Khanna,Democrat,House,CA,N/A,2024-7-22,True,False
Ro Khanna,Democrat,House,CA,ANET,2024-7-22,False,True
Ro Khanna,Democrat,House,CA,GTLB,2024-7-22,False,True
Ro Khanna,Democrat,House,CA,EMR,2024-7-22,False,True
Ro Khanna,Democrat,House,CA,SGOV,2024-7-28,False,True
Ro Khanna,Democrat,House,CA,LVMHF,2024-7-28,True,False
Ro Khanna,Democrat,House,CA,V,2024-7-28,True,False
Ro Khanna,Democrat,House,CA,SGOV,2024-7-28,False,True
Ro Khanna,Democrat,House,CA,LVMHF,2024-7-28,True,False
Ro Khanna,Democrat,House,CA,V,2024-7-28,True,False
Ro Khanna,Democrat,House,CA,SGOV,2024-7-28,False,True
Ro Khanna,Democrat,House,CA,LVMHF,2024-7-28,True,False
Ro Khanna,Democrat,House,CA,V,2024-7-28,True,False
Jared Moskowitz,Democrat,House,FL,APD,2024-1-31,False,True
Jared Moskowitz,Democrat,House,FL,APD,2024-1-31,False,True
Jared Moskowitz,Democrat,House,FL,ALL,2024-7-4,False,True
Jared Moskowitz,Democrat,House,FL,ALL,2024-7-4,False,True
Jared Moskowitz,Democrat,House,FL,GOOGL,2024-6-30,True,False
Jared Moskowitz,Democrat,House,FL,AMZN,2024-7-4,True,False
Jared Moskowitz,Democrat,House,FL,AMZN,2024-7-4,True,False
Jared Moskowitz,Democrat,House,FL,ATO,2024-7-4,True,False
Jared Moskowitz,Democrat,House,FL,BRK/B,2024-7-4,True,False
Jared Moskowitz,Democrat,House,FL,BRK/B,2024-7-4,True,False
Jared Moskowitz,Democrat,House,FL,BBY,2024-6-30,False,True
Jared Moskowitz,Democrat,House,FL,AVGO,2024-7-4,True,False
Jared Moskowitz,Democrat,House,FL,AVGO,2024-7-4,True,False
Jared Moskowitz,Democrat,House,FL,CMCSA,2024-7-4,False,True
Jared Moskowitz,Democrat,House,FL,CMCSA,2024-7-16,False,True
Jared Moskowitz,Democrat,House,FL,ELV,2024-1-31,True,False
Jared Moskowitz,Democrat,House,FL,ELV,2024-7-4,True,False
Jared Moskowitz,Democrat,House,FL,ELV,2024-6-30,True,False
Jared Moskowitz,Democrat,House,FL,FDS,2024-6-30,True,False
Jared Moskowitz,Democrat,House,FL,FDS,2024-7-4,False,True
Jared Moskowitz,Democrat,House,FL,FDS,2024-7-4,False,True
Jared Moskowitz,Democrat,House,FL,FDS,2024-1-31,True,False
Jared Moskowitz,Democrat,House,FL,FDS,2024-1-31,True,False
Jared Moskowitz,Democrat,House,FL,JNJ,2024-6-30,True,False
Jared Moskowitz,Democrat,House,FL,JPM,2024-7-4,True,False
Jared Moskowitz,Democrat,House,FL,JPM,2024-6-30,True,False
Jared Moskowitz,Democrat,House,FL,KMB,2024-1-31,False,True
Jared Moskowitz,Democrat,House,FL,KMB,2024-1-31,False,True
Jared Moskowitz,Democrat,House,FL,LIN,2024-7-4,True,False
Jared Moskowitz,Democrat,House,FL,LIN,2024-7-4,True,False
Jared Moskowitz,Democrat,House,FL,LMT,2024-6-30,True,False
Jared Moskowitz,Democrat,House,FL,MA,2024-7-4,False,True
Jared Moskowitz,Democrat,House,FL,MA,2024-7-4,False,True
Jared Moskowitz,Democrat,House,FL,MDLZ,2024-7-4,False,True
Jared Moskowitz,Democrat,House,FL,MDLZ,2024-6-30,True,False
Jared Moskowitz,Democrat,House,FL,NEE,2024-6-30,True,False
Jared Moskowitz,Democrat,House,FL,NKE,2024-1-31,False,True
Jared Moskowitz,Democrat,House,FL,NKE,2024-1-31,False,True
Jared Moskowitz,Democrat,House,FL,NOC,2024-7-4,False,True
Jared Moskowitz,Democrat,House,FL,NOC,2024-6-30,False,True
Jared Moskowitz,Democrat,House,FL,NVDA,2024-7-4,True,False
Jared Moskowitz,Democrat,House,FL,NVDA,2024-7-4,True,False
Jared Moskowitz,Democrat,House,FL,ORCL,2024-7-4,True,False
Jared Moskowitz,Democrat,House,FL,ORCL,2024-7-4,True,False
Jared Moskowitz,Democrat,House,FL,PNC,2024-6-30,False,True
Jared Moskowitz,Democrat,House,FL,PNC,2024-7-4,False,True
Jared Moskowitz,Democrat,House,FL,ROP,2024-7-4,True,False
Jared Moskowitz,Democrat,House,FL,SHW,2024-7-4,True,False
Jared Moskowitz,Democrat,House,FL,SNA,2024-1-31,True,False
Jared Moskowitz,Democrat,House,FL,SNA,2024-6-30,True,False
Jared Moskowitz,Democrat,House,FL,SO,2024-7-4,True,False
Jared Moskowitz,Democrat,House,FL,SO,2024-7-4,True,False
Jared Moskowitz,Democrat,House,FL,TD,2024-7-4,False,True
Jared Moskowitz,Democrat,House,FL,TD,2024-6-30,False,True
Jared Moskowitz,Democrat,House,FL,TSCO,2024-6-30,True,False
Jared Moskowitz,Democrat,House,FL,GWW,2024-7-4,True,False
Jared Moskowitz,Democrat,House,FL,WM,2024-7-4,False,True
Jared Moskowitz,Democrat,House,FL,WEC,2024-7-4,False,True
Jared Moskowitz,Democrat,House,FL,WEC,2024-6-30,False,True
Jared Moskowitz,Democrat,House,FL,ZTS,2024-7-4,False,True
Jared Moskowitz,Democrat,House,FL,ZTS,2024-7-4,False,True
David Joyce,Republican,House,OH,BLK,2023-6-29,False,True
David Joyce,Republican,House,OH,BA,2023-6-18,False,True
David Joyce,Republican,House,OH,C,2023-6-21,False,True
David Joyce,Republican,House,OH,GBDC,2022-7-11,False,True
David Joyce,Republican,House,OH,GBDC,2022-7-13,False,True
David Joyce,Republican,House,OH,GBDC,2023-6-18,False,True
David Joyce,Republican,House,OH,GBDC,2023-6-29,False,True
David Joyce,Republican,House,OH,IWF,2023-6-18,False,True
David Joyce,Republican,House,OH,IWF,2023-6-18,False,True
David Joyce,Republican,House,OH,XBI,2023-6-29,False,True
David Joyce,Republican,House,OH,TRP,2023-6-22,False,True
David Joyce,Republican,House,OH,VCSH,2022-7-13,True,False
Suzan DelBene,Democrat,House,WA,N/A,2024-7-23,False,True
Suzan DelBene,Democrat,House,WA,N/A,2024-7-23,True,False
Virginia Foxx,Republican,House,NC,ASC,2024-7-7,True,False
Virginia Foxx,Republican,House,NC,ASC,2024-7-8,True,False
Virginia Foxx,Republican,House,NC,ASC,2024-7-10,True,False
Virginia Foxx,Republican,House,NC,EFC,2024-6-30,True,False
Earl Blumenauer,Democrat,House,OR,BAX,2024-7-8,True,False
Earl Blumenauer,Democrat,House,OR,MDT,2024-7-8,False,True
Earl Blumenauer,Democrat,House,OR,N/A,2024-7-11,True,False
Earl Blumenauer,Democrat,House,OR,N/A,2024-7-25,True,False
Earl Blumenauer,Democrat,House,OR,WBD,2024-7-8,False,True
John Boozman,Republican,Senate,AR,VEA,2024-7-17,True,False
John Boozman,Republican,Senate,AR,MSI,2024-7-25,True,False
John Boozman,Republican,Senate,AR,GOOGL,2024-7-25,True,False
John Boozman,Republican,Senate,AR,MDY,2024-7-17,False,True
John Boozman,Republican,Senate,AR,LRCX,2024-7-25,False,True
Rudy Yakym,Republican,House,IN,N/A,2024-7-29,True,False
Laurel Lee,Republican,House,FL,AAPL,2024-7-4,False,True
Laurel Lee,Republican,House,FL,AAPL,2024-7-4,True,False
Lloyd Doggett,Democrat,House,TX,KO,2024-6-30,True,False
Gary Peters,Democrat,Senate,MI,OTIS,2024-7-16,False,True
Gary Peters,Democrat,Senate,MI,CARR,2024-7-16,False,True
Dan Meuser,Republican,House,PA,N/A,2024-7-12,True,False
Dan Meuser,Republican,House,PA,N/A,2024-7-23,False,True
Marjorie Taylor Greene,Republican,House,GA,N/A,2024-8-1,True,False
Tom Carper,Democrat,Senate,DE,UBS,2024-7-17,False,True
Dean Phillips,Democrat,House,MN,N/A,2024-6-26,False,True
Dean Phillips,Democrat,House,MN,N/A,2024-7-1,False,True
Michael Burgess,Republican,House,TX,RY,2024-7-15,False,True
Michael Burgess,Republican,House,TX,RY,2024-7-15,True,False
Michael Burgess,Republican,House,TX,UPS,2024-7-21,False,True
Nancy Pelosi,Democrat,House,CA,MSFT,2024-7-25,False,True
Nancy Pelosi,Democrat,House,CA,NVDA,2024-7-25,True,False
Katie Britt,Republican,Senate,AL,ONEW,2024-7-23,False,True
Victoria Spartz,Republican,House,IN,SPG,2024-6-27,True,False
Marjorie Taylor Greene,Republican,House,GA,AMAT,2024-7-22,True,False
Marjorie Taylor Greene,Republican,House,GA,GLW,2024-7-22,True,False
Marjorie Taylor Greene,Republican,House,GA,DELL,2024-7-22,True,False
Marjorie Taylor Greene,Republican,House,GA,DUK,2024-7-22,True,False
Marjorie Taylor Greene,Republican,House,GA,JPM,2024-7-22,True,False
Marjorie Taylor Greene,Republican,House,GA,UPS,2024-7-22,True,False
Marjorie Taylor Greene,Republican,House,GA,N/A,2024-7-23,True,False
Buddy Carter,Republican,House,GA,ABCB,2024-7-17,False,True
Buddy Carter,Republican,House,GA,ABCB,2024-7-18,False,True
Buddy Carter,Republican,House,GA,ABCB,2024-7-22,False,True
Buddy Carter,Republican,House,GA,ABCB,2024-7-18,False,True
Michael McCaul,Republican,House,TX,VWLUX,2024-6-2,True,False
Michael McCaul,Republican,House,TX,AAPL,2024-6-9,True,False
Michael McCaul,Republican,House,TX,AAPL,2024-6-19,True,False
Michael McCaul,Republican,House,TX,N/A,2024-6-23,True,False
Michael McCaul,Republican,House,TX,N/A,2024-6-17,True,False
Michael McCaul,Republican,House,TX,N/A,2024-6-20,True,False
Michael McCaul,Republican,House,TX,META,2024-6-27,True,False
Michael McCaul,Republican,House,TX,MNST,2024-6-20,True,False
Michael McCaul,Republican,House,TX,BAYRY,2024-6-5,True,False
Michael McCaul,Republican,House,TX,AMD,2024-6-20,True,False
Michael McCaul,Republican,House,TX,AON,2024-6-5,True,False
Michael McCaul,Republican,House,TX,WDAY,2024-6-10,True,False
Michael McCaul,Republican,House,TX,WDAY,2024-6-5,True,False
Michael McCaul,Republican,House,TX,WDAY,2024-6-3,True,False
Michael McCaul,Republican,House,TX,AA,2024-6-4,True,False
Michael McCaul,Republican,House,TX,AA,2024-6-26,True,False
Michael McCaul,Republican,House,TX,OMF,2024-6-4,True,False
Michael McCaul,Republican,House,TX,WTM,2024-6-24,True,False
Michael McCaul,Republican,House,TX,N/A,2024-6-17,True,False
Michael McCaul,Republican,House,TX,N/A,2024-6-17,True,False
Michael McCaul,Republican,House,TX,N/A,2024-6-12,True,False
Michael McCaul,Republican,House,TX,N/A,2024-6-26,True,False
Michael McCaul,Republican,House,TX,N/A,2024-6-20,True,False
Michael McCaul,Republican,House,TX,MSFT,2024-6-2,False,True
Michael McCaul,Republican,House,TX,GS,2024-6-10,False,True
Michael McCaul,Republican,House,TX,ANET,2024-6-19,False,True
Michael McCaul,Republican,House,TX,AMZN,2024-6-19,False,True
Michael McCaul,Republican,House,TX,GS,2024-6-2,False,True
Michael McCaul,Republican,House,TX,NFLX,2024-6-3,False,True
Michael McCaul,Republican,House,TX,N/A,2024-6-16,False,True
Michael McCaul,Republican,House,TX,N/A,2024-6-2,False,True
Michael McCaul,Republican,House,TX,META,2024-6-2,False,True
Michael McCaul,Republican,House,TX,V,2024-6-19,False,True
Michael McCaul,Republican,House,TX,FI,2024-6-19,False,True
Michael McCaul,Republican,House,TX,WFC,2024-6-3,False,True
Michael McCaul,Republican,House,TX,FI,2024-6-9,False,True
Michael McCaul,Republican,House,TX,INTU,2024-6-9,False,True
Michael McCaul,Republican,House,TX,V,2024-6-9,False,True
Michael McCaul,Republican,House,TX,SAFRY,2024-6-10,False,True
Michael McCaul,Republican,House,TX,NVDA,2024-6-9,False,True
Michael McCaul,Republican,House,TX,N/A,2024-6-26,False,True
Michael McCaul,Republican,House,TX,N/A,2024-6-19,False,True
Michael McCaul,Republican,House,TX,N/A,2024-6-16,False,True
Michael McCaul,Republican,House,TX,NVDA,2024-6-20,False,True
Michael McCaul,Republican,House,TX,N/A,2024-6-2,False,True
Michael McCaul,Republican,House,TX,ST,2024-6-19,True,False
Michael McCaul,Republican,House,TX,ST,2024-6-12,True,False
Michael McCaul,Republican,House,TX,VSH,2024-6-12,True,False
Michael McCaul,Republican,House,TX,VSH,2024-6-20,True,False
Michael McCaul,Republican,House,TX,VSH,2024-6-19,True,False
Michael McCaul,Republican,House,TX,ST,2024-6-12,True,False
Michael McCaul,Republican,House,TX,VSH,2024-6-13,True,False
Michael McCaul,Republican,House,TX,VSH,2024-6-16,True,False
Michael McCaul,Republican,House,TX,ST,2024-6-13,True,False
Michael McCaul,Republican,House,TX,SF,2024-6-4,True,False
Michael McCaul,Republican,House,TX,CVS,2024-6-4,True,False
Michael McCaul,Republican,House,TX,ST,2024-6-4,True,False
Michael McCaul,Republican,House,TX,MUR,2024-6-4,True,False
Michael McCaul,Republican,House,TX,VSH,2024-6-23,True,False
Michael McCaul,Republican,House,TX,OSK,2024-6-13,False,True
Michael McCaul,Republican,House,TX,OSK,2024-6-19,False,True
Michael McCaul,Republican,House,TX,OSK,2024-6-12,False,True
Michael McCaul,Republican,House,TX,OSK,2024-6-20,False,True
Michael McCaul,Republican,House,TX,VWLUX,2024-6-2,True,False
Michael McCaul,Republican,House,TX,AAPL,2024-6-9,True,False
Michael McCaul,Republican,House,TX,AAPL,2024-6-19,True,False
Michael McCaul,Republican,House,TX,N/A,2024-6-23,True,False
Michael McCaul,Republican,House,TX,N/A,2024-6-17,True,False
Michael McCaul,Republican,House,TX,N/A,2024-6-20,True,False
Michael McCaul,Republican,House,TX,META,2024-6-27,True,False
Michael McCaul,Republican,House,TX,MNST,2024-6-20,True,False
Michael McCaul,Republican,House,TX,BAYRY,2024-6-5,True,False
Michael McCaul,Republican,House,TX,AMD,2024-6-20,True,False
Michael McCaul,Republican,House,TX,AON,2024-6-5,True,False
Michael McCaul,Republican,House,TX,WDAY,2024-6-10,True,False
Michael McCaul,Republican,House,TX,WDAY,2024-6-5,True,False
Michael McCaul,Republican,House,TX,WDAY,2024-6-3,True,False
Michael McCaul,Republican,House,TX,AA,2024-6-4,True,False
Michael McCaul,Republican,House,TX,AA,2024-6-26,True,False
Michael McCaul,Republican,House,TX,OMF,2024-6-4,True,False
Michael McCaul,Republican,House,TX,WTM,2024-6-24,True,False
Michael McCaul,Republican,House,TX,N/A,2024-6-17,True,False
Michael McCaul,Republican,House,TX,N/A,2024-6-17,True,False
Michael McCaul,Republican,House,TX,N/A,2024-6-12,True,False
Michael McCaul,Republican,House,TX,N/A,2024-6-26,True,False
Michael McCaul,Republican,House,TX,N/A,2024-6-20,True,False
Michael McCaul,Republican,House,TX,MSFT,2024-6-2,False,True
Michael McCaul,Republican,House,TX,GS,2024-6-10,False,True
Michael McCaul,Republican,House,TX,ANET,2024-6-19,False,True
Michael McCaul,Republican,House,TX,AMZN,2024-6-19,False,True
Michael McCaul,Republican,House,TX,GS,2024-6-2,False,True
Michael McCaul,Republican,House,TX,NFLX,2024-6-3,False,True
Michael McCaul,Republican,House,TX,N/A,2024-6-16,False,True
Michael McCaul,Republican,House,TX,N/A,2024-6-2,False,True
Michael McCaul,Republican,House,TX,META,2024-6-2,False,True
Michael McCaul,Republican,House,TX,V,2024-6-19,False,True
Michael McCaul,Republican,House,TX,FI,2024-6-19,False,True
Michael McCaul,Republican,House,TX,WFC,2024-6-3,False,True
Michael McCaul,Republican,House,TX,FI,2024-6-9,False,True
Michael McCaul,Republican,House,TX,INTU,2024-6-9,False,True
Michael McCaul,Republican,House,TX,V,2024-6-9,False,True
Michael McCaul,Republican,House,TX,SAFRY,2024-6-10,False,True
Michael McCaul,Republican,House,TX,NVDA,2024-6-9,False,True
Michael McCaul,Republican,House,TX,N/A,2024-6-26,False,True
Michael McCaul,Republican,House,TX,N/A,2024-6-19,False,True
Michael McCaul,Republican,House,TX,N/A,2024-6-16,False,True
Michael McCaul,Republican,House,TX,NVDA,2024-6-20,False,True
Michael McCaul,Republican,House,TX,N/A,2024-6-2,False,True
Michael McCaul,Republican,House,TX,ST,2024-6-19,True,False
Michael McCaul,Republican,House,TX,ST,2024-6-12,True,False
Michael McCaul,Republican,House,TX,VSH,2024-6-12,True,False
Michael McCaul,Republican,House,TX,VSH,2024-6-20,True,False
Michael McCaul,Republican,House,TX,VSH,2024-6-19,True,False
Michael McCaul,Republican,House,TX,ST,2024-6-12,True,False
Michael McCaul,Republican,House,TX,VSH,2024-6-13,True,False
Michael McCaul,Republican,House,TX,VSH,2024-6-16,True,False
Michael McCaul,Republican,House,TX,ST,2024-6-13,True,False
Michael McCaul,Republican,House,TX,SF,2024-6-4,True,False
Michael McCaul,Republican,House,TX,CVS,2024-6-4,True,False
Michael McCaul,Republican,House,TX,ST,2024-6-4,True,False
Michael McCaul,Republican,House,TX,MUR,2024-6-4,True,False
Michael McCaul,Republican,House,TX,VSH,2024-6-23,True,False
Michael McCaul,Republican,House,TX,OSK,2024-6-13,False,True
Michael McCaul,Republican,House,TX,OSK,2024-6-19,False,True
Michael McCaul,Republican,House,TX,OSK,2024-6-12,False,True
Michael McCaul,Republican,House,TX,OSK,2024-6-20,False,True
Bob Latta,Republican,House,OH,FMAO,2024-7-19,True,False
Thomas Kean Jr,Republican,House,NJ,NKE,2024-6-5,True,False
Rick Larsen,Democrat,House,WA,GS,2024-7-1,True,False
Rick Larsen,Democrat,House,WA,HIG,2024-7-1,False,True
Rick Larsen,Democrat,House,WA,ODFL,2024-7-1,True,False
Rick Larsen,Democrat,House,WA,WM,2024-7-1,False,True
Sheldon Whitehouse,Democrat,Senate,RI,GS,2024-6-26,True,False
Sheldon Whitehouse,Democrat,Senate,RI,HD,2024-6-12,True,False
Sheldon Whitehouse,Democrat,Senate,RI,MSFT,2024-6-12,True,False
Kevin Hern,Republican,House,OK,AGCO,2024-6-19,True,False
Kevin Hern,Republican,House,OK,DVN,2024-6-27,True,False
Kevin Hern,Republican,House,OK,DVN,2024-6-27,True,False
Kevin Hern,Republican,House,OK,EMR,2024-6-9,True,False
Kevin Hern,Republican,House,OK,XOM,2024-6-9,True,False
Kevin Hern,Republican,House,OK,XOM,2024-6-9,True,False
Kevin Hern,Republican,House,OK,HD,2024-6-12,True,False
Kevin Hern,Republican,House,OK,HD,2024-6-12,True,False
Kevin Hern,Republican,House,OK,JNJ,2024-6-3,True,False
Kevin Hern,Republican,House,OK,LIN,2024-6-20,True,False
Kevin Hern,Republican,House,OK,LMT,2024-6-27,True,False
Kevin Hern,Republican,House,OK,NEE,2024-6-16,True,False
Kevin Hern,Republican,House,OK,ROK,2024-6-9,True,False
Kevin Hern,Republican,House,OK,RTX,2024-6-12,True,False
Kevin Hern,Republican,House,OK,UNH,2024-6-24,True,False
Kevin Hern,Republican,House,OK,WMB,2024-6-23,True,False
Kathy Castor,Democrat,House,FL,BRK/B,2024-7-14,False,True
John Fetterman,Democrat,Senate,PA,NOK,2024-6-5,True,False
John Fetterman,Democrat,Senate,PA,FCX,2024-6-20,True,False
Jamie Raskin,Democrat,House,MD,IXNZF,2024-7-1,False,True
Scott Peters,Democrat,House,CA,N/A,2024-6-2,True,False
Scott Peters,Democrat,House,CA,N/A,2024-6-16,False,True
Scott Peters,Democrat,House,CA,N/A,2024-6-26,True,False
Scott Peters,Democrat,House,CA,N/A,2024-6-6,False,True
Scott Peters,Democrat,House,CA,N/A,2024-6-19,False,True
Scott Peters,Democrat,House,CA,N/A,2024-6-10,False,True
Scott Peters,Democrat,House,CA,N/A,2024-6-20,True,False
Susan Collins,Republican,Senate,ME,FIS,2024-6-4,True,False
Markwayne Mullin,Republican,Senate,OK,IWB,2024-6-11,False,True
Markwayne Mullin,Republican,Senate,OK,CMCSA,2024-6-11,False,True
Markwayne Mullin,Republican,Senate,OK,PH,2024-6-11,True,False
Markwayne Mullin,Republican,Senate,OK,NKE,2024-6-11,False,True
Markwayne Mullin,Republican,Senate,OK,IWB,2024-6-12,False,True
Rudy Yakym,Republican,House,IN,N/A,2024-7-10,True,False
Suzan DelBene,Democrat,House,WA,N/A,2024-6-27,False,True
Shelley Moore Capito,Republican,Senate,WV,APD,2024-6-26,False,True
John Boozman,Republican,Senate,AR,MDY,2024-6-3,False,True
John Boozman,Republican,Senate,AR,NMVZX,2024-6-23,False,True
John Boozman,Republican,Senate,AR,IVV,2024-7-3,False,True
John Boozman,Republican,Senate,AR,EFA,2024-6-3,False,True
John Boozman,Republican,Senate,AR,IEF,2024-6-25,False,True
John Boozman,Republican,Senate,AR,SHY,2024-6-25,False,True
John Boozman,Republican,Senate,AR,CMCSA,2024-6-19,False,True
John Boozman,Republican,Senate,AR,VEA,2024-6-3,True,False
John Boozman,Republican,Senate,AR,DALCX,2024-6-23,True,False
John Boozman,Republican,Senate,AR,SPY,2024-6-3,True,False
John Boozman,Republican,Senate,AR,SCHP,2024-6-25,True,False
John Boozman,Republican,Senate,AR,MSFT,2024-6-19,True,False
John Boozman,Republican,Senate,AR,NMVZX,2024-6-3,True,False
John Boozman,Republican,Senate,AR,JMBS,2024-6-25,True,False
John Boozman,Republican,Senate,AR,TLH,2024-6-25,True,False
John Boozman,Republican,Senate,AR,GEM,2024-6-3,True,False
Hal Rogers,Republican,House,KY,N/A,2024-6-19,True,False
Rick Allen,Republican,House,GA,JNJ,2024-6-12,False,True
Rick Allen,Republican,House,GA,N/A,2024-6-24,True,False
Rick Allen,Republican,House,GA,N/A,2024-6-24,True,False
Michael Collins,Republican,House,GA,$AERO,2024-6-21,True,False
Michael Collins,Republican,House,GA,$AERO,2024-6-22,False,True
Michael Collins,Republican,House,GA,$AERO,2024-7-5,True,False
Michael Collins,Republican,House,GA,$GRT,2024-7-5,True,False
Michael Collins,Republican,House,GA,$GRT,2024-6-23,False,True
Michael Collins,Republican,House,GA,$VELO,2024-6-23,False,True
Brandon Williams,Republican,House,NY,N/A,2024-1-31,False,True
Mark Green,Republican,House,TN,NGL,2024-6-30,False,True
Josh Gottheimer,Democrat,House,NJ,ADBE,2024-6-12,False,True
Josh Gottheimer,Democrat,House,NJ,AEIS,2024-6-26,True,False
Josh Gottheimer,Democrat,House,NJ,AMD,2024-6-17,False,True
Josh Gottheimer,Democrat,House,NJ,AAGIY,2024-6-20,False,True
Josh Gottheimer,Democrat,House,NJ,APD,2024-6-20,False,True
Josh Gottheimer,Democrat,House,NJ,ABNB,2024-6-25,False,True
Josh Gottheimer,Democrat,House,NJ,ALC,2024-6-20,False,True
Josh Gottheimer,Democrat,House,NJ,ALFVY,2024-6-20,False,True
Josh Gottheimer,Democrat,House,NJ,ALGT,2024-6-17,False,True
Josh Gottheimer,Democrat,House,NJ,ALIZY,2024-6-20,False,True
Josh Gottheimer,Democrat,House,NJ,ABEV,2024-6-17,False,True
Josh Gottheimer,Democrat,House,NJ,APPF,2024-6-20,False,True
Josh Gottheimer,Democrat,House,NJ,AAPL,2024-6-27,True,False
Josh Gottheimer,Democrat,House,NJ,AAPL,2024-6-20,False,True
Josh Gottheimer,Democrat,House,NJ,ASAZY,2024-6-20,False,True
Josh Gottheimer,Democrat,House,NJ,ATLKY,2024-6-20,False,True
Josh Gottheimer,Democrat,House,NJ,ATRC,2024-6-17,False,True
Josh Gottheimer,Democrat,House,NJ,BBVA,2024-6-20,False,True
Josh Gottheimer,Democrat,House,NJ,BRK/B,2024-6-20,False,True
Josh Gottheimer,Democrat,House,NJ,BHP,2024-6-20,False,True
Josh Gottheimer,Democrat,House,NJ,BLK,2024-6-20,False,True
Josh Gottheimer,Democrat,House,NJ,SQ,2024-6-17,False,True
Josh Gottheimer,Democrat,House,NJ,BOOT,2024-6-5,False,True
Josh Gottheimer,Democrat,House,NJ,AVGO,2024-6-27,True,False
Josh Gottheimer,Democrat,House,NJ,CENT,2024-6-20,False,True
Josh Gottheimer,Democrat,House,NJ,SCHW,2024-6-20,False,True
Josh Gottheimer,Democrat,House,NJ,CVX,2024-6-20,False,True
Josh Gottheimer,Democrat,House,NJ,CHGCY,2024-6-20,False,True
Josh Gottheimer,Democrat,House,NJ,CINF,2024-6-20,False,True
Josh Gottheimer,Democrat,House,NJ,CSCO,2024-6-20,False,True
Josh Gottheimer,Democrat,House,NJ,CCI,2024-6-20,False,True
Josh Gottheimer,Democrat,House,NJ,DHI,2024-6-17,False,True
Josh Gottheimer,Democrat,House,NJ,DASTY,2024-6-17,False,True
Josh Gottheimer,Democrat,House,NJ,DBSDY,2024-6-20,False,True
Josh Gottheimer,Democrat,House,NJ,DE,2024-6-27,False,True
Josh Gottheimer,Democrat,House,NJ,DEO,2024-6-17,False,True
Josh Gottheimer,Democrat,House,NJ,D,2024-6-20,False,True
Josh Gottheimer,Democrat,House,NJ,XNGSY,2024-6-20,False,True
Josh Gottheimer,Democrat,House,NJ,DAVA,2024-6-17,False,True
Josh Gottheimer,Democrat,House,NJ,EPOKY,2024-6-20,False,True
Josh Gottheimer,Democrat,House,NJ,FAST,2024-6-20,False,True
Josh Gottheimer,Democrat,House,NJ,FIS,2024-6-20,False,True
Josh Gottheimer,Democrat,House,NJ,FLYW,2024-6-17,False,True
Josh Gottheimer,Democrat,House,NJ,FMX,2024-6-20,False,True
Josh Gottheimer,Democrat,House,NJ,FCX,2024-6-17,False,True
Josh Gottheimer,Democrat,House,NJ,GMAB,2024-6-17,False,True
Josh Gottheimer,Democrat,House,NJ,GBOOY,2024-6-11,True,False
Josh Gottheimer,Democrat,House,NJ,HSHCY,2024-6-20,False,True
Josh Gottheimer,Democrat,House,NJ,HLN,2024-6-20,False,True
Josh Gottheimer,Democrat,House,NJ,HDB,2024-6-20,False,True
Josh Gottheimer,Democrat,House,NJ,HQY,2024-6-20,False,True
Josh Gottheimer,Democrat,House,NJ,IBN,2024-6-20,False,True
Josh Gottheimer,Democrat,House,NJ,IFNNY,2024-6-20,False,True
Josh Gottheimer,Democrat,House,NJ,IFNNY,2024-6-11,False,True
Josh Gottheimer,Democrat,House,NJ,INSM,2024-6-20,False,True
Josh Gottheimer,Democrat,House,NJ,IART,2024-6-17,False,True
Josh Gottheimer,Democrat,House,NJ,ITCI,2024-6-20,False,True
Josh Gottheimer,Democrat,House,NJ,ISRG,2024-6-24,True,False
Josh Gottheimer,Democrat,House,NJ,ITT,2024-6-20,False,True
Josh Gottheimer,Democrat,House,NJ,JNJ,2024-6-20,False,True
Josh Gottheimer,Democrat,House,NJ,AIQUY,2024-6-20,False,True
Josh Gottheimer,Democrat,House,NJ,LIN,2024-6-20,False,True
Josh Gottheimer,Democrat,House,NJ,LRLCY,2024-6-20,False,True
Josh Gottheimer,Democrat,House,NJ,LOW,2024-6-20,False,True
Josh Gottheimer,Democrat,House,NJ,LOW,2024-6-27,False,True
Josh Gottheimer,Democrat,House,NJ,MTSI,2024-6-20,False,True
Josh Gottheimer,Democrat,House,NJ,MFC,2024-6-20,False,True
Josh Gottheimer,Democrat,House,NJ,MAR,2024-6-6,False,True
Josh Gottheimer,Democrat,House,NJ,MAR,2024-6-27,False,True
Josh Gottheimer,Democrat,House,NJ,MTDR,2024-6-20,False,True
Josh Gottheimer,Democrat,House,NJ,MEDP,2024-6-20,False,True
Josh Gottheimer,Democrat,House,NJ,MELI,2024-6-20,False,True
Josh Gottheimer,Democrat,House,NJ,MRK,2024-6-20,False,True
Josh Gottheimer,Democrat,House,NJ,MSFT,2024-6-27,True,False
Josh Gottheimer,Democrat,House,NJ,MSFT,2024-6-20,False,True
Josh Gottheimer,Democrat,House,NJ,MTX,2024-6-20,False,True
Josh Gottheimer,Democrat,House,NJ,NSRGY,2024-6-20,False,True
Josh Gottheimer,Democrat,House,NJ,NTDOY,2024-6-20,False,True
Josh Gottheimer,Democrat,House,NJ,NSC,2024-6-20,False,True
Josh Gottheimer,Democrat,House,NJ,NOC,2024-6-17,False,True
Josh Gottheimer,Democrat,House,NJ,NVDA,2024-6-27,True,False
Josh Gottheimer,Democrat,House,NJ,PPBI,2024-6-17,False,True
Josh Gottheimer,Democrat,House,NJ,PAYX,2024-6-20,False,True
Josh Gottheimer,Democrat,House,NJ,PYCR,2024-6-13,False,True
Josh Gottheimer,Democrat,House,NJ,PRIM,2024-6-26,False,True
Josh Gottheimer,Democrat,House,NJ,PRIM,2024-6-20,False,True
Josh Gottheimer,Democrat,House,NJ,PGR,2024-6-20,False,True
Josh Gottheimer,Democrat,House,NJ,TLK,2024-6-17,False,True
Josh Gottheimer,Democrat,House,NJ,RIO,2024-6-20,False,True
Josh Gottheimer,Democrat,House,NJ,RHHBY,2024-6-20,False,True
Josh Gottheimer,Democrat,House,NJ,RHP,2024-6-20,False,True
Josh Gottheimer,Democrat,House,NJ,CRM,2024-6-25,False,True
Josh Gottheimer,Democrat,House,NJ,SAP,2024-6-20,False,True
Josh Gottheimer,Democrat,House,NJ,SBGSY,2024-6-20,False,True
Josh Gottheimer,Democrat,House,NJ,SHEL,2024-6-20,False,True
Josh Gottheimer,Democrat,House,NJ,SGIOY,2024-6-17,False,True
Josh Gottheimer,Democrat,House,NJ,SHLS,2024-6-17,False,True
Josh Gottheimer,Democrat,House,NJ,SKY,2024-6-20,False,True
Josh Gottheimer,Democrat,House,NJ,SONVY,2024-6-20,False,True
Josh Gottheimer,Democrat,House,NJ,SONY,2024-6-17,False,True
Josh Gottheimer,Democrat,House,NJ,SWTX,2024-6-17,False,True
Josh Gottheimer,Democrat,House,NJ,SPXC,2024-6-20,False,True
Josh Gottheimer,Democrat,House,NJ,SPXC,2024-6-26,False,True
Josh Gottheimer,Democrat,House,NJ,SBUX,2024-6-17,False,True
Josh Gottheimer,Democrat,House,NJ,STRL,2024-6-26,True,False
Josh Gottheimer,Democrat,House,NJ,SF,2024-6-20,False,True
Josh Gottheimer,Democrat,House,NJ,SYIEY,2024-6-20,False,True
Josh Gottheimer,Democrat,House,NJ,TSM,2024-6-20,False,True
Josh Gottheimer,Democrat,House,NJ,TEL,2024-6-25,True,False
Josh Gottheimer,Democrat,House,NJ,TEL,2024-6-24,True,False
Josh Gottheimer,Democrat,House,NJ,TCEHY,2024-6-20,False,True
Josh Gottheimer,Democrat,House,NJ,TXN,2024-6-20,False,True
Josh Gottheimer,Democrat,House,NJ,TXRH,2024-6-20,False,True
Josh Gottheimer,Democrat,House,NJ,DSGX,2024-6-20,False,True
Josh Gottheimer,Democrat,House,NJ,UFPI,2024-6-20,False,True
Josh Gottheimer,Democrat,House,NJ,UPS,2024-6-20,False,True
Josh Gottheimer,Democrat,House,NJ,VZ,2024-6-20,False,True
Josh Gottheimer,Democrat,House,NJ,VZ,2024-6-24,False,True
Josh Gottheimer,Democrat,House,NJ,VIAV,2024-6-17,False,True
Josh Gottheimer,Democrat,House,NJ,XP,2024-6-17,False,True
Ro Khanna,Democrat,House,CA,N/A,2024-6-20,True,False
Ro Khanna,Democrat,House,CA,AMZN,2024-6-6,True,False
Ro Khanna,Democrat,House,CA,UBS,2024-6-20,True,False
Ro Khanna,Democrat,House,CA,DHR,2024-6-6,True,False
Ro Khanna,Democrat,House,CA,UPS,2024-5-6,True,False
Ro Khanna,Democrat,House,CA,AIG,2024-6-13,True,False
Ro Khanna,Democrat,House,CA,PEP,2024-6-13,True,False
Ro Khanna,Democrat,House,CA,CVS,2024-5-6,True,False
Ro Khanna,Democrat,House,CA,LEA,2024-6-13,True,False
Ro Khanna,Democrat,House,CA,CAT,2024-6-13,True,False
Ro Khanna,Democrat,House,CA,LH,2024-6-13,True,False
Ro Khanna,Democrat,House,CA,DE,2024-6-13,True,False
Ro Khanna,Democrat,House,CA,UNP,2024-6-13,True,False
Ro Khanna,Democrat,House,CA,GM,2024-6-13,True,False
Ro Khanna,Democrat,House,CA,RRX,2024-6-13,True,False
Ro Khanna,Democrat,House,CA,PH,2024-6-13,True,False
Ro Khanna,Democrat,House,CA,NDAQ,2024-6-13,True,False
Ro Khanna,Democrat,House,CA,BAC,2024-6-13,True,False
Ro Khanna,Democrat,House,CA,NVDA,2024-6-6,True,False
Ro Khanna,Democrat,House,CA,AAPL,2024-6-6,True,False
Ro Khanna,Democrat,House,CA,NEE,2024-6-6,True,False
Ro Khanna,Democrat,House,CA,ROST,2024-6-6,False,True
Ro Khanna,Democrat,House,CA,AAPL,2024-6-6,False,True
Ro Khanna,Democrat,House,CA,GM,2024-6-11,False,True
Ro Khanna,Democrat,House,CA,GOOGL,2024-6-6,False,True
Ro Khanna,Democrat,House,CA,GEV,2024-6-6,False,True
Ro Khanna,Democrat,House,CA,GOOGL,2024-6-11,False,True
Ro Khanna,Democrat,House,CA,ISRG,2024-6-6,False,True
Ro Khanna,Democrat,House,CA,BAC,2024-6-11,False,True
Ro Khanna,Democrat,House,CA,NVDA,2024-6-6,False,True
Ro Khanna,Democrat,House,CA,LLY,2024-6-6,False,True
Ro Khanna,Democrat,House,CA,CSCO,2024-6-6,False,True
Ro Khanna,Democrat,House,CA,LIN,2024-6-6,False,True
Ro Khanna,Democrat,House,CA,PENN,2024-6-20,False,True
Ro Khanna,Democrat,House,CA,GM,2024-6-11,False,True
Ro Khanna,Democrat,House,CA,MU,2024-6-17,False,True
Ro Khanna,Democrat,House,CA,BAC,2024-6-19,False,True
Ro Khanna,Democrat,House,CA,HCA,2024-6-11,False,True
Ro Khanna,Democrat,House,CA,GOOGL,2024-6-11,False,True
Ro Khanna,Democrat,House,CA,TD,2024-6-20,True,False
Ro Khanna,Democrat,House,CA,N/A,2024-6-5,True,False
Ro Khanna,Democrat,House,CA,N/A,2024-6-20,True,False
Ro Khanna,Democrat,House,CA,ZBH,2024-6-11,True,False
Ro Khanna,Democrat,House,CA,NCR,2024-6-26,True,False
Ro Khanna,Democrat,House,CA,NCR,2024-6-23,True,False
Ro Khanna,Democrat,House,CA,MU,2024-6-17,False,True
Ro Khanna,Democrat,House,CA,ELAN,2024-6-4,False,True
Ro Khanna,Democrat,House,CA,PENN,2024-6-20,False,True
Ro Khanna,Democrat,House,CA,BAC,2024-6-19,False,True
Ro Khanna,Democrat,House,CA,PENN,2024-6-19,False,True
Ro Khanna,Democrat,House,CA,PENN,2024-6-11,False,True
Ro Khanna,Democrat,House,CA,LVMHF,2024-6-13,True,False
Ro Khanna,Democrat,House,CA,ZBH,2024-6-3,True,False
Ro Khanna,Democrat,House,CA,ZBH,2024-6-11,True,False
Ro Khanna,Democrat,House,CA,BRK/B,2024-6-9,True,False
Ro Khanna,Democrat,House,CA,SSNC,2024-6-9,True,False
Ro Khanna,Democrat,House,CA,BP,2024-6-13,True,False
Ro Khanna,Democrat,House,CA,RIO,2024-6-13,True,False
Ro Khanna,Democrat,House,CA,GPK,2024-6-9,True,False
Ro Khanna,Democrat,House,CA,SMFG,2024-6-13,True,False
Ro Khanna,Democrat,House,CA,NCR,2024-6-23,True,False
Ro Khanna,Democrat,House,CA,NCR,2024-6-24,True,False
Ro Khanna,Democrat,House,CA,NCR,2024-6-27,True,False
Ro Khanna,Democrat,House,CA,NCR,2024-6-26,True,False
Ro Khanna,Democrat,House,CA,UL,2024-6-13,True,False
Ro Khanna,Democrat,House,CA,AZN,2024-6-13,True,False
Ro Khanna,Democrat,House,CA,XSP,2024-6-16,False,True
Ro Khanna,Democrat,House,CA,XSP,2024-6-3,False,True
Ro Khanna,Democrat,House,CA,XSP,2024-6-9,False,True
Ro Khanna,Democrat,House,CA,MU,2024-6-11,False,False
Ro Khanna,Democrat,House,CA,BNPQY,2024-6-13,False,True
Ro Khanna,Democrat,House,CA,TSM,2024-6-13,False,False
Ro Khanna,Democrat,House,CA,PENN,2024-6-19,False,True
Ro Khanna,Democrat,House,CA,PENN,2024-6-20,False,True
Ro Khanna,Democrat,House,CA,MU,2024-6-17,False,False
Ro Khanna,Democrat,House,CA,N/A,2024-6-13,False,False
Ro Khanna,Democrat,House,CA,BAC,2024-6-19,False,False
Ro Khanna,Democrat,House,CA,PENN,2024-6-11,False,True
Ro Khanna,Democrat,House,CA,IBDRY,2024-6-13,False,True
Ro Khanna,Democrat,House,CA,GM,2024-6-11,False,True
Ro Khanna,Democrat,House,CA,GOOGL,2024-6-11,False,False
Ro Khanna,Democrat,House,CA,N/A,2024-6-5,True,False
Ro Khanna,Democrat,House,CA,GEV,2024-6-19,True,False
Ro Khanna,Democrat,House,CA,HON,2024-6-19,True,False
Ro Khanna,Democrat,House,CA,N/A,2024-6-6,True,False
Ro Khanna,Democrat,House,CA,TT,2024-6-19,True,False
Ro Khanna,Democrat,House,CA,STLD,2024-6-19,True,False
Ro Khanna,Democrat,House,CA,XOM,2024-6-19,True,False
Ro Khanna,Democrat,House,CA,AEE,2024-6-19,True,False
Ro Khanna,Democrat,House,CA,IR,2024-6-19,True,False
Ro Khanna,Democrat,House,CA,PSX,2024-6-19,True,False
Ro Khanna,Democrat,House,CA,XEL,2024-6-19,True,False
Ro Khanna,Democrat,House,CA,CVX,2024-6-19,True,False
Ro Khanna,Democrat,House,CA,FE,2024-6-19,True,False
Ro Khanna,Democrat,House,CA,LIN,2024-6-19,True,False
Ro Khanna,Democrat,House,CA,CMS,2024-5-19,True,False
Ro Khanna,Democrat,House,CA,LII,2024-6-19,True,False
Ro Khanna,Democrat,House,CA,ETN,2024-6-19,True,False
Ro Khanna,Democrat,House,CA,AAPL,2024-6-20,True,False
Ro Khanna,Democrat,House,CA,EMR,2024-6-19,True,False
Ro Khanna,Democrat,House,CA,HON,2024-6-23,True,False
Ro Khanna,Democrat,House,CA,ROK,2024-6-19,True,False
Ro Khanna,Democrat,House,CA,CMI,2024-6-19,True,False
Ro Khanna,Democrat,House,CA,N/A,2024-6-17,True,False
Ro Khanna,Democrat,House,CA,TT,2024-6-23,True,False
Ro Khanna,Democrat,House,CA,PWR,2024-6-19,True,False
Ro Khanna,Democrat,House,CA,STLD,2024-6-23,True,False
Ro Khanna,Democrat,House,CA,XOM,2024-6-23,True,False
Ro Khanna,Democrat,House,CA,AEE,2024-6-23,True,False
Ro Khanna,Democrat,House,CA,MU,2024-6-19,True,False
Ro Khanna,Democrat,House,CA,VRT,2024-6-19,True,False
Ro Khanna,Democrat,House,CA,IR,2024-6-23,True,False
Ro Khanna,Democrat,House,CA,GTLS,2024-6-19,True,False
Ro Khanna,Democrat,House,CA,PSX,2024-6-23,True,False
Ro Khanna,Democrat,House,CA,MLM,2024-6-19,True,False
Ro Khanna,Democrat,House,CA,CVX,2024-6-23,True,False
Ro Khanna,Democrat,House,CA,XEL,2024-6-23,True,False
Ro Khanna,Democrat,House,CA,FE,2024-6-23,True,False
Ro Khanna,Democrat,House,CA,LIN,2024-6-23,True,False
Ro Khanna,Democrat,House,CA,GOOGL,2024-6-20,True,False
Ro Khanna,Democrat,House,CA,CMS,2024-6-23,True,False
Ro Khanna,Democrat,House,CA,GOOGL,2024-6-19,True,False
Ro Khanna,Democrat,House,CA,MSFT,2024-6-19,True,False
Ro Khanna,Democrat,House,CA,LII,2024-6-23,True,False
Ro Khanna,Democrat,House,CA,ETN,2024-6-23,True,False
Ro Khanna,Democrat,House,CA,EMR,2024-6-23,True,False
Ro Khanna,Democrat,House,CA,MRVL,2024-6-19,True,False
Ro Khanna,Democrat,House,CA,MRVL,2024-6-20,True,False
Ro Khanna,Democrat,House,CA,META,2024-6-20,True,False
Ro Khanna,Democrat,House,CA,META,2024-6-19,True,False
Ro Khanna,Democrat,House,CA,CMI,2024-6-23,True,False
Ro Khanna,Democrat,House,CA,ROK,2024-6-23,True,False
Ro Khanna,Democrat,House,CA,ALB,2024-6-19,True,False
Ro Khanna,Democrat,House,CA,NVDA,2024-6-19,True,False
Ro Khanna,Democrat,House,CA,NVDA,2024-6-20,True,False
Ro Khanna,Democrat,House,CA,MU,2024-6-20,True,False
Ro Khanna,Democrat,House,CA,MSFT,2024-6-20,True,False
Ro Khanna,Democrat,House,CA,AMZN,2024-6-20,True,False
Ro Khanna,Democrat,House,CA,N/A,2024-6-19,True,False
Ro Khanna,Democrat,House,CA,PWR,2024-6-23,True,False
Ro Khanna,Democrat,House,CA,AMZN,2024-6-19,True,False
Ro Khanna,Democrat,House,CA,GTLS,2024-6-23,True,False
Ro Khanna,Democrat,House,CA,N/A,2024-6-19,True,False
Ro Khanna,Democrat,House,CA,N/A,2024-6-20,True,False
Ro Khanna,Democrat,House,CA,MLM,2024-6-23,True,False
Ro Khanna,Democrat,House,CA,VRT,2024-6-23,True,False
Ro Khanna,Democrat,House,CA,N/A,2024-6-6,True,False
Ro Khanna,Democrat,House,CA,N/A,2024-6-6,True,False
Ro Khanna,Democrat,House,CA,AMD,2024-6-19,True,False
Ro Khanna,Democrat,House,CA,CRM,2024-6-20,True,False
Ro Khanna,Democrat,House,CA,ESTC,2024-6-20,True,False
Ro Khanna,Democrat,House,CA,DELL,2024-6-19,True,False
Ro Khanna,Democrat,House,CA,ADBE,2024-6-20,True,False
Ro Khanna,Democrat,House,CA,CRM,2024-6-19,True,False
Ro Khanna,Democrat,House,CA,DELL,2024-6-20,True,False
Ro Khanna,Democrat,House,CA,DDOG,2024-6-20,True,False
Ro Khanna,Democrat,House,CA,ADBE,2024-5-19,True,False
Ro Khanna,Democrat,House,CA,DDOG,2024-6-19,True,False
Ro Khanna,Democrat,House,CA,AMAT,2024-6-19,True,False
Ro Khanna,Democrat,House,CA,ZS,2024-6-20,True,False
Ro Khanna,Democrat,House,CA,AMAT,2024-6-20,True,False
Ro Khanna,Democrat,House,CA,CDNS,2024-6-19,True,False
Ro Khanna,Democrat,House,CA,CDNS,2024-6-20,True,False
Ro Khanna,Democrat,House,CA,ALB,2024-6-23,True,False
Ro Khanna,Democrat,House,CA,N/A,2024-6-20,True,False
Ro Khanna,Democrat,House,CA,ACN,2024-6-20,True,False
Ro Khanna,Democrat,House,CA,ACN,2024-6-19,True,False
Ro Khanna,Democrat,House,CA,N/A,2024-6-5,True,False
Ro Khanna,Democrat,House,CA,ZS,2024-6-19,True,False
Ro Khanna,Democrat,House,CA,ESTC,2024-6-19,True,False
Ro Khanna,Democrat,House,CA,MDB,2024-6-20,True,False
Ro Khanna,Democrat,House,CA,MDB,2024-6-20,True,False
Ro Khanna,Democrat,House,CA,ANET,2024-6-19,True,False
Ro Khanna,Democrat,House,CA,ANET,2024-6-20,True,False
Ro Khanna,Democrat,House,CA,SNPS,2024-6-19,True,False
Ro Khanna,Democrat,House,CA,SNOW,2024-6-19,True,False
Ro Khanna,Democrat,House,CA,SNOW,2024-6-20,True,False
Ro Khanna,Democrat,House,CA,N/A,2024-6-6,True,False
Ro Khanna,Democrat,House,CA,GTLB,2024-6-20,True,False
Ro Khanna,Democrat,House,CA,GTLB,2024-6-19,True,False
Ro Khanna,Democrat,House,CA,NET,2024-6-19,True,False
Ro Khanna,Democrat,House,CA,NET,2024-6-20,True,False
Ro Khanna,Democrat,House,CA,MDB,2024-6-19,True,False
Ro Khanna,Democrat,House,CA,AMD,2024-6-20,False,True
Ro Khanna,Democrat,House,CA,N/A,2024-6-10,True,False
Ro Khanna,Democrat,House,CA,SPX,2024-6-16,True,False
Ro Khanna,Democrat,House,CA,SPX,2024-6-16,True,False
Ro Khanna,Democrat,House,CA,N/A,2024-6-25,False,True
Ro Khanna,Democrat,House,CA,SGOV,2024-6-16,False,True
Ro Khanna,Democrat,House,CA,N/A,2024-6-16,False,True
Ro Khanna,Democrat,House,CA,META,2024-6-16,True,False
Ro Khanna,Democrat,House,CA,DEO,2024-6-25,False,True
Ro Khanna,Democrat,House,CA,HSY,2024-6-25,True,False
Ro Khanna,Democrat,House,CA,N/A,2024-6-10,True,False
Ro Khanna,Democrat,House,CA,SPX,2024-6-16,True,False
Ro Khanna,Democrat,House,CA,SPX,2024-6-16,True,False
Ro Khanna,Democrat,House,CA,N/A,2024-6-25,False,True
Ro Khanna,Democrat,House,CA,SGOV,2024-6-16,False,True
Ro Khanna,Democrat,House,CA,N/A,2024-6-16,False,True
Ro Khanna,Democrat,House,CA,META,2024-6-16,True,False
Ro Khanna,Democrat,House,CA,DEO,2024-6-25,False,True
Ro Khanna,Democrat,House,CA,HSY,2024-6-25,True,False
Ro Khanna,Democrat,House,CA,N/A,2024-6-10,True,False
Ro Khanna,Democrat,House,CA,SPX,2024-6-16,True,False
Ro Khanna,Democrat,House,CA,SPX,2024-6-16,True,False
Ro Khanna,Democrat,House,CA,N/A,2024-6-25,False,True
Ro Khanna,Democrat,House,CA,SGOV,2024-6-16,False,True
Ro Khanna,Democrat,House,CA,N/A,2024-6-16,False,True
Ro Khanna,Democrat,House,CA,META,2024-6-16,True,False
Ro Khanna,Democrat,House,CA,DEO,2024-6-25,False,True
Ro Khanna,Democrat,House,CA,HSY,2024-6-25,True,False
Ro Khanna,Democrat,House,CA,N/A,2024-6-10,True,False
Ro Khanna,Democrat,House,CA,SPX,2024-6-16,True,False
Ro Khanna,Democrat,House,CA,SPX,2024-6-16,True,False
Ro Khanna,Democrat,House,CA,N/A,2024-6-10,True,False
Ro Khanna,Democrat,House,CA,SPX,2024-6-16,True,False
Ro Khanna,Democrat,House,CA,SPX,2024-6-16,True,False
Kathy Manning,Democrat,House,NC,WU,2024-6-12,False,True
Earl Blumenauer,Democrat,House,OR,CVS,2024-6-26,False,True
Earl Blumenauer,Democrat,House,OR,N/A,2024-6-6,True,False
Earl Blumenauer,Democrat,House,OR,N/A,2024-6-6,False,True
Earl Blumenauer,Democrat,House,OR,N/A,2024-6-20,True,False
Rick Scott,Republican,Senate,FL,N/A,2024-6-5,False,True
Rick Scott,Republican,Senate,FL,N/A,2024-6-5,False,True
Rick Scott,Republican,Senate,FL,N/A,2024-6-5,False,True
Rick Scott,Republican,Senate,FL,N/A,2024-6-5,False,True
Rick Scott,Republican,Senate,FL,N/A,2024-6-5,False,True
Gerry Connolly,Democrat,House,VA,D,2024-7-1,False,True
Gerry Connolly,Democrat,House,VA,LDOS,2024-7-1,False,True
Gerry Connolly,Democrat,House,VA,SAIC,2024-7-1,False,True
Morgan McGarvey,Democrat,House,KY,DAL,2024-6-27,True,False
Morgan McGarvey,Democrat,House,KY,IBKR,2024-6-5,True,False
Morgan McGarvey,Democrat,House,KY,NVDA,2024-5-30,True,False
Lloyd Doggett,Democrat,House,TX,HD,2024-6-12,True,False
Lloyd Doggett,Democrat,House,TX,IBM,2024-6-9,True,False
Lloyd Doggett,Democrat,House,TX,JNJ,2024-6-3,True,False
Lloyd Doggett,Democrat,House,TX,PPG,2024-6-11,True,False
Chellie Pingree,Democrat,House,ME,N/A,2024-6-13,True,False
Chellie Pingree,Democrat,House,ME,N/A,2024-6-12,False,True
Brandon Williams,Republican,House,NY,N/A,2024-6-2,False,True
Nancy Pelosi,Democrat,House,CA,AVGO,2024-6-23,True,False
Nancy Pelosi,Democrat,House,CA,NVDA,2024-6-25,True,False
Nancy Pelosi,Democrat,House,CA,TSLA,2024-6-23,False,True
Nancy Pelosi,Democrat,House,CA,V,2024-6-30,False,True
Seth Magaziner,Democrat,House,RI,N/A,2024-5-30,True,False
Mike Kelly,Republican,House,PA,N/A,2024-6-2,False,True
Debbie Wasserman Schultz,Democrat,House,FL,FEI,2023-12-17,False,True
Tom Carper,Democrat,Senate,DE,N/A,2024-6-16,True,False
Tom Carper,Democrat,Senate,DE,N/A,2024-6-12,False,True
Tom Carper,Democrat,Senate,DE,N/A,2024-6-12,False,True
Tom Carper,Democrat,Senate,DE,N/A,2024-6-12,False,True
Tom Carper,Democrat,Senate,DE,N/A,2024-6-12,False,True
Tom Carper,Democrat,Senate,DE,N/A,2024-6-11,True,False
Tom Carper,Democrat,Senate,DE,N/A,2024-6-11,True,False
Tom Carper,Democrat,Senate,DE,N/A,2024-6-11,True,False
Rudy Yakym,Republican,House,IN,N/A,2024-6-24,True,False
Max Miller,Republican,House,OH,N/A,2023-2-14,True,False
Max Miller,Republican,House,OH,N/A,2023-2-16,True,False
Max Miller,Republican,House,OH,N/A,2023-1-5,True,False
Buddy Carter,Republican,House,GA,N/A,2023-8-31,False,True
Marjorie Taylor Greene,Republican,House,GA,N/A,2024-6-23,True,False
Marjorie Taylor Greene,Republican,House,GA,COST,2024-6-23,True,False
Marjorie Taylor Greene,Republican,House,GA,N/A,2024-6-23,True,False
Marjorie Taylor Greene,Republican,House,GA,LULU,2024-6-23,True,False
Marjorie Taylor Greene,Republican,House,GA,NSRGY,2024-6-23,True,False
Marjorie Taylor Greene,Republican,House,GA,NEE,2024-6-23,True,False
Marjorie Taylor Greene,Republican,House,GA,N/A,2024-6-20,True,False
Scott Peters,Democrat,House,CA,N/A,2024-5-16,True,False
Scott Peters,Democrat,House,CA,N/A,2024-5-19,True,False
Scott Peters,Democrat,House,CA,N/A,2024-5-21,True,False
Scott Peters,Democrat,House,CA,N/A,2024-5-19,True,False
Scott Peters,Democrat,House,CA,N/A,2024-5-15,False,True
Max Miller,Republican,House,OH,N/A,2024-6-13,True,False
Debbie Dingell,Democrat,House,MI,AAPL,2024-6-12,False,True
Debbie Dingell,Democrat,House,MI,AAPL,2024-6-11,False,True
Debbie Dingell,Democrat,House,MI,AAPL,2024-6-11,False,True
Michael McCaul,Republican,House,TX,N/A,2024-5-16,True,False
Michael McCaul,Republican,House,TX,AAPL,2024-5-8,True,False
Michael McCaul,Republican,House,TX,AAPL,2024-5-9,True,False
Michael McCaul,Republican,House,TX,N/A,2024-5-15,True,False
Michael McCaul,Republican,House,TX,N/A,2024-5-8,True,False
Michael McCaul,Republican,House,TX,N/A,2024-4-30,True,False
Michael McCaul,Republican,House,TX,WDAY,2024-5-28,True,False
Michael McCaul,Republican,House,TX,OMF,2024-4-30,True,False
Michael McCaul,Republican,House,TX,N/A,2024-5-5,True,False
Michael McCaul,Republican,House,TX,N/A,2024-5-22,True,False
Michael McCaul,Republican,House,TX,N/A,2024-5-9,True,False
Michael McCaul,Republican,House,TX,AAPL,2024-5-28,True,False
Michael McCaul,Republican,House,TX,JTSXX,2024-5-16,True,False
Michael McCaul,Republican,House,TX,N/A,2024-5-29,True,False
Michael McCaul,Republican,House,TX,HUM,2024-5-21,True,False
Michael McCaul,Republican,House,TX,HUM,2024-5-13,True,False
Michael McCaul,Republican,House,TX,AA,2024-5-15,True,False
Michael McCaul,Republican,House,TX,N/A,2024-4-30,True,False
Michael McCaul,Republican,House,TX,N/A,2024-5-21,True,False
Michael McCaul,Republican,House,TX,NVO,2024-5-5,True,False
Michael McCaul,Republican,House,TX,N/A,2024-5-5,True,False
Michael McCaul,Republican,House,TX,AON,2024-5-23,True,False
Michael McCaul,Republican,House,TX,PROSY,2024-5-21,True,False
Michael McCaul,Republican,House,TX,BAYRY,2024-5-1,True,False
Michael McCaul,Republican,House,TX,HUM,2024-5-1,True,False
Michael McCaul,Republican,House,TX,NVO,2024-5-27,True,False
Michael McCaul,Republican,House,TX,DT,2024-5-16,True,False
Michael McCaul,Republican,House,TX,NVO,2024-5-28,True,False
Michael McCaul,Republican,House,TX,JTSXX,2024-5-13,True,False
Michael McCaul,Republican,House,TX,JTSXX,2024-5-27,True,False
Michael McCaul,Republican,House,TX,JTSXX,2024-5-9,True,False
Michael McCaul,Republican,House,TX,N/A,2024-5-13,True,False
Michael McCaul,Republican,House,TX,AON,2024-5-9,True,False
Michael McCaul,Republican,House,TX,WDAY,2024-5-29,True,False
Michael McCaul,Republican,House,TX,AON,2024-5-5,True,False
Michael McCaul,Republican,House,TX,JTSXX,2024-5-14,True,False
Michael McCaul,Republican,House,TX,DT,2024-5-27,True,False
Michael McCaul,Republican,House,TX,UBER,2024-5-12,True,False
Michael McCaul,Republican,House,TX,JTSXX,2024-5-30,True,False
Michael McCaul,Republican,House,TX,AAPL,2024-5-16,True,False
Michael McCaul,Republican,House,TX,GOOGL,2024-5-28,True,False
Michael McCaul,Republican,House,TX,BAYRY,2024-5-19,True,False
Michael McCaul,Republican,House,TX,UNH,2024-5-2,True,False
Michael McCaul,Republican,House,TX,GEV,2024-5-5,True,False
Michael McCaul,Republican,House,TX,ATKR,2024-5-12,True,False
Michael McCaul,Republican,House,TX,G,2024-5-30,True,False
Michael McCaul,Republican,House,TX,JTSXX,2024-5-12,True,False
Michael McCaul,Republican,House,TX,WDAY,2024-5-30,True,False
Michael McCaul,Republican,House,TX,N/A,2024-5-16,True,False
Michael McCaul,Republican,House,TX,N/A,2024-5-29,True,False
Michael McCaul,Republican,House,TX,N/A,2024-5-9,True,False
Michael McCaul,Republican,House,TX,JTSXX,2024-5-2,True,False
Michael McCaul,Republican,House,TX,JTSXX,2024-4-30,True,False
Michael McCaul,Republican,House,TX,N/A,2024-5-5,True,False
Michael McCaul,Republican,House,TX,JTSXX,2024-5-28,False,True
Michael McCaul,Republican,House,TX,N/A,2024-4-30,False,True
Michael McCaul,Republican,House,TX,NVDA,2024-5-28,False,True
Michael McCaul,Republican,House,TX,N/A,2024-4-30,False,True
Michael McCaul,Republican,House,TX,ACN,2024-5-12,False,True
Michael McCaul,Republican,House,TX,JTSXX,2024-5-1,False,True
Michael McCaul,Republican,House,TX,ADP,2024-5-8,False,True
Michael McCaul,Republican,House,TX,ADP,2024-5-9,False,True
Michael McCaul,Republican,House,TX,N/A,2024-5-28,False,True
Michael McCaul,Republican,House,TX,EPAM,2024-5-16,False,True
Michael McCaul,Republican,House,TX,SCHW,2024-5-27,False,True
Michael McCaul,Republican,House,TX,CMG,2024-5-8,False,True
Michael McCaul,Republican,House,TX,CMG,2024-5-9,False,True
Michael McCaul,Republican,House,TX,JTSXX,2024-5-5,False,True
Michael McCaul,Republican,House,TX,JTSXX,2024-5-15,False,True
Michael McCaul,Republican,House,TX,V,2024-5-8,False,True
Michael McCaul,Republican,House,TX,ITT,2024-5-15,False,True
Michael McCaul,Republican,House,TX,PAYC,2024-5-5,False,True
Michael McCaul,Republican,House,TX,ITT,2024-5-12,False,True
Michael McCaul,Republican,House,TX,BECN,2024-5-12,False,True
Michael McCaul,Republican,House,TX,JTSXX,2024-5-29,False,True
Michael McCaul,Republican,House,TX,WFC,2024-5-9,False,True
Michael McCaul,Republican,House,TX,WFC,2024-5-21,False,True
Michael McCaul,Republican,House,TX,GS,2024-5-16,False,True
Michael McCaul,Republican,House,TX,JTSXX,2024-5-19,False,True
Michael McCaul,Republican,House,TX,NVT,2024-5-7,False,True
Michael McCaul,Republican,House,TX,WFC,2024-5-16,False,True
Michael McCaul,Republican,House,TX,GS,2024-5-21,False,True
Michael McCaul,Republican,House,TX,MAR,2024-5-13,False,True
Michael McCaul,Republican,House,TX,WFC,2024-5-27,False,True
Michael McCaul,Republican,House,TX,GS,2024-5-13,False,True
Michael McCaul,Republican,House,TX,VMFXX,2024-5-23,False,True
Michael McCaul,Republican,House,TX,GS,2024-5-30,False,True
Michael McCaul,Republican,House,TX,GS,2024-5-23,False,True
Michael McCaul,Republican,House,TX,JTSXX,2024-5-21,False,True
Michael McCaul,Republican,House,TX,N/A,2024-4-30,False,True
Michael McCaul,Republican,House,TX,MAR,2024-5-2,False,True
Michael McCaul,Republican,House,TX,JTSXX,2024-5-23,False,True
Michael McCaul,Republican,House,TX,GS,2024-5-12,False,True
Michael McCaul,Republican,House,TX,MSFT,2024-5-9,False,True
Michael McCaul,Republican,House,TX,N/A,2024-5-14,False,True
Michael McCaul,Republican,House,TX,N/A,2024-5-22,False,True
Michael McCaul,Republican,House,TX,N/A,2024-5-14,False,True
Michael McCaul,Republican,House,TX,INTC,2024-5-19,True,False
Michael McCaul,Republican,House,TX,VSH,2024-5-13,True,False
Michael McCaul,Republican,House,TX,KHC,2024-5-2,True,False
Michael McCaul,Republican,House,TX,SUI,2024-5-19,True,False
Michael McCaul,Republican,House,TX,KHC,2024-5-9,True,False
Michael McCaul,Republican,House,TX,SUI,2024-5-20,True,False
Michael McCaul,Republican,House,TX,VSH,2024-5-21,True,False
Michael McCaul,Republican,House,TX,VSH,2024-5-22,True,False
Michael McCaul,Republican,House,TX,VSH,2024-5-20,True,False
Michael McCaul,Republican,House,TX,VSH,2024-5-23,True,False
Michael McCaul,Republican,House,TX,VSH,2024-5-19,True,False
Michael McCaul,Republican,House,TX,VSH,2024-5-12,True,False
Michael McCaul,Republican,House,TX,OSK,2024-5-21,False,True
Michael McCaul,Republican,House,TX,OSK,2024-5-19,False,True
Michael McCaul,Republican,House,TX,OSK,2024-5-20,False,True
Michael McCaul,Republican,House,TX,FIS,2024-5-19,False,True
Michael McCaul,Republican,House,TX,PM,2024-5-9,False,True
Michael McCaul,Republican,House,TX,EQH,2024-5-19,False,True
Michael McCaul,Republican,House,TX,PM,2024-5-2,False,True
Michael McCaul,Republican,House,TX,WFC,2024-5-14,False,True
Michael McCaul,Republican,House,TX,WFC,2024-5-19,False,True
Michael McCaul,Republican,House,TX,VWLUX,2024-4-30,True,False
Michael McCaul,Republican,House,TX,SUN,2024-5-22,False,True
Michael McCaul,Republican,House,TX,N/A,2024-5-16,True,False
Michael McCaul,Republican,House,TX,AAPL,2024-5-8,True,False
Michael McCaul,Republican,House,TX,N/A,2024-5-29,True,False
Michael McCaul,Republican,House,TX,AAPL,2024-5-9,True,False
Michael McCaul,Republican,House,TX,N/A,2024-5-15,True,False
Michael McCaul,Republican,House,TX,WDAY,2024-5-28,True,False
Michael McCaul,Republican,House,TX,N/A,2024-5-8,True,False
Michael McCaul,Republican,House,TX,N/A,2024-4-30,True,False
Michael McCaul,Republican,House,TX,OMF,2024-4-30,True,False
Michael McCaul,Republican,House,TX,N/A,2024-5-5,True,False
Michael McCaul,Republican,House,TX,N/A,2024-5-9,True,False
Michael McCaul,Republican,House,TX,JTSXX,2024-5-16,True,False
Michael McCaul,Republican,House,TX,N/A,2024-5-22,True,False
Michael McCaul,Republican,House,TX,HUM,2024-5-21,True,False
Michael McCaul,Republican,House,TX,AAPL,2024-5-28,True,False
Michael McCaul,Republican,House,TX,HUM,2024-5-13,True,False
Michael McCaul,Republican,House,TX,AA,2024-5-15,True,False
Michael McCaul,Republican,House,TX,N/A,2024-4-30,True,False
Michael McCaul,Republican,House,TX,N/A,2024-5-21,True,False
Michael McCaul,Republican,House,TX,AON,2024-5-23,True,False
Michael McCaul,Republican,House,TX,PROSY,2024-5-21,True,False
Michael McCaul,Republican,House,TX,BAYRY,2024-5-1,True,False
Michael McCaul,Republican,House,TX,HUM,2024-5-1,True,False
Michael McCaul,Republican,House,TX,N/A,2024-5-5,True,False
Michael McCaul,Republican,House,TX,NVO,2024-5-5,True,False
Michael McCaul,Republican,House,TX,JTSXX,2024-5-13,True,False
Michael McCaul,Republican,House,TX,JTSXX,2024-5-27,True,False
Michael McCaul,Republican,House,TX,JTSXX,2024-5-9,True,False
Michael McCaul,Republican,House,TX,NVO,2024-5-27,True,False
Michael McCaul,Republican,House,TX,DT,2024-5-16,True,False
Michael McCaul,Republican,House,TX,NVO,2024-5-28,True,False
Michael McCaul,Republican,House,TX,AON,2024-5-9,True,False
Michael McCaul,Republican,House,TX,WDAY,2024-5-29,True,False
Michael McCaul,Republican,House,TX,AON,2024-5-5,True,False
Michael McCaul,Republican,House,TX,JTSXX,2024-5-14,True,False
Michael McCaul,Republican,House,TX,JTSXX,2024-5-30,True,False
Michael McCaul,Republican,House,TX,N/A,2024-5-13,True,False
Michael McCaul,Republican,House,TX,BAYRY,2024-5-19,True,False
Michael McCaul,Republican,House,TX,UNH,2024-5-2,True,False
Michael McCaul,Republican,House,TX,GEV,2024-5-5,True,False
Michael McCaul,Republican,House,TX,DT,2024-5-27,True,False
Michael McCaul,Republican,House,TX,UBER,2024-5-12,True,False
Michael McCaul,Republican,House,TX,AAPL,2024-5-16,True,False
Michael McCaul,Republican,House,TX,GOOGL,2024-5-28,True,False
Michael McCaul,Republican,House,TX,ATKR,2024-5-12,True,False
Michael McCaul,Republican,House,TX,G,2024-5-30,True,False
Michael McCaul,Republican,House,TX,N/A,2024-5-29,True,False
Michael McCaul,Republican,House,TX,N/A,2024-5-9,True,False
Michael McCaul,Republican,House,TX,JTSXX,2024-5-12,True,False
Michael McCaul,Republican,House,TX,WDAY,2024-5-30,True,False
Michael McCaul,Republican,House,TX,N/A,2024-5-16,True,False
Michael McCaul,Republican,House,TX,JTSXX,2024-5-2,True,False
Michael McCaul,Republican,House,TX,JTSXX,2024-4-30,True,False
Michael McCaul,Republican,House,TX,N/A,2024-5-5,True,False
Michael McCaul,Republican,House,TX,N/A,2024-5-14,False,True
Michael McCaul,Republican,House,TX,N/A,2024-5-22,False,True
Michael McCaul,Republican,House,TX,N/A,2024-5-14,False,True
Michael McCaul,Republican,House,TX,MSFT,2024-5-9,False,True
Michael McCaul,Republican,House,TX,GS,2024-5-12,False,True
Michael McCaul,Republican,House,TX,JTSXX,2024-5-23,False,True
Michael McCaul,Republican,House,TX,N/A,2024-4-30,False,True
Michael McCaul,Republican,House,TX,MAR,2024-5-2,False,True
Michael McCaul,Republican,House,TX,JTSXX,2024-5-21,False,True
Michael McCaul,Republican,House,TX,GS,2024-5-23,False,True
Michael McCaul,Republican,House,TX,VMFXX,2024-5-23,False,True
Michael McCaul,Republican,House,TX,GS,2024-5-30,False,True
Michael McCaul,Republican,House,TX,GS,2024-5-13,False,True
Michael McCaul,Republican,House,TX,WFC,2024-5-27,False,True
Michael McCaul,Republican,House,TX,MAR,2024-5-23,False,True
Michael McCaul,Republican,House,TX,GS,2024-5-21,False,True
Michael McCaul,Republican,House,TX,WFC,2024-5-16,False,True
Michael McCaul,Republican,House,TX,NVT,2024-5-7,False,True
Michael McCaul,Republican,House,TX,JTSXX,2024-5-19,False,True
Michael McCaul,Republican,House,TX,GS,2024-5-16,False,True
Michael McCaul,Republican,House,TX,WFC,2024-5-21,False,True
Michael McCaul,Republican,House,TX,WFC,2024-5-9,False,True
Michael McCaul,Republican,House,TX,JTSXX,2024-5-29,False,True
Michael McCaul,Republican,House,TX,BECN,2024-5-12,False,True
Michael McCaul,Republican,House,TX,ITT,2024-5-12,False,True
Michael McCaul,Republican,House,TX,PAYC,2024-5-5,False,True
Michael McCaul,Republican,House,TX,V,2024-5-8,False,True
Michael McCaul,Republican,House,TX,ITT,2024-5-15,False,True
Michael McCaul,Republican,House,TX,CMG,2024-5-9,False,True
Michael McCaul,Republican,House,TX,CMG,2024-5-8,False,True
Michael McCaul,Republican,House,TX,SCHW,2024-5-27,False,True
Michael McCaul,Republican,House,TX,JTSXX,2024-5-15,False,True
Michael McCaul,Republican,House,TX,JTSXX,2024-5-5,False,True
Michael McCaul,Republican,House,TX,EPAM,2024-5-16,False,True
Michael McCaul,Republican,House,TX,ADP,2024-5-9,False,True
Michael McCaul,Republican,House,TX,N/A,2024-5-28,False,True
Michael McCaul,Republican,House,TX,ADP,2024-5-8,False,True
Michael McCaul,Republican,House,TX,ACN,2024-5-12,False,True
Michael McCaul,Republican,House,TX,JTSXX,2024-5-1,False,True
Michael McCaul,Republican,House,TX,N/A,2024-4-30,False,True
Michael McCaul,Republican,House,TX,JTSXX,2024-5-28,False,True
Michael McCaul,Republican,House,TX,NVDA,2024-5-28,False,True
Michael McCaul,Republican,House,TX,N/A,2024-4-30,False,True
Michael McCaul,Republican,House,TX,INTC,2024-5-19,True,False
Michael McCaul,Republican,House,TX,VSH,2024-5-13,True,False
Michael McCaul,Republican,House,TX,KHC,2024-5-2,True,False
Michael McCaul,Republican,House,TX,SUI,2024-5-19,True,False
Michael McCaul,Republican,House,TX,KHC,2024-5-9,True,False
Michael McCaul,Republican,House,TX,SUI,2024-5-20,True,False
Michael McCaul,Republican,House,TX,VSH,2024-5-21,True,False
Michael McCaul,Republican,House,TX,VSH,2024-5-22,True,False
Michael McCaul,Republican,House,TX,VSH,2024-5-20,True,False
Michael McCaul,Republican,House,TX,VSH,2024-5-23,True,False
Michael McCaul,Republican,House,TX,VSH,2024-5-19,True,False
Michael McCaul,Republican,House,TX,VSH,2024-5-12,True,False
Michael McCaul,Republican,House,TX,OSK,2024-5-21,False,True
Michael McCaul,Republican,House,TX,OSK,2024-5-19,False,True
Michael McCaul,Republican,House,TX,OSK,2024-5-20,False,True
Michael McCaul,Republican,House,TX,FIS,2024-5-19,False,True
Michael McCaul,Republican,House,TX,PM,2024-5-9,False,True
Michael McCaul,Republican,House,TX,EQH,2024-5-19,False,True
Michael McCaul,Republican,House,TX,PM,2024-5-2,False,True
Michael McCaul,Republican,House,TX,WFC,2024-5-14,False,True
Michael McCaul,Republican,House,TX,WFC,2024-5-19,False,True
Michael McCaul,Republican,House,TX,VWLUX,2024-4-30,True,False
Michael McCaul,Republican,House,TX,SUN,2024-5-22,False,True
Bill Keating,Democrat,House,MA,C,2024-5-28,False,True
Bill Keating,Democrat,House,MA,JPM,2024-5-23,True,False
Bill Keating,Democrat,House,MA,TMUS,2024-6-5,True,False
Rick Allen,Republican,House,GA,CTAS,2024-5-19,True,False
Rick Allen,Republican,House,GA,SBUX,2024-5-19,False,True
Richard Blumenthal,Democrat,Senate,CT,SG,2024-5-12,False,True
Richard Blumenthal,Democrat,Senate,CT,SG,2024-5-20,True,False
Dean Phillips,Democrat,House,MN,N/A,2024-5-20,True,False
Suzan DelBene,Democrat,House,WA,N/A,2024-5-21,True,False
Thomas Kean Jr,Republican,House,NJ,AON,2024-5-5,True,False
Thomas Kean Jr,Republican,House,NJ,BDX,2024-5-23,True,False
Thomas Kean Jr,Republican,House,NJ,FI,2024-5-21,True,False
Nicole Malliotakis,Republican,House,NY,DG,2024-6-3,False,True
Nicole Malliotakis,Republican,House,NY,CMG,2024-6-3,True,False
Nicole Malliotakis,Republican,House,NY,N/A,2024-6-9,True,False
Mike Kelly,Republican,House,PA,T,2024-4-10,False,True
Mike Kelly,Republican,House,PA,CVX,2024-4-11,False,True
Mike Kelly,Republican,House,PA,CLF,2024-3-27,True,False
Mike Kelly,Republican,House,PA,EW,2024-4-10,False,True
Mike Kelly,Republican,House,PA,META,2024-4-11,False,True
Mike Kelly,Republican,House,PA,TRMIX,2024-4-11,False,True
Mike Kelly,Republican,House,PA,USB,2024-4-10,False,True
Mike Kelly,Republican,House,PA,UNH,2024-4-11,False,True
Mike Kelly,Republican,House,PA,VTRIX,2024-4-11,False,True
Mike Kelly,Republican,House,PA,VO,2024-4-10,False,True
Mike Kelly,Republican,House,PA,VZ,2024-4-11,False,True
Michael Collins,Republican,House,GA,$VELO,2024-5-16,True,False
Tommy Tuberville,Republican,Senate,AL,ARKK,2024-5-6,True,False
Tommy Tuberville,Republican,Senate,AL,ARKK,2024-5-9,True,False
Tommy Tuberville,Republican,Senate,AL,XBI,2024-5-7,True,False
Tommy Tuberville,Republican,Senate,AL,XBI,2024-5-7,True,False
Tommy Tuberville,Republican,Senate,AL,INTC,2024-5-12,False,True
Tommy Tuberville,Republican,Senate,AL,INTC,2024-5-12,False,True
Tommy Tuberville,Republican,Senate,AL,CLF,2024-5-12,False,True
Tommy Tuberville,Republican,Senate,AL,CLF,2024-5-12,False,True
Tommy Tuberville,Republican,Senate,AL,CLF,2024-5-9,True,False
Tommy Tuberville,Republican,Senate,AL,CLF,2024-5-9,True,False
Tommy Tuberville,Republican,Senate,AL,CLF,2024-5-9,True,False
Tommy Tuberville,Republican,Senate,AL,GILD,2024-5-9,True,False
Tommy Tuberville,Republican,Senate,AL,GILD,2024-5-9,True,False
Tommy Tuberville,Republican,Senate,AL,GILD,2024-5-9,True,False
Tommy Tuberville,Republican,Senate,AL,PARA,2024-5-9,False,True
Tommy Tuberville,Republican,Senate,AL,CLF,2024-5-9,True,False
Tommy Tuberville,Republican,Senate,AL,CLF,2024-5-9,True,False
Tommy Tuberville,Republican,Senate,AL,CLF,2024-5-9,True,False
Tommy Tuberville,Republican,Senate,AL,CLF,2024-5-9,True,False
Tommy Tuberville,Republican,Senate,AL,INTC,2024-5-9,False,True
Tommy Tuberville,Republican,Senate,AL,CLF,2024-5-9,False,True
Tommy Tuberville,Republican,Senate,AL,CLF,2024-5-9,False,True
Tommy Tuberville,Republican,Senate,AL,CLF,2024-5-9,False,True
Tommy Tuberville,Republican,Senate,AL,CLF,2024-5-9,False,True
Tommy Tuberville,Republican,Senate,AL,CLF,2024-5-9,False,True
Tommy Tuberville,Republican,Senate,AL,KEY,2024-5-8,True,False
Tommy Tuberville,Republican,Senate,AL,INTC,2024-5-8,True,False
Tommy Tuberville,Republican,Senate,AL,GOLD,2024-5-7,True,False
Tommy Tuberville,Republican,Senate,AL,GOLD,2024-5-7,True,False
Tommy Tuberville,Republican,Senate,AL,ADBE,2024-5-7,True,False
Tommy Tuberville,Republican,Senate,AL,SWKS,2024-5-7,False,True
Tommy Tuberville,Republican,Senate,AL,INTC,2024-5-7,True,False
Tommy Tuberville,Republican,Senate,AL,GILD,2024-5-7,False,True
Tommy Tuberville,Republican,Senate,AL,FITB,2024-5-6,True,False
Tommy Tuberville,Republican,Senate,AL,GOLD,2024-5-6,True,False
Tommy Tuberville,Republican,Senate,AL,CLF,2024-5-6,True,False
Tommy Tuberville,Republican,Senate,AL,CVX,2024-5-6,True,False
Tommy Tuberville,Republican,Senate,AL,CLF,2024-5-6,True,False
Tommy Tuberville,Republican,Senate,AL,CCJ,2024-5-6,True,False
Tommy Tuberville,Republican,Senate,AL,LSCC,2024-5-6,False,True
Tommy Tuberville,Republican,Senate,AL,INTC,2024-5-6,True,False
Tommy Tuberville,Republican,Senate,AL,FITB,2024-5-6,False,True
Tommy Tuberville,Republican,Senate,AL,GOLD,2024-5-6,False,True
Tommy Tuberville,Republican,Senate,AL,WMS,2024-5-6,False,True
Tommy Tuberville,Republican,Senate,AL,WAT,2024-5-2,False,True
Tommy Tuberville,Republican,Senate,AL,V,2024-5-2,False,True
Tommy Tuberville,Republican,Senate,AL,VRTX,2024-5-2,False,True
Tommy Tuberville,Republican,Senate,AL,VRSK,2024-5-2,False,True
Tommy Tuberville,Republican,Senate,AL,UI,2024-5-2,False,True
Tommy Tuberville,Republican,Senate,AL,TER,2024-5-2,False,True
Tommy Tuberville,Republican,Senate,AL,TEL,2024-5-2,False,True
Tommy Tuberville,Republican,Senate,AL,SNPS,2024-5-2,False,True
Tommy Tuberville,Republican,Senate,AL,SOLV,2024-5-2,True,False
Tommy Tuberville,Republican,Senate,AL,RYCEY,2024-5-2,False,True
Tommy Tuberville,Republican,Senate,AL,RYCEY,2024-5-2,False,True
Tommy Tuberville,Republican,Senate,AL,RYCEY,2024-5-2,False,True
Tommy Tuberville,Republican,Senate,AL,RMD,2024-5-2,False,True
Tommy Tuberville,Republican,Senate,AL,RELX,2024-5-2,False,True
Tommy Tuberville,Republican,Senate,AL,QLYS,2024-5-2,False,True
Tommy Tuberville,Republican,Senate,AL,PG,2024-5-2,False,True
Tommy Tuberville,Republican,Senate,AL,PFE,2024-5-2,False,True
Tommy Tuberville,Republican,Senate,AL,PEP,2024-5-2,False,True
Tommy Tuberville,Republican,Senate,AL,PYPL,2024-5-2,False,True
Tommy Tuberville,Republican,Senate,AL,PAYX,2024-5-2,False,True
Tommy Tuberville,Republican,Senate,AL,ODFL,2024-5-2,False,True
Tommy Tuberville,Republican,Senate,AL,NDSN,2024-5-2,False,True
Tommy Tuberville,Republican,Senate,AL,NXPI,2024-5-2,False,True
Tommy Tuberville,Republican,Senate,AL,NFLX,2024-5-2,False,True
Tommy Tuberville,Republican,Senate,AL,MSI,2024-5-2,False,True
Tommy Tuberville,Republican,Senate,AL,MCO,2024-5-2,False,True
Tommy Tuberville,Republican,Senate,AL,MPWR,2024-5-2,False,True
Tommy Tuberville,Republican,Senate,AL,MA,2024-5-2,False,True
Tommy Tuberville,Republican,Senate,AL,LULU,2024-5-2,False,True
Tommy Tuberville,Republican,Senate,AL,KLAC,2024-5-2,False,True
Tommy Tuberville,Republican,Senate,AL,INFY,2024-5-2,False,True
Tommy Tuberville,Republican,Senate,AL,ITW,2024-5-2,False,True
Tommy Tuberville,Republican,Senate,AL,HUMA,2024-5-2,False,True
Tommy Tuberville,Republican,Senate,AL,HUMA,2024-5-2,False,True
Tommy Tuberville,Republican,Senate,AL,HSY,2024-5-2,False,True
Tommy Tuberville,Republican,Senate,AL,JKHY,2024-5-2,False,True
Tommy Tuberville,Republican,Senate,AL,GGG,2024-5-2,False,True
Tommy Tuberville,Republican,Senate,AL,GRMN,2024-5-2,False,True
Tommy Tuberville,Republican,Senate,AL,GLPI,2024-5-2,False,True
Tommy Tuberville,Republican,Senate,AL,FDS,2024-5-2,False,True
Tommy Tuberville,Republican,Senate,AL,ELS,2024-5-2,False,True
Tommy Tuberville,Republican,Senate,AL,DECK,2024-5-2,False,True
Tommy Tuberville,Republican,Senate,AL,CPRT,2024-5-2,False,True
Tommy Tuberville,Republican,Senate,AL,CBSH,2024-5-2,False,True
Tommy Tuberville,Republican,Senate,AL,CTAS,2024-5-2,False,True
Tommy Tuberville,Republican,Senate,AL,CDNS,2024-5-2,False,True
Tommy Tuberville,Republican,Senate,AL,DOW,2024-5-2,False,True
Tommy Tuberville,Republican,Senate,AL,BRO,2024-5-2,False,True
Tommy Tuberville,Republican,Senate,AL,N/A,2024-5-2,False,True
Tommy Tuberville,Republican,Senate,AL,A,2024-5-2,False,True
Mitch McConnell,Republican,Senate,KY,WFC,2024-6-3,True,False
Roger Williams,Republican,House,TX,GOOGL,2022-6-29,True,False
Roger Williams,Republican,House,TX,N/A,2022-10-24,True,False
Roger Williams,Republican,House,TX,LLY,2022-6-29,True,False
Roger Williams,Republican,House,TX,META,2022-6-29,True,False
Roger Williams,Republican,House,TX,NVDA,2022-6-29,True,False
Roger Williams,Republican,House,TX,PFE,2024-3-3,False,True
Roger Williams,Republican,House,TX,PFE,2024-2-29,False,True
Roger Williams,Republican,House,TX,PFE,2024-2-29,True,False
Roger Williams,Republican,House,TX,SBFM,2022-6-29,True,False
Roger Williams,Republican,House,TX,N/A,2022-6-29,True,False
Roger Williams,Republican,House,TX,DIS,2022-6-21,False,True
Buddy Carter,Republican,House,GA,N/A,2023-4-30,False,True
Mark Green,Republican,House,TN,NGL,2024-6-2,False,True
Debbie Wasserman Schultz,Democrat,House,FL,N/A,2024-5-15,True,False
Daniel Webster,Republican,House,FL,N/A,2023-3-7,True,False
Maria Elvira Salazar,Republican,House,FL,DTM,2024-4-30,True,False
Maria Elvira Salazar,Republican,House,FL,NFE,2024-4-30,False,True
Chip Roy,Republican,House,TX,AESI,2024-5-19,False,True
Suzan DelBene,Democrat,House,WA,N/A,2024-5-16,True,False
Suzan DelBene,Democrat,House,WA,N/A,2024-5-23,True,False
Suzan DelBene,Democrat,House,WA,N/A,2024-5-21,False,True
Suzan DelBene,Democrat,House,WA,N/A,2024-5-21,True,False
John Hickenlooper,Democrat,Senate,CO,FWONK,2024-6-2,False,True
John Hickenlooper,Democrat,Senate,CO,FWONK,2024-6-2,True,False
John Hickenlooper,Democrat,Senate,CO,FWONK,2024-5-19,False,True
John Hickenlooper,Democrat,Senate,CO,FWONK,2024-5-19,True,False
Bob Latta,Republican,House,OH,FMAO,2024-6-5,True,False
Kevin Hern,Republican,House,OK,ACN,2024-5-16,True,False
Kevin Hern,Republican,House,OK,XOM,2024-5-2,False,False
Kevin Hern,Republican,House,OK,MMC,2024-5-14,True,False
Kevin Hern,Republican,House,OK,OKE,2024-5-14,True,False
