Name,Party,Chamber,State,Ticker,Date,Buy,Sell
Ro Khanna,Democrat,House,CA,N/A,2023-4-19,True,False
Ro Khanna,Democrat,House,CA,ALGN,2023-4-24,True,False
Ro Khanna,Democrat,House,CA,ALB,2023-4-24,True,False
Ro Khanna,Democrat,House,CA,EW,2023-4-24,True,False
Ro Khanna,Democrat,House,CA,CTLT,2023-4-24,True,False
Ro Khanna,Democrat,House,CA,NCLH,2023-4-24,True,False
Ro Khanna,Democrat,House,CA,WBD,2023-4-24,True,False
Ro Khanna,Democrat,House,CA,MPLX,2023-4-19,True,False
Ro Khanna,Democrat,House,CA,CCL,2023-4-24,True,False
Ro Khanna,Democrat,House,CA,MTCH,2023-4-24,True,False
Ro Khanna,Democrat,House,CA,KMX,2023-4-24,True,False
Ro Khanna,Democrat,House,CA,VFC,2023-4-24,True,False
Ro Khanna,Democrat,House,CA,CZR,2023-4-24,True,False
Ro Khanna,Democrat,House,CA,ABT,2023-4-24,True,False
Ro Khanna,Democrat,House,CA,ZION,2023-4-24,True,False
Ro Khanna,Democrat,House,CA,DLTR,2023-4-24,True,False
Ro Khanna,Democrat,House,CA,RCL,2023-4-24,True,False
Ro Khanna,Democrat,House,CA,APTV,2023-4-24,True,False
Ro Khanna,Democrat,House,CA,SCHW,2023-4-24,True,False
Ro Khanna,Democrat,House,CA,DLR,2023-4-24,True,False
Ro Khanna,Democrat,House,CA,ZBRA,2023-4-24,True,False
Ro Khanna,Democrat,House,CA,EXPE,2023-4-24,True,False
Ro Khanna,Democrat,House,CA,STZ,2023-4-24,True,False
Ro Khanna,Democrat,House,CA,DG,2023-4-24,True,False
Ro Khanna,Democrat,House,CA,PFE,2023-4-24,False,True
Ro Khanna,Democrat,House,CA,TSLA,2023-4-24,False,True
Ro Khanna,Democrat,House,CA,CCI,2023-4-24,False,True
Ro Khanna,Democrat,House,CA,DE,2023-4-24,False,True
Ro Khanna,Democrat,House,CA,JNJ,2023-4-24,False,True
Ro Khanna,Democrat,House,CA,ADP,2023-4-24,False,True
Ro Khanna,Democrat,House,CA,N/A,2023-4-24,False,True
Ro Khanna,Democrat,House,CA,AMD,2023-4-24,False,True
Ro Khanna,Democrat,House,CA,TSN,2023-4-24,False,True
Ro Khanna,Democrat,House,CA,TPR,2023-4-24,False,True
Ro Khanna,Democrat,House,CA,KR,2023-4-24,False,True
Ro Khanna,Democrat,House,CA,ENPH,2023-4-24,False,True
Ro Khanna,Democrat,House,CA,CHTR,2023-4-24,False,True
Ro Khanna,Democrat,House,CA,VZ,2023-4-24,False,True
Ro Khanna,Democrat,House,CA,BAX,2023-4-24,False,True
Ro Khanna,Democrat,House,CA,DIS,2023-4-24,False,True
Ro Khanna,Democrat,House,CA,EWBC,2023-4-24,False,True
Ro Khanna,Democrat,House,CA,WBA,2023-4-24,False,True
Ro Khanna,Democrat,House,CA,CFG,2023-4-24,False,True
Ro Khanna,Democrat,House,CA,WDC,2023-4-24,False,True
Ro Khanna,Democrat,House,CA,RHI,2023-4-24,False,True
Ro Khanna,Democrat,House,CA,LCID,2023-4-24,False,True
Ro Khanna,Democrat,House,CA,TD,2023-4-16,True,False
Ro Khanna,Democrat,House,CA,CM,2023-4-18,True,False
Ro Khanna,Democrat,House,CA,N/A,2023-4-23,True,False
Ro Khanna,Democrat,House,CA,BNPQY,2023-4-27,True,False
Ro Khanna,Democrat,House,CA,BNS,2023-4-16,True,False
Ro Khanna,Democrat,House,CA,CM,2023-4-18,True,False
Ro Khanna,Democrat,House,CA,TD,2023-4-23,True,False
Ro Khanna,Democrat,House,CA,N/A,2023-4-25,True,False
Ro Khanna,Democrat,House,CA,N/A,2023-4-13,True,False
Ro Khanna,Democrat,House,CA,N/A,2023-4-13,True,False
Ro Khanna,Democrat,House,CA,N/A,2023-4-13,True,False
Ro Khanna,Democrat,House,CA,N/A,2023-4-13,True,False
Ro Khanna,Democrat,House,CA,N/A,2023-4-13,True,False
Ro Khanna,Democrat,House,CA,N/A,2023-4-13,True,False
Ro Khanna,Democrat,House,CA,N/A,2023-4-13,True,False
Ro Khanna,Democrat,House,CA,N/A,2023-4-13,True,False
Ro Khanna,Democrat,House,CA,N/A,2023-4-13,True,False
Ro Khanna,Democrat,House,CA,N/A,2023-4-13,True,False
Ro Khanna,Democrat,House,CA,N/A,2023-4-13,True,False
Ro Khanna,Democrat,House,CA,N/A,2023-4-13,True,False
Ro Khanna,Democrat,House,CA,N/A,2023-4-13,True,False
Ro Khanna,Democrat,House,CA,N/A,2023-4-13,True,False
Ro Khanna,Democrat,House,CA,N/A,2023-4-13,True,False
Ro Khanna,Democrat,House,CA,N/A,2023-4-13,True,False
Ro Khanna,Democrat,House,CA,N/A,2023-4-13,True,False
Ro Khanna,Democrat,House,CA,N/A,2023-4-13,True,False
Ro Khanna,Democrat,House,CA,BNS,2023-4-16,True,False
Ro Khanna,Democrat,House,CA,CM,2023-4-18,True,False
Ro Khanna,Democrat,House,CA,TD,2023-4-23,True,False
Ro Khanna,Democrat,House,CA,N/A,2023-4-25,True,False
Ro Khanna,Democrat,House,CA,TD,2023-4-20,True,False
Ro Khanna,Democrat,House,CA,RY,2023-4-16,True,False
Ro Khanna,Democrat,House,CA,AMZN,2023-4-16,True,False
Ro Khanna,Democrat,House,CA,ABBV,2023-4-16,True,False
Ro Khanna,Democrat,House,CA,AVTR,2023-4-2,True,False
Ro Khanna,Democrat,House,CA,CVS,2023-4-16,True,False
Ro Khanna,Democrat,House,CA,MKC,2023-4-16,True,False
Ro Khanna,Democrat,House,CA,HRL,2023-4-16,True,False
Ro Khanna,Democrat,House,CA,PFE,2023-4-16,True,False
Ro Khanna,Democrat,House,CA,AVTR,2023-4-4,True,False
Ro Khanna,Democrat,House,CA,NGG,2023-4-13,True,False
Ro Khanna,Democrat,House,CA,N/A,2023-4-3,True,False
Ro Khanna,Democrat,House,CA,N/A,2023-4-3,True,False
Ro Khanna,Democrat,House,CA,SWK,2023-4-9,True,False
Ro Khanna,Democrat,House,CA,DEI,2023-4-16,True,False
Ro Khanna,Democrat,House,CA,LUMN,2023-4-16,True,False
Ro Khanna,Democrat,House,CA,TSN,2023-4-9,True,False
Ro Khanna,Democrat,House,CA,ELAN,2023-4-9,True,False
Ro Khanna,Democrat,House,CA,OLPX,2023-4-9,True,False
Ro Khanna,Democrat,House,CA,LNC,2023-4-16,True,False
Ro Khanna,Democrat,House,CA,SNY,2023-4-13,True,False
Ro Khanna,Democrat,House,CA,NVO,2023-4-13,True,False
Ro Khanna,Democrat,House,CA,NVS,2023-4-13,True,False
Ro Khanna,Democrat,House,CA,SPX,2023-4-18,True,False
Ro Khanna,Democrat,House,CA,SPX,2023-4-18,False,True
Ro Khanna,Democrat,House,CA,SPX,2023-4-18,False,True
Ro Khanna,Democrat,House,CA,XSP,2023-4-5,False,True
Ro Khanna,Democrat,House,CA,XSP,2023-4-25,False,True
Ro Khanna,Democrat,House,CA,XSP,2023-4-18,False,True
Ro Khanna,Democrat,House,CA,XSP,2023-4-12,False,True
Ro Khanna,Democrat,House,CA,GOOGL,2023-4-9,False,True
Ro Khanna,Democrat,House,CA,GPK,2023-4-9,False,True
Ro Khanna,Democrat,House,CA,LGF/A,2023-4-9,False,True
Ro Khanna,Democrat,House,CA,ABBV,2023-4-9,False,True
Ro Khanna,Democrat,House,CA,MU,2023-4-9,False,True
Ro Khanna,Democrat,House,CA,AXTA,2023-4-9,False,True
Ro Khanna,Democrat,House,CA,BRK/B,2023-4-9,False,True
Ro Khanna,Democrat,House,CA,LOW,2023-4-9,False,True
Ro Khanna,Democrat,House,CA,TMUS,2023-4-9,False,True
Ro Khanna,Democrat,House,CA,ELV,2023-4-9,False,True
Ro Khanna,Democrat,House,CA,GLW,2023-4-9,False,True
Ro Khanna,Democrat,House,CA,ST,2023-4-9,False,True
Ro Khanna,Democrat,House,CA,COST,2023-4-9,False,True
Ro Khanna,Democrat,House,CA,CRI,2023-4-9,False,True
Ro Khanna,Democrat,House,CA,SSNC,2023-4-9,False,True
Ro Khanna,Democrat,House,CA,GM,2023-4-9,False,True
Ro Khanna,Democrat,House,CA,CI,2023-4-16,False,True
Ro Khanna,Democrat,House,CA,AVGO,2023-4-9,False,True
Ro Khanna,Democrat,House,CA,CAT,2023-4-9,False,True
Ro Khanna,Democrat,House,CA,DFS,2023-4-9,False,True
Ro Khanna,Democrat,House,CA,AXTA,2023-4-2,False,True
Ro Khanna,Democrat,House,CA,BAC,2023-4-9,False,True
Ro Khanna,Democrat,House,CA,ELAN,2023-4-9,False,True
Ro Khanna,Democrat,House,CA,HPQ,2023-4-9,False,True
Ro Khanna,Democrat,House,CA,TSLA,2023-4-16,False,True
Ro Khanna,Democrat,House,CA,WBA,2023-4-9,False,True
Ro Khanna,Democrat,House,CA,IBM,2023-4-9,False,True
Ro Khanna,Democrat,House,CA,DD,2023-4-2,False,True
Ro Khanna,Democrat,House,CA,AMZN,2023-4-9,False,True
Ro Khanna,Democrat,House,CA,DIS,2023-4-9,False,True
Ro Khanna,Democrat,House,CA,ON,2023-4-9,False,True
Ro Khanna,Democrat,House,CA,MET,2023-4-9,False,True
Ro Khanna,Democrat,House,CA,T,2023-4-9,False,True
Ro Khanna,Democrat,House,CA,MSFT,2023-4-9,False,True
Ro Khanna,Democrat,House,CA,C,2023-4-9,False,True
Ro Khanna,Democrat,House,CA,MU,2023-4-9,False,True
Ro Khanna,Democrat,House,CA,CARR,2023-4-9,False,True
Ro Khanna,Democrat,House,CA,INFN,2023-4-9,False,True
Ro Khanna,Democrat,House,CA,CTSH,2023-4-9,False,True
Ro Khanna,Democrat,House,CA,BF/A,2023-4-16,False,True
Ro Khanna,Democrat,House,CA,EQIX,2023-4-9,False,True
Ro Khanna,Democrat,House,CA,DD,2023-4-23,False,True
Ro Khanna,Democrat,House,CA,DD,2023-4-9,False,True
Ro Khanna,Democrat,House,CA,APO,2023-4-9,False,True
Ro Khanna,Democrat,House,CA,GM,2023-4-16,False,True
Ro Khanna,Democrat,House,CA,BRK/B,2023-4-9,False,True
Ro Khanna,Democrat,House,CA,ADM,2023-4-9,False,True
Ro Khanna,Democrat,House,CA,SYF,2023-4-9,False,True
Ro Khanna,Democrat,House,CA,TXN,2023-4-9,False,True
Ro Khanna,Democrat,House,CA,VMC,2023-4-9,False,True
Ro Khanna,Democrat,House,CA,EWBC,2023-4-9,False,True
Ro Khanna,Democrat,House,CA,COF,2023-4-9,False,True
Ro Khanna,Democrat,House,CA,KIM,2023-4-9,False,True
Ro Khanna,Democrat,House,CA,RF,2023-4-9,False,True
Ro Khanna,Democrat,House,CA,ADP,2023-4-9,False,True
Ro Khanna,Democrat,House,CA,ACN,2023-4-9,False,True
Ro Khanna,Democrat,House,CA,ADSK,2023-4-9,False,True
Ro Khanna,Democrat,House,CA,CRM,2023-4-9,False,True
Ro Khanna,Democrat,House,CA,LPLA,2023-4-9,False,True
Ro Khanna,Democrat,House,CA,FTNT,2023-4-9,False,True
Ro Khanna,Democrat,House,CA,CBRE,2023-4-9,False,True
Ro Khanna,Democrat,House,CA,REGN,2023-4-9,False,True
Ro Khanna,Democrat,House,CA,CL,2023-4-9,False,True
Ro Khanna,Democrat,House,CA,MRVL,2023-4-9,False,True
Ro Khanna,Democrat,House,CA,AXTA,2023-4-12,False,True
Ro Khanna,Democrat,House,CA,ROL,2023-4-9,False,True
Ro Khanna,Democrat,House,CA,META,2023-4-9,False,True
Ro Khanna,Democrat,House,CA,TYL,2023-4-9,False,True
Ro Khanna,Democrat,House,CA,AMT,2023-4-9,False,True
Ro Khanna,Democrat,House,CA,WBD,2023-4-9,False,True
Ro Khanna,Democrat,House,CA,SCHW,2023-4-9,False,True
Ro Khanna,Democrat,House,CA,WELL,2023-4-16,False,True
Ro Khanna,Democrat,House,CA,TECH,2023-4-9,False,True
Ro Khanna,Democrat,House,CA,LBRDA,2023-4-9,False,True
Ro Khanna,Democrat,House,CA,IP,2023-4-9,False,True
Ro Khanna,Democrat,House,CA,NTRS,2023-4-9,False,True
Ro Khanna,Democrat,House,CA,AMCR,2023-4-9,False,True
Ro Khanna,Democrat,House,CA,L,2023-4-9,False,True
Ro Khanna,Democrat,House,CA,WBA,2023-4-16,False,True
Ro Khanna,Democrat,House,CA,INVH,2023-4-9,False,True
Ro Khanna,Democrat,House,CA,FAST,2023-4-9,False,True
Ro Khanna,Democrat,House,CA,WBS,2023-4-9,False,True
Ro Khanna,Democrat,House,CA,EXR,2023-4-16,False,True
Ro Khanna,Democrat,House,CA,ILMN,2023-4-9,False,True
Ro Khanna,Democrat,House,CA,RHI,2023-4-9,False,True
Ro Khanna,Democrat,House,CA,HPE,2023-4-9,False,True
Ro Khanna,Democrat,House,CA,INTU,2023-4-9,False,True
Ro Khanna,Democrat,House,CA,TRV,2023-4-9,False,True
Ro Khanna,Democrat,House,CA,MOS,2023-4-9,False,True
Ro Khanna,Democrat,House,CA,BIIB,2023-4-9,False,True
Ro Khanna,Democrat,House,CA,TTWO,2023-4-9,False,True
Ro Khanna,Democrat,House,CA,AAP,2023-4-9,False,True
Ro Khanna,Democrat,House,CA,CHWY,2023-4-9,False,True
Ro Khanna,Democrat,House,CA,ENPH,2023-4-9,False,True
Ro Khanna,Democrat,House,CA,DIS,2023-4-9,False,True
Ro Khanna,Democrat,House,CA,HSBC,2023-4-13,False,True
Ro Khanna,Democrat,House,CA,AMAT,2023-4-9,False,True
Ro Khanna,Democrat,House,CA,GWW,2023-4-9,False,True
Ro Khanna,Democrat,House,CA,BNPQY,2023-4-13,False,True
Ro Khanna,Democrat,House,CA,AXTA,2023-4-27,False,True
Ro Khanna,Democrat,House,CA,GLW,2023-4-9,False,True
Ro Khanna,Democrat,House,CA,LAMR,2023-4-9,False,True
Ro Khanna,Democrat,House,CA,PGR,2023-4-9,False,True
Ro Khanna,Democrat,House,CA,PFE,2023-4-9,False,True
Ro Khanna,Democrat,House,CA,CCI,2023-4-16,False,True
Ro Khanna,Democrat,House,CA,ING,2023-4-13,False,True
Ro Khanna,Democrat,House,CA,MCHP,2023-4-9,False,True
Ro Khanna,Democrat,House,CA,REXR,2023-4-16,False,True
Ro Khanna,Democrat,House,CA,ABT,2023-4-9,False,True
Ro Khanna,Democrat,House,CA,JLL,2023-4-9,False,True
Ro Khanna,Democrat,House,CA,FMC,2023-4-9,False,True
Ro Khanna,Democrat,House,CA,CDAY,2023-4-9,False,True
Ro Khanna,Democrat,House,CA,FCX,2023-4-9,False,True
Ro Khanna,Democrat,House,CA,M,2023-4-9,False,True
Ro Khanna,Democrat,House,CA,COHR,2023-4-9,False,True
Ro Khanna,Democrat,House,CA,DDOG,2023-4-9,False,True
Ro Khanna,Democrat,House,CA,BDX,2023-4-16,False,True
Ro Khanna,Democrat,House,CA,ARE,2023-4-9,False,True
Ro Khanna,Democrat,House,CA,CZR,2023-4-9,False,True
Ro Khanna,Democrat,House,CA,N/A,2023-4-2,True,False
Ro Khanna,Democrat,House,CA,N/A,2023-4-4,True,False
Ro Khanna,Democrat,House,CA,N/A,2023-4-4,True,False
Ro Khanna,Democrat,House,CA,TD,2023-4-19,True,False
Ro Khanna,Democrat,House,CA,BNS,2023-4-19,True,False
Ro Khanna,Democrat,House,CA,N/A,2023-4-3,True,False
Ro Khanna,Democrat,House,CA,C,2023-4-20,True,False
Ro Khanna,Democrat,House,CA,BAC,2023-4-20,True,False
Ro Khanna,Democrat,House,CA,MS,2023-4-20,True,False
Ro Khanna,Democrat,House,CA,C,2023-4-25,True,False
Ro Khanna,Democrat,House,CA,SCHW,2023-4-25,True,False
Ro Khanna,Democrat,House,CA,559242Z,2023-4-27,True,False
Ro Khanna,Democrat,House,CA,ENB,2023-4-24,True,False
Ro Khanna,Democrat,House,CA,N/A,2023-4-5,True,False
Ro Khanna,Democrat,House,CA,WFC,2023-4-23,True,False
Ro Khanna,Democrat,House,CA,BAC,2023-4-25,True,False
Ro Khanna,Democrat,House,CA,VOYA,2023-4-26,True,False
Ro Khanna,Democrat,House,CA,DFS,2023-4-24,True,False
Ro Khanna,Democrat,House,CA,CFG,2023-4-20,True,False
Ro Khanna,Democrat,House,CA,BNS,2023-4-23,True,False
Ro Khanna,Democrat,House,CA,VOD,2023-4-25,True,False
Ro Khanna,Democrat,House,CA,WFC,2023-4-20,True,False
Ro Khanna,Democrat,House,CA,PNC,2023-4-23,True,False
Ro Khanna,Democrat,House,CA,N/A,2023-4-24,True,False
Ro Khanna,Democrat,House,CA,MS,2023-4-20,True,False
Ro Khanna,Democrat,House,CA,MKL,2023-4-24,True,False
Ro Khanna,Democrat,House,CA,C,2023-4-25,True,False
Ro Khanna,Democrat,House,CA,PRU,2023-4-25,True,False
Ro Khanna,Democrat,House,CA,PNC,2023-4-25,True,False
Ro Khanna,Democrat,House,CA,AXP,2023-4-26,True,False
Ro Khanna,Democrat,House,CA,N/A,2023-4-25,True,False
Ro Khanna,Democrat,House,CA,HBAN,2023-4-26,True,False
Ro Khanna,Democrat,House,CA,WFC,2023-4-25,True,False
Ro Khanna,Democrat,House,CA,N/A,2023-4-24,True,False
Ro Khanna,Democrat,House,CA,SRE,2023-4-20,True,False
Ro Khanna,Democrat,House,CA,CMS,2023-4-24,True,False
Ro Khanna,Democrat,House,CA,N/A,2023-4-26,True,False
Ro Khanna,Democrat,House,CA,RF,2023-4-23,True,False
Ro Khanna,Democrat,House,CA,SO,2023-4-20,True,False
Ro Khanna,Democrat,House,CA,FITB,2023-4-23,True,False
Ro Khanna,Democrat,House,CA,SCHW,2023-4-25,True,False
Ro Khanna,Democrat,House,CA,CMA,2023-4-23,True,False
Ro Khanna,Democrat,House,CA,BAC,2023-4-26,True,False
Ro Khanna,Democrat,House,CA,D,2023-4-25,True,False
Ro Khanna,Democrat,House,CA,N/A,2023-4-20,True,False
Ro Khanna,Democrat,House,CA,N/A,2023-4-20,True,False
Ro Khanna,Democrat,House,CA,MET,2023-4-27,True,False
Ro Khanna,Democrat,House,CA,PNC,2023-4-26,True,False
Ro Khanna,Democrat,House,CA,USB,2023-4-26,True,False
Ro Khanna,Democrat,House,CA,COF,2023-4-24,True,False
Ro Khanna,Democrat,House,CA,MS,2023-4-20,True,False
Ro Khanna,Democrat,House,CA,ALLY,2023-4-26,True,False
Ro Khanna,Democrat,House,CA,PNC,2023-4-25,True,False
Ro Khanna,Democrat,House,CA,MTB,2023-4-23,True,False
Ro Khanna,Democrat,House,CA,T,2023-4-20,True,False
Ro Khanna,Democrat,House,CA,FERG,2023-4-25,True,False
Ro Khanna,Democrat,House,CA,FERG,2023-4-13,True,False
Ro Khanna,Democrat,House,CA,SYF,2023-4-24,True,False
Ro Khanna,Democrat,House,CA,FERG,2023-4-16,True,False
Ro Khanna,Democrat,House,CA,IWD,2023-4-17,False,True
Ro Khanna,Democrat,House,CA,HCA,2023-4-11,False,True
Ro Khanna,Democrat,House,CA,SYK,2023-4-11,False,True
Ro Khanna,Democrat,House,CA,AIG,2023-4-11,False,True
Ro Khanna,Democrat,House,CA,HUM,2023-4-11,False,True
Ro Khanna,Democrat,House,CA,WY,2023-4-27,False,True
Ro Khanna,Democrat,House,CA,SPX,2023-4-26,False,True
Ro Khanna,Democrat,House,CA,SPX,2023-4-26,False,True
Ro Khanna,Democrat,House,CA,SPX,2023-4-26,False,True
Ro Khanna,Democrat,House,CA,SPX,2023-4-26,True,False
Ro Khanna,Democrat,House,CA,SPX,2023-4-26,False,True
Ro Khanna,Democrat,House,CA,SPX,2023-4-26,False,True
Ro Khanna,Democrat,House,CA,SPX,2023-4-26,False,True
Ro Khanna,Democrat,House,CA,SPX,2023-4-26,True,False
Ro Khanna,Democrat,House,CA,SPX,2023-4-26,False,True
Ro Khanna,Democrat,House,CA,SPX,2023-4-26,False,True
Ro Khanna,Democrat,House,CA,SPX,2023-4-26,False,True
Ro Khanna,Democrat,House,CA,SPX,2023-4-26,True,False
Ro Khanna,Democrat,House,CA,SPX,2023-4-26,False,True
Ro Khanna,Democrat,House,CA,SPX,2023-4-26,False,True
Ro Khanna,Democrat,House,CA,SPX,2023-4-26,False,True
Ro Khanna,Democrat,House,CA,SPX,2023-4-26,True,False
Ro Khanna,Democrat,House,CA,SPX,2023-4-26,False,True
Ro Khanna,Democrat,House,CA,SPX,2023-4-26,False,True
Ro Khanna,Democrat,House,CA,SPX,2023-4-26,False,True
Ro Khanna,Democrat,House,CA,SPX,2023-4-26,True,False
Buddy Carter,Republican,House,GA,EHSTX,2023-4-30,False,True
Buddy Carter,Republican,House,GA,EHSTX,2023-4-30,False,True
Buddy Carter,Republican,House,GA,N/A,2023-4-30,False,True
Buddy Carter,Republican,House,GA,N/A,2023-4-30,False,True
Buddy Carter,Republican,House,GA,OVEAX,2023-4-30,False,True
Rob Wittman,Republican,House,VA,CSCO,2023-4-19,False,True
Rob Wittman,Republican,House,VA,XOM,2023-4-19,True,False
Suzan DelBene,Democrat,House,WA,N/A,2023-4-24,True,False
Suzan DelBene,Democrat,House,WA,N/A,2023-4-17,True,False
Suzan DelBene,Democrat,House,WA,N/A,2023-4-19,True,False
Dan Bishop,Republican,House,NC,N/A,2022-11-30,True,False
Dan Bishop,Republican,House,NC,N/A,2022-12-11,True,False
Dan Bishop,Republican,House,NC,N/A,2022-11-27,True,False
Eleanor Holmes Norton,Democrat,House,WA,N/A,2023-4-2,False,True
Lloyd Doggett,Democrat,House,TX,KO,2023-4-3,True,False
Mike Flood,Republican,House,NE,N/A,2023-4-23,False,True
Stephen Lynch,Democrat,House,MA,FEMKX,2022-12-29,True,False
Stephen Lynch,Democrat,House,MA,ODVYX,2022-12-29,False,True
Stephen Lynch,Democrat,House,MA,NDMSX,2022-12-29,False,True
Doug Lamborn,Republican,House,CO,NTAP,2023-4-13,True,False
Doug Lamborn,Republican,House,CO,NTAP,2023-4-13,True,False
Cliff Bentz,Republican,House,OR,N/A,2023-4-2,True,False
Brad Schneider,Democrat,House,IL,N/A,2023-4-13,True,False
Brad Schneider,Democrat,House,IL,N/A,2023-4-11,True,False
Virginia Foxx,Republican,House,NC,AAIC,2023-4-2,True,False
Tammy Duckworth,Democrat,Senate,IL,ITW,2023-4-10,False,True
Tom Carper,Democrat,Senate,DE,NVS,2023-4-25,True,False
Tom Carper,Democrat,Senate,DE,TMO,2023-4-25,False,True
Tom Carper,Democrat,Senate,DE,N/A,2023-4-19,False,True
Tom Carper,Democrat,Senate,DE,N/A,2023-4-18,True,False
Tom Carper,Democrat,Senate,DE,N/A,2023-4-19,False,True
Tom Carper,Democrat,Senate,DE,N/A,2023-4-18,True,False
Tom Carper,Democrat,Senate,DE,FIMKX,2023-4-16,False,True
Tom Carper,Democrat,Senate,DE,FCPIX,2023-4-16,False,True
Tom Carper,Democrat,Senate,DE,JHMM,2023-4-16,False,True
Tom Carper,Democrat,Senate,DE,SBIO,2023-4-16,False,True
Tom Carper,Democrat,Senate,DE,LGI,2023-4-16,False,True
Tom Carper,Democrat,Senate,DE,BRKR,2023-4-16,False,True
Tom Carper,Democrat,Senate,DE,AVNT,2023-4-16,False,True
Tom Carper,Democrat,Senate,DE,FDN,2023-4-16,False,True
Tom Carper,Democrat,Senate,DE,RTH,2023-4-16,False,True
Tom Carper,Democrat,Senate,DE,SNDR,2023-4-16,False,True
Tom Carper,Democrat,Senate,DE,DGRS,2023-4-16,False,True
Tom Carper,Democrat,Senate,DE,MRVL,2023-4-16,False,True
Tom Carper,Democrat,Senate,DE,ALGM,2023-4-16,False,True
Tom Carper,Democrat,Senate,DE,DIOD,2023-4-16,False,True
Tom Carper,Democrat,Senate,DE,VSH,2023-4-16,False,True
Tom Carper,Democrat,Senate,DE,UAA,2023-4-12,False,True
Tom Carper,Democrat,Senate,DE,UAA,2023-4-12,False,True
Tom Carper,Democrat,Senate,DE,CSCO,2023-4-12,False,True
Tom Carper,Democrat,Senate,DE,N/A,2023-4-12,True,False
Victoria Spartz,Republican,House,IN,SPG,2023-4-12,True,False
Bob Latta,Republican,House,OH,FMAO,2023-4-19,True,False
Lois Frankel,Democrat,House,FL,AXP,2023-3-28,True,False
Lois Frankel,Democrat,House,FL,BOH,2023-3-19,False,True
Lois Frankel,Democrat,House,FL,BSX,2023-3-28,False,True
Lois Frankel,Democrat,House,FL,COP,2023-3-21,True,False
Lois Frankel,Democrat,House,FL,FRC,2023-3-15,False,True
Lois Frankel,Democrat,House,FL,FLR,2023-3-15,False,True
Lois Frankel,Democrat,House,FL,HAL,2023-3-19,False,True
Lois Frankel,Democrat,House,FL,ITW,2023-3-21,False,True
Lois Frankel,Democrat,House,FL,JPM,2023-3-21,True,False
Lois Frankel,Democrat,House,FL,PGR,2023-3-21,False,True
Lois Frankel,Democrat,House,FL,CI,2023-4-4,True,False
Lois Frankel,Democrat,House,FL,ULTA,2023-3-15,False,True
Don Beyer,Democrat,House,VA,N/A,2023-4-17,False,True
Dan Sullivan,Republican,Senate,AK,WFC,2023-3-16,False,True
Maria Elvira Salazar,Republican,House,FL,CIVI,2023-3-12,True,False
Maria Elvira Salazar,Republican,House,FL,ET,2023-3-12,True,False
Maria Elvira Salazar,Republican,House,FL,ET,2023-3-12,True,False
Maria Elvira Salazar,Republican,House,FL,ET,2023-3-12,True,False
Maria Elvira Salazar,Republican,House,FL,TYG,2023-3-12,False,True
Maria Elvira Salazar,Republican,House,FL,TYG,2023-3-12,False,True
Maria Elvira Salazar,Republican,House,FL,TYG,2023-3-12,False,True
Doris Matsui,Democrat,House,CA,N/A,2023-3-29,True,False
Doris Matsui,Democrat,House,CA,N/A,2023-3-12,True,False
Doris Matsui,Democrat,House,CA,N/A,2023-4-17,True,False
Dan Meuser,Republican,House,PA,RHHBY,2023-3-26,False,True
Ann Wagner,Republican,House,MO,SYF,2023-3-22,True,False
Michael McCaul,Republican,House,TX,N/A,2023-3-22,True,False
Michael McCaul,Republican,House,TX,N/A,2023-3-28,True,False
Michael McCaul,Republican,House,TX,N/A,2023-3-28,True,False
Michael McCaul,Republican,House,TX,N/A,2023-3-28,True,False
Michael McCaul,Republican,House,TX,BAYRY,2023-3-22,True,False
Michael McCaul,Republican,House,TX,N/A,2023-3-22,True,False
Michael McCaul,Republican,House,TX,N/A,2023-3-15,True,False
Michael McCaul,Republican,House,TX,N/A,2023-3-15,True,False
Michael McCaul,Republican,House,TX,N/A,2023-3-2,True,False
Michael McCaul,Republican,House,TX,N/A,2023-3-15,True,False
Michael McCaul,Republican,House,TX,N/A,2023-3-19,True,False
Michael McCaul,Republican,House,TX,N/A,2023-3-26,True,False
Michael McCaul,Republican,House,TX,N/A,2023-3-6,True,False
Michael McCaul,Republican,House,TX,N/A,2023-3-28,True,False
Michael McCaul,Republican,House,TX,N/A,2023-3-29,True,False
Michael McCaul,Republican,House,TX,N/A,2023-3-7,True,False
Michael McCaul,Republican,House,TX,ADP,2023-3-26,True,False
Michael McCaul,Republican,House,TX,INTU,2023-3-26,True,False
Michael McCaul,Republican,House,TX,COP,2023-3-12,True,False
Michael McCaul,Republican,House,TX,ADSK,2023-3-27,True,False
Michael McCaul,Republican,House,TX,ANET,2023-3-26,True,False
Michael McCaul,Republican,House,TX,EPAM,2023-3-26,True,False
Michael McCaul,Republican,House,TX,CSL,2023-3-15,True,False
Michael McCaul,Republican,House,TX,COP,2023-3-9,True,False
Michael McCaul,Republican,House,TX,ADBE,2023-3-26,True,False
Michael McCaul,Republican,House,TX,GTES,2023-3-7,True,False
Michael McCaul,Republican,House,TX,RHI,2023-3-26,True,False
Michael McCaul,Republican,House,TX,BJ,2023-3-15,True,False
Michael McCaul,Republican,House,TX,ITT,2023-3-15,True,False
Michael McCaul,Republican,House,TX,ZION,2023-3-9,True,False
Michael McCaul,Republican,House,TX,WWD,2023-3-15,False,True
Michael McCaul,Republican,House,TX,KBR,2023-3-15,False,True
Michael McCaul,Republican,House,TX,AON,2023-3-26,False,True
Michael McCaul,Republican,House,TX,MNST,2023-3-26,False,True
Michael McCaul,Republican,House,TX,N/A,2023-2-28,False,True
Michael McCaul,Republican,House,TX,BSX,2023-3-26,False,True
Michael McCaul,Republican,House,TX,N/A,2023-3-6,False,True
Michael McCaul,Republican,House,TX,GOOGL,2023-3-26,False,True
Michael McCaul,Republican,House,TX,N/A,2023-3-7,False,True
Michael McCaul,Republican,House,TX,MSFT,2023-3-16,False,True
Michael McCaul,Republican,House,TX,N/A,2023-2-28,False,True
Michael McCaul,Republican,House,TX,N/A,2023-3-5,False,True
Michael McCaul,Republican,House,TX,N/A,2023-2-28,False,True
Michael McCaul,Republican,House,TX,N/A,2023-3-13,False,True
Michael McCaul,Republican,House,TX,N/A,2023-2-28,False,True
Michael McCaul,Republican,House,TX,TSN,2023-2-28,True,False
Michael McCaul,Republican,House,TX,TSN,2023-3-30,True,False
Michael McCaul,Republican,House,TX,FDX,2023-3-21,True,False
Michael McCaul,Republican,House,TX,FIS,2023-3-29,True,False
Michael McCaul,Republican,House,TX,IBM,2023-3-14,True,False
Michael McCaul,Republican,House,TX,TSN,2023-3-1,True,False
Michael McCaul,Republican,House,TX,VWLUX,2023-2-28,True,False
Michael McCaul,Republican,House,TX,VTI,2023-3-23,True,False
Michael McCaul,Republican,House,TX,MLKN,2023-3-30,False,True
Michael McCaul,Republican,House,TX,ALLY,2023-3-29,False,True
Michael McCaul,Republican,House,TX,WFC,2023-2-28,False,True
Michael McCaul,Republican,House,TX,MRK,2023-3-30,False,True
Michael McCaul,Republican,House,TX,T,2023-3-30,False,True
Michael McCaul,Republican,House,TX,TPR,2023-2-28,False,True
Michael McCaul,Republican,House,TX,VMFXX,2023-3-5,True,False
Michael McCaul,Republican,House,TX,N/A,2023-3-22,True,False
Michael McCaul,Republican,House,TX,N/A,2023-3-22,True,False
Michael McCaul,Republican,House,TX,N/A,2023-3-28,True,False
Michael McCaul,Republican,House,TX,N/A,2023-3-28,True,False
Michael McCaul,Republican,House,TX,N/A,2023-3-28,True,False
Michael McCaul,Republican,House,TX,BAYRY,2023-3-22,True,False
Michael McCaul,Republican,House,TX,N/A,2023-3-22,True,False
Michael McCaul,Republican,House,TX,N/A,2023-3-15,True,False
Michael McCaul,Republican,House,TX,N/A,2023-3-15,True,False
Michael McCaul,Republican,House,TX,N/A,2023-3-2,True,False
Michael McCaul,Republican,House,TX,N/A,2023-3-15,True,False
Michael McCaul,Republican,House,TX,N/A,2023-3-19,True,False
Michael McCaul,Republican,House,TX,N/A,2023-3-6,True,False
Michael McCaul,Republican,House,TX,N/A,2023-3-26,True,False
Michael McCaul,Republican,House,TX,N/A,2023-3-28,True,False
Michael McCaul,Republican,House,TX,N/A,2023-3-29,True,False
Michael McCaul,Republican,House,TX,N/A,2023-3-7,True,False
Michael McCaul,Republican,House,TX,ADP,2023-3-26,True,False
Michael McCaul,Republican,House,TX,COP,2023-3-12,True,False
Michael McCaul,Republican,House,TX,INTU,2023-3-26,True,False
Michael McCaul,Republican,House,TX,COP,2023-3-9,True,False
Michael McCaul,Republican,House,TX,ADSK,2023-3-27,True,False
Michael McCaul,Republican,House,TX,ANET,2023-3-26,True,False
Michael McCaul,Republican,House,TX,CSL,2023-3-15,True,False
Michael McCaul,Republican,House,TX,EPAM,2023-3-26,True,False
Michael McCaul,Republican,House,TX,ADBE,2023-3-26,True,False
Michael McCaul,Republican,House,TX,GTES,2023-3-7,True,False
Michael McCaul,Republican,House,TX,RHI,2023-3-26,True,False
Michael McCaul,Republican,House,TX,BJ,2023-3-15,True,False
Michael McCaul,Republican,House,TX,ITT,2023-3-15,True,False
Michael McCaul,Republican,House,TX,ZION,2023-3-9,True,False
Michael McCaul,Republican,House,TX,WWD,2023-3-15,False,True
Michael McCaul,Republican,House,TX,KBR,2023-3-15,False,True
Michael McCaul,Republican,House,TX,AON,2023-3-26,False,True
Michael McCaul,Republican,House,TX,MNST,2023-3-26,False,True
Michael McCaul,Republican,House,TX,N/A,2023-2-28,False,True
Michael McCaul,Republican,House,TX,BSX,2023-3-26,False,True
Michael McCaul,Republican,House,TX,N/A,2023-3-6,False,True
Michael McCaul,Republican,House,TX,GOOGL,2023-3-26,False,True
Michael McCaul,Republican,House,TX,N/A,2023-3-7,False,True
Michael McCaul,Republican,House,TX,N/A,2023-2-28,False,True
Michael McCaul,Republican,House,TX,N/A,2023-3-5,False,True
Michael McCaul,Republican,House,TX,N/A,2023-2-28,False,True
Michael McCaul,Republican,House,TX,MSFT,2023-3-16,False,True
Michael McCaul,Republican,House,TX,N/A,2023-3-13,False,True
Michael McCaul,Republican,House,TX,N/A,2023-2-28,False,True
Michael McCaul,Republican,House,TX,TSN,2023-2-28,True,False
Michael McCaul,Republican,House,TX,TSN,2023-3-30,True,False
Michael McCaul,Republican,House,TX,FDX,2023-3-21,True,False
Michael McCaul,Republican,House,TX,FIS,2023-3-29,True,False
Michael McCaul,Republican,House,TX,IBM,2023-3-14,True,False
Michael McCaul,Republican,House,TX,TSN,2023-3-1,True,False
Michael McCaul,Republican,House,TX,VWLUX,2023-2-28,True,False
Michael McCaul,Republican,House,TX,VTI,2023-3-23,True,False
Michael McCaul,Republican,House,TX,MLKN,2023-3-30,False,True
Michael McCaul,Republican,House,TX,ALLY,2023-3-29,False,True
Michael McCaul,Republican,House,TX,WFC,2023-2-28,False,True
Michael McCaul,Republican,House,TX,MRK,2023-3-30,False,True
Michael McCaul,Republican,House,TX,T,2023-3-30,False,True
Michael McCaul,Republican,House,TX,TPR,2023-2-28,False,True
Michael McCaul,Republican,House,TX,VMFXX,2023-3-5,True,False
Dan Crenshaw,Republican,House,TX,SPY,2023-3-19,True,False
Richard Blumenthal,Democrat,Senate,CT,N/A,2023-3-7,True,False
Josh Gottheimer,Democrat,House,NJ,ABBV,2023-3-5,True,False
Josh Gottheimer,Democrat,House,NJ,ABBV,2023-3-23,False,True
Josh Gottheimer,Democrat,House,NJ,ALGN,2023-3-5,True,False
Josh Gottheimer,Democrat,House,NJ,GOOGL,2023-3-5,False,True
Josh Gottheimer,Democrat,House,NJ,GOOGL,2023-3-15,False,True
Josh Gottheimer,Democrat,House,NJ,GOOGL,2023-3-22,False,True
Josh Gottheimer,Democrat,House,NJ,ABCB,2023-3-13,False,True
Josh Gottheimer,Democrat,House,NJ,AMGN,2023-3-5,False,True
Josh Gottheimer,Democrat,House,NJ,AMGN,2023-3-26,False,True
Josh Gottheimer,Democrat,House,NJ,APPF,2023-3-13,True,False
Josh Gottheimer,Democrat,House,NJ,AAPL,2023-3-5,False,True
Josh Gottheimer,Democrat,House,NJ,N/A,2023-3-5,True,False
Josh Gottheimer,Democrat,House,NJ,N/A,2023-3-21,True,False
Josh Gottheimer,Democrat,House,NJ,SCHW,2023-3-13,False,True
Josh Gottheimer,Democrat,House,NJ,SCHW,2023-3-5,False,True
Josh Gottheimer,Democrat,House,NJ,KO,2023-3-5,False,True
Josh Gottheimer,Democrat,House,NJ,COP,2023-3-5,False,True
Josh Gottheimer,Democrat,House,NJ,COP,2023-3-15,False,True
Josh Gottheimer,Democrat,House,NJ,CCI,2023-3-15,False,True
Josh Gottheimer,Democrat,House,NJ,DE,2023-3-23,False,True
Josh Gottheimer,Democrat,House,NJ,LLY,2023-3-5,False,True
Josh Gottheimer,Democrat,House,NJ,FIS,2023-3-15,False,True
Josh Gottheimer,Democrat,House,NJ,HLN,2023-3-30,True,False
Josh Gottheimer,Democrat,House,NJ,LRLCY,2023-3-9,False,True
Josh Gottheimer,Democrat,House,NJ,LOW,2023-3-5,False,True
Josh Gottheimer,Democrat,House,NJ,MCK,2023-3-5,False,True
Josh Gottheimer,Democrat,House,NJ,MELI,2023-3-5,True,False
Josh Gottheimer,Democrat,House,NJ,MELI,2023-3-14,True,False
Josh Gottheimer,Democrat,House,NJ,MSFT,2023-3-30,True,False
Josh Gottheimer,Democrat,House,NJ,MSFT,2023-3-23,True,False
Josh Gottheimer,Democrat,House,NJ,MRNA,2023-3-30,True,False
Josh Gottheimer,Democrat,House,NJ,MS,2023-3-5,True,False
Josh Gottheimer,Democrat,House,NJ,NFLX,2023-3-5,True,False
Josh Gottheimer,Democrat,House,NJ,NVDA,2023-3-5,True,False
Josh Gottheimer,Democrat,House,NJ,PYPL,2023-3-15,False,True
Josh Gottheimer,Democrat,House,NJ,REGN,2023-3-5,False,True
Josh Gottheimer,Democrat,House,NJ,ROK,2023-3-26,False,True
Josh Gottheimer,Democrat,House,NJ,SRPT,2023-3-5,True,False
Josh Gottheimer,Democrat,House,NJ,SBCF,2023-3-28,False,True
Josh Gottheimer,Democrat,House,NJ,SIVBQ,2023-3-8,False,True
Josh Gottheimer,Democrat,House,NJ,TSM,2023-3-8,True,False
Josh Gottheimer,Democrat,House,NJ,TSLA,2023-3-23,False,True
Josh Gottheimer,Democrat,House,NJ,TWKS,2023-3-15,False,True
Josh Gottheimer,Democrat,House,NJ,VBTX,2023-3-15,False,True
Josh Gottheimer,Democrat,House,NJ,VBTX,2023-3-13,False,True
Josh Gottheimer,Democrat,House,NJ,WDS,2023-3-9,False,True
Debbie Dingell,Democrat,House,MI,BX,2023-4-9,True,False
Debbie Dingell,Democrat,House,MI,CTVA,2023-4-9,True,False
Tina Smith,Democrat,Senate,MN,CSII,2023-4-4,False,True
Tina Smith,Democrat,Senate,MN,MDT,2023-4-4,False,True
Tina Smith,Democrat,Senate,MN,CSII,2023-4-4,False,True
Carol Miller,Republican,House,WV,CMI,2023-3-2,True,False
Carol Miller,Republican,House,WV,PARA,2023-3-2,False,True
Carol Miller,Republican,House,WV,PFE,2023-3-2,True,False
Deborah Ross,Democrat,House,NC,MSFT,2023-4-9,False,True
Daniel S. Goldman,Democrat,House,NY,MMM,2023-3-5,True,False
Daniel S. Goldman,Democrat,House,NY,ABT,2023-3-5,False,True
Daniel S. Goldman,Democrat,House,NY,ABBV,2023-3-6,True,False
Daniel S. Goldman,Democrat,House,NY,ATVI,2023-3-5,True,False
Daniel S. Goldman,Democrat,House,NY,ADDYY,2023-3-30,True,False
Daniel S. Goldman,Democrat,House,NY,ADYEY,2023-3-30,True,False
Daniel S. Goldman,Democrat,House,NY,AEG,2023-3-30,True,False
Daniel S. Goldman,Democrat,House,NY,AGNC,2023-2-28,False,True
Daniel S. Goldman,Democrat,House,NY,ARE,2023-3-5,True,False
Daniel S. Goldman,Democrat,House,NY,ALIZY,2023-3-30,True,False
Daniel S. Goldman,Democrat,House,NY,ALLY,2023-3-5,False,True
Daniel S. Goldman,Democrat,House,NY,ALNY,2023-3-5,True,False
Daniel S. Goldman,Democrat,House,NY,GOOGL,2023-3-5,True,False
Daniel S. Goldman,Democrat,House,NY,ATUS,2023-2-28,False,True
Daniel S. Goldman,Democrat,House,NY,AMZN,2023-3-5,False,True
Daniel S. Goldman,Democrat,House,NY,AIG,2023-2-28,True,False
Daniel S. Goldman,Democrat,House,NY,AMT,2023-3-6,False,True
Daniel S. Goldman,Democrat,House,NY,AMT,2023-3-5,False,True
Daniel S. Goldman,Democrat,House,NY,NLY,2023-3-5,False,True
Daniel S. Goldman,Democrat,House,NY,NLY,2023-2-28,False,True
Daniel S. Goldman,Democrat,House,NY,ANZBY,2023-3-30,True,False
Daniel S. Goldman,Democrat,House,NY,AON,2023-3-5,True,False
Daniel S. Goldman,Democrat,House,NY,AAPL,2023-3-5,True,False
Daniel S. Goldman,Democrat,House,NY,ADM,2023-3-5,True,False
Daniel S. Goldman,Democrat,House,NY,ASXFY,2023-3-30,False,True
Daniel S. Goldman,Democrat,House,NY,ATLKY,2023-3-30,True,False
Daniel S. Goldman,Democrat,House,NY,ATO,2023-3-5,False,True
Daniel S. Goldman,Democrat,House,NY,AVB,2023-3-5,True,False
Daniel S. Goldman,Democrat,House,NY,SAN,2023-3-30,True,False
Daniel S. Goldman,Democrat,House,NY,BCS,2023-3-30,False,True
Daniel S. Goldman,Democrat,House,NY,BAYRY,2023-3-30,False,True
Daniel S. Goldman,Democrat,House,NY,BILL,2023-3-5,False,True
Daniel S. Goldman,Democrat,House,NY,BIIB,2023-3-5,False,True
Daniel S. Goldman,Democrat,House,NY,BMRN,2023-3-5,False,True
Daniel S. Goldman,Democrat,House,NY,BLK,2023-3-5,False,True
Daniel S. Goldman,Democrat,House,NY,BLNK,2023-3-5,False,True
Daniel S. Goldman,Democrat,House,NY,BNPQY,2023-3-30,False,True
Daniel S. Goldman,Democrat,House,NY,BHKLY,2023-3-30,False,True
Daniel S. Goldman,Democrat,House,NY,BDNNY,2023-3-30,True,False
Daniel S. Goldman,Democrat,House,NY,BXP,2023-3-5,True,False
Daniel S. Goldman,Democrat,House,NY,BMY,2023-3-5,False,True
Daniel S. Goldman,Democrat,House,NY,BMY,2023-3-6,False,True
Daniel S. Goldman,Democrat,House,NY,BRO,2023-3-5,True,False
Daniel S. Goldman,Democrat,House,NY,CPB,2023-3-6,False,True
Daniel S. Goldman,Democrat,House,NY,CAJ,2023-3-30,False,True
Daniel S. Goldman,Democrat,House,NY,CDNA,2023-3-5,False,True
Daniel S. Goldman,Democrat,House,NY,CTLT,2023-3-6,True,False
Daniel S. Goldman,Democrat,House,NY,CNC,2023-3-5,False,True
Daniel S. Goldman,Democrat,House,NY,CNP,2023-3-5,True,False
Daniel S. Goldman,Democrat,House,NY,CJPRY,2023-3-30,True,False
Daniel S. Goldman,Democrat,House,NY,CF,2023-2-28,False,True
Daniel S. Goldman,Democrat,House,NY,CHX,2023-2-28,True,False
Daniel S. Goldman,Democrat,House,NY,SCHW,2023-3-5,True,False
Daniel S. Goldman,Democrat,House,NY,CB,2023-3-5,False,True
Daniel S. Goldman,Democrat,House,NY,CHGCY,2023-3-30,False,True
Daniel S. Goldman,Democrat,House,NY,CTAS,2023-3-5,True,False
Daniel S. Goldman,Democrat,House,NY,CNHI,2023-3-30,False,True
Daniel S. Goldman,Democrat,House,NY,KO,2023-3-6,True,False
Daniel S. Goldman,Democrat,House,NY,KO,2023-3-5,True,False
Daniel S. Goldman,Democrat,House,NY,CRZBY,2023-3-30,True,False
Daniel S. Goldman,Democrat,House,NY,CMWAY,2023-3-30,False,True
Daniel S. Goldman,Democrat,House,NY,CAG,2023-3-6,False,True
Daniel S. Goldman,Democrat,House,NY,ED,2023-3-5,True,False
Daniel S. Goldman,Democrat,House,NY,CEG,2023-2-28,True,False
Daniel S. Goldman,Democrat,House,NY,CSGP,2023-3-5,False,True
Daniel S. Goldman,Democrat,House,NY,CS,2023-3-19,False,True
Daniel S. Goldman,Democrat,House,NY,CCI,2023-3-5,False,True
Daniel S. Goldman,Democrat,House,NY,CVS,2023-3-5,True,False
Daniel S. Goldman,Democrat,House,NY,DLICY,2023-3-30,True,False
Daniel S. Goldman,Democrat,House,NY,DKILY,2023-3-30,True,False
Daniel S. Goldman,Democrat,House,NY,DHR,2023-3-5,False,True
Daniel S. Goldman,Democrat,House,NY,DAR,2023-3-6,True,False
Daniel S. Goldman,Democrat,House,NY,SRE,2023-3-5,False,True
Daniel S. Goldman,Democrat,House,NY,DBSDY,2023-3-30,False,True
Daniel S. Goldman,Democrat,House,NY,DAL,2023-3-5,False,True
Daniel S. Goldman,Democrat,House,NY,DB,2023-3-30,False,True
Daniel S. Goldman,Democrat,House,NY,DPSGY,2023-3-30,True,False
Daniel S. Goldman,Democrat,House,NY,DEO,2023-3-30,True,False
Daniel S. Goldman,Democrat,House,NY,APPS,2023-3-5,False,True
Daniel S. Goldman,Democrat,House,NY,DNBBY,2023-3-30,False,True
Daniel S. Goldman,Democrat,House,NY,DG,2023-3-5,False,True
Daniel S. Goldman,Democrat,House,NY,DLTR,2023-3-5,False,True
Daniel S. Goldman,Democrat,House,NY,D,2023-3-5,True,False
Daniel S. Goldman,Democrat,House,NY,DEI,2023-3-5,False,True
Daniel S. Goldman,Democrat,House,NY,DEI,2023-2-28,False,True
Daniel S. Goldman,Democrat,House,NY,EW,2023-3-5,True,False
Daniel S. Goldman,Democrat,House,NY,ELAN,2023-3-5,False,True
Daniel S. Goldman,Democrat,House,NY,EA,2023-3-5,False,True
Daniel S. Goldman,Democrat,House,NY,LLY,2023-3-6,True,False
Daniel S. Goldman,Democrat,House,NY,ENPH,2023-3-5,True,False
Daniel S. Goldman,Democrat,House,NY,EPOKY,2023-3-30,True,False
Daniel S. Goldman,Democrat,House,NY,EQR,2023-3-5,True,False
Daniel S. Goldman,Democrat,House,NY,ERIC,2023-3-30,False,True
Daniel S. Goldman,Democrat,House,NY,EBKDY,2023-3-30,True,False
Daniel S. Goldman,Democrat,House,NY,EL,2023-3-5,False,True
Daniel S. Goldman,Democrat,House,NY,ES,2023-3-5,True,False
Daniel S. Goldman,Democrat,House,NY,EXC,2023-3-5,True,False
Daniel S. Goldman,Democrat,House,NY,FIS,2023-3-5,False,True
Daniel S. Goldman,Democrat,House,NY,FRC,2023-3-14,False,True
Daniel S. Goldman,Democrat,House,NY,FLO,2023-3-5,True,False
Daniel S. Goldman,Democrat,House,NY,FNF,2023-3-5,True,False
Daniel S. Goldman,Democrat,House,NY,FSUGY,2023-3-30,False,True
Daniel S. Goldman,Democrat,House,NY,GMAB,2023-3-30,False,True
Daniel S. Goldman,Democrat,House,NY,GILD,2023-3-5,True,False
Daniel S. Goldman,Democrat,House,NY,GMED,2023-3-5,False,True
Daniel S. Goldman,Democrat,House,NY,GRFS,2023-3-30,False,True
Daniel S. Goldman,Democrat,House,NY,GO,2023-3-5,False,True
Daniel S. Goldman,Democrat,House,NY,HAL,2023-2-28,True,False
Daniel S. Goldman,Democrat,House,NY,HE,2023-3-5,False,True
Daniel S. Goldman,Democrat,House,NY,PEAK,2023-3-5,False,True
Daniel S. Goldman,Democrat,House,NY,HDELY,2023-3-30,True,False
Daniel S. Goldman,Democrat,House,NY,HXGBY,2023-3-30,False,True
Daniel S. Goldman,Democrat,House,NY,N/A,2023-3-28,False,True
Daniel S. Goldman,Democrat,House,NY,HRL,2023-3-5,True,False
Daniel S. Goldman,Democrat,House,NY,HPQ,2023-3-5,False,True
Daniel S. Goldman,Democrat,House,NY,HPP,2023-3-5,False,True
Daniel S. Goldman,Democrat,House,NY,HPP,2023-2-28,False,True
Daniel S. Goldman,Democrat,House,NY,IBRX,2023-3-5,False,True
Daniel S. Goldman,Democrat,House,NY,INCY,2023-3-5,False,True
Daniel S. Goldman,Democrat,House,NY,ING,2023-3-30,True,False
Daniel S. Goldman,Democrat,House,NY,IHG,2023-3-30,False,True
Daniel S. Goldman,Democrat,House,NY,IFF,2023-3-5,False,True
Daniel S. Goldman,Democrat,House,NY,ISRG,2023-3-5,True,False
Daniel S. Goldman,Democrat,House,NY,INVH,2023-3-5,True,False
Daniel S. Goldman,Democrat,House,NY,IONS,2023-3-5,False,True
Daniel S. Goldman,Democrat,House,NY,JHX,2023-3-30,True,False
Daniel S. Goldman,Democrat,House,NY,JAPAY,2023-3-30,False,True
Daniel S. Goldman,Democrat,House,NY,JAZZ,2023-3-5,True,False
Daniel S. Goldman,Democrat,House,NY,JBGS,2023-3-5,True,False
Daniel S. Goldman,Democrat,House,NY,JNJ,2023-3-5,True,False
Daniel S. Goldman,Democrat,House,NY,JTKWY,2023-3-30,False,True
Daniel S. Goldman,Democrat,House,NY,K,2023-3-5,True,False
Daniel S. Goldman,Democrat,House,NY,KRC,2023-3-5,True,False
Daniel S. Goldman,Democrat,House,NY,KMB,2023-3-5,False,True
Daniel S. Goldman,Democrat,House,NY,KIM,2023-3-5,False,True
Daniel S. Goldman,Democrat,House,NY,KR,2023-3-5,True,False
Daniel S. Goldman,Democrat,House,NY,LHX,2023-3-5,True,False
Daniel S. Goldman,Democrat,House,NY,BATRA,2023-3-5,True,False
Daniel S. Goldman,Democrat,House,NY,LYG,2023-3-30,True,False
Daniel S. Goldman,Democrat,House,NY,LCID,2023-3-5,False,True
Daniel S. Goldman,Democrat,House,NY,LUMN,2023-3-5,False,True
Daniel S. Goldman,Democrat,House,NY,LUMN,2023-2-28,False,True
Daniel S. Goldman,Democrat,House,NY,MTB,2023-3-5,True,False
Daniel S. Goldman,Democrat,House,NY,MTHRY,2023-3-30,True,False
Daniel S. Goldman,Democrat,House,NY,MQBKY,2023-3-30,False,True
Daniel S. Goldman,Democrat,House,NY,VAC,2023-3-5,False,True
Daniel S. Goldman,Democrat,House,NY,MMC,2023-3-5,True,False
Daniel S. Goldman,Democrat,House,NY,MKC,2023-3-5,True,False
Daniel S. Goldman,Democrat,House,NY,MPW,2023-3-5,False,True
Daniel S. Goldman,Democrat,House,NY,MPW,2023-2-28,False,True
Daniel S. Goldman,Democrat,House,NY,MDT,2023-3-5,True,False
Daniel S. Goldman,Democrat,House,NY,MBGYY,2023-3-30,True,False
Daniel S. Goldman,Democrat,House,NY,MRK,2023-3-5,False,True
Daniel S. Goldman,Democrat,House,NY,MSFT,2023-3-5,True,False
Daniel S. Goldman,Democrat,House,NY,MRTX,2023-3-5,True,False
Daniel S. Goldman,Democrat,House,NY,MSSMY,2023-3-30,True,False
Daniel S. Goldman,Democrat,House,NY,MITEY,2023-3-30,False,True
Daniel S. Goldman,Democrat,House,NY,MUFG,2023-3-30,False,True
Daniel S. Goldman,Democrat,House,NY,MSLOY,2023-3-30,False,True
Daniel S. Goldman,Democrat,House,NY,MFG,2023-3-30,True,False
Daniel S. Goldman,Democrat,House,NY,MRNA,2023-3-5,False,True
Daniel S. Goldman,Democrat,House,NY,TAP,2023-2-28,True,False
Daniel S. Goldman,Democrat,House,NY,MDLZ,2023-3-5,False,True
Daniel S. Goldman,Democrat,House,NY,MONOY,2023-3-30,False,True
Daniel S. Goldman,Democrat,House,NY,MOS,2023-2-28,True,False
Daniel S. Goldman,Democrat,House,NY,MHGVY,2023-3-30,True,False
Daniel S. Goldman,Democrat,House,NY,MSADY,2023-3-30,False,True
Daniel S. Goldman,Democrat,House,NY,N/A,2023-3-27,True,False
Daniel S. Goldman,Democrat,House,NY,NTRA,2023-3-5,True,False
Daniel S. Goldman,Democrat,House,NY,NFG,2023-2-28,False,True
Daniel S. Goldman,Democrat,House,NY,NWG,2023-3-30,True,False
Daniel S. Goldman,Democrat,House,NY,NFLX,2023-3-5,False,True
Daniel S. Goldman,Democrat,House,NY,N/A,2023-3-28,False,True
Daniel S. Goldman,Democrat,House,NY,N/A,2023-3-14,True,False
Daniel S. Goldman,Democrat,House,NY,N/A,2023-3-26,True,False
Daniel S. Goldman,Democrat,House,NY,N/A,2023-3-28,True,False
Daniel S. Goldman,Democrat,House,NY,N/A,2023-3-12,True,False
Daniel S. Goldman,Democrat,House,NY,N/A,2023-3-6,True,False
Daniel S. Goldman,Democrat,House,NY,NEM,2023-2-28,False,True
Daniel S. Goldman,Democrat,House,NY,NOK,2023-3-30,True,False
Daniel S. Goldman,Democrat,House,NY,NRILY,2023-3-30,True,False
Daniel S. Goldman,Democrat,House,NY,NOC,2023-3-5,True,False
Daniel S. Goldman,Democrat,House,NY,NOV,2023-2-28,True,False
Daniel S. Goldman,Democrat,House,NY,NVS,2023-3-30,True,False
Daniel S. Goldman,Democrat,House,NY,NTDTY,2023-3-30,False,True
Daniel S. Goldman,Democrat,House,NY,NVDA,2023-2-28,True,False
Daniel S. Goldman,Democrat,House,NY,OCDDY,2023-3-30,True,False
Daniel S. Goldman,Democrat,House,NY,OLYMY,2023-3-30,False,True
Daniel S. Goldman,Democrat,House,NY,OHI,2023-3-6,False,True
Daniel S. Goldman,Democrat,House,NY,DNNGY,2023-3-30,True,False
Daniel S. Goldman,Democrat,House,NY,OTSKY,2023-3-30,False,True
Daniel S. Goldman,Democrat,House,NY,BANC,2023-3-5,False,True
Daniel S. Goldman,Democrat,House,NY,PAYC,2023-3-5,False,True
Daniel S. Goldman,Democrat,House,NY,PEP,2023-3-5,True,False
Daniel S. Goldman,Democrat,House,NY,PFE,2023-3-5,True,False
Daniel S. Goldman,Democrat,House,NY,PFE,2023-3-6,False,True
Daniel S. Goldman,Democrat,House,NY,PM,2023-3-6,False,True
Daniel S. Goldman,Democrat,House,NY,PM,2023-3-5,False,True
Daniel S. Goldman,Democrat,House,NY,PLUG,2023-3-5,False,True
Daniel S. Goldman,Democrat,House,NY,PEG,2023-3-5,False,True
Daniel S. Goldman,Democrat,House,NY,RJF,2023-3-5,False,True
Daniel S. Goldman,Democrat,House,NY,RTX,2023-3-5,True,False
Daniel S. Goldman,Democrat,House,NY,RGA,2023-2-28,True,False
Daniel S. Goldman,Democrat,House,NY,RTO,2023-3-30,True,False
Daniel S. Goldman,Democrat,House,NY,RIO,2023-3-30,True,False
Daniel S. Goldman,Democrat,House,NY,RITM,2023-2-28,True,False
Daniel S. Goldman,Democrat,House,NY,RIVN,2023-3-5,False,True
Daniel S. Goldman,Democrat,House,NY,RHHBY,2023-3-30,True,False
Daniel S. Goldman,Democrat,House,NY,SBRA,2023-2-28,True,False
Daniel S. Goldman,Democrat,House,NY,CRM,2023-3-5,True,False
Daniel S. Goldman,Democrat,House,NY,SALRY,2023-3-30,True,False
Daniel S. Goldman,Democrat,House,NY,SRPT,2023-3-5,True,False
Daniel S. Goldman,Democrat,House,NY,SBAC,2023-3-5,False,True
Daniel S. Goldman,Democrat,House,NY,SE,2023-3-30,True,False
Daniel S. Goldman,Democrat,House,NY,SGEN,2023-3-5,True,False
Daniel S. Goldman,Democrat,House,NY,SKLTY,2023-3-30,True,False
Daniel S. Goldman,Democrat,House,NY,SGSOY,2023-3-30,False,True
Daniel S. Goldman,Democrat,House,NY,SHW,2023-3-5,True,False
Daniel S. Goldman,Democrat,House,NY,SGIOY,2023-3-30,True,False
Daniel S. Goldman,Democrat,House,NY,SSDOY,2023-3-30,False,True
Daniel S. Goldman,Democrat,House,NY,SBNY,2023-3-5,True,False
Daniel S. Goldman,Democrat,House,NY,SILK,2023-3-5,False,True
Daniel S. Goldman,Democrat,House,NY,SKBSY,2023-3-30,False,True
Daniel S. Goldman,Democrat,House,NY,SLG,2023-2-28,True,False
Daniel S. Goldman,Democrat,House,NY,SLG,2023-3-5,True,False
Daniel S. Goldman,Democrat,House,NY,SNOW,2023-3-5,False,True
Daniel S. Goldman,Democrat,House,NY,SFTBY,2023-3-30,True,False
Daniel S. Goldman,Democrat,House,NY,SMPNY,2023-3-30,False,True
Daniel S. Goldman,Democrat,House,NY,SWX,2023-2-28,True,False
Daniel S. Goldman,Democrat,House,NY,SR,2023-2-28,True,False
Daniel S. Goldman,Democrat,House,NY,SR,2023-3-5,False,True
Daniel S. Goldman,Democrat,House,NY,STT,2023-3-5,True,False
Daniel S. Goldman,Democrat,House,NY,SMFG,2023-3-30,True,False
Daniel S. Goldman,Democrat,House,NY,RUN,2023-2-28,False,True
Daniel S. Goldman,Democrat,House,NY,SWDBY,2023-3-30,True,False
Daniel S. Goldman,Democrat,House,NY,SYIEY,2023-3-30,True,False
Daniel S. Goldman,Democrat,House,NY,TRUMY,2023-3-30,True,False
Daniel S. Goldman,Democrat,House,NY,TSLA,2023-3-5,True,False
Daniel S. Goldman,Democrat,House,NY,TSLA,2023-2-28,True,False
Daniel S. Goldman,Democrat,House,NY,KHC,2023-2-28,False,True
Daniel S. Goldman,Democrat,House,NY,KHC,2023-3-5,False,True
Daniel S. Goldman,Democrat,House,NY,TMO,2023-3-5,True,False
Daniel S. Goldman,Democrat,House,NY,TOTDY,2023-3-30,True,False
Daniel S. Goldman,Democrat,House,NY,TSN,2023-3-5,False,True
Daniel S. Goldman,Democrat,House,NY,TSN,2023-3-6,True,False
Daniel S. Goldman,Democrat,House,NY,USB,2023-3-5,False,True
Daniel S. Goldman,Democrat,House,NY,UGI,2023-2-28,False,True
Daniel S. Goldman,Democrat,House,NY,UPS,2023-3-5,True,False
Daniel S. Goldman,Democrat,House,NY,X,2023-2-28,True,False
Daniel S. Goldman,Democrat,House,NY,UNH,2023-3-5,False,True
Daniel S. Goldman,Democrat,House,NY,UNM,2023-2-28,True,False
Daniel S. Goldman,Democrat,House,NY,UPMMY,2023-3-30,False,True
Daniel S. Goldman,Democrat,House,NY,VACNY,2023-3-30,True,False
Daniel S. Goldman,Democrat,House,NY,VZ,2023-3-5,True,False
Daniel S. Goldman,Democrat,House,NY,VTRS,2023-3-5,False,True
Daniel S. Goldman,Democrat,House,NY,VOD,2023-3-30,False,True
Daniel S. Goldman,Democrat,House,NY,VWAGY,2023-3-30,True,False
Daniel S. Goldman,Democrat,House,NY,VONOY,2023-3-30,False,True
Daniel S. Goldman,Democrat,House,NY,VNO,2023-2-28,False,True
Daniel S. Goldman,Democrat,House,NY,VNO,2023-3-5,False,True
Daniel S. Goldman,Democrat,House,NY,WM,2023-3-5,False,True
Daniel S. Goldman,Democrat,House,NY,WAL,2023-3-5,False,True
Daniel S. Goldman,Democrat,House,NY,WY,2023-3-5,False,True
Daniel S. Goldman,Democrat,House,NY,N/A,2023-2-28,True,False
Daniel S. Goldman,Democrat,House,NY,WPP,2023-3-30,True,False
Daniel S. Goldman,Democrat,House,NY,ZG,2023-3-5,True,False
Daniel S. Goldman,Democrat,House,NY,ZTS,2023-3-5,True,False
Daniel S. Goldman,Democrat,House,NY,ZTS,2023-3-6,True,False
Mark Green,Republican,House,TN,ET,2023-4-9,False,True
Michael Guest,Republican,House,MS,N/A,2023-3-1,True,False
Michael Guest,Republican,House,MS,N/A,2023-3-1,True,False
Michael Guest,Republican,House,MS,N/A,2023-3-1,True,False
Michael Guest,Republican,House,MS,N/A,2023-3-1,True,False
Michael Burgess,Republican,House,TX,AMGN,2023-4-4,True,False
Michael Burgess,Republican,House,TX,MSFT,2023-4-9,False,True
Michael Burgess,Republican,House,TX,PSX,2023-4-4,True,False
Michael Burgess,Republican,House,TX,SYK,2023-3-16,False,True
Michael Burgess,Republican,House,TX,TXN,2023-4-4,False,True
Scott Peters,Democrat,House,CA,N/A,2023-3-6,False,True
Mike Kelly,Republican,House,PA,N/A,2023-3-28,True,False
John Hickenlooper,Democrat,Senate,CO,BATRA,2023-3-19,False,True
John Hickenlooper,Democrat,Senate,CO,FWONK,2023-3-19,False,True
John Hickenlooper,Democrat,Senate,CO,FWONK,2023-3-7,False,True
John Hickenlooper,Democrat,Senate,CO,FWONK,2023-3-7,True,False
John Hickenlooper,Democrat,Senate,CO,LBRDA,2023-3-19,False,True
John Hickenlooper,Democrat,Senate,CO,LSXMA,2023-3-19,False,True
John Hickenlooper,Democrat,Senate,CO,LTRPA,2023-3-19,False,True
John Hickenlooper,Democrat,Senate,CO,NOK,2023-3-14,False,True
Jared Moskowitz,Democrat,House,FL,ADI,2023-3-26,True,False
Jared Moskowitz,Democrat,House,FL,ADI,2023-3-26,True,False
Jared Moskowitz,Democrat,House,FL,ADI,2023-3-26,True,False
Jared Moskowitz,Democrat,House,FL,SBCF,2023-3-9,False,True
Jared Moskowitz,Democrat,House,FL,SBCF,2023-3-9,False,True
Seth Moulton,Democrat,House,MA,ATVI,2022-9-15,False,True
Morgan McGarvey,Democrat,House,KY,NVDA,2023-3-6,True,False
Thomas Kean Jr,Republican,House,NJ,WCC,2023-3-15,True,False
Angus King,Other,Senate,ME,USB,2023-3-19,False,True
Gary Peters,Democrat,Senate,MI,N/A,2023-3-13,True,False
Gary Peters,Democrat,Senate,MI,N/A,2023-3-13,True,False
Gary Peters,Democrat,Senate,MI,NUE,2023-3-12,False,True
John Boozman,Republican,Senate,AR,SHY,2023-3-14,False,True
John Boozman,Republican,Senate,AR,LOW,2023-3-9,False,True
John Boozman,Republican,Senate,AR,AES,2023-3-9,True,False
John Boozman,Republican,Senate,AR,GBIL,2023-3-14,True,False
John Boozman,Republican,Senate,AR,IEF,2023-3-14,True,False
Tommy Tuberville,Republican,Senate,AL,CLF,2023-3-20,False,True
Tommy Tuberville,Republican,Senate,AL,CLF,2023-3-20,False,True
Tommy Tuberville,Republican,Senate,AL,TSM,2023-3-20,True,False
Tommy Tuberville,Republican,Senate,AL,X,2023-3-20,False,True
Tommy Tuberville,Republican,Senate,AL,X,2023-3-20,False,True
Tommy Tuberville,Republican,Senate,AL,X,2023-3-20,False,True
Tommy Tuberville,Republican,Senate,AL,X,2023-3-20,False,True
Tommy Tuberville,Republican,Senate,AL,X,2023-3-20,False,True
Tommy Tuberville,Republican,Senate,AL,X,2023-3-20,False,True
Tommy Tuberville,Republican,Senate,AL,CLF,2023-3-20,True,False
Tommy Tuberville,Republican,Senate,AL,X,2023-3-19,False,True
Tommy Tuberville,Republican,Senate,AL,KMB,2023-3-9,True,False
Tommy Tuberville,Republican,Senate,AL,BMO,2023-3-5,False,True
Tommy Tuberville,Republican,Senate,AL,CLF,2023-3-2,False,True
Tommy Tuberville,Republican,Senate,AL,N/A,2023-3-23,False,True
Tommy Tuberville,Republican,Senate,AL,N/A,2023-3-8,False,True
Tommy Tuberville,Republican,Senate,AL,N/A,2023-3-8,True,False
Kathy Manning,Democrat,House,NC,ECL,2023-3-30,False,True
Seth Moulton,Democrat,House,MA,ATVI,2023-3-13,False,True
Ro Khanna,Democrat,House,CA,IT,2023-3-5,True,False
Ro Khanna,Democrat,House,CA,GOOGL,2023-3-5,False,True
Ro Khanna,Democrat,House,CA,WFC,2023-3-5,True,False
Ro Khanna,Democrat,House,CA,IT,2023-3-21,True,False
Ro Khanna,Democrat,House,CA,SQ,2023-3-21,True,False
Ro Khanna,Democrat,House,CA,AMT,2023-3-23,True,False
Ro Khanna,Democrat,House,CA,FTV,2023-3-29,True,False
Ro Khanna,Democrat,House,CA,CDNS,2023-3-29,False,True
Ro Khanna,Democrat,House,CA,ALL,2023-3-6,True,False
Ro Khanna,Democrat,House,CA,JPM,2023-3-2,True,False
Ro Khanna,Democrat,House,CA,NEE,2023-3-2,True,False
Ro Khanna,Democrat,House,CA,WFC,2023-3-14,True,False
Ro Khanna,Democrat,House,CA,N/A,2023-3-14,True,False
Ro Khanna,Democrat,House,CA,RRX,2023-3-22,True,False
Ro Khanna,Democrat,House,CA,AIG,2023-3-15,True,False
Ro Khanna,Democrat,House,CA,LEA,2023-3-9,True,False
Ro Khanna,Democrat,House,CA,RRX,2023-3-9,True,False
Ro Khanna,Democrat,House,CA,FRC,2023-3-8,True,False
Ro Khanna,Democrat,House,CA,RRX,2023-3-7,True,False
Ro Khanna,Democrat,House,CA,FRC,2023-3-9,True,False
Ro Khanna,Democrat,House,CA,RRX,2023-3-12,True,False
Ro Khanna,Democrat,House,CA,LEA,2023-3-12,True,False
Ro Khanna,Democrat,House,CA,NKE,2023-3-2,True,False
Ro Khanna,Democrat,House,CA,N/A,2023-3-8,True,False
Ro Khanna,Democrat,House,CA,NVDA,2023-3-2,True,False
Ro Khanna,Democrat,House,CA,PEP,2023-3-14,False,True
Ro Khanna,Democrat,House,CA,FRC,2023-3-14,False,True
Ro Khanna,Democrat,House,CA,BKNG,2023-3-2,False,True
Ro Khanna,Democrat,House,CA,APTV,2023-3-2,False,True
Ro Khanna,Democrat,House,CA,BKNG,2023-3-5,False,True
Ro Khanna,Democrat,House,CA,TXN,2023-3-15,False,True
Ro Khanna,Democrat,House,CA,GOOGL,2023-3-15,False,True
Ro Khanna,Democrat,House,CA,MSFT,2023-3-15,False,True
Ro Khanna,Democrat,House,CA,ODFL,2023-3-2,False,True
Ro Khanna,Democrat,House,CA,BKNG,2023-3-2,False,True
Ro Khanna,Democrat,House,CA,BKNG,2023-3-6,False,True
Ro Khanna,Democrat,House,CA,MSFT,2023-3-2,False,True
Ro Khanna,Democrat,House,CA,MU,2023-3-1,True,False
Ro Khanna,Democrat,House,CA,BAC,2023-3-12,True,False
Ro Khanna,Democrat,House,CA,PEP,2023-3-14,False,True
Ro Khanna,Democrat,House,CA,BKNG,2023-3-2,False,True
Ro Khanna,Democrat,House,CA,BKNG,2023-3-6,False,True
Ro Khanna,Democrat,House,CA,JNJ,2023-3-23,True,False
Ro Khanna,Democrat,House,CA,MSFT,2023-3-23,True,False
Ro Khanna,Democrat,House,CA,ACN,2023-3-23,True,False
Ro Khanna,Democrat,House,CA,BRK/B,2023-3-23,True,False
Ro Khanna,Democrat,House,CA,AMZN,2023-3-23,True,False
Ro Khanna,Democrat,House,CA,MRK,2023-3-23,True,False
Ro Khanna,Democrat,House,CA,PRU,2023-3-23,True,False
Ro Khanna,Democrat,House,CA,UNP,2023-3-23,True,False
Ro Khanna,Democrat,House,CA,CCI,2023-3-23,True,False
Ro Khanna,Democrat,House,CA,ELV,2023-3-23,True,False
Ro Khanna,Democrat,House,CA,MCD,2023-3-23,True,False
Ro Khanna,Democrat,House,CA,TSLA,2023-3-23,True,False
Ro Khanna,Democrat,House,CA,C,2023-3-23,True,False
Ro Khanna,Democrat,House,CA,N/A,2023-2-28,True,False
Ro Khanna,Democrat,House,CA,ABT,2023-3-23,True,False
Ro Khanna,Democrat,House,CA,N/A,2023-3-2,True,False
Ro Khanna,Democrat,House,CA,N/A,2023-3-23,True,False
Ro Khanna,Democrat,House,CA,CNC,2023-3-23,True,False
Ro Khanna,Democrat,House,CA,USB,2023-3-23,True,False
Ro Khanna,Democrat,House,CA,EQIX,2023-3-23,True,False
Ro Khanna,Democrat,House,CA,EQR,2023-3-23,True,False
Ro Khanna,Democrat,House,CA,JPM,2023-3-23,True,False
Ro Khanna,Democrat,House,CA,MDT,2023-3-23,True,False
Ro Khanna,Democrat,House,CA,AVB,2023-3-23,True,False
Ro Khanna,Democrat,House,CA,UNH,2023-3-23,True,False
Ro Khanna,Democrat,House,CA,AMD,2023-3-23,True,False
Ro Khanna,Democrat,House,CA,WFC,2023-3-23,True,False
Ro Khanna,Democrat,House,CA,N/A,2023-2-28,True,False
Ro Khanna,Democrat,House,CA,N/A,2023-2-28,True,False
Ro Khanna,Democrat,House,CA,META,2023-3-23,True,False
Ro Khanna,Democrat,House,CA,N/A,2023-2-28,True,False
Ro Khanna,Democrat,House,CA,FITB,2023-3-23,True,False
Ro Khanna,Democrat,House,CA,K,2023-3-23,True,False
Ro Khanna,Democrat,House,CA,TGT,2023-3-23,True,False
Ro Khanna,Democrat,House,CA,FIS,2023-3-23,True,False
Ro Khanna,Democrat,House,CA,PSA,2023-3-23,True,False
Ro Khanna,Democrat,House,CA,ESS,2023-3-23,True,False
Ro Khanna,Democrat,House,CA,GOOGL,2023-3-23,True,False
Ro Khanna,Democrat,House,CA,DIS,2023-3-23,True,False
Ro Khanna,Democrat,House,CA,PNC,2023-3-23,True,False
Ro Khanna,Democrat,House,CA,ARE,2023-3-23,True,False
Ro Khanna,Democrat,House,CA,KR,2023-3-23,True,False
Ro Khanna,Democrat,House,CA,CHTR,2023-3-23,True,False
Ro Khanna,Democrat,House,CA,MTB,2023-3-23,True,False
Ro Khanna,Democrat,House,CA,T,2023-3-23,True,False
Ro Khanna,Democrat,House,CA,EMR,2023-3-23,True,False
Ro Khanna,Democrat,House,CA,FDX,2023-3-23,True,False
Ro Khanna,Democrat,House,CA,CMCSA,2023-3-23,True,False
Ro Khanna,Democrat,House,CA,L,2023-3-23,True,False
Ro Khanna,Democrat,House,CA,MMC,2023-3-23,True,False
Ro Khanna,Democrat,House,CA,AXP,2023-3-23,True,False
Ro Khanna,Democrat,House,CA,SHW,2023-3-23,True,False
Ro Khanna,Democrat,House,CA,BF/A,2023-3-23,True,False
Ro Khanna,Democrat,House,CA,DOW,2023-3-23,True,False
Ro Khanna,Democrat,House,CA,NTAP,2023-3-23,True,False
Ro Khanna,Democrat,House,CA,CME,2023-3-23,True,False
Ro Khanna,Democrat,House,CA,MO,2023-3-23,True,False
Ro Khanna,Democrat,House,CA,CB,2023-3-23,True,False
Ro Khanna,Democrat,House,CA,HIW,2023-3-23,True,False
Ro Khanna,Democrat,House,CA,TRU,2023-3-23,True,False
Ro Khanna,Democrat,House,CA,LYB,2023-3-23,True,False
Ro Khanna,Democrat,House,CA,TRMB,2023-3-23,True,False
Ro Khanna,Democrat,House,CA,IP,2023-3-23,True,False
Ro Khanna,Democrat,House,CA,KRC,2023-3-23,True,False
Ro Khanna,Democrat,House,CA,VTR,2023-3-23,True,False
Ro Khanna,Democrat,House,CA,VNO,2023-3-23,True,False
Ro Khanna,Democrat,House,CA,CFG,2023-3-23,True,False
Ro Khanna,Democrat,House,CA,GLW,2023-3-23,True,False
Ro Khanna,Democrat,House,CA,EWBC,2023-3-23,True,False
Ro Khanna,Democrat,House,CA,ELS,2023-3-23,True,False
Ro Khanna,Democrat,House,CA,WDC,2023-3-23,True,False
Ro Khanna,Democrat,House,CA,FAST,2023-3-23,True,False
Ro Khanna,Democrat,House,CA,ALL,2023-3-23,True,False
Ro Khanna,Democrat,House,CA,WM,2023-3-23,True,False
Ro Khanna,Democrat,House,CA,VRTX,2023-3-23,True,False
Ro Khanna,Democrat,House,CA,CCK,2023-3-23,True,False
Ro Khanna,Democrat,House,CA,CSCO,2023-3-23,True,False
Ro Khanna,Democrat,House,CA,CE,2023-3-23,True,False
Ro Khanna,Democrat,House,CA,SYY,2023-3-23,True,False
Ro Khanna,Democrat,House,CA,GPN,2023-3-23,True,False
Ro Khanna,Democrat,House,CA,CTSH,2023-3-23,True,False
Ro Khanna,Democrat,House,CA,KMB,2023-3-23,True,False
Ro Khanna,Democrat,House,CA,SBAC,2023-3-23,True,False
Ro Khanna,Democrat,House,CA,LH,2023-3-23,True,False
Ro Khanna,Democrat,House,CA,BAC,2023-3-23,False,True
Ro Khanna,Democrat,House,CA,AAPL,2023-3-23,False,True
Ro Khanna,Democrat,House,CA,CVS,2023-3-23,False,True
Ro Khanna,Democrat,House,CA,IBM,2023-3-23,False,True
Ro Khanna,Democrat,House,CA,LOW,2023-3-23,False,True
Ro Khanna,Democrat,House,CA,AMGN,2023-3-23,False,True
Ro Khanna,Democrat,House,CA,SCHW,2023-3-23,False,True
Ro Khanna,Democrat,House,CA,MET,2023-3-23,False,True
Ro Khanna,Democrat,House,CA,CI,2023-3-23,False,True
Ro Khanna,Democrat,House,CA,AIG,2023-3-23,False,True
Ro Khanna,Democrat,House,CA,COF,2023-3-23,False,True
Ro Khanna,Democrat,House,CA,BMY,2023-3-23,False,True
Ro Khanna,Democrat,House,CA,GM,2023-3-23,False,True
Ro Khanna,Democrat,House,CA,NSC,2023-3-23,False,True
Ro Khanna,Democrat,House,CA,KO,2023-3-23,False,True
Ro Khanna,Democrat,House,CA,MMM,2023-3-23,False,True
Ro Khanna,Democrat,House,CA,VZ,2023-3-23,False,True
Ro Khanna,Democrat,House,CA,MKC,2023-3-23,False,True
Ro Khanna,Democrat,House,CA,AMT,2023-3-23,False,True
Ro Khanna,Democrat,House,CA,CSX,2023-3-23,False,True
Ro Khanna,Democrat,House,CA,INTC,2023-3-23,False,True
Ro Khanna,Democrat,House,CA,PEAK,2023-3-23,False,True
Ro Khanna,Democrat,House,CA,PM,2023-3-23,False,True
Ro Khanna,Democrat,House,CA,PAYX,2023-3-23,False,True
Ro Khanna,Democrat,House,CA,PLD,2023-3-23,False,True
Ro Khanna,Democrat,House,CA,DLR,2023-3-23,False,True
Ro Khanna,Democrat,House,CA,ULTA,2023-3-23,False,True
Ro Khanna,Democrat,House,CA,KHC,2023-3-23,False,True
Ro Khanna,Democrat,House,CA,TMUS,2023-3-23,False,True
Ro Khanna,Democrat,House,CA,ELAN,2023-3-23,False,True
Ro Khanna,Democrat,House,CA,CSGP,2023-3-23,False,True
Ro Khanna,Democrat,House,CA,DFS,2023-3-23,False,True
Ro Khanna,Democrat,House,CA,DEI,2023-3-23,False,True
Ro Khanna,Democrat,House,CA,EQH,2023-3-23,False,True
Ro Khanna,Democrat,House,CA,BLK,2023-3-23,False,True
Ro Khanna,Democrat,House,CA,ALB,2023-3-23,False,True
Ro Khanna,Democrat,House,CA,CTLT,2023-3-23,False,True
Ro Khanna,Democrat,House,CA,KEYS,2023-3-23,False,True
Ro Khanna,Democrat,House,CA,MPW,2023-3-23,False,True
Ro Khanna,Democrat,House,CA,REG,2023-3-23,False,True
Ro Khanna,Democrat,House,CA,ICE,2023-3-23,False,True
Ro Khanna,Democrat,House,CA,SYF,2023-3-23,False,True
Ro Khanna,Democrat,House,CA,HBAN,2023-3-23,False,True
Ro Khanna,Democrat,House,CA,F,2023-3-23,False,True
Ro Khanna,Democrat,House,CA,EPAM,2023-3-23,False,True
Ro Khanna,Democrat,House,CA,HRL,2023-3-23,False,True
Ro Khanna,Democrat,House,CA,MOH,2023-3-23,False,True
Ro Khanna,Democrat,House,CA,CL,2023-3-23,False,True
Ro Khanna,Democrat,House,CA,AVY,2023-3-23,False,True
Ro Khanna,Democrat,House,CA,WY,2023-3-23,False,True
Ro Khanna,Democrat,House,CA,HPE,2023-3-23,False,True
Ro Khanna,Democrat,House,CA,RF,2023-3-23,False,True
Ro Khanna,Democrat,House,CA,UHS,2023-3-23,False,True
Ro Khanna,Democrat,House,CA,AMED,2023-3-23,False,True
Ro Khanna,Democrat,House,CA,PEP,2023-3-23,False,True
Ro Khanna,Democrat,House,CA,KDP,2023-3-23,False,True
Ro Khanna,Democrat,House,CA,WELL,2023-3-23,False,True
Ro Khanna,Democrat,House,CA,BK,2023-3-23,False,True
Ro Khanna,Democrat,House,CA,VICI,2023-3-23,False,True
Ro Khanna,Democrat,House,CA,COR,2023-3-23,False,True
Ro Khanna,Democrat,House,CA,DVA,2023-3-23,False,True
Ro Khanna,Democrat,House,CA,PYPL,2023-3-23,False,True
Ro Khanna,Democrat,House,CA,WMT,2023-3-23,False,True
Ro Khanna,Democrat,House,CA,JLL,2023-3-23,False,True
Ro Khanna,Democrat,House,CA,PLUG,2023-3-23,False,True
Ro Khanna,Democrat,House,CA,RJF,2023-3-23,False,True
Ro Khanna,Democrat,House,CA,DELL,2023-3-23,False,True
Ro Khanna,Democrat,House,CA,IFF,2023-3-23,False,True
Ro Khanna,Democrat,House,CA,CZR,2023-3-23,False,True
Ro Khanna,Democrat,House,CA,DHR,2023-3-23,False,True
Ro Khanna,Democrat,House,CA,HST,2023-3-23,False,True
Ro Khanna,Democrat,House,CA,N/A,2023-3-14,True,False
Ro Khanna,Democrat,House,CA,N/A,2023-3-14,True,False
Ro Khanna,Democrat,House,CA,N/A,2023-3-14,True,False
Ro Khanna,Democrat,House,CA,JNJ,2023-3-13,True,False
Ro Khanna,Democrat,House,CA,KO,2023-3-13,True,False
Ro Khanna,Democrat,House,CA,UNH,2023-3-13,True,False
Ro Khanna,Democrat,House,CA,TSLA,2023-3-13,True,False
Ro Khanna,Democrat,House,CA,BAC,2023-3-13,True,False
Ro Khanna,Democrat,House,CA,AMGN,2023-3-13,True,False
Ro Khanna,Democrat,House,CA,BAC,2023-3-12,True,False
Ro Khanna,Democrat,House,CA,DHR,2023-3-13,True,False
Ro Khanna,Democrat,House,CA,VCISY,2023-3-9,True,False
Ro Khanna,Democrat,House,CA,AAPL,2023-3-13,True,False
Ro Khanna,Democrat,House,CA,PEP,2023-3-13,True,False
Ro Khanna,Democrat,House,CA,MTB,2023-3-13,True,False
Ro Khanna,Democrat,House,CA,GOOGL,2023-3-13,True,False
Ro Khanna,Democrat,House,CA,IBM,2023-3-13,True,False
Ro Khanna,Democrat,House,CA,ZTS,2023-3-13,True,False
Ro Khanna,Democrat,House,CA,NOW,2023-3-13,True,False
Ro Khanna,Democrat,House,CA,PSA,2023-3-13,True,False
Ro Khanna,Democrat,House,CA,MO,2023-3-13,True,False
Ro Khanna,Democrat,House,CA,MET,2023-3-13,True,False
Ro Khanna,Democrat,House,CA,MSFT,2023-3-13,True,False
Ro Khanna,Democrat,House,CA,ICE,2023-3-13,True,False
Ro Khanna,Democrat,House,CA,CNC,2023-3-13,True,False
Ro Khanna,Democrat,House,CA,MU,2023-3-1,True,False
Ro Khanna,Democrat,House,CA,CB,2023-3-13,True,False
Ro Khanna,Democrat,House,CA,ELAN,2023-3-9,True,False
Ro Khanna,Democrat,House,CA,AVTR,2023-3-14,True,False
Ro Khanna,Democrat,House,CA,CSX,2023-3-13,True,False
Ro Khanna,Democrat,House,CA,AVTR,2023-3-26,True,False
Ro Khanna,Democrat,House,CA,AVTR,2023-3-13,True,False
Ro Khanna,Democrat,House,CA,ECL,2023-3-13,True,False
Ro Khanna,Democrat,House,CA,PLD,2023-3-13,True,False
Ro Khanna,Democrat,House,CA,INTC,2023-3-13,True,False
Ro Khanna,Democrat,House,CA,CTSH,2023-3-13,True,False
Ro Khanna,Democrat,House,CA,EQIX,2023-3-13,True,False
Ro Khanna,Democrat,House,CA,VZ,2023-3-13,True,False
Ro Khanna,Democrat,House,CA,ADP,2023-3-13,True,False
Ro Khanna,Democrat,House,CA,GPN,2023-3-13,True,False
Ro Khanna,Democrat,House,CA,NEM,2023-3-13,True,False
Ro Khanna,Democrat,House,CA,EWJ,2023-3-9,True,False
Ro Khanna,Democrat,House,CA,V,2023-3-13,True,False
Ro Khanna,Democrat,House,CA,ELAN,2023-3-13,True,False
Ro Khanna,Democrat,House,CA,EWBC,2023-3-13,True,False
Ro Khanna,Democrat,House,CA,MCK,2023-3-13,True,False
Ro Khanna,Democrat,House,CA,ABT,2023-3-13,True,False
Ro Khanna,Democrat,House,CA,ELAN,2023-3-30,True,False
Ro Khanna,Democrat,House,CA,KIM,2023-3-13,True,False
Ro Khanna,Democrat,House,CA,UDR,2023-3-13,True,False
Ro Khanna,Democrat,House,CA,WM,2023-3-13,True,False
Ro Khanna,Democrat,House,CA,RF,2023-3-13,True,False
Ro Khanna,Democrat,House,CA,EWA,2023-3-9,True,False
Ro Khanna,Democrat,House,CA,MDT,2023-3-13,True,False
Ro Khanna,Democrat,House,CA,TROW,2023-3-13,True,False
Ro Khanna,Democrat,House,CA,AVB,2023-3-13,True,False
Ro Khanna,Democrat,House,CA,VOD,2023-3-9,True,False
Ro Khanna,Democrat,House,CA,CMG,2023-3-13,True,False
Ro Khanna,Democrat,House,CA,COF,2023-3-13,True,False
Ro Khanna,Democrat,House,CA,VTR,2023-3-13,True,False
Ro Khanna,Democrat,House,CA,JPM,2023-3-13,True,False
Ro Khanna,Democrat,House,CA,CRM,2023-3-13,True,False
Ro Khanna,Democrat,House,CA,CMCSA,2023-3-13,True,False
Ro Khanna,Democrat,House,CA,CRI,2023-3-29,True,False
Ro Khanna,Democrat,House,CA,C,2023-3-13,True,False
Ro Khanna,Democrat,House,CA,ESS,2023-3-13,True,False
Ro Khanna,Democrat,House,CA,FTNT,2023-3-13,True,False
Ro Khanna,Democrat,House,CA,FDX,2023-3-13,True,False
Ro Khanna,Democrat,House,CA,PG,2023-3-13,True,False
Ro Khanna,Democrat,House,CA,N/A,2023-2-28,True,False
Ro Khanna,Democrat,House,CA,N/A,2023-2-28,True,False
Ro Khanna,Democrat,House,CA,N/A,2023-3-8,True,False
Ro Khanna,Democrat,House,CA,N/A,2023-3-2,True,False
Ro Khanna,Democrat,House,CA,N/A,2023-3-2,True,False
Ro Khanna,Democrat,House,CA,N/A,2023-3-2,True,False
Ro Khanna,Democrat,House,CA,N/A,2023-3-2,True,False
Ro Khanna,Democrat,House,CA,WBS,2023-3-13,True,False
Ro Khanna,Democrat,House,CA,TYL,2023-3-13,True,False
Ro Khanna,Democrat,House,CA,LLY,2023-3-13,True,False
Ro Khanna,Democrat,House,CA,META,2023-3-13,True,False
Ro Khanna,Democrat,House,CA,IP,2023-3-13,True,False
Ro Khanna,Democrat,House,CA,ELAN,2023-3-13,True,False
Ro Khanna,Democrat,House,CA,L,2023-3-13,True,False
Ro Khanna,Democrat,House,CA,EBAY,2023-3-13,True,False
Ro Khanna,Democrat,House,CA,TECH,2023-3-13,True,False
Ro Khanna,Democrat,House,CA,NKE,2023-3-13,True,False
Ro Khanna,Democrat,House,CA,DLR,2023-3-13,True,False
Ro Khanna,Democrat,House,CA,AMCR,2023-3-13,True,False
Ro Khanna,Democrat,House,CA,NTRS,2023-3-13,True,False
Ro Khanna,Democrat,House,CA,N/A,2023-3-13,True,False
Ro Khanna,Democrat,House,CA,JAZZ,2023-3-13,True,False
Ro Khanna,Democrat,House,CA,EXR,2023-3-13,True,False
Ro Khanna,Democrat,House,CA,LNC,2023-3-13,True,False
Ro Khanna,Democrat,House,CA,INVH,2023-3-13,True,False
Ro Khanna,Democrat,House,CA,FAST,2023-3-13,True,False
Ro Khanna,Democrat,House,CA,WBD,2023-3-13,True,False
Ro Khanna,Democrat,House,CA,IFF,2023-3-13,True,False
Ro Khanna,Democrat,House,CA,LBRDA,2023-3-13,True,False
Ro Khanna,Democrat,House,CA,ORCL,2023-3-13,True,False
Ro Khanna,Democrat,House,CA,RHI,2023-3-13,True,False
Ro Khanna,Democrat,House,CA,SNV,2023-3-13,True,False
Ro Khanna,Democrat,House,CA,CME,2023-3-13,True,False
Ro Khanna,Democrat,House,CA,OGN,2023-3-13,True,False
Ro Khanna,Democrat,House,CA,CUZ,2023-3-13,True,False
Ro Khanna,Democrat,House,CA,GEN,2023-3-13,True,False
Ro Khanna,Democrat,House,CA,ILMN,2023-3-13,True,False
Ro Khanna,Democrat,House,CA,SLG,2023-3-13,True,False
Ro Khanna,Democrat,House,CA,SYY,2023-3-13,True,False
Ro Khanna,Democrat,House,CA,EA,2023-3-13,True,False
Ro Khanna,Democrat,House,CA,DEI,2023-3-13,True,False
Ro Khanna,Democrat,House,CA,CINF,2023-3-13,True,False
Ro Khanna,Democrat,House,CA,MOS,2023-3-13,True,False
Ro Khanna,Democrat,House,CA,ENPH,2023-3-13,True,False
Ro Khanna,Democrat,House,CA,AAP,2023-3-13,True,False
Ro Khanna,Democrat,House,CA,TRV,2023-3-13,True,False
Ro Khanna,Democrat,House,CA,VTRS,2023-3-13,True,False
Ro Khanna,Democrat,House,CA,LYB,2023-3-13,True,False
Ro Khanna,Democrat,House,CA,UNP,2023-3-13,True,False
Ro Khanna,Democrat,House,CA,HSBC,2023-3-9,True,False
Ro Khanna,Democrat,House,CA,MA,2023-3-13,True,False
Ro Khanna,Democrat,House,CA,LIN,2023-3-13,True,False
Ro Khanna,Democrat,House,CA,ABB,2023-3-9,True,False
Ro Khanna,Democrat,House,CA,ELAN,2023-3-2,True,False
Ro Khanna,Democrat,House,CA,WST,2023-3-13,True,False
