Name,Party,Chamber,State,Ticker,Date,Buy,Sell
Kevin Hern,Republican,House,OK,DVN,2024-12-30,False,True
Kevin Hern,Republican,House,OK,DXCM,2024-12-30,False,True
Kevin Hern,Republican,House,OK,EL,2024-12-30,False,True
Kevin Hern,Republican,House,OK,XOM,2024-12-9,True,False
Kevin Hern,Republican,House,OK,HD,2024-12-11,True,False
Kevin Hern,Republican,House,OK,INTC,2024-12-30,False,True
Kevin Hern,Republican,House,OK,JNJ,2024-12-30,False,True
Bill Keating,Democrat,House,MA,ABNB,2025-1-6,False,True
Bill Keating,Democrat,House,MA,AMZN,2025-1-6,True,False
Bill Keating,Democrat,House,MA,FI,2025-1-6,True,False
Josh Gottheimer,Democrat,House,NJ,BABA,2024-12-15,False,True
Josh Gottheimer,Democrat,House,NJ,ABEV,2024-12-26,False,True
Josh Gottheimer,Democrat,House,NJ,AAPL,2024-12-18,True,False
Josh Gottheimer,Democrat,House,NJ,SQ,2024-12-29,True,False
Josh Gottheimer,Democrat,House,NJ,CDRE,2024-12-26,False,True
Josh Gottheimer,Democrat,House,NJ,CDRE,2024-12-5,True,False
Josh Gottheimer,Democrat,House,NJ,KO,2024-12-15,False,True
Josh Gottheimer,Democrat,House,NJ,CLPBY,2024-12-26,False,True
Josh Gottheimer,Democrat,House,NJ,DHI,2024-12-15,False,True
Josh Gottheimer,Democrat,House,NJ,D,2024-12-15,False,True
Josh Gottheimer,Democrat,House,NJ,ETN,2024-12-10,False,True
Josh Gottheimer,Democrat,House,NJ,LLY,2024-12-9,False,True
Josh Gottheimer,Democrat,House,NJ,LLY,2024-12-8,False,True
Josh Gottheimer,Democrat,House,NJ,LLY,2024-12-10,False,True
Josh Gottheimer,Democrat,House,NJ,LLY,2024-12-12,False,True
Josh Gottheimer,Democrat,House,NJ,LLY,2024-12-11,False,True
Josh Gottheimer,Democrat,House,NJ,LLY,2024-12-15,False,True
Josh Gottheimer,Democrat,House,NJ,LLY,2024-12-17,False,True
Josh Gottheimer,Democrat,House,NJ,GMAB,2024-12-15,False,True
Josh Gottheimer,Democrat,House,NJ,GBCI,2024-12-5,False,True
Josh Gottheimer,Democrat,House,NJ,GS,2024-12-29,True,False
Josh Gottheimer,Democrat,House,NJ,GBOOY,2024-12-26,False,True
Josh Gottheimer,Democrat,House,NJ,ISRG,2024-12-22,False,True
Josh Gottheimer,Democrat,House,NJ,JNJ,2024-12-11,True,False
Josh Gottheimer,Democrat,House,NJ,MSFT,2024-12-19,False,True
Josh Gottheimer,Democrat,House,NJ,MSFT,2024-12-19,False,True
Josh Gottheimer,Democrat,House,NJ,MSFT,2024-12-19,False,True
Josh Gottheimer,Democrat,House,NJ,MSFT,2024-12-19,False,True
Josh Gottheimer,Democrat,House,NJ,MSFT,2024-12-19,True,False
Josh Gottheimer,Democrat,House,NJ,MSFT,2024-12-19,True,False
Josh Gottheimer,Democrat,House,NJ,MSFT,2024-12-19,True,False
Josh Gottheimer,Democrat,House,NJ,MSFT,2024-12-19,True,False
Josh Gottheimer,Democrat,House,NJ,NSRGY,2024-12-15,False,True
Josh Gottheimer,Democrat,House,NJ,NVDA,2024-12-18,False,True
Josh Gottheimer,Democrat,House,NJ,ORCL,2024-12-17,False,True
Josh Gottheimer,Democrat,House,NJ,PRIM,2024-12-5,False,True
Josh Gottheimer,Democrat,House,NJ,PGNY,2024-12-5,False,True
Josh Gottheimer,Democrat,House,NJ,TLK,2024-12-15,False,True
Josh Gottheimer,Democrat,House,NJ,CRM,2024-12-12,True,False
Josh Gottheimer,Democrat,House,NJ,SHEL,2024-12-15,False,True
Josh Gottheimer,Democrat,House,NJ,SPXC,2024-12-5,False,True
Josh Gottheimer,Democrat,House,NJ,SNPS,2024-12-8,False,True
Josh Gottheimer,Democrat,House,NJ,TSLA,2024-12-2,True,False
Josh Gottheimer,Democrat,House,NJ,TXRH,2024-12-5,False,True
Josh Gottheimer,Democrat,House,NJ,THR,2024-12-5,True,False
Josh Gottheimer,Democrat,House,NJ,TT,2024-12-22,False,True
Josh Gottheimer,Democrat,House,NJ,TT,2024-12-4,False,True
Josh Gottheimer,Democrat,House,NJ,UBER,2024-12-8,False,True
Josh Gottheimer,Democrat,House,NJ,UBER,2024-12-17,False,True
Josh Gottheimer,Democrat,House,NJ,UNICY,2024-12-15,False,True
Josh Gottheimer,Democrat,House,NJ,UNP,2024-12-12,True,False
Josh Gottheimer,Democrat,House,NJ,GWW,2024-12-11,False,True
Josh Gottheimer,Democrat,House,NJ,WMT,2024-12-17,True,False
Josh Gottheimer,Democrat,House,NJ,WMT,2024-12-19,True,False
Josh Gottheimer,Democrat,House,NJ,WMT,2024-12-18,True,False
Rick Larsen,Democrat,House,WA,GOOGL,2025-1-6,True,False
Rick Larsen,Democrat,House,WA,BAH,2025-1-6,False,True
Rick Larsen,Democrat,House,WA,BR,2025-1-6,True,False
Rick Larsen,Democrat,House,WA,CTAS,2025-1-6,True,False
Rick Larsen,Democrat,House,WA,CMCSA,2025-1-6,False,True
Rick Larsen,Democrat,House,WA,GD,2025-1-6,False,True
Rick Larsen,Democrat,House,WA,UNH,2025-1-6,False,True
Rick Larsen,Democrat,House,WA,VRSK,2025-1-6,True,False
John Boozman,Republican,Senate,AR,AMAT,2024-12-22,False,True
Mark Green,Republican,House,TN,NGL,2025-1-1,False,True
James Comer,Republican,House,KY,GOOGL,2025-1-1,True,False
James Comer,Republican,House,KY,AMZN,2025-1-1,True,False
James Comer,Republican,House,KY,AMZN,2025-1-1,True,False
James Comer,Republican,House,KY,APH,2025-1-1,True,False
James Comer,Republican,House,KY,AAPL,2025-1-1,True,False
James Comer,Republican,House,KY,ANET,2025-1-1,True,False
James Comer,Republican,House,KY,T,2025-1-1,True,False
James Comer,Republican,House,KY,BLK,2025-1-1,True,False
James Comer,Republican,House,KY,BLK,2025-1-1,True,False
James Comer,Republican,House,KY,AVGO,2025-1-1,True,False
James Comer,Republican,House,KY,CHDN,2025-1-1,True,False
James Comer,Republican,House,KY,COST,2025-1-1,True,False
James Comer,Republican,House,KY,COST,2025-1-1,True,False
James Comer,Republican,House,KY,DOV,2025-1-1,True,False
James Comer,Republican,House,KY,HD,2025-1-1,True,False
James Comer,Republican,House,KY,HD,2025-1-1,True,False
James Comer,Republican,House,KY,MSFT,2025-1-1,True,False
James Comer,Republican,House,KY,NFLX,2025-1-1,True,False
James Comer,Republican,House,KY,NVDA,2025-1-1,True,False
James Comer,Republican,House,KY,PANW,2025-1-1,True,False
James Comer,Republican,House,KY,PYPL,2025-1-1,True,False
James Comer,Republican,House,KY,CRM,2025-1-1,True,False
James Comer,Republican,House,KY,SOFI,2025-1-1,True,False
James Comer,Republican,House,KY,SOFI,2025-1-1,True,False
James Comer,Republican,House,KY,LUV,2024-12-30,False,True
James Comer,Republican,House,KY,TTD,2025-1-1,True,False
James Comer,Republican,House,KY,UBER,2025-1-1,True,False
James Comer,Republican,House,KY,VRSN,2025-1-1,True,False
Steve Cohen,Democrat,House,TN,EBS,2024-12-10,False,True
Steve Cohen,Democrat,House,TN,HST,2024-12-10,False,True
Mike Kelly,Republican,House,PA,N/A,2024-12-1,False,True
Mike Kelly,Republican,House,PA,N/A,2024-12-26,True,False
Guy Reschenthaler,Republican,House,PA,$BTC,2024-12-22,True,False
Guy Reschenthaler,Republican,House,PA,$SOL,2024-12-10,True,False
Guy Reschenthaler,Republican,House,PA,$XRP,2024-12-10,True,False
Lloyd Doggett,Democrat,House,TX,KO,2024-12-15,True,False
Lloyd Doggett,Democrat,House,TX,HD,2024-12-11,True,False
Lloyd Doggett,Democrat,House,TX,IBM,2024-12-9,True,False
Lloyd Doggett,Democrat,House,TX,JNJ,2024-12-9,True,False
Lloyd Doggett,Democrat,House,TX,PPG,2024-12-11,True,False
Sheldon Whitehouse,Democrat,Senate,RI,NVDA,2025-1-5,False,True
Sheldon Whitehouse,Democrat,Senate,RI,LRCX,2024-12-18,False,True
Sheldon Whitehouse,Democrat,Senate,RI,AAPL,2024-12-18,False,True
Laurel Lee,Republican,House,FL,HURA,2024-11-24,True,False
Laurel Lee,Republican,House,FL,WBD,2024-11-28,False,True
Virginia Foxx,Republican,House,NC,ABBV,2024-12-5,True,False
Virginia Foxx,Republican,House,NC,ARLP,2024-12-5,False,True
Virginia Foxx,Republican,House,NC,AEP,2024-12-5,True,False
Virginia Foxx,Republican,House,NC,AMGN,2024-12-5,True,False
Virginia Foxx,Republican,House,NC,ASC,2024-12-5,False,True
Virginia Foxx,Republican,House,NC,T,2024-12-5,False,True
Virginia Foxx,Republican,House,NC,BMY,2024-12-5,True,False
Virginia Foxx,Republican,House,NC,DUK,2024-12-5,True,False
Virginia Foxx,Republican,House,NC,EFC,2024-12-29,True,False
Virginia Foxx,Republican,House,NC,ET,2024-12-5,False,True
Virginia Foxx,Republican,House,NC,FLNG,2024-12-5,False,True
Virginia Foxx,Republican,House,NC,JNJ,2024-12-5,True,False
Virginia Foxx,Republican,House,NC,PBA,2024-12-5,False,True
Virginia Foxx,Republican,House,NC,PSA,2024-12-5,True,False
Virginia Foxx,Republican,House,NC,VIA,2024-12-5,False,True
Don Beyer,Democrat,House,VA,N/A,2024-12-1,False,False
Don Beyer,Democrat,House,VA,N/A,2024-12-22,False,True
Don Beyer,Democrat,House,VA,N/A,2024-12-3,True,False
Don Beyer,Democrat,House,VA,N/A,2024-12-3,True,False
Richard Blumenthal,Democrat,Senate,CT,N/A,2024-12-4,True,False
Richard Blumenthal,Democrat,Senate,CT,N/A,2024-12-18,True,False
Richard Blumenthal,Democrat,Senate,CT,N/A,2024-12-4,True,False
Richard Blumenthal,Democrat,Senate,CT,N/A,2024-12-18,True,False
Richard Blumenthal,Democrat,Senate,CT,N/A,2024-12-4,True,False
Richard Blumenthal,Democrat,Senate,CT,N/A,2024-12-18,True,False
Richard Blumenthal,Democrat,Senate,CT,N/A,2024-12-4,False,True
Richard Blumenthal,Democrat,Senate,CT,N/A,2024-12-4,True,False
Richard Blumenthal,Democrat,Senate,CT,N/A,2024-12-18,False,True
Richard Blumenthal,Democrat,Senate,CT,N/A,2024-12-18,True,False
Richard Blumenthal,Democrat,Senate,CT,N/A,2024-12-4,False,True
Richard Blumenthal,Democrat,Senate,CT,N/A,2024-12-4,True,False
Richard Blumenthal,Democrat,Senate,CT,N/A,2024-12-18,False,True
Richard Blumenthal,Democrat,Senate,CT,N/A,2024-12-18,True,False
Richard Blumenthal,Democrat,Senate,CT,N/A,2024-12-4,True,False
Richard Blumenthal,Democrat,Senate,CT,N/A,2024-12-18,True,False
Richard Blumenthal,Democrat,Senate,CT,N/A,2024-12-4,True,False
Richard Blumenthal,Democrat,Senate,CT,N/A,2024-12-18,False,True
Richard Blumenthal,Democrat,Senate,CT,N/A,2024-12-19,True,False
Richard Blumenthal,Democrat,Senate,CT,N/A,2024-12-4,True,False
Richard Blumenthal,Democrat,Senate,CT,N/A,2024-12-18,True,False
Shelley Moore Capito,Republican,Senate,WV,GE,2024-12-26,True,False
Shelley Moore Capito,Republican,Senate,WV,UNH,2024-12-19,False,True
Shelley Moore Capito,Republican,Senate,WV,LOW,2024-12-12,False,True
Shelley Moore Capito,Republican,Senate,WV,AVGO,2024-12-11,True,False
Shelley Moore Capito,Republican,Senate,WV,MSFT,2024-12-15,False,True
Mitch McConnell,Republican,Senate,KY,WFC,2024-12-1,True,False
Markwayne Mullin,Republican,Senate,OK,N/A,2024-12-26,False,True
Markwayne Mullin,Republican,Senate,OK,VNQ,2024-12-25,True,False
Markwayne Mullin,Republican,Senate,OK,PCLPX,2024-12-25,True,False
Markwayne Mullin,Republican,Senate,OK,CFSSX,2024-12-25,True,False
Markwayne Mullin,Republican,Senate,OK,GICIX,2024-12-25,True,False
Markwayne Mullin,Republican,Senate,OK,PDBC,2024-12-25,False,True
Markwayne Mullin,Republican,Senate,OK,IEMG,2024-12-25,True,False
Tom Carper,Democrat,Senate,DE,AY,2024-12-12,False,True
Michael Collins,Republican,House,GA,$SKI,2024-12-2,True,False
Markwayne Mullin,Republican,Senate,OK,LRN,2024-7-29,True,False
Markwayne Mullin,Republican,Senate,OK,SFM,2024-12-17,False,True
Markwayne Mullin,Republican,Senate,OK,OLLI,2024-12-17,False,True
Markwayne Mullin,Republican,Senate,OK,LRN,2024-12-17,False,True
Markwayne Mullin,Republican,Senate,OK,GS,2024-12-17,False,True
Markwayne Mullin,Republican,Senate,OK,FRPT,2024-12-17,False,True
Markwayne Mullin,Republican,Senate,OK,ETN,2024-12-17,False,True
Markwayne Mullin,Republican,Senate,OK,ETN,2024-12-17,False,True
Markwayne Mullin,Republican,Senate,OK,ELF,2024-12-17,False,True
Markwayne Mullin,Republican,Senate,OK,CYBR,2024-12-17,False,True
Markwayne Mullin,Republican,Senate,OK,BMI,2024-12-17,False,True
Markwayne Mullin,Republican,Senate,OK,AXON,2024-12-17,False,True
Markwayne Mullin,Republican,Senate,OK,SFM,2024-12-17,False,True
Markwayne Mullin,Republican,Senate,OK,OLLI,2024-12-17,False,True
Markwayne Mullin,Republican,Senate,OK,LRN,2024-12-17,False,True
Markwayne Mullin,Republican,Senate,OK,GS,2024-12-17,False,True
Markwayne Mullin,Republican,Senate,OK,FRPT,2024-12-17,False,True
Markwayne Mullin,Republican,Senate,OK,ELF,2024-12-17,False,True
Markwayne Mullin,Republican,Senate,OK,CYBR,2024-12-17,False,True
Markwayne Mullin,Republican,Senate,OK,BMI,2024-12-17,False,True
Markwayne Mullin,Republican,Senate,OK,AXON,2024-12-17,False,True
Markwayne Mullin,Republican,Senate,OK,ABT,2024-12-10,False,True
Markwayne Mullin,Republican,Senate,OK,PEP,2024-12-10,False,True
Markwayne Mullin,Republican,Senate,OK,AMAT,2024-12-10,True,False
Bill Hagerty,Republican,Senate,TN,EQC,2024-12-12,False,True
Bill Hagerty,Republican,Senate,TN,N/A,2024-12-9,False,True
Bill Hagerty,Republican,Senate,TN,N/A,2024-12-9,False,True
Bill Hagerty,Republican,Senate,TN,N/A,2024-12-9,False,True
Bill Hagerty,Republican,Senate,TN,N/A,2024-12-9,False,True
Max Miller,Republican,House,OH,N/A,2024-12-18,False,True
Marjorie Taylor Greene,Republican,House,GA,ADBE,2024-12-23,True,False
Marjorie Taylor Greene,Republican,House,GA,AMZN,2024-12-23,True,False
Marjorie Taylor Greene,Republican,House,GA,AMAT,2024-12-23,True,False
Marjorie Taylor Greene,Republican,House,GA,CAT,2024-12-23,True,False
Marjorie Taylor Greene,Republican,House,GA,DUK,2024-12-23,True,False
Marjorie Taylor Greene,Republican,House,GA,LLY,2024-12-23,True,False
Marjorie Taylor Greene,Republican,House,GA,GILD,2024-12-23,True,False
Marjorie Taylor Greene,Republican,House,GA,JNJ,2024-12-23,True,False
Marjorie Taylor Greene,Republican,House,GA,META,2024-12-23,True,False
Marjorie Taylor Greene,Republican,House,GA,MSFT,2024-12-23,True,False
Marjorie Taylor Greene,Republican,House,GA,NSC,2024-12-23,True,False
Marjorie Taylor Greene,Republican,House,GA,NVDA,2024-12-23,True,False
Marjorie Taylor Greene,Republican,House,GA,NOW,2024-12-23,True,False
Marjorie Taylor Greene,Republican,House,GA,HSY,2024-12-23,True,False
Marjorie Taylor Greene,Republican,House,GA,N/A,2024-12-23,True,False
Suzan DelBene,Democrat,House,WA,N/A,2024-12-8,True,False
Michael Guest,Republican,House,MS,AMZN,2024-11-7,True,False
Michael Guest,Republican,House,MS,N/A,2024-11-7,True,False
Michael Guest,Republican,House,MS,TSLA,2024-11-7,True,False
Rick Scott,Republican,Senate,FL,N/A,2024-12-3,False,True
Rick Scott,Republican,Senate,FL,N/A,2024-12-3,False,True
Rick Scott,Republican,Senate,FL,N/A,2024-12-3,True,False
Rick Scott,Republican,Senate,FL,N/A,2024-12-3,True,False
Rick Scott,Republican,Senate,FL,N/A,2024-12-3,True,False
Rick Scott,Republican,Senate,FL,N/A,2024-11-20,False,True
Rick Scott,Republican,Senate,FL,N/A,2024-11-20,False,True
Rick Scott,Republican,Senate,FL,N/A,2024-11-20,False,True
Rick Scott,Republican,Senate,FL,N/A,2024-11-20,False,True
Pete Sessions,Republican,House,TX,MSFT,2024-12-17,True,False
Markwayne Mullin,Republican,Senate,OK,IEFA,2024-11-26,True,False
Markwayne Mullin,Republican,Senate,OK,IEMG,2024-11-26,True,False
Markwayne Mullin,Republican,Senate,OK,EZU,2024-11-26,True,False
David Joyce,Republican,House,OH,N/A,2024-11-18,False,True
Michael McCaul,Republican,House,TX,N/A,2024-11-14,True,False
Michael McCaul,Republican,House,TX,N/A,2024-11-13,True,False
Michael McCaul,Republican,House,TX,N/A,2024-11-25,True,False
Michael McCaul,Republican,House,TX,N/A,2024-11-24,True,False
Michael McCaul,Republican,House,TX,N/A,2024-11-28,True,False
Michael McCaul,Republican,House,TX,EQV,2024-11-12,True,False
Michael McCaul,Republican,House,TX,ABT,2024-11-3,True,False
Michael McCaul,Republican,House,TX,ARW,2024-11-21,True,False
Michael McCaul,Republican,House,TX,LBRDA,2024-11-7,True,False
Michael McCaul,Republican,House,TX,ARMK,2024-11-13,True,False
Michael McCaul,Republican,House,TX,N/A,2024-11-1,True,False
Michael McCaul,Republican,House,TX,FTNT,2024-11-11,True,False
Michael McCaul,Republican,House,TX,UBER,2024-10-31,True,False
Michael McCaul,Republican,House,TX,DT,2024-11-7,True,False
Michael McCaul,Republican,House,TX,FTNT,2024-11-11,True,False
Michael McCaul,Republican,House,TX,N/A,2024-10-31,True,False
Michael McCaul,Republican,House,TX,N/A,2024-11-14,True,False
Michael McCaul,Republican,House,TX,N/A,2024-10-31,True,False
Michael McCaul,Republican,House,TX,N/A,2024-11-24,True,False
Michael McCaul,Republican,House,TX,N/A,2024-10-31,True,False
Michael McCaul,Republican,House,TX,N/A,2024-11-6,True,False
Michael McCaul,Republican,House,TX,N/A,2024-11-19,True,False
Michael McCaul,Republican,House,TX,N/A,2024-10-31,True,False
Michael McCaul,Republican,House,TX,GOOGL,2024-11-18,False,True
Michael McCaul,Republican,House,TX,MSFT,2024-11-18,False,True
Michael McCaul,Republican,House,TX,GOOGL,2024-11-18,False,True
Michael McCaul,Republican,House,TX,NFLX,2024-11-18,False,True
Michael McCaul,Republican,House,TX,NFLX,2024-11-17,False,True
Michael McCaul,Republican,House,TX,HLT,2024-11-18,False,True
Michael McCaul,Republican,House,TX,DFS,2024-11-18,False,True
Michael McCaul,Republican,House,TX,GEV,2024-11-18,False,True
Michael McCaul,Republican,House,TX,GEV,2024-11-21,False,True
Michael McCaul,Republican,House,TX,GEV,2024-11-17,False,True
Michael McCaul,Republican,House,TX,NFLX,2024-11-26,False,True
Michael McCaul,Republican,House,TX,WFC,2024-11-18,False,True
Michael McCaul,Republican,House,TX,GEV,2024-11-18,False,True
Michael McCaul,Republican,House,TX,SAFRY,2024-11-18,False,True
Michael McCaul,Republican,House,TX,GEV,2024-11-11,False,True
Michael McCaul,Republican,House,TX,HWM,2024-11-18,False,True
Michael McCaul,Republican,House,TX,N/A,2024-10-31,False,True
Michael McCaul,Republican,House,TX,WFC,2024-11-4,False,True
Michael McCaul,Republican,House,TX,SNPS,2024-11-18,False,True
Michael McCaul,Republican,House,TX,TRS,2024-11-6,False,True
Michael McCaul,Republican,House,TX,META,2024-11-18,False,True
Michael McCaul,Republican,House,TX,AAPL,2024-11-11,False,True
Michael McCaul,Republican,House,TX,CDNS,2024-11-18,False,True
Michael McCaul,Republican,House,TX,ABT,2024-11-18,False,True
Michael McCaul,Republican,House,TX,TSM,2024-11-18,False,True
Michael McCaul,Republican,House,TX,COF,2024-11-18,False,True
Michael McCaul,Republican,House,TX,AAPL,2024-11-11,False,True
Michael McCaul,Republican,House,TX,V,2024-11-18,False,True
Michael McCaul,Republican,House,TX,AA,2024-11-18,False,True
Michael McCaul,Republican,House,TX,CMCSA,2024-11-18,False,True
Michael McCaul,Republican,House,TX,WWD,2024-11-18,False,True
Michael McCaul,Republican,House,TX,MA,2024-11-18,False,True
Michael McCaul,Republican,House,TX,AAPL,2024-11-7,False,True
Michael McCaul,Republican,House,TX,N/A,2024-10-31,False,True
Michael McCaul,Republican,House,TX,SAP,2024-11-18,False,True
Michael McCaul,Republican,House,TX,NBIX,2024-11-18,False,True
Michael McCaul,Republican,House,TX,ELV,2024-11-18,False,True
Michael McCaul,Republican,House,TX,DT,2024-11-18,False,True
Michael McCaul,Republican,House,TX,AER,2024-11-18,False,True
Michael McCaul,Republican,House,TX,OXY,2024-11-18,False,True
Michael McCaul,Republican,House,TX,ADBE,2024-11-18,False,True
Michael McCaul,Republican,House,TX,PROSY,2024-11-18,False,True
Michael McCaul,Republican,House,TX,N/A,2024-10-31,False,True
Michael McCaul,Republican,House,TX,AMD,2024-11-18,False,True
Michael McCaul,Republican,House,TX,ADSK,2024-11-18,False,True
Michael McCaul,Republican,House,TX,UBER,2024-11-18,False,True
Michael McCaul,Republican,House,TX,V,2024-11-18,False,True
Michael McCaul,Republican,House,TX,BAYRY,2024-11-18,False,True
Michael McCaul,Republican,House,TX,NVO,2024-11-18,False,True
Michael McCaul,Republican,House,TX,VOO,2024-11-18,False,True
Michael McCaul,Republican,House,TX,N/A,2024-10-31,False,True
Michael McCaul,Republican,House,TX,AON,2024-11-18,False,True
Michael McCaul,Republican,House,TX,SHEL,2024-11-18,False,True
Michael McCaul,Republican,House,TX,HUM,2024-11-18,False,True
Michael McCaul,Republican,House,TX,FI,2024-11-18,False,True
Michael McCaul,Republican,House,TX,UNH,2024-11-18,False,True
Michael McCaul,Republican,House,TX,WDAY,2024-11-18,False,True
Michael McCaul,Republican,House,TX,AIT,2024-11-21,False,True
Michael McCaul,Republican,House,TX,AMZN,2024-11-18,False,True
Michael McCaul,Republican,House,TX,COP,2024-11-18,False,True
Michael McCaul,Republican,House,TX,N/A,2024-11-3,False,True
Michael McCaul,Republican,House,TX,FTNT,2024-11-18,False,True
Michael McCaul,Republican,House,TX,CHTR,2024-11-18,False,True
Michael McCaul,Republican,House,TX,INTU,2024-11-18,False,True
Michael McCaul,Republican,House,TX,N/A,2024-10-31,False,True
Michael McCaul,Republican,House,TX,N/A,2024-11-14,False,True
Michael McCaul,Republican,House,TX,N/A,2024-11-11,False,True
Michael McCaul,Republican,House,TX,N/A,2024-11-11,False,True
Michael McCaul,Republican,House,TX,N/A,2024-11-18,False,True
Michael McCaul,Republican,House,TX,GOOGL,2024-11-18,False,True
Michael McCaul,Republican,House,TX,META,2024-11-18,False,True
Michael McCaul,Republican,House,TX,AAPL,2024-11-18,False,True
Michael McCaul,Republican,House,TX,ANET,2024-11-18,False,True
Michael McCaul,Republican,House,TX,AMZN,2024-11-18,False,True
Michael McCaul,Republican,House,TX,MSFT,2024-11-5,False,True
Michael McCaul,Republican,House,TX,N/A,2024-11-18,False,True
Michael McCaul,Republican,House,TX,NVDA,2024-11-18,False,True
Michael McCaul,Republican,House,TX,VOO,2024-11-17,False,True
Michael McCaul,Republican,House,TX,GPN,2024-11-5,True,False
Michael McCaul,Republican,House,TX,GPC,2024-11-18,True,False
Michael McCaul,Republican,House,TX,C,2024-11-18,True,False
Michael McCaul,Republican,House,TX,UTHR,2024-11-5,False,True
Michael McCaul,Republican,House,TX,LPLA,2024-11-19,False,True
Michael McCaul,Republican,House,TX,SUI,2024-11-19,False,True
Michael McCaul,Republican,House,TX,FIS,2024-11-19,False,True
Michael McCaul,Republican,House,TX,MUR,2024-11-19,False,True
Michael McCaul,Republican,House,TX,ALLY,2024-11-19,False,True
Michael McCaul,Republican,House,TX,INTC,2024-11-19,False,True
Michael McCaul,Republican,House,TX,COR,2024-11-18,False,True
Michael McCaul,Republican,House,TX,LVS,2024-11-19,False,True
Michael McCaul,Republican,House,TX,TPR,2024-11-19,False,True
Michael McCaul,Republican,House,TX,MRK,2024-11-19,False,True
Michael McCaul,Republican,House,TX,DOW,2024-11-19,False,True
Michael McCaul,Republican,House,TX,GPN,2024-11-19,False,True
Michael McCaul,Republican,House,TX,KHC,2024-11-19,False,True
Michael McCaul,Republican,House,TX,UTHR,2024-11-19,False,True
Michael McCaul,Republican,House,TX,COR,2024-11-19,False,True
Michael McCaul,Republican,House,TX,FDX,2024-11-19,False,True
Michael McCaul,Republican,House,TX,IBM,2024-11-19,False,True
Michael McCaul,Republican,House,TX,CVX,2024-11-19,False,True
Michael McCaul,Republican,House,TX,D,2024-11-19,False,True
Michael McCaul,Republican,House,TX,TSN,2024-11-19,False,True
Michael McCaul,Republican,House,TX,T,2024-11-19,False,True
Michael McCaul,Republican,House,TX,NFG,2024-11-19,False,True
Michael McCaul,Republican,House,TX,ALL,2024-11-19,False,True
Michael McCaul,Republican,House,TX,EQH,2024-11-19,False,True
Michael McCaul,Republican,House,TX,FIS,2024-11-5,False,True
Michael McCaul,Republican,House,TX,UTHR,2024-11-18,False,True
Michael McCaul,Republican,House,TX,N/A,2024-11-28,True,False
Michael McCaul,Republican,House,TX,VWLUX,2024-10-31,True,False
Michael McCaul,Republican,House,TX,EQV,2024-11-12,True,False
Michael McCaul,Republican,House,TX,N/A,2024-11-14,True,False
Michael McCaul,Republican,House,TX,N/A,2024-11-13,True,False
Michael McCaul,Republican,House,TX,N/A,2024-11-25,True,False
Michael McCaul,Republican,House,TX,N/A,2024-11-24,True,False
Michael McCaul,Republican,House,TX,N/A,2024-11-28,True,False
Michael McCaul,Republican,House,TX,ABT,2024-11-3,True,False
Michael McCaul,Republican,House,TX,ARW,2024-11-21,True,False
Michael McCaul,Republican,House,TX,LBRDA,2024-11-7,True,False
Michael McCaul,Republican,House,TX,ARMK,2024-11-13,True,False
Michael McCaul,Republican,House,TX,N/A,2024-10-31,True,False
Michael McCaul,Republican,House,TX,FTNT,2024-11-11,True,False
Michael McCaul,Republican,House,TX,UBER,2024-10-31,True,False
Michael McCaul,Republican,House,TX,DT,2024-11-7,True,False
Michael McCaul,Republican,House,TX,FTNT,2024-11-11,True,False
Michael McCaul,Republican,House,TX,N/A,2024-10-31,True,False
Michael McCaul,Republican,House,TX,N/A,2024-10-31,True,False
Michael McCaul,Republican,House,TX,N/A,2024-11-14,False,True
Michael McCaul,Republican,House,TX,N/A,2024-11-24,False,True
Michael McCaul,Republican,House,TX,N/A,2024-10-31,False,True
Michael McCaul,Republican,House,TX,N/A,2024-11-6,False,True
Michael McCaul,Republican,House,TX,N/A,2024-11-19,False,True
Michael McCaul,Republican,House,TX,N/A,2024-10-31,False,True
Michael McCaul,Republican,House,TX,GOOGL,2024-11-18,False,True
Michael McCaul,Republican,House,TX,MSFT,2024-11-18,False,True
Michael McCaul,Republican,House,TX,GOOGL,2024-11-18,False,True
Michael McCaul,Republican,House,TX,NFLX,2024-11-18,False,True
Michael McCaul,Republican,House,TX,NFLX,2024-11-17,False,True
Michael McCaul,Republican,House,TX,HLT,2024-11-18,False,True
Michael McCaul,Republican,House,TX,DFS,2024-11-18,False,True
Michael McCaul,Republican,House,TX,GEV,2024-11-18,False,True
Michael McCaul,Republican,House,TX,GEV,2024-11-21,False,True
Michael McCaul,Republican,House,TX,GEV,2024-11-17,False,True
Michael McCaul,Republican,House,TX,NFLX,2024-11-26,False,True
Michael McCaul,Republican,House,TX,WFC,2024-11-18,False,True
Michael McCaul,Republican,House,TX,HWM,2024-11-18,False,True
Michael McCaul,Republican,House,TX,GEV,2024-11-18,False,True
Michael McCaul,Republican,House,TX,SAFRY,2024-11-18,False,True
Michael McCaul,Republican,House,TX,N/A,2024-10-31,False,True
Michael McCaul,Republican,House,TX,SNPS,2024-11-18,False,True
Michael McCaul,Republican,House,TX,AAPL,2024-11-11,False,True
Michael McCaul,Republican,House,TX,CDNS,2024-11-18,False,True
Michael McCaul,Republican,House,TX,GEV,2024-11-11,False,True
Michael McCaul,Republican,House,TX,ABT,2024-11-18,False,True
Michael McCaul,Republican,House,TX,WFC,2024-11-5,False,True
Michael McCaul,Republican,House,TX,TRS,2024-11-6,False,True
Michael McCaul,Republican,House,TX,AAPL,2024-11-11,False,True
Michael McCaul,Republican,House,TX,META,2024-11-18,False,True
Michael McCaul,Republican,House,TX,MA,2024-11-18,False,True
Michael McCaul,Republican,House,TX,AAPL,2024-11-7,False,True
Michael McCaul,Republican,House,TX,VOO,2024-11-18,False,True
Michael McCaul,Republican,House,TX,N/A,2024-10-31,False,True
Michael McCaul,Republican,House,TX,NBIX,2024-11-18,False,True
Michael McCaul,Republican,House,TX,TSM,2024-11-28,False,True
Michael McCaul,Republican,House,TX,COF,2024-11-18,False,True
Michael McCaul,Republican,House,TX,DT,2024-11-18,False,True
Michael McCaul,Republican,House,TX,V,2024-11-18,False,True
Michael McCaul,Republican,House,TX,AA,2024-11-18,False,True
Michael McCaul,Republican,House,TX,CMCSA,2024-11-18,False,True
Michael McCaul,Republican,House,TX,WWD,2024-11-18,False,True
Michael McCaul,Republican,House,TX,ADBE,2024-11-18,False,True
Michael McCaul,Republican,House,TX,SAP,2024-11-18,False,True
Michael McCaul,Republican,House,TX,ELV,2024-11-18,False,True
Michael McCaul,Republican,House,TX,N/A,2024-10-31,False,True
Michael McCaul,Republican,House,TX,AER,2024-11-18,False,True
Michael McCaul,Republican,House,TX,AMD,2024-11-18,False,True
Michael McCaul,Republican,House,TX,ADSK,2024-11-18,False,True
Michael McCaul,Republican,House,TX,UBER,2024-11-18,False,True
Michael McCaul,Republican,House,TX,V,2024-11-18,False,True
Michael McCaul,Republican,House,TX,OXY,2024-11-18,False,True
Michael McCaul,Republican,House,TX,NVO,2024-11-18,False,True
Michael McCaul,Republican,House,TX,PROSY,2024-11-18,False,True
Michael McCaul,Republican,House,TX,FI,2024-11-18,False,True
Michael McCaul,Republican,House,TX,N/A,2024-10-31,False,True
Michael McCaul,Republican,House,TX,BAYRY,2024-11-18,False,True
Michael McCaul,Republican,House,TX,N/A,2024-11-3,False,True
Michael McCaul,Republican,House,TX,FTNT,2024-11-18,False,True
Michael McCaul,Republican,House,TX,INTU,2024-11-18,False,True
Michael McCaul,Republican,House,TX,AON,2024-11-18,False,True
Michael McCaul,Republican,House,TX,SHEL,2024-11-18,False,True
Michael McCaul,Republican,House,TX,HUM,2024-11-18,False,True
Michael McCaul,Republican,House,TX,UNH,2024-11-21,False,True
Michael McCaul,Republican,House,TX,AIT,2024-10-31,False,True
Michael McCaul,Republican,House,TX,N/A,2024-11-18,False,True
Michael McCaul,Republican,House,TX,WDAY,2024-10-31,False,True
Michael McCaul,Republican,House,TX,N/A,2024-11-18,False,True
Michael McCaul,Republican,House,TX,AMZN,2024-11-18,False,True
Michael McCaul,Republican,House,TX,COP,2024-11-18,False,True
Michael McCaul,Republican,House,TX,CHTR,2024-11-18,False,True
Michael McCaul,Republican,House,TX,N/A,2024-11-14,False,True
Michael McCaul,Republican,House,TX,N/A,2024-11-11,False,True
Michael McCaul,Republican,House,TX,N/A,2024-11-11,False,True
Michael McCaul,Republican,House,TX,GOOGL,2024-11-18,False,True
Michael McCaul,Republican,House,TX,META,2024-11-18,False,True
Michael McCaul,Republican,House,TX,AAPL,2024-11-18,False,True
Michael McCaul,Republican,House,TX,ANET,2024-11-18,False,True
Michael McCaul,Republican,House,TX,AMZN,2024-11-18,False,True
Michael McCaul,Republican,House,TX,MSFT,2024-11-18,False,True
Michael McCaul,Republican,House,TX,N/A,2024-11-5,False,True
Michael McCaul,Republican,House,TX,NVDA,2024-11-18,False,True
Michael McCaul,Republican,House,TX,VOO,2024-11-17,False,True
Michael McCaul,Republican,House,TX,GPN,2024-11-5,True,False
Michael McCaul,Republican,House,TX,GPC,2024-11-18,True,False
Michael McCaul,Republican,House,TX,C,2024-11-18,True,False
Michael McCaul,Republican,House,TX,UTHR,2024-11-5,False,True
Michael McCaul,Republican,House,TX,LPLA,2024-11-19,False,True
Michael McCaul,Republican,House,TX,SUI,2024-11-19,False,True
Michael McCaul,Republican,House,TX,FIS,2024-11-19,False,True
Michael McCaul,Republican,House,TX,MUR,2024-11-19,False,True
Michael McCaul,Republican,House,TX,ALLY,2024-11-19,False,True
Michael McCaul,Republican,House,TX,INTC,2024-11-19,False,True
Michael McCaul,Republican,House,TX,COR,2024-11-18,False,True
Michael McCaul,Republican,House,TX,LVS,2024-11-19,False,True
Michael McCaul,Republican,House,TX,TPR,2024-11-19,False,True
Michael McCaul,Republican,House,TX,MRK,2024-11-19,False,True
Michael McCaul,Republican,House,TX,DOW,2024-11-19,False,True
Michael McCaul,Republican,House,TX,GPN,2024-11-19,False,True
Michael McCaul,Republican,House,TX,KHC,2024-11-19,False,True
Michael McCaul,Republican,House,TX,UTHR,2024-11-19,False,True
Michael McCaul,Republican,House,TX,COR,2024-11-19,False,True
Michael McCaul,Republican,House,TX,FDX,2024-11-19,False,True
Michael McCaul,Republican,House,TX,IBM,2024-11-19,False,True
Michael McCaul,Republican,House,TX,CVX,2024-11-19,False,True
Michael McCaul,Republican,House,TX,D,2024-11-19,False,True
Michael McCaul,Republican,House,TX,TSN,2024-11-19,False,True
Michael McCaul,Republican,House,TX,T,2024-11-19,False,True
Michael McCaul,Republican,House,TX,NFG,2024-11-19,False,True
Michael McCaul,Republican,House,TX,ALL,2024-11-19,False,True
Michael McCaul,Republican,House,TX,EQH,2024-11-19,False,True
Michael McCaul,Republican,House,TX,FIS,2024-11-5,False,True
Michael McCaul,Republican,House,TX,UTHR,2024-11-18,False,True
Michael McCaul,Republican,House,TX,N/A,2024-11-28,True,False
Michael McCaul,Republican,House,TX,VWLUX,2024-10-31,True,False
Marjorie Taylor Greene,Republican,House,GA,N/A,2024-12-15,True,False
Mark Green,Republican,House,TN,NGL,2024-12-2,False,True
John Boozman,Republican,Senate,AR,VWO,2024-11-19,False,True
John Boozman,Republican,Senate,AR,SWKS,2024-11-19,False,True
John Boozman,Republican,Senate,AR,BBEU,2024-11-19,False,True
John Boozman,Republican,Senate,AR,SPY,2024-11-12,True,False
John Boozman,Republican,Senate,AR,AAXJ,2024-11-19,True,False
Thomas Kean Jr,Republican,House,NJ,FTV,2024-11-3,True,False
Thomas Kean Jr,Republican,House,NJ,LBYAV,2024-11-12,False,False
Thomas Kean Jr,Republican,House,NJ,LBYAV,2024-11-12,False,False
Thomas Kean Jr,Republican,House,NJ,PDRDY,2024-11-3,False,True
Thomas Kean Jr,Republican,House,NJ,SNRE,2024-11-12,False,False
Scott Peters,Democrat,House,CA,N/A,2024-11-17,True,False
Scott Peters,Democrat,House,CA,N/A,2024-11-6,True,False
Kevin Hern,Republican,House,OK,N/A,2024-11-17,False,True
Neal Dunn,Republican,House,FL,CADE,2024-11-5,True,False
Neal Dunn,Republican,House,FL,COF,2024-11-5,True,False
Neal Dunn,Republican,House,FL,JPM,2024-11-5,True,False
Neal Dunn,Republican,House,FL,RF,2024-11-5,True,False
Neal Dunn,Republican,House,FL,USB,2024-11-5,True,False
Tony Wied,Republican,House,WI,FTNT,2024-11-18,False,True
Tony Wied,Republican,House,WI,FTNT,2024-11-18,False,True
Jonathan Jackson,Democrat,House,IL,AMZN,2024-11-26,True,False
Jonathan Jackson,Democrat,House,IL,AMAT,2024-11-26,False,True
Jonathan Jackson,Democrat,House,IL,CHD,2024-11-12,True,False
Jonathan Jackson,Democrat,House,IL,REGN,2024-11-12,False,True
Jonathan Jackson,Democrat,House,IL,REGN,2024-10-31,False,True
Greg Landsman,Democrat,House,OH,AMP,2024-11-7,True,False
Greg Landsman,Democrat,House,OH,LLY,2024-11-7,False,True
Greg Landsman,Democrat,House,OH,URI,2024-11-7,True,False
Lance Gooden,Republican,House,TX,WAL,2024-11-14,False,True
Mike Kelly,Republican,House,PA,N/A,2024-12-1,False,True
Mike Kelly,Republican,House,PA,INTC,2024-11-7,False,True
Mike Kelly,Republican,House,PA,N/A,2024-11-10,True,False
Mike Kelly,Republican,House,PA,UNP,2024-11-7,False,True
Virginia Foxx,Republican,House,NC,ARLP,2024-11-13,True,False
Virginia Foxx,Republican,House,NC,T,2024-10-31,True,False
Virginia Foxx,Republican,House,NC,ET,2024-11-18,True,False
Virginia Foxx,Republican,House,NC,HTGC,2024-11-19,True,False
Richard Blumenthal,Democrat,Senate,CT,N/A,2024-11-17,False,True
Richard Blumenthal,Democrat,Senate,CT,N/A,2024-11-17,True,False
Morgan McGarvey,Democrat,House,KY,AMZN,2024-11-12,False,True
Morgan McGarvey,Democrat,House,KY,SCHW,2024-11-12,False,True
Morgan McGarvey,Democrat,House,KY,IBKR,2024-11-12,False,True
Morgan McGarvey,Democrat,House,KY,MSFT,2024-11-12,False,True
Morgan McGarvey,Democrat,House,KY,NVDA,2024-11-12,False,True
Morgan McGarvey,Democrat,House,KY,NVDA,2024-11-12,False,True
Morgan McGarvey,Democrat,House,KY,NVDA,2024-11-12,False,True
Morgan McGarvey,Democrat,House,KY,NVDA,2024-11-12,False,True
Morgan McGarvey,Democrat,House,KY,NVDA,2024-11-12,False,True
Morgan McGarvey,Democrat,House,KY,SHEL,2024-11-12,False,True
Morgan McGarvey,Democrat,House,KY,TSLA,2024-11-12,False,True
Morgan McGarvey,Democrat,House,KY,DWAC,2024-11-5,True,False
Morgan McGarvey,Democrat,House,KY,DWAC,2024-11-7,False,True
Jared Moskowitz,Democrat,House,FL,AOS,2024-11-7,False,True
Jared Moskowitz,Democrat,House,FL,ACN,2024-11-7,True,False
Jared Moskowitz,Democrat,House,FL,GOOGL,2024-11-7,True,False
Jared Moskowitz,Democrat,House,FL,AMZN,2024-11-7,True,False
Jared Moskowitz,Democrat,House,FL,AMZN,2024-11-7,True,False
Jared Moskowitz,Democrat,House,FL,AMZN,2024-11-7,True,False
Jared Moskowitz,Democrat,House,FL,ADI,2024-11-7,True,False
Jared Moskowitz,Democrat,House,FL,ATO,2024-11-7,True,False
Jared Moskowitz,Democrat,House,FL,BRK/B,2024-11-7,True,False
Jared Moskowitz,Democrat,House,FL,AVGO,2024-11-7,True,False
Jared Moskowitz,Democrat,House,FL,AVGO,2024-11-7,True,False
Jared Moskowitz,Democrat,House,FL,CVX,2024-11-7,False,True
Jared Moskowitz,Democrat,House,FL,CMI,2024-11-7,True,False
Jared Moskowitz,Democrat,House,FL,CMI,2024-11-7,True,False
Jared Moskowitz,Democrat,House,FL,ELV,2024-11-7,True,False
Jared Moskowitz,Democrat,House,FL,XOM,2024-11-7,False,True
Jared Moskowitz,Democrat,House,FL,HD,2024-11-7,True,False
Jared Moskowitz,Democrat,House,FL,JNJ,2024-11-7,True,False
Jared Moskowitz,Democrat,House,FL,JPM,2024-11-7,True,False
Jared Moskowitz,Democrat,House,FL,LIN,2024-11-7,True,False
Jared Moskowitz,Democrat,House,FL,LIN,2024-11-7,True,False
Jared Moskowitz,Democrat,House,FL,LMT,2024-11-7,True,False
Jared Moskowitz,Democrat,House,FL,MCD,2024-11-7,True,False
Jared Moskowitz,Democrat,House,FL,MRK,2024-11-7,True,False
Jared Moskowitz,Democrat,House,FL,META,2024-11-7,True,False
Jared Moskowitz,Democrat,House,FL,NVDA,2024-11-7,True,False
Jared Moskowitz,Democrat,House,FL,ORCL,2024-11-7,True,False
Jared Moskowitz,Democrat,House,FL,PEP,2024-11-7,True,False
Jared Moskowitz,Democrat,House,FL,PEP,2024-11-7,True,False
Jared Moskowitz,Democrat,House,FL,QCOM,2024-11-7,True,False
Jared Moskowitz,Democrat,House,FL,SBCF,2024-11-7,False,True
Jared Moskowitz,Democrat,House,FL,SBCF,2024-11-7,False,True
Jared Moskowitz,Democrat,House,FL,SHW,2024-11-7,True,False
Jared Moskowitz,Democrat,House,FL,SHW,2024-11-7,True,False
Jared Moskowitz,Democrat,House,FL,SHW,2024-11-7,True,False
Jared Moskowitz,Democrat,House,FL,TXN,2024-11-7,True,False
Jared Moskowitz,Democrat,House,FL,XLE,2024-11-7,True,False
Jared Moskowitz,Democrat,House,FL,TMUS,2024-11-7,True,False
Jared Moskowitz,Democrat,House,FL,TSCO,2024-11-7,True,False
Jared Moskowitz,Democrat,House,FL,TSCO,2024-11-7,True,False
Jared Moskowitz,Democrat,House,FL,WST,2024-11-7,False,True
Earl Blumenauer,Democrat,House,OR,BAC,2024-11-7,True,False
Earl Blumenauer,Democrat,House,OR,CMCSA,2024-11-20,True,False
Earl Blumenauer,Democrat,House,OR,CMCSA,2024-11-20,False,True
Earl Blumenauer,Democrat,House,OR,NWN,2024-11-14,True,False
Earl Blumenauer,Democrat,House,OR,KR,2024-11-7,True,False
Earl Blumenauer,Democrat,House,OR,TM,2024-11-7,False,True
Earl Blumenauer,Democrat,House,OR,N/A,2024-11-18,True,False
Earl Blumenauer,Democrat,House,OR,N/A,2024-11-18,True,False
Don Beyer,Democrat,House,VA,N/A,2024-11-13,True,False
Don Beyer,Democrat,House,VA,N/A,2024-11-20,True,False
Don Beyer,Democrat,House,VA,N/A,2024-11-20,True,False
Max Miller,Republican,House,OH,N/A,2024-11-25,True,False
Doug Lamborn,Republican,House,CO,NTAP,2024-11-20,False,True
Doug Lamborn,Republican,House,CO,NTAP,2024-11-20,False,True
Doug Lamborn,Republican,House,CO,NTAP,2024-11-20,False,True
Doug Lamborn,Republican,House,CO,NTAP,2024-12-3,False,True
Ro Khanna,Democrat,House,CA,CM,2024-11-19,True,False
Ro Khanna,Democrat,House,CA,PFE,2024-11-12,True,False
Ro Khanna,Democrat,House,CA,MS,2024-10-31,True,False
Ro Khanna,Democrat,House,CA,UNH,2024-10-31,True,False
Ro Khanna,Democrat,House,CA,ODFL,2024-10-31,True,False
Ro Khanna,Democrat,House,CA,DHR,2024-10-31,True,False
Ro Khanna,Democrat,House,CA,BRK/B,2024-11-3,True,False
Ro Khanna,Democrat,House,CA,BRK/B,2024-11-3,True,False
Ro Khanna,Democrat,House,CA,GEVO,2024-10-31,True,False
Ro Khanna,Democrat,House,CA,NVDA,2024-10-31,True,False
Ro Khanna,Democrat,House,CA,MS,2024-10-31,True,False
Ro Khanna,Democrat,House,CA,LLY,2024-10-31,False,True
Ro Khanna,Democrat,House,CA,GEVO,2024-10-31,False,True
Ro Khanna,Democrat,House,CA,WFC,2024-11-5,False,True
Ro Khanna,Democrat,House,CA,ALL,2024-11-21,False,True
Ro Khanna,Democrat,House,CA,AMZN,2024-11-13,False,True
Ro Khanna,Democrat,House,CA,PH,2024-11-5,False,True
Ro Khanna,Democrat,House,CA,WFC,2024-11-20,False,True
Ro Khanna,Democrat,House,CA,ALL,2024-11-5,False,True
Ro Khanna,Democrat,House,CA,PH,2024-11-13,False,True
Ro Khanna,Democrat,House,CA,PG,2024-10-31,False,True
Ro Khanna,Democrat,House,CA,PINS,2024-11-7,True,False
Ro Khanna,Democrat,House,CA,UCTT,2024-11-6,True,False
Ro Khanna,Democrat,House,CA,PINS,2024-11-25,True,False
Ro Khanna,Democrat,House,CA,GLW,2024-11-7,False,True
Ro Khanna,Democrat,House,CA,AXTA,2024-11-11,False,True
Ro Khanna,Democrat,House,CA,SSNC,2024-11-25,False,True
Ro Khanna,Democrat,House,CA,WFC,2024-11-5,False,True
Ro Khanna,Democrat,House,CA,V,2024-11-14,True,False
Ro Khanna,Democrat,House,CA,T,2024-11-14,True,False
Ro Khanna,Democrat,House,CA,DHR,2024-11-14,True,False
Ro Khanna,Democrat,House,CA,DIS,2024-11-14,True,False
Ro Khanna,Democrat,House,CA,ADBE,2024-11-14,True,False
Ro Khanna,Democrat,House,CA,UNP,2024-11-14,True,False
Ro Khanna,Democrat,House,CA,N/A,2024-10-31,True,False
Ro Khanna,Democrat,House,CA,WFC,2024-11-14,True,False
Ro Khanna,Democrat,House,CA,BLK,2024-11-14,True,False
Ro Khanna,Democrat,House,CA,JNJ,2024-11-14,True,False
Ro Khanna,Democrat,House,CA,TMUS,2024-11-14,True,False
Ro Khanna,Democrat,House,CA,PNC,2024-11-14,True,False
Ro Khanna,Democrat,House,CA,N/A,2024-11-14,True,False
Ro Khanna,Democrat,House,CA,VRTX,2024-11-14,True,False
Ro Khanna,Democrat,House,CA,LEN,2024-11-14,True,False
Ro Khanna,Democrat,House,CA,NXPI,2024-11-14,True,False
Ro Khanna,Democrat,House,CA,JPM,2024-11-14,True,False
Ro Khanna,Democrat,House,CA,PPG,2024-11-14,True,False
Ro Khanna,Democrat,House,CA,CSX,2024-11-14,True,False
Ro Khanna,Democrat,House,CA,AMT,2024-11-14,True,False
Ro Khanna,Democrat,House,CA,CB,2024-11-14,True,False
Ro Khanna,Democrat,House,CA,LRCX,2024-11-14,True,False
Ro Khanna,Democrat,House,CA,ZBH,2024-11-14,True,False
Ro Khanna,Democrat,House,CA,KMB,2024-11-14,True,False
Ro Khanna,Democrat,House,CA,WM,2024-11-14,True,False
Ro Khanna,Democrat,House,CA,PHM,2024-11-14,True,False
Ro Khanna,Democrat,House,CA,ARE,2024-11-14,True,False
Ro Khanna,Democrat,House,CA,PRU,2024-11-14,True,False
Ro Khanna,Democrat,House,CA,GIS,2024-11-14,True,False
Ro Khanna,Democrat,House,CA,MDT,2024-11-14,True,False
Ro Khanna,Democrat,House,CA,HSIC,2024-11-14,True,False
Ro Khanna,Democrat,House,CA,COO,2024-11-14,True,False
Ro Khanna,Democrat,House,CA,CRL,2024-11-14,True,False
Ro Khanna,Democrat,House,CA,RVTY,2024-11-14,True,False
Ro Khanna,Democrat,House,CA,HUM,2024-11-14,True,False
Ro Khanna,Democrat,House,CA,NSC,2024-11-14,True,False
Ro Khanna,Democrat,House,CA,BIIB,2024-11-14,True,False
Ro Khanna,Democrat,House,CA,COR,2024-11-14,True,False
Ro Khanna,Democrat,House,CA,ULTA,2024-11-14,True,False
Ro Khanna,Democrat,House,CA,WAT,2024-11-14,True,False
Ro Khanna,Democrat,House,CA,STZ,2024-11-14,True,False
Ro Khanna,Democrat,House,CA,DECK,2024-11-14,True,False
Ro Khanna,Democrat,House,CA,RMD,2024-11-14,True,False
Ro Khanna,Democrat,House,CA,AOS,2024-11-14,True,False
Ro Khanna,Democrat,House,CA,CTLT,2024-11-14,True,False
Ro Khanna,Democrat,House,CA,DHI,2024-11-14,True,False
Ro Khanna,Democrat,House,CA,DGX,2024-11-14,True,False
Ro Khanna,Democrat,House,CA,MTB,2024-11-14,True,False
Ro Khanna,Democrat,House,CA,BG,2024-11-14,True,False
Ro Khanna,Democrat,House,CA,RL,2024-11-14,True,False
Ro Khanna,Democrat,House,CA,VTRS,2024-11-14,True,False
Ro Khanna,Democrat,House,CA,BEN,2024-11-14,True,False
Ro Khanna,Democrat,House,CA,ADI,2024-11-14,True,False
Ro Khanna,Democrat,House,CA,TER,2024-11-14,True,False
Ro Khanna,Democrat,House,CA,GILD,2024-11-14,True,False
Ro Khanna,Democrat,House,CA,TAP,2024-11-14,True,False
Ro Khanna,Democrat,House,CA,BWA,2024-11-14,True,False
Ro Khanna,Democrat,House,CA,LKQ,2024-11-14,True,False
Ro Khanna,Democrat,House,CA,INTC,2024-11-14,True,False
Ro Khanna,Democrat,House,CA,EMN,2024-11-14,True,False
Ro Khanna,Democrat,House,CA,INCY,2024-11-14,True,False
Ro Khanna,Democrat,House,CA,CAG,2024-11-14,True,False
Ro Khanna,Democrat,House,CA,XYL,2024-11-14,True,False
Ro Khanna,Democrat,House,CA,DG,2024-11-14,True,False
Ro Khanna,Democrat,House,CA,SOLV,2024-11-14,True,False
Ro Khanna,Democrat,House,CA,SYY,2024-11-14,True,False
Ro Khanna,Democrat,House,CA,TROW,2024-11-14,True,False
Ro Khanna,Democrat,House,CA,WBD,2024-11-14,True,False
Ro Khanna,Democrat,House,CA,HRL,2024-11-14,True,False
Ro Khanna,Democrat,House,CA,MU,2024-11-14,True,False
Ro Khanna,Democrat,House,CA,MNST,2024-11-14,True,False
Ro Khanna,Democrat,House,CA,CDNS,2024-11-14,True,False
Ro Khanna,Democrat,House,CA,BAX,2024-11-14,True,False
Ro Khanna,Democrat,House,CA,TECH,2024-11-14,True,False
Ro Khanna,Democrat,House,CA,LOW,2024-11-14,True,False
Ro Khanna,Democrat,House,CA,UPS,2024-11-14,True,False
Ro Khanna,Democrat,House,CA,ADM,2024-11-14,True,False
Ro Khanna,Democrat,House,CA,EXPE,2024-11-14,True,False
Ro Khanna,Democrat,House,CA,BMY,2024-11-14,True,False
Ro Khanna,Democrat,House,CA,DE,2024-11-14,True,False
Ro Khanna,Democrat,House,CA,VZ,2024-11-14,False,True
Ro Khanna,Democrat,House,CA,MRK,2024-11-14,False,True
Ro Khanna,Democrat,House,CA,PEP,2024-11-14,False,True
Ro Khanna,Democrat,House,CA,QCOM,2024-11-14,False,True
Ro Khanna,Democrat,House,CA,TMO,2024-11-14,False,True
Ro Khanna,Democrat,House,CA,PFE,2024-11-14,False,True
Ro Khanna,Democrat,House,CA,AMGN,2024-11-14,False,True
Ro Khanna,Democrat,House,CA,JCI,2024-11-14,False,True
Ro Khanna,Democrat,House,CA,ELV,2024-11-14,False,True
Ro Khanna,Democrat,House,CA,FITB,2024-11-14,False,True
Ro Khanna,Democrat,House,CA,MMM,2024-11-14,False,True
Ro Khanna,Democrat,House,CA,NKE,2024-11-14,False,True
Ro Khanna,Democrat,House,CA,USB,2024-11-14,False,True
Ro Khanna,Democrat,House,CA,TGT,2024-11-14,False,True
Ro Khanna,Democrat,House,CA,KEY,2024-11-14,False,True
Ro Khanna,Democrat,House,CA,REGN,2024-11-14,False,True
Ro Khanna,Democrat,House,CA,PYPL,2024-11-14,False,True
Ro Khanna,Democrat,House,CA,A,2024-11-14,False,True
Ro Khanna,Democrat,House,CA,MDLZ,2024-11-14,False,True
Ro Khanna,Democrat,House,CA,ROST,2024-11-14,False,True
Ro Khanna,Democrat,House,CA,CBRE,2024-11-14,False,True
Ro Khanna,Democrat,House,CA,MCO,2024-11-14,False,True
Ro Khanna,Democrat,House,CA,CMA,2024-11-14,False,True
Ro Khanna,Democrat,House,CA,KLAC,2024-11-14,False,True
Ro Khanna,Democrat,House,CA,NTRS,2024-11-14,False,True
Ro Khanna,Democrat,House,CA,MAA,2024-11-14,False,True
Ro Khanna,Democrat,House,CA,IDXX,2024-11-14,False,True
Ro Khanna,Democrat,House,CA,AIG,2024-11-14,False,True
Ro Khanna,Democrat,House,CA,MTD,2024-11-14,False,True
Ro Khanna,Democrat,House,CA,GWW,2024-11-14,False,True
Ro Khanna,Democrat,House,CA,CVS,2024-11-14,False,True
Ro Khanna,Democrat,House,CA,TFX,2024-11-14,False,True
Ro Khanna,Democrat,House,CA,MPWR,2024-11-14,False,True
Ro Khanna,Democrat,House,CA,TSCO,2024-11-14,False,True
Ro Khanna,Democrat,House,CA,SWKS,2024-11-14,False,True
Ro Khanna,Democrat,House,CA,BBY,2024-11-14,False,True
Ro Khanna,Democrat,House,CA,CNC,2024-11-14,False,True
Ro Khanna,Democrat,House,CA,MCHP,2024-11-14,False,True
Ro Khanna,Democrat,House,CA,CFG,2024-11-14,False,True
Ro Khanna,Democrat,House,CA,GRMN,2024-11-14,False,True
Ro Khanna,Democrat,House,CA,GEHC,2024-11-14,False,True
Ro Khanna,Democrat,House,CA,PODD,2024-11-14,False,True
Ro Khanna,Democrat,House,CA,ZBRA,2024-11-14,False,True
Ro Khanna,Democrat,House,CA,IQV,2024-11-14,False,True
Ro Khanna,Democrat,House,CA,ALK,2024-11-14,False,True
Ro Khanna,Democrat,House,CA,RE,2024-11-14,False,True
Ro Khanna,Democrat,House,CA,HBAN,2024-11-14,False,True
Ro Khanna,Democrat,House,CA,UBER,2024-11-14,False,True
Ro Khanna,Democrat,House,CA,AMD,2024-11-14,False,True
Ro Khanna,Democrat,House,CA,MHK,2024-11-14,False,True
Ro Khanna,Democrat,House,CA,CLX,2024-11-14,False,True
Ro Khanna,Democrat,House,CA,STE,2024-11-14,False,True
Ro Khanna,Democrat,House,CA,EXPD,2024-11-14,False,True
Ro Khanna,Democrat,House,CA,VICI,2024-11-14,False,True
Ro Khanna,Democrat,House,CA,EQR,2024-11-14,False,True
Ro Khanna,Democrat,House,CA,DD,2024-11-14,False,True
Ro Khanna,Democrat,House,CA,BF/A,2024-11-14,False,True
Ro Khanna,Democrat,House,CA,IVZ,2024-11-14,False,True
Ro Khanna,Democrat,House,CA,HAS,2024-11-14,False,True
Ro Khanna,Democrat,House,CA,CDW,2024-11-14,False,True
Ro Khanna,Democrat,House,CA,AKAM,2024-11-14,False,True
Ro Khanna,Democrat,House,CA,KHC,2024-11-14,False,True
Ro Khanna,Democrat,House,CA,PFG,2024-11-14,False,True
Ro Khanna,Democrat,House,CA,JKHY,2024-11-14,False,True
Ro Khanna,Democrat,House,CA,ACGL,2024-11-14,False,True
Ro Khanna,Democrat,House,CA,GPC,2024-11-14,False,True
Ro Khanna,Democrat,House,CA,FMC,2024-11-14,False,True
Ro Khanna,Democrat,House,CA,TDY,2024-11-14,False,True
Ro Khanna,Democrat,House,CA,INVH,2024-11-14,False,True
Ro Khanna,Democrat,House,CA,SPOT,2024-11-14,False,True
Ro Khanna,Democrat,House,CA,SBAC,2024-11-14,False,True
Ro Khanna,Democrat,House,CA,APTV,2024-11-14,False,True
Ro Khanna,Democrat,House,CA,QRVO,2024-11-14,False,True
Ro Khanna,Democrat,House,CA,EL,2024-11-14,False,True
Ro Khanna,Democrat,House,CA,SMCI,2024-11-14,False,True
Ro Khanna,Democrat,House,CA,N/A,2024-11-14,True,False
Ro Khanna,Democrat,House,CA,N/A,2024-11-14,True,False
Ro Khanna,Democrat,House,CA,PINS,2024-11-7,True,False
Ro Khanna,Democrat,House,CA,PINS,2024-11-14,True,False
Ro Khanna,Democrat,House,CA,UCTT,2024-11-6,True,False
Ro Khanna,Democrat,House,CA,UCTT,2024-11-26,True,False
Ro Khanna,Democrat,House,CA,DNB,2024-11-4,True,False
Ro Khanna,Democrat,House,CA,UCTT,2024-11-4,True,False
Ro Khanna,Democrat,House,CA,UCTT,2024-11-3,True,False
Ro Khanna,Democrat,House,CA,PINS,2024-11-6,True,False
Ro Khanna,Democrat,House,CA,UCTT,2024-11-14,True,False
Ro Khanna,Democrat,House,CA,PINS,2024-11-25,True,False
Ro Khanna,Democrat,House,CA,PINS,2024-11-26,True,False
Ro Khanna,Democrat,House,CA,PINS,2024-11-20,True,False
Ro Khanna,Democrat,House,CA,NCR,2024-11-6,True,False
Ro Khanna,Democrat,House,CA,DNB,2024-10-31,True,False
Ro Khanna,Democrat,House,CA,SSNC,2024-11-25,False,True
Ro Khanna,Democrat,House,CA,GLW,2024-11-7,False,True
Ro Khanna,Democrat,House,CA,DIS,2024-11-25,False,True
Ro Khanna,Democrat,House,CA,AXTA,2024-11-11,False,True
Ro Khanna,Democrat,House,CA,AVTR,2024-11-7,False,True
Ro Khanna,Democrat,House,CA,AVTR,2024-11-12,False,True
Ro Khanna,Democrat,House,CA,AVTR,2024-11-13,False,True
Ro Khanna,Democrat,House,CA,AXTA,2024-11-18,False,True
Ro Khanna,Democrat,House,CA,MHK,2024-11-6,False,True
Ro Khanna,Democrat,House,CA,CM,2024-11-19,True,False
Ro Khanna,Democrat,House,CA,WM,2024-11-11,True,False
Ro Khanna,Democrat,House,CA,CB,2024-11-11,True,False
Ro Khanna,Democrat,House,CA,AME,2024-11-11,True,False
Ro Khanna,Democrat,House,CA,AAPL,2024-11-11,True,False
Ro Khanna,Democrat,House,CA,NDAQ,2024-11-11,True,False
Ro Khanna,Democrat,House,CA,KKR,2024-11-11,True,False
Ro Khanna,Democrat,House,CA,DOV,2024-11-11,True,False
Ro Khanna,Democrat,House,CA,TROW,2024-11-11,True,False
Ro Khanna,Democrat,House,CA,PINS,2024-11-7,True,False
Ro Khanna,Democrat,House,CA,BAC,2024-11-11,True,False
Ro Khanna,Democrat,House,CA,AVGO,2024-11-11,True,False
Ro Khanna,Democrat,House,CA,BK,2024-11-11,True,False
Ro Khanna,Democrat,House,CA,HUBB,2024-11-11,True,False
Ro Khanna,Democrat,House,CA,AIG,2024-11-11,True,False
Ro Khanna,Democrat,House,CA,V,2024-11-11,True,False
Ro Khanna,Democrat,House,CA,JNJ,2024-11-11,True,False
Ro Khanna,Democrat,House,CA,COR,2024-11-11,True,False
Ro Khanna,Democrat,House,CA,AMP,2024-11-11,True,False
Ro Khanna,Democrat,House,CA,AMGN,2024-11-11,True,False
Ro Khanna,Democrat,House,CA,TMO,2024-11-11,True,False
Ro Khanna,Democrat,House,CA,LYB,2024-11-11,True,False
Ro Khanna,Democrat,House,CA,AFL,2024-11-11,True,False
Ro Khanna,Democrat,House,CA,ZBH,2024-11-11,True,False
Ro Khanna,Democrat,House,CA,TXN,2024-11-11,True,False
Ro Khanna,Democrat,House,CA,MS,2024-11-11,True,False
Ro Khanna,Democrat,House,CA,IR,2024-11-11,True,False
Ro Khanna,Democrat,House,CA,DIS,2024-11-11,True,False
Ro Khanna,Democrat,House,CA,UPS,2024-11-11,True,False
Ro Khanna,Democrat,House,CA,PFG,2024-11-11,True,False
Ro Khanna,Democrat,House,CA,AOS,2024-11-11,True,False
Ro Khanna,Democrat,House,CA,CCI,2024-11-11,True,False
Ro Khanna,Democrat,House,CA,COO,2024-11-11,True,False
Ro Khanna,Democrat,House,CA,BKNG,2024-11-11,True,False
Ro Khanna,Democrat,House,CA,OTIS,2024-11-11,True,False
Ro Khanna,Democrat,House,CA,PPG,2024-11-11,True,False
Ro Khanna,Democrat,House,CA,DHR,2024-11-11,True,False
Ro Khanna,Democrat,House,CA,STZ,2024-11-11,True,False
Ro Khanna,Democrat,House,CA,IBM,2024-11-11,True,False
Ro Khanna,Democrat,House,CA,KMB,2024-11-11,True,False
Ro Khanna,Democrat,House,CA,AMZN,2024-11-11,True,False
Ro Khanna,Democrat,House,CA,MCK,2024-11-11,True,False
Ro Khanna,Democrat,House,CA,BDX,2024-11-11,True,False
Ro Khanna,Democrat,House,CA,ADP,2024-11-11,True,False
Ro Khanna,Democrat,House,CA,MLM,2024-11-11,True,False
Ro Khanna,Democrat,House,CA,PAYX,2024-11-11,True,False
Ro Khanna,Democrat,House,CA,EXPD,2024-11-11,True,False
Ro Khanna,Democrat,House,CA,JBHT,2024-11-11,True,False
Ro Khanna,Democrat,House,CA,AJG,2024-11-11,True,False
Ro Khanna,Democrat,House,CA,PCAR,2024-11-11,True,False
Ro Khanna,Democrat,House,CA,VMC,2024-11-11,True,False
Ro Khanna,Democrat,House,CA,STT,2024-11-11,True,False
Ro Khanna,Democrat,House,CA,URI,2024-11-11,True,False
Ro Khanna,Democrat,House,CA,FDX,2024-11-11,True,False
Ro Khanna,Democrat,House,CA,MAR,2024-11-11,True,False
Ro Khanna,Democrat,House,CA,BRO,2024-11-11,True,False
Ro Khanna,Democrat,House,CA,BEN,2024-11-11,True,False
Ro Khanna,Democrat,House,CA,HBAN,2024-11-11,True,False
Ro Khanna,Democrat,House,CA,TT,2024-11-11,True,False
Ro Khanna,Democrat,House,CA,DLR,2024-11-11,True,False
Ro Khanna,Democrat,House,CA,CHD,2024-11-11,True,False
Ro Khanna,Democrat,House,CA,NSC,2024-11-11,True,False
Ro Khanna,Democrat,House,CA,N/A,2024-11-7,True,False
Ro Khanna,Democrat,House,CA,PG,2024-11-11,True,False
Ro Khanna,Democrat,House,CA,MDT,2024-11-11,True,False
Ro Khanna,Democrat,House,CA,EW,2024-11-11,True,False
Ro Khanna,Democrat,House,CA,T,2024-11-11,True,False
Ro Khanna,Democrat,House,CA,GIS,2024-11-11,True,False
Ro Khanna,Democrat,House,CA,SPGI,2024-11-11,True,False
Ro Khanna,Democrat,House,CA,KDP,2024-11-11,True,False
Ro Khanna,Democrat,House,CA,IEX,2024-11-11,True,False
Ro Khanna,Democrat,House,CA,STE,2024-11-11,True,False
Ro Khanna,Democrat,House,CA,COST,2024-11-11,True,False
Ro Khanna,Democrat,House,CA,BRK/B,2024-11-11,True,False
Ro Khanna,Democrat,House,CA,EA,2024-11-11,True,False
Ro Khanna,Democrat,House,CA,DGX,2024-11-11,True,False
Ro Khanna,Democrat,House,CA,ADSK,2024-11-11,True,False
Ro Khanna,Democrat,House,CA,MA,2024-11-11,True,False
Ro Khanna,Democrat,House,CA,KHC,2024-11-11,True,False
Ro Khanna,Democrat,House,CA,DG,2024-11-11,True,False
Ro Khanna,Democrat,House,CA,UCTT,2024-11-6,True,False
Ro Khanna,Democrat,House,CA,UCTT,2024-11-26,True,False
Ro Khanna,Democrat,House,CA,DNB,2024-11-4,True,False
Ro Khanna,Democrat,House,CA,UCTT,2024-11-4,True,False
Ro Khanna,Democrat,House,CA,UCTT,2024-11-3,True,False
Ro Khanna,Democrat,House,CA,PINS,2024-11-6,True,False
Ro Khanna,Democrat,House,CA,UCTT,2024-11-14,True,False
Ro Khanna,Democrat,House,CA,PINS,2024-11-25,True,False
Ro Khanna,Democrat,House,CA,PINS,2024-11-20,True,False
Ro Khanna,Democrat,House,CA,NCR,2024-11-6,True,False
Ro Khanna,Democrat,House,CA,PINS,2024-11-18,True,False
Ro Khanna,Democrat,House,CA,DNB,2024-10-31,True,False
Ro Khanna,Democrat,House,CA,ENLAY,2024-11-7,True,False
Ro Khanna,Democrat,House,CA,XSP,2024-11-18,False,True
Ro Khanna,Democrat,House,CA,XSP,2024-11-6,False,True
Ro Khanna,Democrat,House,CA,XSP,2024-11-11,False,True
Ro Khanna,Democrat,House,CA,XSP,2024-11-25,False,True
Ro Khanna,Democrat,House,CA,ABT,2024-11-11,False,True
Ro Khanna,Democrat,House,CA,KO,2024-11-11,False,True
Ro Khanna,Democrat,House,CA,BLK,2024-11-11,False,True
Ro Khanna,Democrat,House,CA,LIN,2024-11-11,False,True
Ro Khanna,Democrat,House,CA,ITW,2024-11-11,False,True
Ro Khanna,Democrat,House,CA,SYK,2024-11-11,False,True
Ro Khanna,Democrat,House,CA,UNP,2024-11-11,False,True
Ro Khanna,Democrat,House,CA,EMR,2024-11-11,False,True
Ro Khanna,Democrat,House,CA,CSX,2024-11-11,False,True
Ro Khanna,Democrat,House,CA,PRU,2024-11-11,False,True
Ro Khanna,Democrat,House,CA,APH,2024-11-11,False,True
Ro Khanna,Democrat,House,CA,JCI,2024-11-11,False,True
Ro Khanna,Democrat,House,CA,QCOM,2024-11-11,False,True
Ro Khanna,Democrat,House,CA,MET,2024-11-11,False,True
Ro Khanna,Democrat,House,CA,SCHW,2024-11-11,False,True
Ro Khanna,Democrat,House,CA,MMC,2024-11-11,False,True
Ro Khanna,Democrat,House,CA,BX,2024-11-11,False,True
Ro Khanna,Democrat,House,CA,HLT,2024-11-11,False,True
Ro Khanna,Democrat,House,CA,ICE,2024-11-11,False,True
Ro Khanna,Democrat,House,CA,ETN,2024-11-11,False,True
Ro Khanna,Democrat,House,CA,HPQ,2024-11-11,False,True
Ro Khanna,Democrat,House,CA,FAST,2024-11-11,False,True
Ro Khanna,Democrat,House,CA,RMD,2024-11-11,False,True
Ro Khanna,Democrat,House,CA,KEYS,2024-11-11,False,True
Ro Khanna,Democrat,House,CA,NTRS,2024-11-11,False,True
Ro Khanna,Democrat,House,CA,MRK,2024-11-11,False,True
Ro Khanna,Democrat,House,CA,ELV,2024-11-11,False,True
Ro Khanna,Democrat,House,CA,SSNC,2024-11-25,False,True
Ro Khanna,Democrat,House,CA,IDXX,2024-11-11,False,True
Ro Khanna,Democrat,House,CA,ROST,2024-11-11,False,True
Ro Khanna,Democrat,House,CA,AMT,2024-11-11,False,True
Ro Khanna,Democrat,House,CA,TGT,2024-11-11,False,True
Ro Khanna,Democrat,House,CA,A,2024-11-11,False,True
Ro Khanna,Democrat,House,CA,NTAP,2024-11-11,False,True
Ro Khanna,Democrat,House,CA,MDLZ,2024-11-11,False,True
Ro Khanna,Democrat,House,CA,DIS,2024-11-25,False,True
Ro Khanna,Democrat,House,CA,GWW,2024-11-11,False,True
Ro Khanna,Democrat,House,CA,CFG,2024-11-11,False,True
Ro Khanna,Democrat,House,CA,REGN,2024-11-11,False,True
Ro Khanna,Democrat,House,CA,OMC,2024-11-11,False,True
Ro Khanna,Democrat,House,CA,AXTA,2024-11-11,False,True
Ro Khanna,Democrat,House,CA,IPG,2024-11-11,False,True
Ro Khanna,Democrat,House,CA,XYL,2024-11-11,False,True
Ro Khanna,Democrat,House,CA,MTB,2024-11-11,False,True
Ro Khanna,Democrat,House,CA,TSM,2024-11-11,False,True
Ro Khanna,Democrat,House,CA,GLW,2024-11-11,False,True
Ro Khanna,Democrat,House,CA,BF/A,2024-11-11,False,True
Ro Khanna,Democrat,House,CA,SYY,2024-11-11,False,True
Ro Khanna,Democrat,House,CA,KEY,2024-11-11,False,True
Ro Khanna,Democrat,House,CA,N/A,2024-11-11,False,True
Ro Khanna,Democrat,House,CA,HOLX,2024-11-11,False,True
Ro Khanna,Democrat,House,CA,FIS,2024-11-11,False,True
Ro Khanna,Democrat,House,CA,RJF,2024-11-11,False,True
Ro Khanna,Democrat,House,CA,YUM,2024-11-11,False,True
Ro Khanna,Democrat,House,CA,ORLY,2024-11-11,False,True
Ro Khanna,Democrat,House,CA,SHW,2024-11-11,False,True
Ro Khanna,Democrat,House,CA,MAS,2024-11-11,False,True
Ro Khanna,Democrat,House,CA,ALK,2024-11-11,False,True
Ro Khanna,Democrat,House,CA,AXP,2024-11-11,False,True
Ro Khanna,Democrat,House,CA,COF,2024-11-11,False,True
Ro Khanna,Democrat,House,CA,TSCO,2024-11-11,False,True
Ro Khanna,Democrat,House,CA,PODD,2024-11-11,False,True
Ro Khanna,Democrat,House,CA,HSY,2024-11-11,False,True
Ro Khanna,Democrat,House,CA,LUV,2024-11-11,False,True
Ro Khanna,Democrat,House,CA,ACGL,2024-11-11,False,True
Ro Khanna,Democrat,House,CA,IFF,2024-11-11,False,True
Ro Khanna,Democrat,House,CA,EQR,2024-11-11,False,True
Ro Khanna,Democrat,House,CA,MCHP,2024-11-11,False,True
Ro Khanna,Democrat,House,CA,CL,2024-11-11,False,True
Ro Khanna,Democrat,House,CA,BR,2024-11-11,False,True
Ro Khanna,Democrat,House,CA,AVTR,2024-11-7,False,True
Ro Khanna,Democrat,House,CA,ARE,2024-11-11,False,True
Ro Khanna,Democrat,House,CA,AVTR,2024-11-12,False,True
Ro Khanna,Democrat,House,CA,AMCR,2024-11-11,False,True
Ro Khanna,Democrat,House,CA,F,2024-11-11,False,True
Ro Khanna,Democrat,House,CA,AVTR,2024-11-13,False,True
Ro Khanna,Democrat,House,CA,MHK,2024-11-6,False,True
Ro Khanna,Democrat,House,CA,AXTA,2024-11-18,False,True
Ro Khanna,Democrat,House,CA,CMPGY,2024-11-7,False,True
Ro Khanna,Democrat,House,CA,CDNS,2024-11-13,True,False
Ro Khanna,Democrat,House,CA,RPRX,2024-11-13,True,False
Ro Khanna,Democrat,House,CA,PFE,2024-11-12,True,False
Ro Khanna,Democrat,House,CA,BRK/B,2024-11-3,True,False
Ro Khanna,Democrat,House,CA,BRK/B,2024-11-3,True,False
Ro Khanna,Democrat,House,CA,WFC,2024-11-5,False,True
Ro Khanna,Democrat,House,CA,ALL,2024-11-21,False,True
Ro Khanna,Democrat,House,CA,CAT,2024-11-5,False,True
Ro Khanna,Democrat,House,CA,AMZN,2024-11-13,False,True
Ro Khanna,Democrat,House,CA,WFC,2024-11-20,False,True
Ro Khanna,Democrat,House,CA,PH,2024-11-13,False,True
Ro Khanna,Democrat,House,CA,PH,2024-11-4,False,True
Ro Khanna,Democrat,House,CA,ALL,2024-11-5,False,True
Ro Khanna,Democrat,House,CA,N/A,2024-11-14,True,False
Ro Khanna,Democrat,House,CA,N/A,2024-11-14,True,False
Ro Khanna,Democrat,House,CA,N/A,2024-11-6,True,False
Ro Khanna,Democrat,House,CA,NEE,2024-11-20,True,False
Ro Khanna,Democrat,House,CA,N/A,2024-11-6,True,False
Ro Khanna,Democrat,House,CA,TEAM,2024-11-20,True,False
Ro Khanna,Democrat,House,CA,N/A,2024-11-14,True,False
Ro Khanna,Democrat,House,CA,AVGO,2024-11-20,True,False
Ro Khanna,Democrat,House,CA,AMT,2024-11-17,True,False
Ro Khanna,Democrat,House,CA,N/A,2024-11-14,True,False
Ro Khanna,Democrat,House,CA,N/A,2024-11-14,True,False
Ro Khanna,Democrat,House,CA,ACN,2024-11-7,True,False
Ro Khanna,Democrat,House,CA,NXPI,2024-11-17,True,False
Ro Khanna,Democrat,House,CA,STZ,2024-11-17,True,False
Ro Khanna,Democrat,House,CA,ES,2024-11-17,True,False
Ro Khanna,Democrat,House,CA,SNOW,2024-11-7,True,False
Ro Khanna,Democrat,House,CA,META,2024-11-7,True,False
Ro Khanna,Democrat,House,CA,CDNS,2024-11-7,True,False
Ro Khanna,Democrat,House,CA,MSFT,2024-11-7,True,False
Ro Khanna,Democrat,House,CA,N/A,2024-11-14,True,False
Ro Khanna,Democrat,House,CA,N/A,2024-10-31,True,False
Ro Khanna,Democrat,House,CA,GEV,2024-11-20,False,True
Ro Khanna,Democrat,House,CA,N/A,2024-11-7,False,True
Ro Khanna,Democrat,House,CA,N/A,2024-11-20,False,True
Ro Khanna,Democrat,House,CA,TT,2024-11-20,False,True
Ro Khanna,Democrat,House,CA,MRVL,2024-11-20,False,True
Ro Khanna,Democrat,House,CA,DELL,2024-11-20,False,True
Ro Khanna,Democrat,House,CA,AMZN,2024-11-20,False,True
Ro Khanna,Democrat,House,CA,N/A,2024-11-25,False,True
Ro Khanna,Democrat,House,CA,SGOV,2024-11-11,False,True
Ro Khanna,Democrat,House,CA,TRGP,2024-11-11,True,False
Ro Khanna,Democrat,House,CA,SGOV,2024-11-26,False,True
Ro Khanna,Democrat,House,CA,DIS,2024-11-26,True,False
Ro Khanna,Democrat,House,CA,N/A,2024-11-25,False,True
Ro Khanna,Democrat,House,CA,SGOV,2024-11-11,False,True
Ro Khanna,Democrat,House,CA,TRGP,2024-11-11,True,False
Ro Khanna,Democrat,House,CA,SGOV,2024-11-26,False,True
Ro Khanna,Democrat,House,CA,DIS,2024-11-26,True,False
Ro Khanna,Democrat,House,CA,N/A,2024-11-25,False,True
Ro Khanna,Democrat,House,CA,SGOV,2024-11-11,False,True
Ro Khanna,Democrat,House,CA,TRGP,2024-11-11,True,False
Ro Khanna,Democrat,House,CA,SGOV,2024-11-26,False,True
Ro Khanna,Democrat,House,CA,DIS,2024-11-26,True,False
Josh Gottheimer,Democrat,House,NJ,N/A,2024-11-10,True,False
Josh Gottheimer,Democrat,House,NJ,COP,2024-11-21,False,True
Josh Gottheimer,Democrat,House,NJ,DHI,2024-10-31,True,False
Josh Gottheimer,Democrat,House,NJ,D,2024-11-25,True,False
Josh Gottheimer,Democrat,House,NJ,ETN,2024-11-24,False,True
Josh Gottheimer,Democrat,House,NJ,LLY,2024-11-18,False,True
Josh Gottheimer,Democrat,House,NJ,LLY,2024-11-13,False,True
Josh Gottheimer,Democrat,House,NJ,FOXF,2024-11-18,False,True
Josh Gottheimer,Democrat,House,NJ,HQY,2024-11-6,False,True
Josh Gottheimer,Democrat,House,NJ,JNJ,2024-11-21,True,False
Josh Gottheimer,Democrat,House,NJ,JNJ,2024-11-25,True,False
Josh Gottheimer,Democrat,House,NJ,KKR,2024-11-18,True,False
Josh Gottheimer,Democrat,House,NJ,MELI,2024-11-14,True,False
Josh Gottheimer,Democrat,House,NJ,MSFT,2024-11-18,False,True
Josh Gottheimer,Democrat,House,NJ,MSFT,2024-11-18,False,True
Josh Gottheimer,Democrat,House,NJ,MSFT,2024-11-18,False,True
Josh Gottheimer,Democrat,House,NJ,MSFT,2024-11-18,True,False
Josh Gottheimer,Democrat,House,NJ,MSFT,2024-11-18,True,False
Josh Gottheimer,Democrat,House,NJ,MSFT,2024-11-18,True,False
Josh Gottheimer,Democrat,House,NJ,MSFT,2024-11-13,False,True
Josh Gottheimer,Democrat,House,NJ,MSFT,2024-11-11,False,True
Josh Gottheimer,Democrat,House,NJ,NTRA,2024-11-19,True,False
Josh Gottheimer,Democrat,House,NJ,NFLX,2024-11-26,False,True
Josh Gottheimer,Democrat,House,NJ,NVDA,2024-11-11,False,True
Josh Gottheimer,Democrat,House,NJ,REGN,2024-11-28,False,True
Josh Gottheimer,Democrat,House,NJ,REGN,2024-11-18,False,True
Josh Gottheimer,Democrat,House,NJ,CRM,2024-11-11,True,False
Josh Gottheimer,Democrat,House,NJ,CRM,2024-11-13,True,False
Josh Gottheimer,Democrat,House,NJ,CRM,2024-11-12,True,False
Josh Gottheimer,Democrat,House,NJ,SHOP,2024-11-12,True,False
Josh Gottheimer,Democrat,House,NJ,TSLA,2024-11-11,True,False
Josh Gottheimer,Democrat,House,NJ,TSLA,2024-11-13,True,False
Josh Gottheimer,Democrat,House,NJ,TSLA,2024-11-25,True,False
Josh Gottheimer,Democrat,House,NJ,TSLA,2024-11-10,True,False
Josh Gottheimer,Democrat,House,NJ,TSLA,2024-11-26,True,False
Josh Gottheimer,Democrat,House,NJ,TSLA,2024-11-19,True,False
Josh Gottheimer,Democrat,House,NJ,VRT,2024-11-26,False,True
Sheldon Whitehouse,Democrat,Senate,RI,MET,2024-11-18,False,True
Sheldon Whitehouse,Democrat,Senate,RI,N/A,2024-11-18,False,True
Sheldon Whitehouse,Democrat,Senate,RI,KVUE,2024-11-17,False,True
Lloyd Doggett,Democrat,House,TX,PG,2024-11-14,True,False
Rudy Yakym,Republican,House,IN,N/A,2024-11-25,True,False
Rudy Yakym,Republican,House,IN,N/A,2024-12-1,False,True
Markwayne Mullin,Republican,Senate,OK,VRIG,2024-11-11,True,False
Markwayne Mullin,Republican,Senate,OK,PCLPX,2024-11-11,False,True
Markwayne Mullin,Republican,Senate,OK,VRIG,2024-10-28,True,False
Markwayne Mullin,Republican,Senate,OK,PCLPX,2024-10-28,False,True
John Fetterman,Democrat,Senate,PA,N/A,2024-11-20,True,False
Michael Collins,Republican,House,GA,$AERO,2024-11-30,True,False
Michael Collins,Republican,House,GA,$SKI,2024-11-30,True,False
Michael Collins,Republican,House,GA,$SKI,2024-12-1,True,False
Jonathan Jackson,Democrat,House,IL,N/A,2024-10-27,False,True
Jonathan Jackson,Democrat,House,IL,CRM,2024-10-27,True,False
Marjorie Taylor Greene,Republican,House,GA,AMD,2024-11-24,True,False
Marjorie Taylor Greene,Republican,House,GA,GOOGL,2024-11-24,True,False
Marjorie Taylor Greene,Republican,House,GA,N/A,2024-11-24,True,False
Marjorie Taylor Greene,Republican,House,GA,BRK/B,2024-11-24,True,False
Marjorie Taylor Greene,Republican,House,GA,SCHW,2024-11-24,True,False
Marjorie Taylor Greene,Republican,House,GA,COST,2024-11-24,True,False
Marjorie Taylor Greene,Republican,House,GA,DUK,2024-11-24,True,False
Marjorie Taylor Greene,Republican,House,GA,GSK,2024-11-24,True,False
Marjorie Taylor Greene,Republican,House,GA,HD,2024-11-24,True,False
Marjorie Taylor Greene,Republican,House,GA,JNJ,2024-11-24,True,False
Marjorie Taylor Greene,Republican,House,GA,JPM,2024-11-24,True,False
Marjorie Taylor Greene,Republican,House,GA,LRCX,2024-11-24,True,False
Marjorie Taylor Greene,Republican,House,GA,MSFT,2024-11-24,True,False
Marjorie Taylor Greene,Republican,House,GA,NSRGY,2024-11-24,True,False
Marjorie Taylor Greene,Republican,House,GA,NEE,2024-11-24,True,False
Marjorie Taylor Greene,Republican,House,GA,NVDA,2024-11-24,True,False
Marjorie Taylor Greene,Republican,House,GA,UPS,2024-11-24,True,False
Bill Hagerty,Republican,Senate,TN,KEYS,2024-10-29,False,True
Laurel Lee,Republican,House,FL,AAPL,2024-10-6,True,False
Laurel Lee,Republican,House,FL,GEV,2024-11-7,False,True
Laurel Lee,Republican,House,FL,PFE,2024-10-20,True,False
Laurel Lee,Republican,House,FL,HURA,2024-10-17,False,False
Marjorie Taylor Greene,Republican,House,GA,ABBV,2024-11-19,True,False
Marjorie Taylor Greene,Republican,House,GA,ADBE,2024-11-19,True,False
Marjorie Taylor Greene,Republican,House,GA,AMZN,2024-11-19,True,False
Marjorie Taylor Greene,Republican,House,GA,AMAT,2024-11-19,True,False
Marjorie Taylor Greene,Republican,House,GA,NSRGY,2024-11-19,True,False
Marjorie Taylor Greene,Republican,House,GA,OXY,2024-11-19,True,False
Marjorie Taylor Greene,Republican,House,GA,QCOM,2024-11-19,True,False
Marjorie Taylor Greene,Republican,House,GA,SCCO,2024-11-19,True,False
Marjorie Taylor Greene,Republican,House,GA,N/A,2024-11-19,True,False
Suzan DelBene,Democrat,House,WA,N/A,2024-11-5,True,False
Suzan DelBene,Democrat,House,WA,N/A,2024-11-4,True,False
Suzan DelBene,Democrat,House,WA,N/A,2024-11-3,True,False
Jake Auchincloss,Democrat,House,MA,STT,2024-11-17,False,True
Tina Smith,Democrat,Senate,MN,TCMD,2024-11-11,True,False
Debbie Wasserman Schultz,Democrat,House,FL,BAX,2024-11-17,True,False
Debbie Wasserman Schultz,Democrat,House,FL,NGD,2024-11-17,False,True
Debbie Wasserman Schultz,Democrat,House,FL,PTEN,2024-10-22,True,False
Debbie Wasserman Schultz,Democrat,House,FL,VSAT,2024-10-22,True,False
Rick Scott,Republican,Senate,FL,N/A,2024-10-22,False,True
Rick Scott,Republican,Senate,FL,N/A,2024-10-23,False,True
Scott Peters,Democrat,House,CA,N/A,2024-10-14,False,True
Scott Peters,Democrat,House,CA,N/A,2024-9-30,False,True
Max Miller,Republican,House,OH,N/A,2024-10-31,True,False
Kevin Hern,Republican,House,OK,MCD,2024-10-28,True,False
Kevin Hern,Republican,House,OK,N/A,2024-10-2,False,True
Kevin Hern,Republican,House,OK,N/A,2024-10-2,False,True
Tommy Tuberville,Republican,Senate,AL,ADBE,2024-10-28,False,True
Tommy Tuberville,Republican,Senate,AL,AAPL,2024-10-28,False,True
Tommy Tuberville,Republican,Senate,AL,CTVA,2024-10-28,False,True
Tommy Tuberville,Republican,Senate,AL,HON,2024-10-28,False,True
Tommy Tuberville,Republican,Senate,AL,JNJ,2024-10-28,False,True
Tommy Tuberville,Republican,Senate,AL,KMB,2024-10-28,False,True
Tommy Tuberville,Republican,Senate,AL,MCD,2024-10-28,False,True
Tommy Tuberville,Republican,Senate,AL,MSFT,2024-10-28,False,True
Tommy Tuberville,Republican,Senate,AL,NSRGY,2024-10-28,False,True
Tommy Tuberville,Republican,Senate,AL,OTIS,2024-10-28,False,True
Tommy Tuberville,Republican,Senate,AL,OC,2024-10-28,False,True
Tommy Tuberville,Republican,Senate,AL,TRV,2024-10-28,False,True
Greg Landsman,Democrat,House,OH,AMZN,2024-10-14,False,True
Greg Landsman,Democrat,House,OH,AMZN,2024-10-14,False,True
Greg Landsman,Democrat,House,OH,LNG,2024-10-14,False,True
Greg Landsman,Democrat,House,OH,N/A,2024-10-14,False,True
Greg Landsman,Democrat,House,OH,FANG,2024-10-14,False,True
Greg Landsman,Democrat,House,OH,XOM,2024-10-14,False,True
Greg Landsman,Democrat,House,OH,LIN,2024-10-14,False,True
Greg Landsman,Democrat,House,OH,NEE,2024-10-14,False,True
Greg Landsman,Democrat,House,OH,NEE,2024-10-14,False,True
Greg Landsman,Democrat,House,OH,PFE,2024-10-14,False,True
Greg Landsman,Democrat,House,OH,PSX,2024-10-14,False,True
Greg Landsman,Democrat,House,OH,REGN,2024-10-14,False,True
Rick Allen,Republican,House,GA,N/A,2024-10-8,True,False
Gary Peters,Democrat,Senate,MI,LEG,2024-10-30,False,True
Gary Peters,Democrat,Senate,MI,LW,2024-10-30,False,True
Gary Peters,Democrat,Senate,MI,IVZ,2024-10-16,False,True
Chellie Pingree,Democrat,House,ME,N/A,2024-10-8,False,True
Morgan McGarvey,Democrat,House,KY,TSLA,2024-10-24,True,False
Michael McCaul,Republican,House,TX,N/A,2024-10-14,True,False
Michael McCaul,Republican,House,TX,N/A,2024-10-8,True,False
Michael McCaul,Republican,House,TX,N/A,2024-10-28,True,False
Michael McCaul,Republican,House,TX,N/A,2024-10-16,True,False
Michael McCaul,Republican,House,TX,N/A,2024-10-17,True,False
Michael McCaul,Republican,House,TX,N/A,2024-10-1,True,False
Michael McCaul,Republican,House,TX,N/A,2024-10-20,True,False
Michael McCaul,Republican,House,TX,N/A,2024-10-22,True,False
Michael McCaul,Republican,House,TX,LDNXF,2024-10-21,True,False
Michael McCaul,Republican,House,TX,N/A,2024-10-9,True,False
Michael McCaul,Republican,House,TX,WDAY,2024-10-24,True,False
Michael McCaul,Republican,House,TX,COP,2024-10-23,True,False
Michael McCaul,Republican,House,TX,AMD,2024-10-30,True,False
Michael McCaul,Republican,House,TX,WDAY,2024-10-2,True,False
Michael McCaul,Republican,House,TX,N/A,2024-10-20,True,False
Michael McCaul,Republican,House,TX,FCFS,2024-10-29,True,False
Michael McCaul,Republican,House,TX,NVO,2024-10-30,True,False
Michael McCaul,Republican,House,TX,DT,2024-10-24,True,False
Michael McCaul,Republican,House,TX,FTNT,2024-10-24,True,False
Michael McCaul,Republican,House,TX,N/A,2024-10-23,True,False
Michael McCaul,Republican,House,TX,N/A,2024-10-8,True,False
Michael McCaul,Republican,House,TX,N/A,2024-10-20,True,False
Michael McCaul,Republican,House,TX,N/A,2024-10-17,True,False
Michael McCaul,Republican,House,TX,N/A,2024-10-17,True,False
Michael McCaul,Republican,House,TX,N/A,2024-10-8,True,False
Michael McCaul,Republican,House,TX,N/A,2024-10-6,False,True
