Name,Party,Chamber,State,Ticker,Date,Buy,Sell
Ro Khanna,Democrat,House,CA,PG,2024-4-22,True,False
Ro Khanna,Democrat,House,CA,CMCSA,2024-4-22,True,False
Ro Khanna,Democrat,House,CA,NOW,2024-4-22,True,False
Ro Khanna,Democrat,House,CA,LGF/A,2024-4-2,True,False
Ro Khanna,Democrat,House,CA,INTC,2024-4-22,True,False
Ro Khanna,Democrat,House,CA,SBUX,2024-4-22,True,False
Ro Khanna,Democrat,House,CA,TSLA,2024-4-22,True,False
Ro Khanna,Democrat,House,CA,AAPL,2024-4-22,True,False
Ro Khanna,Democrat,House,CA,MS,2024-4-22,True,False
Ro Khanna,Democrat,House,CA,FDX,2024-4-22,True,False
Ro Khanna,Democrat,House,CA,EQIX,2024-4-22,True,False
Ro Khanna,Democrat,House,CA,AZO,2024-4-22,True,False
Ro Khanna,Democrat,House,CA,CMG,2024-4-22,True,False
Ro Khanna,Democrat,House,CA,PFE,2024-4-22,True,False
Ro Khanna,Democrat,House,CA,MSFT,2024-4-22,True,False
Ro Khanna,Democrat,House,CA,MA,2024-4-22,True,False
Ro Khanna,Democrat,House,CA,TMO,2024-4-22,True,False
Ro Khanna,Democrat,House,CA,GEV,2024-4-22,True,False
Ro Khanna,Democrat,House,CA,ANSS,2024-4-22,True,False
Ro Khanna,Democrat,House,CA,ADI,2024-4-22,True,False
Ro Khanna,Democrat,House,CA,NDAQ,2024-4-24,True,False
Ro Khanna,Democrat,House,CA,ECL,2024-4-22,True,False
Ro Khanna,Democrat,House,CA,TYL,2024-4-22,True,False
Ro Khanna,Democrat,House,CA,NVR,2024-4-22,True,False
Ro Khanna,Democrat,House,CA,NDAQ,2024-4-1,True,False
Ro Khanna,Democrat,House,CA,NDAQ,2024-4-10,True,False
Ro Khanna,Democrat,House,CA,NEM,2024-4-22,True,False
Ro Khanna,Democrat,House,CA,ZTS,2024-4-22,True,False
Ro Khanna,Democrat,House,CA,SNPS,2024-4-22,True,False
Ro Khanna,Democrat,House,CA,HUM,2024-4-22,True,False
Ro Khanna,Democrat,House,CA,GPC,2024-4-22,True,False
Ro Khanna,Democrat,House,CA,BIIB,2024-4-22,True,False
Ro Khanna,Democrat,House,CA,QCOM,2024-4-22,True,False
Ro Khanna,Democrat,House,CA,IQV,2024-4-22,True,False
Ro Khanna,Democrat,House,CA,GOOGL,2024-4-22,True,False
Ro Khanna,Democrat,House,CA,PAYC,2024-4-22,True,False
Ro Khanna,Democrat,House,CA,PLD,2024-4-22,True,False
Ro Khanna,Democrat,House,CA,MCHP,2024-4-22,True,False
Ro Khanna,Democrat,House,CA,EXR,2024-4-22,True,False
Ro Khanna,Democrat,House,CA,LEN,2024-4-22,True,False
Ro Khanna,Democrat,House,CA,APD,2024-4-22,True,False
Ro Khanna,Democrat,House,CA,MMM,2024-4-22,True,False
Ro Khanna,Democrat,House,CA,LOW,2024-4-22,True,False
Ro Khanna,Democrat,House,CA,VLTO,2024-4-22,True,False
Ro Khanna,Democrat,House,CA,VRSN,2024-4-22,True,False
Ro Khanna,Democrat,House,CA,NDAQ,2024-4-4,True,False
Ro Khanna,Democrat,House,CA,WELL,2024-4-22,True,False
Ro Khanna,Democrat,House,CA,GIS,2024-4-22,True,False
Ro Khanna,Democrat,House,CA,BAC,2024-4-22,True,False
Ro Khanna,Democrat,House,CA,ENPH,2024-4-22,True,False
Ro Khanna,Democrat,House,CA,KR,2024-4-22,True,False
Ro Khanna,Democrat,House,CA,VICI,2024-4-22,True,False
Ro Khanna,Democrat,House,CA,KMX,2024-4-22,True,False
Ro Khanna,Democrat,House,CA,BBY,2024-4-22,True,False
Ro Khanna,Democrat,House,CA,FSLR,2024-4-22,True,False
Ro Khanna,Democrat,House,CA,MGM,2024-4-22,True,False
Ro Khanna,Democrat,House,CA,JNPR,2024-4-22,True,False
Ro Khanna,Democrat,House,CA,VRSK,2024-4-22,True,False
Ro Khanna,Democrat,House,CA,FTV,2024-4-22,True,False
Ro Khanna,Democrat,House,CA,CDAY,2024-4-22,True,False
Ro Khanna,Democrat,House,CA,DD,2024-4-22,True,False
Ro Khanna,Democrat,House,CA,CTVA,2024-4-22,True,False
Ro Khanna,Democrat,House,CA,LVS,2024-4-22,True,False
Ro Khanna,Democrat,House,CA,TPR,2024-4-22,True,False
Ro Khanna,Democrat,House,CA,ODFL,2024-4-22,True,False
Ro Khanna,Democrat,House,CA,TEL,2024-4-22,True,False
Ro Khanna,Democrat,House,CA,UAL,2024-4-22,True,False
Ro Khanna,Democrat,House,CA,MRNA,2024-4-22,True,False
Ro Khanna,Democrat,House,CA,TTWO,2024-4-22,True,False
Ro Khanna,Democrat,House,CA,CSGP,2024-4-22,True,False
Ro Khanna,Democrat,House,CA,PAYX,2024-4-22,True,False
Ro Khanna,Democrat,House,CA,TJX,2024-4-22,True,False
Ro Khanna,Democrat,House,CA,CDNS,2024-4-22,True,False
Ro Khanna,Democrat,House,CA,ULTA,2024-4-22,True,False
Ro Khanna,Democrat,House,CA,ROK,2024-4-22,True,False
Ro Khanna,Democrat,House,CA,BP,2024-4-11,True,False
Ro Khanna,Democrat,House,CA,PSA,2024-4-22,True,False
Ro Khanna,Democrat,House,CA,PANW,2024-4-22,True,False
Ro Khanna,Democrat,House,CA,NDAQ,2024-4-8,True,False
Ro Khanna,Democrat,House,CA,NDAQ,2024-4-9,True,False
Ro Khanna,Democrat,House,CA,ADP,2024-4-22,True,False
Ro Khanna,Democrat,House,CA,ING,2024-4-11,True,False
Ro Khanna,Democrat,House,CA,AZN,2024-4-11,True,False
Ro Khanna,Democrat,House,CA,SHEL,2024-4-11,True,False
Ro Khanna,Democrat,House,CA,XSP,2024-4-14,False,True
Ro Khanna,Democrat,House,CA,XSP,2024-4-1,False,True
Ro Khanna,Democrat,House,CA,XSP,2024-4-28,False,True
Ro Khanna,Democrat,House,CA,JNJ,2024-4-22,False,True
Ro Khanna,Democrat,House,CA,CCI,2024-4-22,False,True
Ro Khanna,Democrat,House,CA,HD,2024-4-22,False,True
Ro Khanna,Democrat,House,CA,ADBE,2024-4-22,False,True
Ro Khanna,Democrat,House,CA,CSCO,2024-4-22,False,True
Ro Khanna,Democrat,House,CA,NKE,2024-4-22,False,True
Ro Khanna,Democrat,House,CA,COST,2024-4-22,False,True
Ro Khanna,Democrat,House,CA,MCD,2024-4-22,False,True
Ro Khanna,Democrat,House,CA,CRM,2024-4-22,False,True
Ro Khanna,Democrat,House,CA,UPS,2024-4-22,False,True
Ro Khanna,Democrat,House,CA,BKNG,2024-4-22,False,True
Ro Khanna,Democrat,House,CA,GM,2024-4-18,False,True
Ro Khanna,Democrat,House,CA,CHTR,2024-4-22,False,True
Ro Khanna,Democrat,House,CA,CARR,2024-4-22,False,True
Ro Khanna,Democrat,House,CA,GLW,2024-4-28,False,True
Ro Khanna,Democrat,House,CA,BAC,2024-4-1,False,True
Ro Khanna,Democrat,House,CA,AMAT,2024-4-22,False,True
Ro Khanna,Democrat,House,CA,ADSK,2024-4-22,False,True
Ro Khanna,Democrat,House,CA,SPGI,2024-4-22,False,True
Ro Khanna,Democrat,House,CA,ORCL,2024-4-22,False,True
Ro Khanna,Democrat,House,CA,AVGO,2024-4-22,False,True
Ro Khanna,Democrat,House,CA,ABBV,2024-4-22,False,True
Ro Khanna,Democrat,House,CA,TXN,2024-4-22,False,True
Ro Khanna,Democrat,House,CA,BDX,2024-4-22,False,True
Ro Khanna,Democrat,House,CA,MU,2024-4-10,False,True
Ro Khanna,Democrat,House,CA,MSCI,2024-4-22,False,True
Ro Khanna,Democrat,House,CA,DHI,2024-4-22,False,True
Ro Khanna,Democrat,House,CA,FTNT,2024-4-22,False,True
Ro Khanna,Democrat,House,CA,PM,2024-4-22,False,True
Ro Khanna,Democrat,House,CA,POOL,2024-4-22,False,True
Ro Khanna,Democrat,House,CA,LLY,2024-4-22,False,True
Ro Khanna,Democrat,House,CA,ON,2024-4-22,False,True
Ro Khanna,Democrat,House,CA,JBHT,2024-4-22,False,True
Ro Khanna,Democrat,House,CA,EA,2024-4-22,False,True
Ro Khanna,Democrat,House,CA,GLW,2024-4-24,False,True
Ro Khanna,Democrat,House,CA,GLW,2024-4-15,False,True
Ro Khanna,Democrat,House,CA,FICO,2024-4-22,False,True
Ro Khanna,Democrat,House,CA,GLW,2024-4-24,False,True
Ro Khanna,Democrat,House,CA,PH,2024-4-22,False,True
Ro Khanna,Democrat,House,CA,SWK,2024-4-22,False,True
Ro Khanna,Democrat,House,CA,DHR,2024-4-22,False,True
Ro Khanna,Democrat,House,CA,ABNB,2024-4-22,False,True
Ro Khanna,Democrat,House,CA,MAR,2024-4-22,False,True
Ro Khanna,Democrat,House,CA,EXPE,2024-4-22,False,True
Ro Khanna,Democrat,House,CA,HSY,2024-4-22,False,True
Ro Khanna,Democrat,House,CA,PPG,2024-4-22,False,True
Ro Khanna,Democrat,House,CA,PCAR,2024-4-22,False,True
Ro Khanna,Democrat,House,CA,CZR,2024-4-22,False,True
Ro Khanna,Democrat,House,CA,NXPI,2024-4-22,False,True
Ro Khanna,Democrat,House,CA,WMT,2024-4-22,False,True
Ro Khanna,Democrat,House,CA,N/A,2024-4-22,False,True
Ro Khanna,Democrat,House,CA,EFX,2024-4-22,False,True
Ro Khanna,Democrat,House,CA,LRCX,2024-4-22,False,True
Ro Khanna,Democrat,House,CA,KVUE,2024-4-22,False,True
Ro Khanna,Democrat,House,CA,CLX,2024-4-22,False,True
Ro Khanna,Democrat,House,CA,CPRT,2024-4-22,False,True
Ro Khanna,Democrat,House,CA,APTV,2024-4-22,False,True
Ro Khanna,Democrat,House,CA,JBL,2024-4-22,False,True
Ro Khanna,Democrat,House,CA,CCL,2024-4-22,False,True
Ro Khanna,Democrat,House,CA,NVDA,2024-4-22,False,True
Ro Khanna,Democrat,House,CA,MNST,2024-4-22,False,True
Ro Khanna,Democrat,House,CA,RHI,2024-4-22,False,True
Ro Khanna,Democrat,House,CA,INCY,2024-4-22,False,True
Ro Khanna,Democrat,House,CA,WST,2024-4-22,False,True
Ro Khanna,Democrat,House,CA,ISRG,2024-4-22,False,True
Ro Khanna,Democrat,House,CA,LW,2024-4-22,False,True
Ro Khanna,Democrat,House,CA,EPAM,2024-4-22,False,True
Ro Khanna,Democrat,House,CA,LULU,2024-4-22,False,True
Ro Khanna,Democrat,House,CA,AMT,2024-4-22,False,True
Ro Khanna,Democrat,House,CA,SNY,2024-4-11,False,True
Ro Khanna,Democrat,House,CA,URI,2024-4-22,False,True
Ro Khanna,Democrat,House,CA,UBER,2024-4-22,False,True
Ro Khanna,Democrat,House,CA,DLTR,2024-4-22,False,True
Ro Khanna,Democrat,House,CA,LNC,2024-4-22,False,True
Ro Khanna,Democrat,House,CA,SYY,2024-4-3,True,False
Ro Khanna,Democrat,House,CA,TXN,2024-4-14,True,False
Ro Khanna,Democrat,House,CA,SBAC,2024-4-25,True,False
Ro Khanna,Democrat,House,CA,SBUX,2024-4-24,True,False
Ro Khanna,Democrat,House,CA,SBUX,2024-4-18,True,False
Ro Khanna,Democrat,House,CA,SBUX,2024-4-23,True,False
Ro Khanna,Democrat,House,CA,SBUX,2024-4-17,True,False
Ro Khanna,Democrat,House,CA,ABT,2024-4-17,True,False
Ro Khanna,Democrat,House,CA,EXR,2024-4-15,True,False
Ro Khanna,Democrat,House,CA,JPM,2024-4-14,True,False
Ro Khanna,Democrat,House,CA,USB,2024-4-15,False,True
Ro Khanna,Democrat,House,CA,N/A,2024-4-15,False,True
Ro Khanna,Democrat,House,CA,N/A,2024-4-15,False,True
Ro Khanna,Democrat,House,CA,CCI,2024-4-15,False,True
Ro Khanna,Democrat,House,CA,AON,2024-4-15,False,True
Ro Khanna,Democrat,House,CA,VZ,2024-4-15,False,True
Ro Khanna,Democrat,House,CA,BAX,2024-4-15,False,True
Ro Khanna,Democrat,House,CA,EBAY,2024-4-15,False,True
Ro Khanna,Democrat,House,CA,NDAQ,2024-4-15,False,True
Ro Khanna,Democrat,House,CA,AMGN,2024-4-15,False,True
Ro Khanna,Democrat,House,CA,GM,2024-4-15,False,True
Ro Khanna,Democrat,House,CA,AMT,2024-4-15,False,True
Ro Khanna,Democrat,House,CA,TD,2024-4-15,False,True
Ro Khanna,Democrat,House,CA,AVGO,2024-4-15,False,True
Ro Khanna,Democrat,House,CA,GPN,2024-4-15,False,True
Ro Khanna,Democrat,House,CA,C,2024-4-15,False,True
Ro Khanna,Democrat,House,CA,JPM,2024-4-15,False,True
Ro Khanna,Democrat,House,CA,MS,2024-4-15,False,True
Ro Khanna,Democrat,House,CA,BK,2024-4-15,False,True
Ro Khanna,Democrat,House,CA,BAC,2024-4-15,False,True
Ro Khanna,Democrat,House,CA,AXP,2024-4-15,False,True
Ro Khanna,Democrat,House,CA,PNC,2024-4-15,False,True
Ro Khanna,Democrat,House,CA,BNS,2024-4-15,False,True
Ro Khanna,Democrat,House,CA,N/A,2024-4-15,False,True
Ro Khanna,Democrat,House,CA,N/A,2024-4-15,False,True
Ro Khanna,Democrat,House,CA,DG,2024-4-15,False,True
Ro Khanna,Democrat,House,CA,NXPI,2024-4-15,False,True
Ro Khanna,Democrat,House,CA,NFLX,2024-4-15,False,True
Ro Khanna,Democrat,House,CA,MUFG,2024-4-15,False,True
Ro Khanna,Democrat,House,CA,APD,2024-4-15,False,True
Ro Khanna,Democrat,House,CA,7410Z,2024-4-15,False,True
Ro Khanna,Democrat,House,CA,N/A,2024-4-15,False,True
Ro Khanna,Democrat,House,CA,DUK,2024-4-15,False,True
Ro Khanna,Democrat,House,CA,AL,2024-4-15,False,True
Ro Khanna,Democrat,House,CA,N/A,2024-4-15,False,True
Ro Khanna,Democrat,House,CA,NTR,2024-4-15,False,True
Ro Khanna,Democrat,House,CA,MLM,2024-4-25,False,True
Ro Khanna,Democrat,House,CA,FI,2024-4-15,False,True
Ro Khanna,Democrat,House,CA,MMC,2024-4-17,False,True
Ro Khanna,Democrat,House,CA,MMC,2024-4-17,False,True
Ro Khanna,Democrat,House,CA,MMC,2024-4-22,False,True
Ro Khanna,Democrat,House,CA,MMC,2024-4-24,False,True
Ro Khanna,Democrat,House,CA,SYK,2024-4-14,False,True
Ro Khanna,Democrat,House,CA,N/A,2024-3-31,True,False
Ro Khanna,Democrat,House,CA,N/A,2024-3-31,True,False
Ro Khanna,Democrat,House,CA,N/A,2024-4-14,True,False
Ro Khanna,Democrat,House,CA,BMY,2024-4-25,False,True
Ro Khanna,Democrat,House,CA,BMY,2024-4-25,False,True
Jonathan Jackson,Democrat,House,IL,COP,2024-4-1,True,False
Jonathan Jackson,Democrat,House,IL,HXL,2024-4-23,False,True
Jonathan Jackson,Democrat,House,IL,JPM,2024-4-23,True,False
Jonathan Jackson,Democrat,House,IL,LULU,2024-4-1,False,True
Virginia Foxx,Republican,House,NC,ASC,2024-4-8,True,False
Virginia Foxx,Republican,House,NC,EFC,2024-4-1,True,False
Virginia Foxx,Republican,House,NC,ET,2024-4-29,True,False
Virginia Foxx,Republican,House,NC,HTGC,2024-4-15,True,False
Mark Green,Republican,House,TN,NGL,2024-4-24,False,True
Lloyd Doggett,Democrat,House,TX,KO,2024-3-31,True,False
Deborah Ross,Democrat,House,NC,MSFT,2024-4-16,False,True
Kathy Manning,Democrat,House,NC,N/A,2024-4-29,True,False
Earl Blumenauer,Democrat,House,OR,BX,2024-4-3,False,True
Earl Blumenauer,Democrat,House,OR,CAT,2024-4-3,False,True
Earl Blumenauer,Democrat,House,OR,ERJ,2024-4-3,False,True
Earl Blumenauer,Democrat,House,OR,KR,2024-4-3,False,True
Earl Blumenauer,Democrat,House,OR,MGA,2024-4-3,False,True
Earl Blumenauer,Democrat,House,OR,MCK,2024-4-3,False,True
Earl Blumenauer,Democrat,House,OR,NKE,2024-4-3,True,False
Earl Blumenauer,Democrat,House,OR,DGX,2024-4-3,False,True
Earl Blumenauer,Democrat,House,OR,RTX,2024-4-3,True,False
Earl Blumenauer,Democrat,House,OR,SO,2024-4-3,True,False
Earl Blumenauer,Democrat,House,OR,TEL,2024-4-3,False,True
Earl Blumenauer,Democrat,House,OR,GS,2024-4-3,True,False
Earl Blumenauer,Democrat,House,OR,N/A,2024-4-29,True,False
Earl Blumenauer,Democrat,House,OR,N/A,2024-4-29,True,False
Earl Blumenauer,Democrat,House,OR,V,2024-4-3,True,False
Earl Blumenauer,Democrat,House,OR,WFC,2024-4-3,True,False
Richard Blumenthal,Democrat,Senate,CT,N/A,2024-3-25,True,False
Bill Keating,Democrat,House,MA,ABBV,2024-3-26,True,False
Bill Keating,Democrat,House,MA,GS,2024-3-26,False,True
Bill Keating,Democrat,House,MA,LOW,2024-4-10,True,False
Michael Burgess,Republican,House,TX,ABBV,2024-4-9,False,True
Michael Burgess,Republican,House,TX,IBM,2024-4-9,False,True
Michael Burgess,Republican,House,TX,ITIP,2024-4-9,False,True
Michael Burgess,Republican,House,TX,MRK,2024-4-9,False,True
Markwayne Mullin,Republican,Senate,OK,ZTS,2024-4-2,False,True
Marjorie Taylor Greene,Republican,House,GA,BRK/B,2024-4-23,True,False
Marjorie Taylor Greene,Republican,House,GA,GS,2024-4-23,True,False
Marjorie Taylor Greene,Republican,House,GA,HD,2024-4-23,True,False
Marjorie Taylor Greene,Republican,House,GA,IEMG,2024-4-25,False,True
Marjorie Taylor Greene,Republican,House,GA,IXUS,2024-4-25,False,True
Marjorie Taylor Greene,Republican,House,GA,IVV,2024-4-25,False,True
Marjorie Taylor Greene,Republican,House,GA,IJR,2024-4-25,False,True
Marjorie Taylor Greene,Republican,House,GA,IUSG,2024-4-25,False,True
Marjorie Taylor Greene,Republican,House,GA,MSFT,2024-4-23,True,False
Marjorie Taylor Greene,Republican,House,GA,QCOM,2024-4-23,True,False
Marjorie Taylor Greene,Republican,House,GA,SCHX,2024-4-23,True,False
Marjorie Taylor Greene,Republican,House,GA,HSY,2024-4-23,True,False
Marjorie Taylor Greene,Republican,House,GA,TSCO,2024-4-23,True,False
Marjorie Taylor Greene,Republican,House,GA,N/A,2024-4-23,True,False
Marjorie Taylor Greene,Republican,House,GA,VEA,2024-4-23,True,False
Marjorie Taylor Greene,Republican,House,GA,VO,2024-4-23,True,False
Marjorie Taylor Greene,Republican,House,GA,VOO,2024-4-23,True,False
Marjorie Taylor Greene,Republican,House,GA,VB,2024-4-23,True,False
Markwayne Mullin,Republican,Senate,OK,ZTS,2024-4-2,False,True
Tom Carper,Democrat,Senate,DE,VLO,2024-4-10,False,True
Tom Carper,Democrat,Senate,DE,ENB,2024-4-10,True,False
Tom Carper,Democrat,Senate,DE,JPM,2024-3-31,False,True
Dan Newhouse,Republican,House,WA,ACN,2024-4-9,True,False
Dan Newhouse,Republican,House,WA,ADI,2024-4-9,True,False
Dan Newhouse,Republican,House,WA,BAC,2024-4-9,True,False
Dan Newhouse,Republican,House,WA,BKNG,2024-4-9,False,True
Dan Newhouse,Republican,House,WA,AVGO,2024-4-9,False,True
Dan Newhouse,Republican,House,WA,CSX,2024-4-9,True,False
Dan Newhouse,Republican,House,WA,DHR,2024-4-9,True,False
Dan Newhouse,Republican,House,WA,DE,2024-4-9,True,False
Dan Newhouse,Republican,House,WA,DG,2024-4-9,True,False
Dan Newhouse,Republican,House,WA,ELV,2024-4-9,True,False
Dan Newhouse,Republican,House,WA,LLY,2024-4-9,False,True
Dan Newhouse,Republican,House,WA,EL,2024-4-9,True,False
Dan Newhouse,Republican,House,WA,FMC,2024-4-9,True,False
Dan Newhouse,Republican,House,WA,FTNT,2024-4-9,True,False
Dan Newhouse,Republican,House,WA,HON,2024-4-9,True,False
Dan Newhouse,Republican,House,WA,INTU,2024-4-9,False,True
Dan Newhouse,Republican,House,WA,MPC,2024-4-9,False,True
Dan Newhouse,Republican,House,WA,MSFT,2024-4-9,False,True
Dan Newhouse,Republican,House,WA,NFLX,2024-4-9,False,True
Dan Newhouse,Republican,House,WA,NKE,2024-4-9,True,False
Dan Newhouse,Republican,House,WA,NI,2024-4-9,True,False
Dan Newhouse,Republican,House,WA,NVDA,2024-4-9,False,True
Dan Newhouse,Republican,House,WA,PEP,2024-4-9,True,False
Dan Newhouse,Republican,House,WA,PM,2024-4-9,True,False
Dan Newhouse,Republican,House,WA,PG,2024-4-9,False,True
Dan Newhouse,Republican,House,WA,RTX,2024-4-9,True,False
Dan Newhouse,Republican,House,WA,CRM,2024-4-9,False,True
Dan Newhouse,Republican,House,WA,NOW,2024-4-9,False,True
Dan Newhouse,Republican,House,WA,HSY,2024-4-9,True,False
Dan Newhouse,Republican,House,WA,VFC,2024-4-9,True,False
Dan Newhouse,Republican,House,WA,DIS,2024-4-9,True,False
Nanette Barragán,Democrat,House,CA,N/A,2023-11-16,True,False
Nanette Barragán,Democrat,House,CA,N/A,2024-2-19,True,False
Nanette Barragán,Democrat,House,CA,N/A,2023-11-7,True,False
Jonathan Jackson,Democrat,House,IL,ADI,2024-3-12,False,True
Jonathan Jackson,Democrat,House,IL,AAPL,2024-3-12,False,True
Jonathan Jackson,Democrat,House,IL,AMAT,2024-3-12,True,False
Jonathan Jackson,Democrat,House,IL,N/A,2024-3-12,True,False
Jonathan Jackson,Democrat,House,IL,INTC,2024-3-12,False,True
Sheldon Whitehouse,Democrat,Senate,RI,UL,2024-3-21,False,True
Sheldon Whitehouse,Democrat,Senate,RI,CMCSA,2024-3-12,False,True
Ted Cruz,Republican,Senate,TX,GS,2024-4-14,False,True
Scott Franklin,Republican,House,FL,BWIN,2024-3-20,False,True
Scott Franklin,Republican,House,FL,BWIN,2024-4-8,False,True
Michael McCaul,Republican,House,TX,EAGL,2024-3-24,True,False
Michael McCaul,Republican,House,TX,JPM,2024-3-20,True,False
Michael McCaul,Republican,House,TX,JPM,2024-3-6,True,False
Michael McCaul,Republican,House,TX,VMFXX,2024-2-29,True,False
Michael McCaul,Republican,House,TX,N/A,2024-3-14,True,False
Michael McCaul,Republican,House,TX,VMFXX,2024-2-29,True,False
Michael McCaul,Republican,House,TX,VMFXX,2024-3-3,True,False
Michael McCaul,Republican,House,TX,N/A,2024-3-25,True,False
Michael McCaul,Republican,House,TX,VMFXX,2024-2-29,True,False
Michael McCaul,Republican,House,TX,META,2024-3-4,True,False
Michael McCaul,Republican,House,TX,META,2024-2-29,True,False
Michael McCaul,Republican,House,TX,N/A,2024-3-17,True,False
Michael McCaul,Republican,House,TX,ANET,2024-3-10,True,False
Michael McCaul,Republican,House,TX,SHEL,2024-3-19,True,False
Michael McCaul,Republican,House,TX,ATKR,2024-3-14,True,False
Michael McCaul,Republican,House,TX,JTSXX,2024-3-24,True,False
Michael McCaul,Republican,House,TX,META,2024-3-21,True,False
Michael McCaul,Republican,House,TX,N/A,2024-3-18,True,False
Michael McCaul,Republican,House,TX,META,2024-3-27,True,False
Michael McCaul,Republican,House,TX,DFS,2024-3-17,True,False
Michael McCaul,Republican,House,TX,JTSXX,2024-3-13,True,False
Michael McCaul,Republican,House,TX,JTSXX,2024-3-10,True,False
Michael McCaul,Republican,House,TX,JTSXX,2024-3-3,True,False
Michael McCaul,Republican,House,TX,META,2024-3-25,True,False
Michael McCaul,Republican,House,TX,N/A,2024-3-18,True,False
Michael McCaul,Republican,House,TX,JTSXX,2024-3-12,True,False
Michael McCaul,Republican,House,TX,VMFXX,2024-2-29,True,False
Michael McCaul,Republican,House,TX,VMFXX,2024-2-29,True,False
Michael McCaul,Republican,House,TX,JTSXX,2024-3-6,True,False
Michael McCaul,Republican,House,TX,AMD,2024-3-26,True,False
Michael McCaul,Republican,House,TX,VMFXX,2024-2-29,True,False
Michael McCaul,Republican,House,TX,JTSXX,2024-2-29,True,False
Michael McCaul,Republican,House,TX,OGVXX,2024-2-29,True,False
Michael McCaul,Republican,House,TX,N/A,2024-3-26,True,False
Michael McCaul,Republican,House,TX,JTSXX,2024-3-27,True,False
Michael McCaul,Republican,House,TX,JTSXX,2024-3-21,True,False
Michael McCaul,Republican,House,TX,JTSXX,2024-3-18,True,False
Michael McCaul,Republican,House,TX,JTSXX,2024-3-25,True,False
Michael McCaul,Republican,House,TX,JTSXX,2024-3-4,True,False
Michael McCaul,Republican,House,TX,JTSXX,2024-3-14,False,True
Michael McCaul,Republican,House,TX,N/A,2024-3-25,False,True
Michael McCaul,Republican,House,TX,JTSXX,2024-3-19,False,True
Michael McCaul,Republican,House,TX,NFLX,2024-3-6,False,True
Michael McCaul,Republican,House,TX,ADSK,2024-3-4,False,True
Michael McCaul,Republican,House,TX,INTU,2024-3-4,False,True
Michael McCaul,Republican,House,TX,ACN,2024-3-4,False,True
Michael McCaul,Republican,House,TX,EPAM,2024-3-26,False,True
Michael McCaul,Republican,House,TX,EPAM,2024-3-25,False,True
Michael McCaul,Republican,House,TX,EPAM,2024-3-27,False,True
Michael McCaul,Republican,House,TX,ADSK,2024-3-10,False,True
Michael McCaul,Republican,House,TX,ADBE,2024-3-10,False,True
Michael McCaul,Republican,House,TX,SAFRY,2024-3-12,False,True
Michael McCaul,Republican,House,TX,MAR,2024-3-19,False,True
Michael McCaul,Republican,House,TX,GE,2024-3-13,False,True
Michael McCaul,Republican,House,TX,GE,2024-3-3,False,True
Michael McCaul,Republican,House,TX,GE,2024-3-10,False,True
Michael McCaul,Republican,House,TX,SAFRY,2024-3-24,False,True
Michael McCaul,Republican,House,TX,JTSXX,2024-3-17,False,True
Michael McCaul,Republican,House,TX,CMG,2024-3-21,False,True
Michael McCaul,Republican,House,TX,CSL,2024-3-14,False,True
Michael McCaul,Republican,House,TX,V,2024-3-24,False,True
Michael McCaul,Republican,House,TX,N/A,2024-3-28,False,True
Michael McCaul,Republican,House,TX,N/A,2024-3-18,False,True
Michael McCaul,Republican,House,TX,WWD,2024-3-24,False,True
Michael McCaul,Republican,House,TX,VMFXX,2024-3-25,False,True
Michael McCaul,Republican,House,TX,N/A,2024-2-29,False,True
Michael McCaul,Republican,House,TX,N/A,2024-3-18,False,True
Michael McCaul,Republican,House,TX,GOOGL,2024-3-24,False,True
Michael McCaul,Republican,House,TX,ADBE,2024-2-29,False,True
Michael McCaul,Republican,House,TX,N/A,2024-3-18,False,True
Michael McCaul,Republican,House,TX,ELV,2024-3-24,False,True
Michael McCaul,Republican,House,TX,CMCSA,2024-3-24,False,True
Michael McCaul,Republican,House,TX,COF,2024-3-24,False,True
Michael McCaul,Republican,House,TX,MAR,2024-3-24,False,True
Michael McCaul,Republican,House,TX,HLT,2024-3-24,False,True
Michael McCaul,Republican,House,TX,SAP,2024-3-24,False,True
Michael McCaul,Republican,House,TX,TSM,2024-3-24,False,True
Michael McCaul,Republican,House,TX,N/A,2024-3-14,False,True
Michael McCaul,Republican,House,TX,N/A,2024-3-18,False,True
Michael McCaul,Republican,House,TX,GS,2024-3-24,False,True
Michael McCaul,Republican,House,TX,WFC,2024-3-24,False,True
Michael McCaul,Republican,House,TX,SAFRY,2024-3-24,False,True
Michael McCaul,Republican,House,TX,NFLX,2024-3-24,False,True
Michael McCaul,Republican,House,TX,GE,2024-3-24,False,True
Michael McCaul,Republican,House,TX,GOOGL,2024-3-24,False,True
Michael McCaul,Republican,House,TX,COP,2024-3-24,False,True
Michael McCaul,Republican,House,TX,SHEL,2024-3-24,False,True
Michael McCaul,Republican,House,TX,UNH,2024-3-24,False,True
Michael McCaul,Republican,House,TX,MSFT,2024-3-24,False,True
Michael McCaul,Republican,House,TX,AMZN,2024-3-24,False,True
Michael McCaul,Republican,House,TX,META,2024-3-24,False,True
Michael McCaul,Republican,House,TX,JPM,2024-3-6,False,True
Michael McCaul,Republican,House,TX,JPM,2024-3-20,False,True
Michael McCaul,Republican,House,TX,N/A,2024-3-13,True,False
Michael McCaul,Republican,House,TX,N/A,2024-3-25,True,False
Michael McCaul,Republican,House,TX,N/A,2024-3-27,True,False
Michael McCaul,Republican,House,TX,VTI,2024-3-25,True,False
Michael McCaul,Republican,House,TX,IBM,2024-3-4,False,True
Michael McCaul,Republican,House,TX,EAGL,2024-3-24,True,False
Michael McCaul,Republican,House,TX,JPM,2024-3-20,True,False
Michael McCaul,Republican,House,TX,JPM,2024-3-6,True,False
Michael McCaul,Republican,House,TX,VMFXX,2024-2-29,True,False
Michael McCaul,Republican,House,TX,N/A,2024-3-14,True,False
Michael McCaul,Republican,House,TX,N/A,2024-3-25,True,False
Michael McCaul,Republican,House,TX,VMFXX,2024-3-3,True,False
Michael McCaul,Republican,House,TX,VMFXX,2024-2-29,True,False
Michael McCaul,Republican,House,TX,VMFXX,2024-2-29,True,False
Michael McCaul,Republican,House,TX,META,2024-3-4,True,False
Michael McCaul,Republican,House,TX,N/A,2024-3-17,True,False
Michael McCaul,Republican,House,TX,META,2024-2-29,True,False
Michael McCaul,Republican,House,TX,ANET,2024-3-10,True,False
Michael McCaul,Republican,House,TX,SHEL,2024-3-19,True,False
Michael McCaul,Republican,House,TX,ATKR,2024-3-14,True,False
Michael McCaul,Republican,House,TX,JTSXX,2024-3-24,True,False
Michael McCaul,Republican,House,TX,DFS,2024-3-17,True,False
Michael McCaul,Republican,House,TX,JTSXX,2024-3-13,True,False
Michael McCaul,Republican,House,TX,JTSXX,2024-3-10,True,False
Michael McCaul,Republican,House,TX,JTSXX,2024-3-3,True,False
Michael McCaul,Republican,House,TX,JTSXX,2024-3-12,True,False
Michael McCaul,Republican,House,TX,N/A,2024-3-18,True,False
Michael McCaul,Republican,House,TX,META,2024-3-21,True,False
Michael McCaul,Republican,House,TX,META,2024-3-27,True,False
Michael McCaul,Republican,House,TX,N/A,2024-3-18,True,False
Michael McCaul,Republican,House,TX,META,2024-3-25,True,False
Michael McCaul,Republican,House,TX,VMFXX,2024-2-29,True,False
Michael McCaul,Republican,House,TX,JTSXX,2024-3-6,True,False
Michael McCaul,Republican,House,TX,VMFXX,2024-2-29,True,False
Michael McCaul,Republican,House,TX,AMD,2024-3-26,True,False
Michael McCaul,Republican,House,TX,JTSXX,2024-2-29,True,False
Michael McCaul,Republican,House,TX,VMFXX,2024-2-29,True,False
Michael McCaul,Republican,House,TX,OGVXX,2024-2-29,True,False
Michael McCaul,Republican,House,TX,JTSXX,2024-3-27,True,False
Michael McCaul,Republican,House,TX,N/A,2024-3-26,True,False
Michael McCaul,Republican,House,TX,JTSXX,2024-3-21,True,False
Michael McCaul,Republican,House,TX,JTSXX,2024-3-18,True,False
Michael McCaul,Republican,House,TX,JTSXX,2024-3-25,True,False
Michael McCaul,Republican,House,TX,JTSXX,2024-3-4,True,False
Michael McCaul,Republican,House,TX,JTSXX,2024-3-14,False,True
Michael McCaul,Republican,House,TX,N/A,2024-3-25,False,True
Michael McCaul,Republican,House,TX,JTSXX,2024-3-19,False,True
Michael McCaul,Republican,House,TX,NFLX,2024-3-6,False,True
Michael McCaul,Republican,House,TX,ADSK,2024-3-4,False,True
Michael McCaul,Republican,House,TX,INTU,2024-3-4,False,True
Michael McCaul,Republican,House,TX,ACN,2024-3-4,False,True
Michael McCaul,Republican,House,TX,EPAM,2024-3-26,False,True
Michael McCaul,Republican,House,TX,EPAM,2024-3-25,False,True
Michael McCaul,Republican,House,TX,EPAM,2024-3-27,False,True
Michael McCaul,Republican,House,TX,ADSK,2024-3-10,False,True
Michael McCaul,Republican,House,TX,ADBE,2024-3-10,False,True
Michael McCaul,Republican,House,TX,SAFRY,2024-3-12,False,True
Michael McCaul,Republican,House,TX,MAR,2024-3-19,False,True
Michael McCaul,Republican,House,TX,CMG,2024-3-21,False,True
Michael McCaul,Republican,House,TX,GE,2024-3-13,False,True
Michael McCaul,Republican,House,TX,GE,2024-3-3,False,True
Michael McCaul,Republican,House,TX,GE,2024-3-10,False,True
Michael McCaul,Republican,House,TX,SAFRY,2024-3-24,False,True
Michael McCaul,Republican,House,TX,JTSXX,2024-3-17,False,True
Michael McCaul,Republican,House,TX,CSL,2024-3-14,False,True
Michael McCaul,Republican,House,TX,N/A,2024-3-28,False,True
Michael McCaul,Republican,House,TX,N/A,2024-3-18,False,True
Michael McCaul,Republican,House,TX,V,2024-3-24,False,True
Michael McCaul,Republican,House,TX,VMFXX,2024-3-25,False,True
Michael McCaul,Republican,House,TX,ADBE,2024-2-29,False,True
Michael McCaul,Republican,House,TX,N/A,2024-2-29,False,True
Michael McCaul,Republican,House,TX,N/A,2024-3-18,False,True
Michael McCaul,Republican,House,TX,WWD,2024-3-24,False,True
Michael McCaul,Republican,House,TX,GOOGL,2024-3-24,False,True
Michael McCaul,Republican,House,TX,N/A,2024-3-18,False,True
Michael McCaul,Republican,House,TX,ELV,2024-3-24,False,True
Michael McCaul,Republican,House,TX,CMCSA,2024-3-24,False,True
Michael McCaul,Republican,House,TX,COF,2024-3-24,False,True
Michael McCaul,Republican,House,TX,MAR,2024-3-24,False,True
Michael McCaul,Republican,House,TX,HLT,2024-3-24,False,True
Michael McCaul,Republican,House,TX,SAP,2024-3-24,False,True
Michael McCaul,Republican,House,TX,TSM,2024-3-24,False,True
Michael McCaul,Republican,House,TX,N/A,2024-3-14,False,True
Michael McCaul,Republican,House,TX,N/A,2024-3-18,False,True
Michael McCaul,Republican,House,TX,GS,2024-3-24,False,True
Michael McCaul,Republican,House,TX,WFC,2024-3-24,False,True
Michael McCaul,Republican,House,TX,SAFRY,2024-3-24,False,True
Michael McCaul,Republican,House,TX,NFLX,2024-3-24,False,True
Michael McCaul,Republican,House,TX,GE,2024-3-24,False,True
Michael McCaul,Republican,House,TX,GOOGL,2024-3-24,False,True
Michael McCaul,Republican,House,TX,COP,2024-3-24,False,True
Michael McCaul,Republican,House,TX,SHEL,2024-3-24,False,True
Michael McCaul,Republican,House,TX,UNH,2024-3-24,False,True
Michael McCaul,Republican,House,TX,MSFT,2024-3-24,False,True
Michael McCaul,Republican,House,TX,AMZN,2024-3-24,False,True
Michael McCaul,Republican,House,TX,META,2024-3-24,False,True
Michael McCaul,Republican,House,TX,JPM,2024-3-6,False,True
Michael McCaul,Republican,House,TX,JPM,2024-3-20,False,True
Michael McCaul,Republican,House,TX,N/A,2024-3-13,True,False
Michael McCaul,Republican,House,TX,N/A,2024-3-25,True,False
Michael McCaul,Republican,House,TX,N/A,2024-3-27,True,False
Michael McCaul,Republican,House,TX,D,2024-3-4,True,False
Michael McCaul,Republican,House,TX,VMFXX,2024-3-6,True,False
Michael McCaul,Republican,House,TX,VWLUX,2024-2-29,True,False
Michael McCaul,Republican,House,TX,VTI,2024-3-27,True,False
Michael McCaul,Republican,House,TX,IBM,2024-3-4,False,True
Bob Latta,Republican,House,OH,FMAO,2024-4-19,True,False
Tina Smith,Democrat,Senate,MN,PODD,2024-4-3,False,True
Tina Smith,Democrat,Senate,MN,NEE,2024-4-3,False,True
Barry Moore,Republican,House,AL,$BTC,2024-3-29,True,False
Scott Peters,Democrat,House,CA,N/A,2024-3-20,False,True
Scott Peters,Democrat,House,CA,N/A,2024-3-4,True,False
Angus King,Other,Senate,ME,VZ,2024-3-6,True,False
Doug Lamborn,Republican,House,CO,NTAP,2024-2-29,False,True
Doug Lamborn,Republican,House,CO,NTAP,2024-3-19,True,False
Doug Lamborn,Republican,House,CO,NTAP,2024-2-29,False,True
Doug Lamborn,Republican,House,CO,NTAP,2024-3-19,True,False
Doug Lamborn,Republican,House,CO,NTAP,2024-2-29,False,True
Doug Lamborn,Republican,House,CO,NTAP,2024-3-19,True,False
Eleanor Holmes Norton,Democrat,House,WA,BRK/B,2024-4-3,False,True
Richard Blumenthal,Democrat,Senate,CT,N/A,2024-2-29,True,False
Richard Blumenthal,Democrat,Senate,CT,N/A,2024-3-3,False,True
Richard Blumenthal,Democrat,Senate,CT,N/A,2024-2-29,True,False
Richard Blumenthal,Democrat,Senate,CT,N/A,2024-2-29,True,False
Richard Blumenthal,Democrat,Senate,CT,N/A,2024-2-29,True,False
Tommy Tuberville,Republican,Senate,AL,WBA,2024-3-20,True,False
Tommy Tuberville,Republican,Senate,AL,PARA,2024-3-20,True,False
Tommy Tuberville,Republican,Senate,AL,RYCEY,2024-3-20,True,False
Tommy Tuberville,Republican,Senate,AL,RYCEY,2024-3-20,True,False
Tommy Tuberville,Republican,Senate,AL,HUMA,2024-3-20,True,False
Tommy Tuberville,Republican,Senate,AL,HUMA,2024-3-20,True,False
Tommy Tuberville,Republican,Senate,AL,HUMA,2024-3-20,True,False
Tommy Tuberville,Republican,Senate,AL,QCOM,2024-3-12,False,True
Tommy Tuberville,Republican,Senate,AL,ADBE,2024-3-12,False,True
Tommy Tuberville,Republican,Senate,AL,ADBE,2024-3-12,False,True
Tommy Tuberville,Republican,Senate,AL,ADBE,2024-3-12,False,True
Tommy Tuberville,Republican,Senate,AL,ADBE,2024-3-12,False,True
Tommy Tuberville,Republican,Senate,AL,AMAT,2024-3-7,False,True
Tommy Tuberville,Republican,Senate,AL,FMCC,2024-3-11,True,False
Tommy Tuberville,Republican,Senate,AL,AAPL,2024-3-11,False,True
Tommy Tuberville,Republican,Senate,AL,ACN,2024-3-11,False,True
Tommy Tuberville,Republican,Senate,AL,CSX,2024-3-11,False,True
Tommy Tuberville,Republican,Senate,AL,JPM,2024-3-11,False,True
Tommy Tuberville,Republican,Senate,AL,TXN,2024-3-11,False,True
Kevin Hern,Republican,House,OK,DVN,2024-3-27,True,False
Kevin Hern,Republican,House,OK,DVN,2024-3-27,True,False
Kevin Hern,Republican,House,OK,EMR,2024-3-10,True,False
Kevin Hern,Republican,House,OK,XOM,2024-3-10,True,False
Kevin Hern,Republican,House,OK,HD,2024-3-20,True,False
Kevin Hern,Republican,House,OK,HD,2024-3-20,True,False
Kevin Hern,Republican,House,OK,JNJ,2024-3-4,True,False
Kevin Hern,Republican,House,OK,LIN,2024-3-27,True,False
Kevin Hern,Republican,House,OK,LMT,2024-3-28,True,False
Kevin Hern,Republican,House,OK,NEE,2024-3-14,True,False
Kevin Hern,Republican,House,OK,PXD,2024-3-21,True,False
Kevin Hern,Republican,House,OK,ROK,2024-3-10,True,False
Kevin Hern,Republican,House,OK,RTX,2024-3-20,True,False
Kevin Hern,Republican,House,OK,UNH,2024-3-18,True,False
Kevin Hern,Republican,House,OK,WMB,2024-3-24,True,False
Ron Wyden,Democrat,Senate,OR,UPS,2024-3-26,False,True
Rick Scott,Republican,Senate,FL,N/A,2024-3-26,True,False
Rick Scott,Republican,Senate,FL,N/A,2024-3-26,True,False
Rick Scott,Republican,Senate,FL,N/A,2024-3-26,True,False
Rick Scott,Republican,Senate,FL,N/A,2024-3-20,False,True
Rick Scott,Republican,Senate,FL,N/A,2024-3-20,False,True
Rick Scott,Republican,Senate,FL,N/A,2024-3-20,False,True
Rick Scott,Republican,Senate,FL,N/A,2024-3-20,False,True
Rick Scott,Republican,Senate,FL,N/A,2024-3-19,True,False
Rick Scott,Republican,Senate,FL,N/A,2024-3-19,True,False
Rick Scott,Republican,Senate,FL,N/A,2024-3-19,True,False
Rick Scott,Republican,Senate,FL,N/A,2024-3-19,True,False
Rick Scott,Republican,Senate,FL,N/A,2024-3-13,False,True
Rick Scott,Republican,Senate,FL,N/A,2024-3-13,False,True
Rick Scott,Republican,Senate,FL,N/A,2024-3-13,False,True
Rick Scott,Republican,Senate,FL,N/A,2024-3-13,True,False
Rick Scott,Republican,Senate,FL,N/A,2024-3-13,True,False
Rick Scott,Republican,Senate,FL,N/A,2024-3-13,True,False
Rick Scott,Republican,Senate,FL,N/A,2024-3-13,True,False
Chip Roy,Republican,House,TX,T,2024-4-9,False,True
Chip Roy,Republican,House,TX,AESI,2024-3-11,False,True
Chip Roy,Republican,House,TX,CVX,2024-4-9,False,True
Chip Roy,Republican,House,TX,ET,2024-4-9,False,True
Chip Roy,Republican,House,TX,XOM,2024-4-9,False,True
Chip Roy,Republican,House,TX,KMI,2024-4-9,False,True
Chip Roy,Republican,House,TX,NS,2024-4-9,False,True
John Hickenlooper,Democrat,Senate,CO,LSXMA,2024-3-11,False,True
John Hickenlooper,Democrat,Senate,CO,FWONK,2024-3-11,False,True
Rick Larsen,Democrat,House,WA,FDX,2024-4-3,True,False
Rick Larsen,Democrat,House,WA,UPS,2024-4-3,False,True
Chellie Pingree,Democrat,House,ME,N/A,2024-3-26,True,False
Michael Burgess,Republican,House,TX,XOM,2024-3-10,False,True
Michael Burgess,Republican,House,TX,ILMN,2024-3-10,False,True
Virginia Foxx,Republican,House,NC,ASC,2024-3-3,True,False
Virginia Foxx,Republican,House,NC,ASC,2024-3-5,True,False
Virginia Foxx,Republican,House,NC,HTGC,2024-3-6,True,False
Lloyd Doggett,Democrat,House,TX,HD,2024-3-20,True,False
Lloyd Doggett,Democrat,House,TX,IBM,2024-3-10,True,False
Lloyd Doggett,Democrat,House,TX,JNJ,2024-3-4,True,False
Lloyd Doggett,Democrat,House,TX,PPG,2024-3-11,True,False
Ro Khanna,Democrat,House,CA,UPS,2024-2-29,True,False
Ro Khanna,Democrat,House,CA,SBAC,2024-3-21,True,False
Ro Khanna,Democrat,House,CA,ACN,2024-2-29,True,False
Ro Khanna,Democrat,House,CA,MRVL,2024-2-29,True,False
Ro Khanna,Democrat,House,CA,SYY,2024-3-24,True,False
Ro Khanna,Democrat,House,CA,AMT,2024-2-29,True,False
Ro Khanna,Democrat,House,CA,BDX,2024-3-20,True,False
Ro Khanna,Democrat,House,CA,ISRG,2024-2-29,True,False
Ro Khanna,Democrat,House,CA,CSCO,2024-2-29,True,False
Ro Khanna,Democrat,House,CA,PEP,2024-3-14,True,False
Ro Khanna,Democrat,House,CA,LEA,2024-3-7,True,False
Ro Khanna,Democrat,House,CA,EXR,2024-3-21,True,False
Ro Khanna,Democrat,House,CA,NVDA,2024-2-29,True,False
Ro Khanna,Democrat,House,CA,LLY,2024-2-29,True,False
Ro Khanna,Democrat,House,CA,AXP,2024-2-29,True,False
Ro Khanna,Democrat,House,CA,ISRG,2024-2-29,True,False
Ro Khanna,Democrat,House,CA,ACN,2024-2-29,True,False
Ro Khanna,Democrat,House,CA,ODFL,2024-2-29,False,True
Ro Khanna,Democrat,House,CA,NVDA,2024-2-29,False,True
Ro Khanna,Democrat,House,CA,WFC,2024-3-17,False,True
Ro Khanna,Democrat,House,CA,PG,2024-2-29,False,True
Ro Khanna,Democrat,House,CA,BRK/B,2024-3-14,False,True
Ro Khanna,Democrat,House,CA,LLY,2024-2-29,False,True
Ro Khanna,Democrat,House,CA,CAT,2024-3-14,False,True
Ro Khanna,Democrat,House,CA,NVR,2024-3-21,False,True
Ro Khanna,Democrat,House,CA,NVR,2024-3-19,False,True
Ro Khanna,Democrat,House,CA,ROST,2024-2-29,False,True
Ro Khanna,Democrat,House,CA,BWA,2024-3-17,False,True
Ro Khanna,Democrat,House,CA,KKR,2024-3-20,False,True
Ro Khanna,Democrat,House,CA,SYK,2024-3-21,False,True
Ro Khanna,Democrat,House,CA,BWA,2024-3-11,False,True
Ro Khanna,Democrat,House,CA,MSFT,2024-2-29,False,True
Ro Khanna,Democrat,House,CA,BWA,2024-3-20,False,True
Ro Khanna,Democrat,House,CA,AXP,2024-2-29,False,True
Ro Khanna,Democrat,House,CA,BWA,2024-3-7,False,True
Ro Khanna,Democrat,House,CA,NDAQ,2024-3-17,True,False
Ro Khanna,Democrat,House,CA,SBAC,2024-3-21,True,False
Ro Khanna,Democrat,House,CA,NDAQ,2024-3-20,True,False
Ro Khanna,Democrat,House,CA,NDAQ,2024-3-7,True,False
Ro Khanna,Democrat,House,CA,NDAQ,2024-3-5,True,False
Ro Khanna,Democrat,House,CA,WFC,2024-3-17,False,True
Ro Khanna,Democrat,House,CA,TSLA,2024-3-24,True,False
Ro Khanna,Democrat,House,CA,BMY,2024-3-24,True,False
Ro Khanna,Democrat,House,CA,GILD,2024-3-24,True,False
Ro Khanna,Democrat,House,CA,KO,2024-3-24,True,False
Ro Khanna,Democrat,House,CA,JNJ,2024-3-24,True,False
Ro Khanna,Democrat,House,CA,PEP,2024-3-24,True,False
Ro Khanna,Democrat,House,CA,APD,2024-3-24,True,False
Ro Khanna,Democrat,House,CA,HUM,2024-3-24,True,False
Ro Khanna,Democrat,House,CA,SMCI,2024-3-24,True,False
Ro Khanna,Democrat,House,CA,EL,2024-3-24,True,False
Ro Khanna,Democrat,House,CA,ANSS,2024-3-24,True,False
Ro Khanna,Democrat,House,CA,AON,2024-3-24,True,False
Ro Khanna,Democrat,House,CA,PFE,2024-3-24,True,False
Ro Khanna,Democrat,House,CA,TJX,2024-3-24,True,False
Ro Khanna,Democrat,House,CA,HSY,2024-3-24,True,False
Ro Khanna,Democrat,House,CA,SNPS,2024-3-24,True,False
Ro Khanna,Democrat,House,CA,INCY,2024-3-24,True,False
Ro Khanna,Democrat,House,CA,VRSN,2024-3-24,True,False
Ro Khanna,Democrat,House,CA,ADM,2024-3-24,True,False
Ro Khanna,Democrat,House,CA,HRL,2024-3-24,True,False
Ro Khanna,Democrat,House,CA,ROP,2024-3-24,True,False
Ro Khanna,Democrat,House,CA,NEM,2024-3-24,True,False
Ro Khanna,Democrat,House,CA,VICI,2024-3-24,True,False
Ro Khanna,Democrat,House,CA,WMT,2024-3-24,True,False
Ro Khanna,Democrat,House,CA,VFC,2024-3-24,True,False
Ro Khanna,Democrat,House,CA,BDX,2024-3-24,True,False
Ro Khanna,Democrat,House,CA,MNST,2024-3-24,True,False
Ro Khanna,Democrat,House,CA,KVUE,2024-3-24,True,False
Ro Khanna,Democrat,House,CA,PM,2024-3-24,False,True
Ro Khanna,Democrat,House,CA,NKE,2024-3-24,False,True
Ro Khanna,Democrat,House,CA,UNH,2024-3-24,False,True
Ro Khanna,Democrat,House,CA,CMCSA,2024-3-24,False,True
Ro Khanna,Democrat,House,CA,ZTS,2024-3-24,False,True
Ro Khanna,Democrat,House,CA,MDLZ,2024-3-24,False,True
Ro Khanna,Democrat,House,CA,SBUX,2024-3-24,False,True
Ro Khanna,Democrat,House,CA,PLD,2024-3-24,False,True
Ro Khanna,Democrat,House,CA,AAPL,2024-3-24,False,True
Ro Khanna,Democrat,House,CA,LULU,2024-3-24,False,True
Ro Khanna,Democrat,House,CA,BIIB,2024-3-24,False,True
Ro Khanna,Democrat,House,CA,KDP,2024-3-24,False,True
Ro Khanna,Democrat,House,CA,MPWR,2024-3-24,False,True
Ro Khanna,Democrat,House,CA,ANET,2024-3-24,False,True
Ro Khanna,Democrat,House,CA,PANW,2024-3-24,False,True
Ro Khanna,Democrat,House,CA,APTV,2024-3-24,False,True
Ro Khanna,Democrat,House,CA,IDXX,2024-3-24,False,True
Ro Khanna,Democrat,House,CA,LVS,2024-3-24,False,True
Ro Khanna,Democrat,House,CA,FSLR,2024-3-24,False,True
Ro Khanna,Democrat,House,CA,BF/A,2024-3-24,False,True
Ro Khanna,Democrat,House,CA,WHR,2024-3-24,False,True
Ro Khanna,Democrat,House,CA,ENPH,2024-3-24,False,True
Ro Khanna,Democrat,House,CA,FDS,2024-3-24,False,True
Ro Khanna,Democrat,House,CA,WBA,2024-3-24,False,True
Ro Khanna,Democrat,House,CA,CCI,2024-3-24,False,True
Ro Khanna,Democrat,House,CA,ON,2024-3-24,False,True
Ro Khanna,Democrat,House,CA,N/A,2024-3-4,True,False
Ro Khanna,Democrat,House,CA,N/A,2024-3-4,True,False
Ro Khanna,Democrat,House,CA,JNJ,2024-3-19,True,False
Ro Khanna,Democrat,House,CA,PFE,2024-3-19,True,False
Ro Khanna,Democrat,House,CA,CRM,2024-3-19,True,False
Ro Khanna,Democrat,House,CA,COST,2024-3-19,True,False
Ro Khanna,Democrat,House,CA,UPS,2024-3-19,True,False
Ro Khanna,Democrat,House,CA,NDAQ,2024-3-19,True,False
Ro Khanna,Democrat,House,CA,BKNG,2024-3-19,True,False
Ro Khanna,Democrat,House,CA,CHTR,2024-3-19,True,False
Ro Khanna,Democrat,House,CA,AMAT,2024-3-19,True,False
Ro Khanna,Democrat,House,CA,MSFT,2024-3-19,True,False
Ro Khanna,Democrat,House,CA,NDAQ,2024-3-5,True,False
Ro Khanna,Democrat,House,CA,F,2024-3-19,True,False
Ro Khanna,Democrat,House,CA,BAC,2024-3-19,True,False
Ro Khanna,Democrat,House,CA,MDLZ,2024-3-19,True,False
Ro Khanna,Democrat,House,CA,CHD,2024-3-19,True,False
Ro Khanna,Democrat,House,CA,ZTS,2024-3-19,True,False
Ro Khanna,Democrat,House,CA,NDAQ,2024-3-20,True,False
Ro Khanna,Democrat,House,CA,NDAQ,2024-3-7,True,False
Ro Khanna,Democrat,House,CA,NDAQ,2024-3-14,True,False
Ro Khanna,Democrat,House,CA,AVGO,2024-3-19,True,False
Ro Khanna,Democrat,House,CA,PH,2024-3-19,True,False
Ro Khanna,Democrat,House,CA,ADSK,2024-3-19,True,False
Ro Khanna,Democrat,House,CA,TXN,2024-3-19,True,False
Ro Khanna,Democrat,House,CA,APD,2024-3-19,True,False
Ro Khanna,Democrat,House,CA,MO,2024-3-19,True,False
Ro Khanna,Democrat,House,CA,CSCO,2024-3-19,True,False
Ro Khanna,Democrat,House,CA,RCL,2024-3-19,True,False
Ro Khanna,Democrat,House,CA,SMCI,2024-3-19,True,False
Ro Khanna,Democrat,House,CA,PEP,2024-3-19,True,False
Ro Khanna,Democrat,House,CA,STM,2024-3-7,True,False
Ro Khanna,Democrat,House,CA,FTNT,2024-3-19,True,False
Ro Khanna,Democrat,House,CA,POOL,2024-3-19,True,False
Ro Khanna,Democrat,House,CA,MODG,2024-3-12,True,False
Ro Khanna,Democrat,House,CA,PENN,2024-3-5,True,False
Ro Khanna,Democrat,House,CA,NGG,2024-3-7,True,False
Ro Khanna,Democrat,House,CA,MPWR,2024-3-19,True,False
Ro Khanna,Democrat,House,CA,NDAQ,2024-3-27,True,False
Ro Khanna,Democrat,House,CA,NDAQ,2024-3-26,True,False
Ro Khanna,Democrat,House,CA,FICO,2024-3-19,True,False
Ro Khanna,Democrat,House,CA,NDAQ,2024-3-17,True,False
Ro Khanna,Democrat,House,CA,NDAQ,2024-3-10,True,False
Ro Khanna,Democrat,House,CA,NDAQ,2024-3-6,True,False
Ro Khanna,Democrat,House,CA,ADRNY,2024-3-7,True,False
Ro Khanna,Democrat,House,CA,MODG,2024-3-10,True,False
Ro Khanna,Democrat,House,CA,PANW,2024-3-19,True,False
Ro Khanna,Democrat,House,CA,PENN,2024-2-29,True,False
Ro Khanna,Democrat,House,CA,PENN,2024-3-19,True,False
Ro Khanna,Democrat,House,CA,PENN,2024-3-18,True,False
Ro Khanna,Democrat,House,CA,HUM,2024-3-19,True,False
Ro Khanna,Democrat,House,CA,ANSS,2024-3-19,True,False
Ro Khanna,Democrat,House,CA,MAR,2024-3-19,True,False
Ro Khanna,Democrat,House,CA,HSY,2024-3-19,True,False
Ro Khanna,Democrat,House,CA,PPG,2024-3-19,True,False
Ro Khanna,Democrat,House,CA,ABNB,2024-3-19,True,False
Ro Khanna,Democrat,House,CA,MA,2024-3-19,True,False
Ro Khanna,Democrat,House,CA,PCAR,2024-3-19,True,False
Ro Khanna,Democrat,House,CA,MU,2024-3-19,True,False
Ro Khanna,Democrat,House,CA,CZR,2024-3-19,True,False
Ro Khanna,Democrat,House,CA,APTV,2024-3-19,True,False
Ro Khanna,Democrat,House,CA,NXPI,2024-3-19,True,False
Ro Khanna,Democrat,House,CA,CCL,2024-3-19,True,False
Ro Khanna,Democrat,House,CA,DHI,2024-3-19,True,False
Ro Khanna,Democrat,House,CA,KVUE,2024-3-19,True,False
Ro Khanna,Democrat,House,CA,LULU,2024-3-19,True,False
Ro Khanna,Democrat,House,CA,LRCX,2024-3-19,True,False
Ro Khanna,Democrat,House,CA,LW,2024-3-19,True,False
Ro Khanna,Democrat,House,CA,ADM,2024-3-19,True,False
Ro Khanna,Democrat,House,CA,WMT,2024-3-19,True,False
Ro Khanna,Democrat,House,CA,PARA,2024-3-19,True,False
Ro Khanna,Democrat,House,CA,WBD,2024-3-19,True,False
Ro Khanna,Democrat,House,CA,MNST,2024-3-19,True,False
Ro Khanna,Democrat,House,CA,CPRT,2024-3-19,True,False
Ro Khanna,Democrat,House,CA,CLX,2024-3-19,True,False
Ro Khanna,Democrat,House,CA,NKE,2024-3-19,True,False
Ro Khanna,Democrat,House,CA,N/A,2024-3-19,True,False
Ro Khanna,Democrat,House,CA,JBL,2024-3-19,True,False
Ro Khanna,Democrat,House,CA,EL,2024-3-19,True,False
Ro Khanna,Democrat,House,CA,ON,2024-3-19,True,False
Ro Khanna,Democrat,House,CA,WST,2024-3-19,True,False
Ro Khanna,Democrat,House,CA,ISRG,2024-3-19,True,False
Ro Khanna,Democrat,House,CA,HSBC,2024-3-7,True,False
Ro Khanna,Democrat,House,CA,PM,2024-3-19,True,False
Ro Khanna,Democrat,House,CA,KMB,2024-3-19,True,False
Ro Khanna,Democrat,House,CA,ADBE,2024-3-19,True,False
Ro Khanna,Democrat,House,CA,PENN,2024-3-26,True,False
Ro Khanna,Democrat,House,CA,URI,2024-3-19,True,False
Ro Khanna,Democrat,House,CA,UBER,2024-3-19,True,False
Ro Khanna,Democrat,House,CA,NDAQ,2024-3-25,True,False
Ro Khanna,Democrat,House,CA,MODG,2024-3-11,True,False
Ro Khanna,Democrat,House,CA,PENN,2024-3-14,True,False
Ro Khanna,Democrat,House,CA,TSM,2024-3-7,True,False
Ro Khanna,Democrat,House,CA,NVO,2024-3-7,True,False
Ro Khanna,Democrat,House,CA,CRH,2024-3-7,True,False
Ro Khanna,Democrat,House,CA,EWJ,2024-3-7,True,False
Ro Khanna,Democrat,House,CA,XSP,2024-3-5,False,True
Ro Khanna,Democrat,House,CA,XSP,2024-3-12,False,True
Ro Khanna,Democrat,House,CA,XSP,2024-3-27,False,True
Ro Khanna,Democrat,House,CA,XSP,2024-3-20,False,True
Ro Khanna,Democrat,House,CA,PG,2024-3-19,False,True
Ro Khanna,Democrat,House,CA,CMCSA,2024-3-19,False,True
Ro Khanna,Democrat,House,CA,TSLA,2024-3-19,False,True
Ro Khanna,Democrat,House,CA,INTC,2024-3-19,False,True
Ro Khanna,Democrat,House,CA,NOW,2024-3-19,False,True
Ro Khanna,Democrat,House,CA,CMG,2024-3-19,False,True
Ro Khanna,Democrat,House,CA,ORCL,2024-3-19,False,True
Ro Khanna,Democrat,House,CA,SBUX,2024-3-19,False,True
Ro Khanna,Democrat,House,CA,FDX,2024-3-19,False,True
Ro Khanna,Democrat,House,CA,ECL,2024-3-19,False,True
Ro Khanna,Democrat,House,CA,MS,2024-3-19,False,True
Ro Khanna,Democrat,House,CA,MU,2024-3-14,False,True
Ro Khanna,Democrat,House,CA,AAPL,2024-3-19,False,True
Ro Khanna,Democrat,House,CA,MCD,2024-3-19,False,True
Ro Khanna,Democrat,House,CA,MCK,2024-3-19,False,True
Ro Khanna,Democrat,House,CA,MODG,2024-3-19,False,True
Ro Khanna,Democrat,House,CA,NVDA,2024-3-19,False,True
Ro Khanna,Democrat,House,CA,WBA,2024-3-19,False,True
Ro Khanna,Democrat,House,CA,GLW,2024-3-6,False,True
Ro Khanna,Democrat,House,CA,GM,2024-3-18,False,True
Ro Khanna,Democrat,House,CA,CRH,2024-3-7,False,True
Ro Khanna,Democrat,House,CA,KHC,2024-3-19,False,True
Ro Khanna,Democrat,House,CA,N/A,2024-3-7,False,True
Ro Khanna,Democrat,House,CA,BIIB,2024-3-19,False,True
Ro Khanna,Democrat,House,CA,GPK,2024-3-14,False,True
Ro Khanna,Democrat,House,CA,SBGSY,2024-3-7,False,True
Ro Khanna,Democrat,House,CA,ABB,2024-3-7,False,True
Ro Khanna,Democrat,House,CA,X,2024-3-19,False,True
Ro Khanna,Democrat,House,CA,LH,2024-3-19,False,True
Ro Khanna,Democrat,House,CA,MRNA,2024-3-19,False,True
Ro Khanna,Democrat,House,CA,LVS,2024-3-19,False,True
Ro Khanna,Democrat,House,CA,ENPH,2024-3-19,False,True
Ro Khanna,Democrat,House,CA,VICI,2024-3-19,False,True
Ro Khanna,Democrat,House,CA,BP,2024-3-7,False,True
Ro Khanna,Democrat,House,CA,KDP,2024-3-19,False,True
Ro Khanna,Democrat,House,CA,GLW,2024-3-21,False,True
Ro Khanna,Democrat,House,CA,TSM,2024-3-7,False,True
Ro Khanna,Democrat,House,CA,DLTR,2024-3-19,False,True
Ro Khanna,Democrat,House,CA,MDB,2024-3-19,False,True
Ro Khanna,Democrat,House,CA,TTWO,2024-3-19,False,True
Ro Khanna,Democrat,House,CA,N/A,2024-3-14,False,True
Ro Khanna,Democrat,House,CA,SBAC,2024-3-21,True,False
Ro Khanna,Democrat,House,CA,JPM,2024-3-4,True,False
Ro Khanna,Democrat,House,CA,JPM,2024-3-25,True,False
Ro Khanna,Democrat,House,CA,STT,2024-3-25,True,False
Ro Khanna,Democrat,House,CA,SYY,2024-3-24,True,False
Ro Khanna,Democrat,House,CA,SRE,2024-3-25,True,False
Ro Khanna,Democrat,House,CA,EXR,2024-3-21,True,False
Ro Khanna,Democrat,House,CA,WFC,2024-3-17,False,True
Ro Khanna,Democrat,House,CA,BRK/B,2024-3-14,False,True
Ro Khanna,Democrat,House,CA,BWA,2024-3-7,False,True
Ro Khanna,Democrat,House,CA,BWA,2024-3-17,False,True
Ro Khanna,Democrat,House,CA,CAT,2024-3-21,False,True
Ro Khanna,Democrat,House,CA,SYK,2024-3-21,False,True
Ro Khanna,Democrat,House,CA,BWA,2024-3-11,False,True
Ro Khanna,Democrat,House,CA,KKR,2024-3-20,False,True
Ro Khanna,Democrat,House,CA,BWA,2024-3-20,False,True
Ro Khanna,Democrat,House,CA,N/A,2024-2-29,True,False
Ro Khanna,Democrat,House,CA,N/A,2024-3-14,True,False
Ro Khanna,Democrat,House,CA,N/A,2024-2-29,True,False
Ro Khanna,Democrat,House,CA,BKNG,2024-3-11,True,False
Ro Khanna,Democrat,House,CA,AVGO,2024-3-11,False,True
Ro Khanna,Democrat,House,CA,N/A,2024-2-29,True,False
Ro Khanna,Democrat,House,CA,BKNG,2024-3-11,True,False
Ro Khanna,Democrat,House,CA,AVGO,2024-3-11,False,True
Ro Khanna,Democrat,House,CA,N/A,2024-2-29,True,False
Ro Khanna,Democrat,House,CA,BKNG,2024-3-11,True,False
Ro Khanna,Democrat,House,CA,AVGO,2024-3-11,False,True
Ro Khanna,Democrat,House,CA,N/A,2024-2-29,True,False
Ro Khanna,Democrat,House,CA,N/A,2024-2-29,True,False
Tracey Mann,Republican,House,KS,N/A,2024-4-3,True,False
Greg Steube,Republican,House,FL,SNV,2024-3-27,False,True
Mark Green,Republican,House,TN,NGL,2024-3-31,False,True
Josh Gottheimer,Democrat,House,NJ,ADBE,2024-3-14,False,True
Josh Gottheimer,Democrat,House,NJ,ADBE,2024-3-12,False,True
Josh Gottheimer,Democrat,House,NJ,AMD,2024-3-17,True,False
Josh Gottheimer,Democrat,House,NJ,AMD,2024-3-14,True,False
Josh Gottheimer,Democrat,House,NJ,ADC,2024-3-13,False,True
Josh Gottheimer,Democrat,House,NJ,AAPL,2024-3-21,False,True
Josh Gottheimer,Democrat,House,NJ,AAPL,2024-3-14,False,True
Josh Gottheimer,Democrat,House,NJ,BHP,2024-3-11,False,True
Josh Gottheimer,Democrat,House,NJ,BNTX,2024-3-13,False,True
Josh Gottheimer,Democrat,House,NJ,SQ,2024-3-20,True,False
Josh Gottheimer,Democrat,House,NJ,CBZ,2024-3-6,False,True
Josh Gottheimer,Democrat,House,NJ,DHI,2024-3-13,True,False
Josh Gottheimer,Democrat,House,NJ,DHI,2024-3-6,True,False
Josh Gottheimer,Democrat,House,NJ,DASTY,2024-3-12,True,False
Josh Gottheimer,Democrat,House,NJ,ETN,2024-3-12,False,True
Josh Gottheimer,Democrat,House,NJ,XNGSY,2024-3-25,True,False
Josh Gottheimer,Democrat,House,NJ,DAVA,2024-3-13,False,True
Josh Gottheimer,Democrat,House,NJ,FOXF,2024-3-13,False,True
Josh Gottheimer,Democrat,House,NJ,HSHCY,2024-3-13,False,True
Josh Gottheimer,Democrat,House,NJ,HCA,2024-2-29,False,True
Josh Gottheimer,Democrat,House,NJ,N/A,2024-3-13,False,True
Josh Gottheimer,Democrat,House,NJ,MAR,2024-3-12,False,True
Josh Gottheimer,Democrat,House,NJ,MELI,2024-3-14,False,True
Josh Gottheimer,Democrat,House,NJ,MELI,2024-3-11,True,False
Josh Gottheimer,Democrat,House,NJ,OCFC,2024-3-13,False,True
Josh Gottheimer,Democrat,House,NJ,N/A,2024-3-6,True,False
Josh Gottheimer,Democrat,House,NJ,CRM,2024-3-12,False,True
Josh Gottheimer,Democrat,House,NJ,SSDOY,2024-3-12,False,True
Josh Gottheimer,Democrat,House,NJ,SHLS,2024-3-13,False,True
Josh Gottheimer,Democrat,House,NJ,SNPS,2024-3-12,False,True
Josh Gottheimer,Democrat,House,NJ,TSM,2024-3-11,False,True
Josh Gottheimer,Democrat,House,NJ,TSLA,2024-3-14,False,True
Josh Gottheimer,Democrat,House,NJ,TDG,2024-3-12,False,True
Katherine Clark,Democrat,House,MA,NYCB,2024-2-29,False,True
Katherine Clark,Democrat,House,MA,NYCB,2024-2-29,False,True
Earl Blumenauer,Democrat,House,OR,N/A,2024-3-26,True,False
Earl Blumenauer,Democrat,House,OR,N/A,2024-3-26,True,False
Tom Suozzi,Democrat,House,NY,NVDA,2024-3-3,False,True
Max Miller,Republican,House,OH,N/A,2024-3-31,True,False
Don Beyer,Democrat,House,VA,N/A,2024-3-27,True,False
Tom Carper,Democrat,Senate,DE,R,2024-3-17,False,True
Tom Carper,Democrat,Senate,DE,N/A,2024-3-27,True,False
Tom Carper,Democrat,Senate,DE,N/A,2024-3-27,True,False
Tom Carper,Democrat,Senate,DE,N/A,2024-3-27,True,False
Tom Carper,Democrat,Senate,DE,D,2024-3-27,True,False
Tom Carper,Democrat,Senate,DE,MOS,2024-3-27,False,True
Tom Carper,Democrat,Senate,DE,NTR,2024-3-27,True,False
Tom Carper,Democrat,Senate,DE,N/A,2024-3-25,False,True
Tom Carper,Democrat,Senate,DE,N/A,2024-3-25,False,True
Tom Carper,Democrat,Senate,DE,N/A,2024-3-25,False,True
Tom Carper,Democrat,Senate,DE,N/A,2024-3-25,True,False
Tom Carper,Democrat,Senate,DE,N/A,2024-3-24,True,False
Tom Carper,Democrat,Senate,DE,N/A,2024-3-24,True,False
Tom Carper,Democrat,Senate,DE,INOD,2024-3-20,False,True
Tom Carper,Democrat,Senate,DE,SOFI,2024-3-20,False,True
Tom Carper,Democrat,Senate,DE,LTHM,2024-3-20,True,False
Tom Carper,Democrat,Senate,DE,N/A,2024-3-18,False,True
Tom Carper,Democrat,Senate,DE,N/A,2024-3-18,True,False
Tom Carper,Democrat,Senate,DE,N/A,2024-3-18,False,True
Tom Carper,Democrat,Senate,DE,N/A,2024-3-17,True,False
Tom Carper,Democrat,Senate,DE,TE1,2024-3-14,True,False
Tom Carper,Democrat,Senate,DE,CEF,2024-3-12,False,True
Tom Carper,Democrat,Senate,DE,CEF,2024-3-12,False,True
Tom Carper,Democrat,Senate,DE,SQM,2024-3-12,True,False
Tom Carper,Democrat,Senate,DE,CEF,2024-3-12,False,True
Tom Carper,Democrat,Senate,DE,GLD,2024-3-12,False,True
Tom Carper,Democrat,Senate,DE,ETRN,2024-3-10,False,True
Tom Carper,Democrat,Senate,DE,NVDA,2024-3-6,True,False
Tom Carper,Democrat,Senate,DE,AAPL,2024-3-6,False,True
Tom Carper,Democrat,Senate,DE,ICLN,2024-3-4,True,False
Mark Pocan,Democrat,House,WI,N/A,2022-3-29,True,False
Mark Pocan,Democrat,House,WI,N/A,2023-1-20,True,False
Kathy Castor,Democrat,House,FL,BRK/B,2024-3-27,False,True
Brian Mast,Republican,House,FL,AMZN,2024-3-3,True,False
Brian Mast,Republican,House,FL,T,2024-3-3,True,False
Brian Mast,Republican,House,FL,T,2024-3-3,True,False
Gerry Connolly,Democrat,House,VA,D,2024-3-17,False,True
Gerry Connolly,Democrat,House,VA,LDOS,2024-3-17,False,True
Gerry Connolly,Democrat,House,VA,SAIC,2024-3-17,False,True
Michael Burgess,Republican,House,TX,ILMN,2024-3-10,False,True
Michael Burgess,Republican,House,TX,WBA,2024-2-29,False,True
Dan Meuser,Republican,House,PA,NVDA,2024-2-19,False,True
Dan Meuser,Republican,House,PA,NVDA,2024-2-19,False,True
Dan Meuser,Republican,House,PA,NVDA,2024-2-19,False,True
Dan Meuser,Republican,House,PA,N/A,2024-2-22,True,False
Nancy Pelosi,Democrat,House,CA,N/A,2024-3-3,True,False
Michael McCaul,Republican,House,TX,JTSXX,2024-2-14,True,False
Michael McCaul,Republican,House,TX,N/A,2024-2-12,True,False
Michael McCaul,Republican,House,TX,N/A,2024-2-27,True,False
Michael McCaul,Republican,House,TX,N/A,2024-2-1,True,False
Michael McCaul,Republican,House,TX,N/A,2024-2-26,False,True
Michael McCaul,Republican,House,TX,JTSXX,2024-1-31,True,False
Michael McCaul,Republican,House,TX,JTSXX,2024-2-5,True,False
Michael McCaul,Republican,House,TX,N/A,2024-1-31,True,False
Michael McCaul,Republican,House,TX,N/A,2024-2-28,True,False
Michael McCaul,Republican,House,TX,MSFT,2024-2-20,True,False
Michael McCaul,Republican,House,TX,N/A,2024-2-22,True,False
Michael McCaul,Republican,House,TX,N/A,2024-2-28,True,False
Michael McCaul,Republican,House,TX,N/A,2024-2-14,False,True
Michael McCaul,Republican,House,TX,N/A,2024-1-31,True,False
Michael McCaul,Republican,House,TX,UBER,2024-2-15,True,False
Michael McCaul,Republican,House,TX,CMG,2024-2-15,False,True
Michael McCaul,Republican,House,TX,MAR,2024-2-20,False,True
Michael McCaul,Republican,House,TX,CMCSA,2024-2-20,True,False
Michael McCaul,Republican,House,TX,N/A,2024-2-28,True,False
Michael McCaul,Republican,House,TX,META,2024-2-20,False,True
Michael McCaul,Republican,House,TX,GE,2024-2-20,False,True
Michael McCaul,Republican,House,TX,EPAM,2024-2-19,True,False
Michael McCaul,Republican,House,TX,ADBE,2024-2-25,False,True
Michael McCaul,Republican,House,TX,ACN,2024-2-15,False,True
Michael McCaul,Republican,House,TX,ACN,2024-2-19,False,True
Michael McCaul,Republican,House,TX,DT,2024-2-15,True,False
Michael McCaul,Republican,House,TX,AMD,2024-2-25,True,False
Michael McCaul,Republican,House,TX,N/A,2024-2-13,True,False
Michael McCaul,Republican,House,TX,N/A,2024-2-12,True,False
Michael McCaul,Republican,House,TX,SHEL,2024-2-20,True,False
Michael McCaul,Republican,House,TX,N/A,2024-2-27,True,False
Michael McCaul,Republican,House,TX,N/A,2024-2-14,False,True
Michael McCaul,Republican,House,TX,N/A,2024-2-5,True,False
Michael McCaul,Republican,House,TX,UBER,2024-2-8,True,False
Michael McCaul,Republican,House,TX,N/A,2024-2-15,False,True
Michael McCaul,Republican,House,TX,JTSXX,2024-2-25,True,False
Michael McCaul,Republican,House,TX,BAYRY,2024-2-21,False,True
Michael McCaul,Republican,House,TX,JTSXX,2024-2-4,False,True
Michael McCaul,Republican,House,TX,OXY,2024-1-31,True,False
Michael McCaul,Republican,House,TX,N/A,2024-2-15,False,True
Michael McCaul,Republican,House,TX,TMO,2024-2-8,False,True
Michael McCaul,Republican,House,TX,N/A,2024-2-1,True,False
Michael McCaul,Republican,House,TX,N/A,2024-2-1,True,False
Michael McCaul,Republican,House,TX,HUM,2024-2-20,True,False
Michael McCaul,Republican,House,TX,N/A,2024-2-7,True,False
Michael McCaul,Republican,House,TX,N/A,2024-2-14,False,True
Michael McCaul,Republican,House,TX,PROSY,2024-2-20,False,True
Michael McCaul,Republican,House,TX,N/A,2024-2-22,True,False
Michael McCaul,Republican,House,TX,N/A,2024-2-21,True,False
Michael McCaul,Republican,House,TX,N/A,2024-2-21,True,False
Michael McCaul,Republican,House,TX,UNH,2024-2-20,True,False
Michael McCaul,Republican,House,TX,JTSXX,2024-2-22,False,True
Michael McCaul,Republican,House,TX,IJR,2024-2-13,False,True
Michael McCaul,Republican,House,TX,VOO,2024-2-13,False,True
Michael McCaul,Republican,House,TX,N/A,2024-2-14,True,False
Michael McCaul,Republican,House,TX,JTSXX,2024-2-14,True,False
Michael McCaul,Republican,House,TX,N/A,2024-2-27,True,False
Michael McCaul,Republican,House,TX,N/A,2024-2-1,True,False
Michael McCaul,Republican,House,TX,N/A,2024-2-12,True,False
Michael McCaul,Republican,House,TX,JTSXX,2024-1-31,True,False
Michael McCaul,Republican,House,TX,JTSXX,2024-2-5,True,False
Michael McCaul,Republican,House,TX,MSFT,2024-2-20,True,False
Michael McCaul,Republican,House,TX,N/A,2024-1-31,True,False
Michael McCaul,Republican,House,TX,N/A,2024-1-31,True,False
Michael McCaul,Republican,House,TX,N/A,2024-2-28,True,False
Michael McCaul,Republican,House,TX,UBER,2024-2-15,True,False
Michael McCaul,Republican,House,TX,N/A,2024-2-28,True,False
Michael McCaul,Republican,House,TX,CMCSA,2024-2-20,True,False
Michael McCaul,Republican,House,TX,N/A,2024-2-22,True,False
Michael McCaul,Republican,House,TX,EPAM,2024-2-19,True,False
Michael McCaul,Republican,House,TX,N/A,2024-2-13,True,False
Michael McCaul,Republican,House,TX,N/A,2024-2-28,True,False
Michael McCaul,Republican,House,TX,DT,2024-2-15,True,False
Michael McCaul,Republican,House,TX,AMD,2024-2-25,True,False
Michael McCaul,Republican,House,TX,N/A,2024-2-12,True,False
Michael McCaul,Republican,House,TX,N/A,2024-2-27,True,False
Michael McCaul,Republican,House,TX,N/A,2024-2-5,True,False
Michael McCaul,Republican,House,TX,SHEL,2024-2-20,True,False
Michael McCaul,Republican,House,TX,UBER,2024-2-8,True,False
Michael McCaul,Republican,House,TX,JTSXX,2024-2-25,True,False
Michael McCaul,Republican,House,TX,OXY,2024-1-31,True,False
Michael McCaul,Republican,House,TX,N/A,2024-2-1,True,False
Michael McCaul,Republican,House,TX,N/A,2024-2-1,True,False
Michael McCaul,Republican,House,TX,N/A,2024-2-7,True,False
Michael McCaul,Republican,House,TX,HUM,2024-2-20,True,False
Michael McCaul,Republican,House,TX,N/A,2024-2-21,True,False
Michael McCaul,Republican,House,TX,N/A,2024-2-22,True,False
Michael McCaul,Republican,House,TX,N/A,2024-2-21,True,False
Michael McCaul,Republican,House,TX,UNH,2024-2-20,True,False
Michael McCaul,Republican,House,TX,N/A,2024-2-14,True,False
Michael McCaul,Republican,House,TX,N/A,2024-2-26,False,True
Michael McCaul,Republican,House,TX,N/A,2024-2-14,False,True
Michael McCaul,Republican,House,TX,CMG,2024-2-15,False,True
Michael McCaul,Republican,House,TX,MAR,2024-2-20,False,True
Michael McCaul,Republican,House,TX,META,2024-2-20,False,True
Michael McCaul,Republican,House,TX,GE,2024-2-20,False,True
Michael McCaul,Republican,House,TX,ADBE,2024-2-25,False,True
Michael McCaul,Republican,House,TX,ACN,2024-2-15,False,True
Michael McCaul,Republican,House,TX,ACN,2024-2-19,False,True
Michael McCaul,Republican,House,TX,N/A,2024-2-14,False,True
Michael McCaul,Republican,House,TX,N/A,2024-2-15,False,True
Michael McCaul,Republican,House,TX,N/A,2024-2-15,False,True
Michael McCaul,Republican,House,TX,BAYRY,2024-2-21,False,True
Michael McCaul,Republican,House,TX,JTSXX,2024-2-4,False,True
Michael McCaul,Republican,House,TX,TMO,2024-2-8,False,True
Michael McCaul,Republican,House,TX,N/A,2024-2-14,False,True
Michael McCaul,Republican,House,TX,PROSY,2024-2-20,False,True
Michael McCaul,Republican,House,TX,JTSXX,2024-2-22,False,True
Michael McCaul,Republican,House,TX,IJR,2024-2-13,False,True
Michael McCaul,Republican,House,TX,VOO,2024-2-13,False,True
Michael McCaul,Republican,House,TX,SF,2024-2-20,True,False
Michael McCaul,Republican,House,TX,CVX,2024-2-19,True,False
Michael McCaul,Republican,House,TX,SF,2024-2-19,True,False
Michael McCaul,Republican,House,TX,NFG,2024-2-22,True,False
Michael McCaul,Republican,House,TX,D,2024-2-26,True,False
Michael McCaul,Republican,House,TX,MRK,2024-2-19,False,True
Michael McCaul,Republican,House,TX,AIG,2024-2-19,False,True
Michael McCaul,Republican,House,TX,COR,2024-2-19,False,True
Michael McCaul,Republican,House,TX,PM,2024-2-22,False,True
Michael McCaul,Republican,House,TX,PM,2024-2-26,False,True
Michael McCaul,Republican,House,TX,SF,2024-2-20,True,False
Michael McCaul,Republican,House,TX,CVX,2024-2-19,True,False
Michael McCaul,Republican,House,TX,SF,2024-2-19,True,False
Michael McCaul,Republican,House,TX,NFG,2024-2-22,True,False
Michael McCaul,Republican,House,TX,D,2024-2-26,True,False
Michael McCaul,Republican,House,TX,MRK,2024-2-19,False,True
Michael McCaul,Republican,House,TX,AIG,2024-2-19,False,True
Michael McCaul,Republican,House,TX,COR,2024-2-19,False,True
Michael McCaul,Republican,House,TX,PM,2024-2-22,False,True
Michael McCaul,Republican,House,TX,PM,2024-2-26,False,True
Michael McCaul,Republican,House,TX,VMFXX,2024-1-31,True,False
Michael McCaul,Republican,House,TX,N/A,2024-1-31,True,False
Michael McCaul,Republican,House,TX,N/A,2024-1-31,True,False
Michael McCaul,Republican,House,TX,VMFXX,2024-1-31,True,False
Michael McCaul,Republican,House,TX,N/A,2024-1-31,True,False
Michael McCaul,Republican,House,TX,N/A,2024-1-31,True,False
Michael McCaul,Republican,House,TX,VWLUX,2024-1-31,True,False
Michael McCaul,Republican,House,TX,VWLUX,2024-1-31,True,False
Michael McCaul,Republican,House,TX,VMFXX,2024-2-27,False,True
Michael McCaul,Republican,House,TX,VMFXX,2024-2-6,False,True
Michael McCaul,Republican,House,TX,N/A,2024-2-27,True,False
Jonathan Jackson,Democrat,House,IL,HXL,2024-2-15,True,False
Mitch McConnell,Republican,Senate,KY,WFC,2024-3-4,True,False
Max Miller,Republican,House,OH,N/A,2024-3-17,True,False
Thomas Kean Jr,Republican,House,NJ,BERY,2024-2-11,True,False
Thomas Kean Jr,Republican,House,NJ,NKE,2024-2-21,True,False
Greg Steube,Republican,House,FL,SNV,2024-2-15,True,False
Rick Scott,Republican,Senate,FL,N/A,2024-3-4,False,True
Rick Scott,Republican,Senate,FL,N/A,2024-3-4,False,True
Rick Scott,Republican,Senate,FL,N/A,2024-3-3,True,False
Rick Scott,Republican,Senate,FL,N/A,2024-3-3,True,False
Rick Scott,Republican,Senate,FL,N/A,2024-3-3,True,False
Rick Scott,Republican,Senate,FL,N/A,2024-3-3,True,False
Rick Scott,Republican,Senate,FL,N/A,2024-2-14,False,True
Rick Scott,Republican,Senate,FL,N/A,2024-2-14,False,True
Rick Scott,Republican,Senate,FL,N/A,2024-2-14,False,True
Rick Scott,Republican,Senate,FL,N/A,2024-2-14,False,True
Rick Scott,Republican,Senate,FL,N/A,2024-2-14,False,True
Rick Scott,Republican,Senate,FL,N/A,2024-2-14,False,True
Rick Scott,Republican,Senate,FL,N/A,2024-2-14,False,True
Rick Scott,Republican,Senate,FL,N/A,2024-2-13,True,False
Rick Scott,Republican,Senate,FL,N/A,2024-2-13,True,False
Rick Scott,Republican,Senate,FL,N/A,2024-2-13,True,False
Rick Scott,Republican,Senate,FL,N/A,2024-2-13,True,False
Tommy Tuberville,Republican,Senate,AL,QCOM,2024-2-26,False,True
Tommy Tuberville,Republican,Senate,AL,SBLK,2024-2-26,True,False
Tommy Tuberville,Republican,Senate,AL,SSBK,2024-2-26,True,False
Tommy Tuberville,Republican,Senate,AL,PFE,2024-2-26,True,False
Tommy Tuberville,Republican,Senate,AL,GOGL,2024-2-26,True,False
Tommy Tuberville,Republican,Senate,AL,AMAT,2024-2-15,False,True
Tommy Tuberville,Republican,Senate,AL,KEY,2024-2-11,False,True
Tommy Tuberville,Republican,Senate,AL,HUMA,2024-2-11,True,False
Shelley Moore Capito,Republican,Senate,WV,ZTS,2024-2-26,True,False
Shelley Moore Capito,Republican,Senate,WV,SBUX,2024-2-22,True,False
Shelley Moore Capito,Republican,Senate,WV,BDX,2024-2-14,False,True
Shelley Moore Capito,Republican,Senate,WV,MDT,2024-2-8,False,True
Mark Green,Republican,House,TN,NGL,2024-3-10,False,True
Doug Lamborn,Republican,House,CO,NTAP,2024-2-29,False,True
Doug Lamborn,Republican,House,CO,NTAP,2024-2-29,False,True
Doug Lamborn,Republican,House,CO,NTAP,2024-2-29,False,True
Bill Keating,Democrat,House,MA,BA,2024-2-7,False,True
Bill Keating,Democrat,House,MA,BA,2024-2-27,False,True
Bill Keating,Democrat,House,MA,COF,2024-3-6,True,False
Bill Keating,Democrat,House,MA,TDG,2024-2-27,True,False
Bill Keating,Democrat,House,MA,URI,2024-2-27,False,True
Michael Guest,Republican,House,MS,NVDA,2024-2-19,True,False
Kevin Hern,Republican,House,OK,ACN,2024-2-19,True,False
Kevin Hern,Republican,House,OK,N/A,2024-2-22,False,True
Kevin Hern,Republican,House,OK,MMC,2024-2-14,True,False
Kevin Hern,Republican,House,OK,OKE,2024-2-13,True,False
Kevin Hern,Republican,House,OK,OKE,2024-2-13,True,False
Kevin Hern,Republican,House,OK,TXN,2024-2-12,True,False
Kevin Hern,Republican,House,OK,TXN,2024-2-12,True,False
Mike Garcia,Republican,House,CA,N/A,2024-3-7,True,False
Earl Blumenauer,Democrat,House,OR,NWN,2024-2-14,True,False
Scott Peters,Democrat,House,CA,N/A,2024-2-7,False,True
Scott Peters,Democrat,House,CA,N/A,2024-2-13,True,False
Scott Peters,Democrat,House,CA,N/A,2024-2-28,False,True
Maria Elvira Salazar,Republican,House,FL,N/A,2024-2-28,True,False
Maria Elvira Salazar,Republican,House,FL,N/A,2024-2-14,True,False
Mike Kelly,Republican,House,PA,N/A,2024-2-20,True,False
Suzan DelBene,Democrat,House,WA,N/A,2024-2-20,True,False
Suzan DelBene,Democrat,House,WA,MSFT,2024-2-28,False,True
Suzan DelBene,Democrat,House,WA,N/A,2024-2-20,True,False
Pete Sessions,Republican,House,TX,GIS,2024-3-6,False,True
Pete Sessions,Republican,House,TX,N/A,2024-3-6,False,True
Pete Sessions,Republican,House,TX,N/A,2024-3-6,True,False
Pete Sessions,Republican,House,TX,N/A,2024-3-6,True,False
Pete Sessions,Republican,House,TX,N/A,2024-3-6,True,False
Pete Sessions,Republican,House,TX,V,2024-2-28,True,False
Ro Khanna,Democrat,House,CA,CSCO,2024-2-1,True,False
Ro Khanna,Democrat,House,CA,XYL,2024-2-1,True,False
Ro Khanna,Democrat,House,CA,SYY,2024-1-31,True,False
Ro Khanna,Democrat,House,CA,MS,2024-2-1,True,False
Ro Khanna,Democrat,House,CA,NEE,2024-2-1,True,False
Ro Khanna,Democrat,House,CA,KEY,2024-1-31,True,False
Ro Khanna,Democrat,House,CA,EXR,2024-2-14,True,False
Ro Khanna,Democrat,House,CA,SYY,2024-2-2,True,False
Ro Khanna,Democrat,House,CA,SYY,2024-2-11,True,False
Ro Khanna,Democrat,House,CA,KEY,2024-2-4,True,False
Ro Khanna,Democrat,House,CA,KEY,2024-1-31,True,False
Ro Khanna,Democrat,House,CA,SYY,2024-2-21,True,False
Ro Khanna,Democrat,House,CA,SYY,2024-2-22,True,False
Ro Khanna,Democrat,House,CA,CVS,2024-2-1,False,True
Ro Khanna,Democrat,House,CA,N/A,2024-2-1,False,True
Ro Khanna,Democrat,House,CA,KKR,2024-2-5,False,True
Ro Khanna,Democrat,House,CA,KKR,2024-2-14,False,True
Ro Khanna,Democrat,House,CA,KKR,2024-1-31,False,True
Ro Khanna,Democrat,House,CA,ODFL,2024-2-1,False,True
Ro Khanna,Democrat,House,CA,N/A,2024-1-31,False,True
Ro Khanna,Democrat,House,CA,MSFT,2024-2-1,False,True
Ro Khanna,Democrat,House,CA,LLY,2024-2-1,False,True
Ro Khanna,Democrat,House,CA,LIN,2024-2-1,False,True
Ro Khanna,Democrat,House,CA,PENN,2024-2-14,True,False
Ro Khanna,Democrat,House,CA,PENN,2024-2-1,True,False
Ro Khanna,Democrat,House,CA,SYY,2024-1-31,True,False
Ro Khanna,Democrat,House,CA,IFF,2024-2-20,False,True
Ro Khanna,Democrat,House,CA,CRI,2024-2-22,False,True
Ro Khanna,Democrat,House,CA,BRK/B,2024-2-22,False,True
Ro Khanna,Democrat,House,CA,URBN,2024-2-4,False,True
Ro Khanna,Democrat,House,CA,GM,2024-2-19,False,True
Ro Khanna,Democrat,House,CA,ELAN,2024-2-21,False,True
Ro Khanna,Democrat,House,CA,N/A,2024-2-1,False,True
Ro Khanna,Democrat,House,CA,HD,2024-2-12,True,False
