Name,Party,Chamber,State,Ticker,Date,Buy,Sell
Marjorie Taylor Greene,Republican,House,GA,N/A,2025-3-19,True,False
Bill Keating,Democrat,House,MA,BAC,2025-3-5,True,False
Bill Keating,Democrat,House,MA,BJ,2025-3-2,False,True
Bill Keating,Democrat,House,MA,GS,2025-2-27,True,False
Bill Keating,Democrat,House,MA,JPM,2025-3-5,True,False
Ashley Moody,Republican,Senate,FL,LLY,2025-3-5,True,False
Ashley Moody,Republican,Senate,FL,N/A,2025-2-23,False,True
Ashley Moody,Republican,Senate,FL,CCL,2025-2-23,False,True
Ashley Moody,Republican,Senate,FL,N/A,2025-2-23,False,True
Ashley Moody,Republican,Senate,FL,AMD,2025-2-23,True,False
Ashley Moody,Republican,Senate,FL,SMCI,2025-2-23,False,True
Ashley Moody,Republican,Senate,FL,SMCI,2025-2-23,False,True
Ashley Moody,Republican,Senate,,HWM,2025-2-23,False,True
Ashley Moody,Republican,Senate,,AMAT,2025-2-23,False,True
Ashley Moody,Republican,Senate,,N/A,2025-2-23,False,True
Ashley Moody,Republican,Senate,,N/A,2025-2-23,False,True
Ashley Moody,Republican,Senate,,N/A,2025-2-23,False,True
Ashley Moody,Republican,Senate,,NCLH,2025-2-23,False,True
Ashley Moody,Republican,Senate,,NCLH,2025-2-23,False,True
Ashley Moody,Republican,Senate,,N/A,2025-2-23,False,True
Ashley Moody,Republican,Senate,,N/A,2025-2-23,False,True
Ashley Moody,Republican,Senate,,N/A,2025-2-23,False,True
Ashley Moody,Republican,Senate,,N/A,2025-2-23,False,True
Ashley Moody,Republican,Senate,,N/A,2025-2-23,False,True
Ashley Moody,Republican,Senate,,N/A,2025-2-23,True,False
Ashley Moody,Republican,Senate,,N/A,2025-2-23,True,False
Ashley Moody,Republican,Senate,,N/A,2025-2-19,False,True
Ashley Moody,Republican,Senate,,N/A,2025-2-19,False,True
Ashley Moody,Republican,Senate,,N/A,2025-2-19,False,True
John Delaney,Democrat,House,MD,AOS,2025-2-17,False,True
John Delaney,Democrat,House,MD,BRO,2025-2-9,False,True
John Delaney,Democrat,House,MD,BRO,2025-2-4,False,True
John Delaney,Democrat,House,MD,BRO,2025-2-5,False,True
John Delaney,Democrat,House,MD,CACI,2025-2-21,False,True
John Delaney,Democrat,House,MD,CACI,2025-2-17,False,True
John Delaney,Democrat,House,MD,CACI,2025-2-26,True,False
John Delaney,Democrat,House,MD,CDW,2025-2-5,True,False
John Delaney,Democrat,House,MD,CLH,2025-2-9,False,True
John Delaney,Democrat,House,MD,CLH,2025-2-6,False,True
John Delaney,Democrat,House,MD,CNM,2025-2-7,True,False
John Delaney,Democrat,House,MD,FLT,2025-2-21,True,False
John Delaney,Democrat,House,MD,FLT,2025-2-5,True,False
John Delaney,Democrat,House,MD,FLT,2025-2-27,True,False
John Delaney,Democrat,House,MD,ENTG,2025-2-16,True,False
John Delaney,Democrat,House,MD,FBIN,2025-2-16,True,False
John Delaney,Democrat,House,MD,FBIN,2025-2-7,True,False
John Delaney,Democrat,House,MD,LH,2025-2-7,True,False
John Delaney,Democrat,House,MD,LH,2025-2-16,True,False
John Delaney,Democrat,House,MD,LH,2025-2-26,True,False
John Delaney,Democrat,House,MD,LH,2025-2-27,True,False
John Delaney,Democrat,House,MD,LH,2025-2-4,True,False
John Delaney,Democrat,House,MD,LYV,2025-2-13,False,True
John Delaney,Democrat,House,MD,PAYX,2025-2-4,True,False
John Delaney,Democrat,House,MD,PAYX,2025-2-26,True,False
John Delaney,Democrat,House,MD,PAYX,2025-2-20,True,False
John Delaney,Democrat,House,MD,PAYX,2025-2-8,True,False
John Delaney,Democrat,House,MD,RVTY,2025-2-27,False,True
John Delaney,Democrat,House,MD,TDY,2025-2-21,False,True
John Delaney,Democrat,House,MD,TPX,2025-2-21,False,True
John Delaney,Democrat,House,MD,TPX,2025-2-27,False,True
John Delaney,Democrat,House,MD,TPX,2025-2-20,False,True
John Delaney,Democrat,House,MD,TPX,2025-2-14,False,True
John Delaney,Democrat,House,MD,TPX,2025-2-15,False,True
John Delaney,Democrat,House,MD,TPX,2025-2-16,False,True
John Delaney,Democrat,House,MD,TSCO,2025-2-8,True,False
John Delaney,Democrat,House,MD,TRMB,2025-2-9,False,True
John Delaney,Democrat,House,MD,VIK,2025-2-16,True,False
Marjorie Taylor Greene,Republican,House,GA,ABBV,2025-3-16,True,False
Marjorie Taylor Greene,Republican,House,GA,GOOGL,2025-3-16,True,False
Marjorie Taylor Greene,Republican,House,GA,AAPL,2025-3-16,True,False
Marjorie Taylor Greene,Republican,House,GA,AMAT,2025-3-16,True,False
Marjorie Taylor Greene,Republican,House,GA,BX,2025-3-16,True,False
Marjorie Taylor Greene,Republican,House,GA,CAH,2025-3-16,True,False
Marjorie Taylor Greene,Republican,House,GA,CAT,2025-3-16,True,False
Marjorie Taylor Greene,Republican,House,GA,COST,2025-3-16,True,False
Marjorie Taylor Greene,Republican,House,GA,DLR,2025-3-16,True,False
Marjorie Taylor Greene,Republican,House,GA,KMI,2025-3-16,True,False
Marjorie Taylor Greene,Republican,House,GA,NVDA,2025-3-16,True,False
Marjorie Taylor Greene,Republican,House,GA,UPS,2025-3-16,True,False
Marjorie Taylor Greene,Republican,House,GA,N/A,2025-3-16,True,False
Richard Blumenthal,Democrat,Senate,CT,N/A,2025-2-25,False,True
Richard Blumenthal,Democrat,Senate,CT,N/A,2025-2-26,True,False
Richard Blumenthal,Democrat,Senate,CT,N/A,2025-2-26,False,True
Richard Blumenthal,Democrat,Senate,CT,N/A,2025-3-2,True,False
Richard Blumenthal,Democrat,Senate,CT,N/A,2025-3-3,True,False
Richard Blumenthal,Democrat,Senate,CT,N/A,2025-2-26,True,False
Richard Blumenthal,Democrat,Senate,CT,N/A,2025-2-26,False,True
Richard Blumenthal,Democrat,Senate,CT,N/A,2025-2-25,False,True
Richard Blumenthal,Democrat,Senate,CT,N/A,2025-2-26,True,False
Richard Blumenthal,Democrat,Senate,CT,N/A,2025-3-2,True,False
Richard Blumenthal,Democrat,Senate,CT,N/A,2025-3-3,True,False
Richard Blumenthal,Democrat,Senate,CT,N/A,2025-2-26,True,False
Richard Blumenthal,Democrat,Senate,CT,N/A,2025-3-2,True,False
Richard Blumenthal,Democrat,Senate,CT,N/A,2025-3-3,True,False
Richard Blumenthal,Democrat,Senate,CT,N/A,2025-2-26,True,False
Richard Blumenthal,Democrat,Senate,CT,N/A,2025-3-3,True,False
Richard Blumenthal,Democrat,Senate,CT,N/A,2025-2-26,True,False
Richard Blumenthal,Democrat,Senate,CT,N/A,2025-3-2,True,False
Richard Blumenthal,Democrat,Senate,CT,N/A,2025-3-3,True,False
Richard Blumenthal,Democrat,Senate,CT,N/A,2025-2-26,True,False
Richard Blumenthal,Democrat,Senate,CT,N/A,2025-3-2,True,False
Richard Blumenthal,Democrat,Senate,CT,N/A,2025-3-3,True,False
Richard Blumenthal,Democrat,Senate,CT,N/A,2025-2-25,False,True
Richard Blumenthal,Democrat,Senate,CT,N/A,2025-2-26,True,False
Richard Blumenthal,Democrat,Senate,CT,N/A,2025-2-26,False,True
Richard Blumenthal,Democrat,Senate,CT,N/A,2025-2-25,False,True
Richard Blumenthal,Democrat,Senate,CT,N/A,2025-2-26,True,False
Richard Blumenthal,Democrat,Senate,CT,N/A,2025-2-26,False,True
Richard Blumenthal,Democrat,Senate,CT,N/A,2025-3-3,True,False
Tina Smith,Democrat,Senate,MN,PEP,2025-2-10,False,True
Tina Smith,Democrat,Senate,MN,GIS,2025-2-10,False,True
Dave McCormick,Republican,Senate,,N/A,2025-2-24,True,False
Dave McCormick,Republican,Senate,,BITB,2025-2-25,True,False
Dave McCormick,Republican,Senate,,BITB,2025-2-24,True,False
Dave McCormick,Republican,Senate,,N/A,2025-2-23,True,False
Dave McCormick,Republican,Senate,,N/A,2025-2-23,True,False
Dave McCormick,Republican,Senate,,N/A,2025-2-9,True,False
Dave McCormick,Republican,Senate,,N/A,2025-2-9,True,False
Dave McCormick,Republican,Senate,,N/A,2025-2-4,True,False
Dave McCormick,Republican,Senate,,N/A,2025-2-4,True,False
Dave McCormick,Republican,Senate,,N/A,2025-2-23,True,False
Dave McCormick,Republican,Senate,,N/A,2025-2-23,True,False
Dave McCormick,Republican,Senate,,N/A,2025-2-23,True,False
Dave McCormick,Republican,Senate,,N/A,2025-2-23,True,False
Dave McCormick,Republican,Senate,,N/A,2025-2-23,True,False
Dave McCormick,Republican,Senate,,N/A,2025-2-19,True,False
Dave McCormick,Republican,Senate,,N/A,2025-2-18,True,False
Dave McCormick,Republican,Senate,,N/A,2025-2-18,True,False
Dave McCormick,Republican,Senate,,N/A,2025-2-17,True,False
Dave McCormick,Republican,Senate,,N/A,2025-2-17,True,False
Dave McCormick,Republican,Senate,,N/A,2025-2-13,True,False
Dave McCormick,Republican,Senate,,N/A,2025-2-3,True,False
Dave McCormick,Republican,Senate,,N/A,2025-2-3,True,False
Dave McCormick,Republican,Senate,,N/A,2025-2-2,True,False
Scott Franklin,Republican,House,FL,AMZN,2025-2-25,True,False
Scott Franklin,Republican,House,FL,AMZN,2025-2-25,True,False
Scott Franklin,Republican,House,FL,AMZN,2025-2-25,True,False
Scott Franklin,Republican,House,FL,COST,2025-1-27,False,True
Scott Franklin,Republican,House,FL,COST,2025-1-27,False,True
Scott Franklin,Republican,House,FL,COST,2025-1-27,False,True
Scott Franklin,Republican,House,FL,FBKWX,2025-2-18,True,False
Scott Franklin,Republican,House,FL,FBKWX,2025-2-18,True,False
Scott Franklin,Republican,House,FL,FBKWX,2025-2-18,True,False
Scott Franklin,Republican,House,FL,LMT,2025-2-17,True,False
Scott Franklin,Republican,House,FL,LMT,2025-2-17,True,False
Scott Franklin,Republican,House,FL,LMT,2025-2-17,True,False
Markwayne Mullin,Republican,Senate,OK,N/A,2025-2-18,True,False
Markwayne Mullin,Republican,Senate,OK,N/A,2025-2-18,True,False
Markwayne Mullin,Republican,Senate,OK,N/A,2025-2-18,True,False
Susie Lee,Democrat,House,NV,FLL,2025-2-12,False,True
Susie Lee,Democrat,House,NV,FLL,2025-2-20,False,True
Susie Lee,Democrat,House,NV,FLL,2025-2-23,False,True
Susie Lee,Democrat,House,NV,FLL,2025-3-11,False,True
Scott Peters,Democrat,House,CA,N/A,2025-2-2,True,False
Tony Wied,Republican,House,WI,CNI,2025-2-23,False,True
Tony Wied,Republican,House,WI,TSCO,2025-2-23,False,True
Tony Wied,Republican,House,WI,N/A,2025-2-23,True,False
Tony Wied,Republican,House,WI,N/A,2025-2-24,True,False
Tony Wied,Republican,House,WI,SCHW,2025-2-27,False,True
Tony Wied,Republican,House,WI,TSCO,2025-2-27,False,True
Tony Wied,Republican,House,WI,SQ,2025-2-27,True,False
Tony Wied,Republican,House,WI,MNST,2025-2-27,False,True
Tony Wied,Republican,House,WI,MSFT,2025-2-27,True,False
Vicente Gonzalez,Democrat,House,TX,HSBC,2025-2-26,False,True
Vicente Gonzalez,Democrat,House,TX,TSLA,2025-3-3,True,False
Vicente Gonzalez,Democrat,House,TX,TSLA,2025-3-3,True,False
Cleo Fields,Democrat,House,LA,NVDA,2025-2-4,False,True
Thomas Kean Jr,Republican,House,NJ,AMZN,2025-2-25,True,False
Thomas Kean Jr,Republican,House,NJ,N/A,2025-2-11,False,True
Thomas Kean Jr,Republican,House,NJ,MDLZ,2025-2-6,True,False
Thomas Kean Jr,Republican,House,NJ,PDRDY,2025-2-6,False,True
Thomas Kean Jr,Republican,House,NJ,SYK,2025-2-25,False,True
Julie Johnson,Democrat,House,TX,ALB,2025-2-11,False,True
Julie Johnson,Democrat,House,TX,DOX,2025-2-10,False,True
Julie Johnson,Democrat,House,TX,APTV,2025-2-11,True,False
Julie Johnson,Democrat,House,TX,ANET,2025-2-11,True,False
Julie Johnson,Democrat,House,TX,BLK,2025-2-23,False,True
Julie Johnson,Democrat,House,TX,BA,2025-2-11,True,False
Julie Johnson,Democrat,House,TX,BWA,2025-2-11,True,False
Julie Johnson,Democrat,House,TX,CACI,2025-2-10,False,True
Julie Johnson,Democrat,House,TX,COF,2025-2-23,True,False
Julie Johnson,Democrat,House,TX,COF,2025-2-13,True,False
Julie Johnson,Democrat,House,TX,CB,2025-2-13,False,True
Julie Johnson,Democrat,House,TX,CEG,2025-2-11,True,False
Julie Johnson,Democrat,House,TX,ETN,2025-2-11,True,False
Julie Johnson,Democrat,House,TX,ETN,2025-2-2,True,False
Julie Johnson,Democrat,House,TX,EIX,2025-2-11,True,False
Julie Johnson,Democrat,House,TX,ENPH,2025-2-11,False,True
Julie Johnson,Democrat,House,TX,EL,2025-2-11,False,True
Julie Johnson,Democrat,House,TX,F,2025-2-11,True,False
Julie Johnson,Democrat,House,TX,FCX,2025-2-11,True,False
Julie Johnson,Democrat,House,TX,GS,2025-2-23,True,False
Julie Johnson,Democrat,House,TX,HII,2025-2-11,False,True
Julie Johnson,Democrat,House,TX,JNPR,2025-2-11,False,True
Julie Johnson,Democrat,House,TX,MKTX,2025-2-11,False,True
Julie Johnson,Democrat,House,TX,MCHP,2025-2-4,False,True
Julie Johnson,Democrat,House,TX,MS,2025-2-23,False,True
Julie Johnson,Democrat,House,TX,NSC,2025-2-24,False,True
Julie Johnson,Democrat,House,TX,NXPI,2025-2-4,True,False
Julie Johnson,Democrat,House,TX,ON,2025-2-11,True,False
Julie Johnson,Democrat,House,TX,PLTR,2025-2-11,True,False
Julie Johnson,Democrat,House,TX,PYPL,2025-2-11,True,False
Julie Johnson,Democrat,House,TX,PYPL,2025-2-10,False,True
Julie Johnson,Democrat,House,TX,PFE,2025-2-11,False,True
Julie Johnson,Democrat,House,TX,PNC,2025-2-23,False,True
Julie Johnson,Democrat,House,TX,PGR,2025-2-13,True,False
Julie Johnson,Democrat,House,TX,PGR,2025-2-23,True,False
Julie Johnson,Democrat,House,TX,REGN,2025-2-11,False,True
Julie Johnson,Democrat,House,TX,RTX,2025-2-13,True,False
Julie Johnson,Democrat,House,TX,TER,2025-2-11,True,False
Julie Johnson,Democrat,House,TX,TSLA,2025-2-10,False,True
Julie Johnson,Democrat,House,TX,TSLA,2025-2-11,False,True
Julie Johnson,Democrat,House,TX,AES,2025-2-11,False,True
Julie Johnson,Democrat,House,TX,BK,2025-2-23,True,False
Julie Johnson,Democrat,House,TX,BK,2025-2-13,True,False
Julie Johnson,Democrat,House,TX,N/A,2025-2-10,False,True
Julie Johnson,Democrat,House,TX,UNP,2025-2-24,True,False
Julie Johnson,Democrat,House,TX,VST,2025-2-11,True,False
Julie Johnson,Democrat,House,TX,WBA,2025-2-11,False,True
Julie Johnson,Democrat,House,TX,WFC,2025-2-11,True,False
Julie Johnson,Democrat,House,TX,ZBH,2025-2-10,False,True
Rick Allen,Republican,House,GA,N/A,2025-2-25,True,False
Michael Collins,Republican,House,GA,$SKI,2025-2-18,True,False
Mitch McConnell,Republican,Senate,KY,WFC,2025-3-2,True,False
John Fetterman,Democrat,Senate,PA,N/A,2025-2-5,False,True
John Fetterman,Democrat,Senate,PA,559242Z,2025-2-17,True,False
John Fetterman,Democrat,Senate,PA,ARCC,2025-2-17,True,False
Tim Moore,Republican,House,NC,TNA,2025-2-23,True,False
Tim Moore,Republican,House,NC,TNA,2025-2-24,True,False
Tim Moore,Republican,House,NC,TNA,2025-2-25,True,False
Tim Moore,Republican,House,NC,TNA,2025-2-27,True,False
Tim Moore,Republican,House,NC,F,2025-2-6,True,False
Tim Moore,Republican,House,NC,F,2025-2-9,True,False
Tim Moore,Republican,House,NC,F,2025-2-3,True,False
Tim Moore,Republican,House,NC,F,2025-2-4,False,True
Tim Moore,Republican,House,NC,F,2025-2-5,True,False
Tim Moore,Republican,House,NC,F,2025-2-12,True,False
Tim Moore,Republican,House,NC,GD,2025-2-19,False,True
Tim Moore,Republican,House,NC,HOG,2025-2-3,True,False
Tim Moore,Republican,House,NC,HOG,2025-2-5,True,False
Tim Moore,Republican,House,NC,HOG,2025-2-4,False,True
Tim Moore,Republican,House,NC,HOG,2025-2-11,False,True
Tim Moore,Republican,House,NC,HOG,2025-2-11,True,False
Tim Moore,Republican,House,NC,HOG,2025-2-9,False,True
Tim Moore,Republican,House,NC,ROK,2025-2-20,False,True
Tim Moore,Republican,House,NC,SMCYY,2025-2-3,True,False
Tim Moore,Republican,House,NC,SMCYY,2025-2-5,False,True
Tim Moore,Republican,House,NC,N/A,2025-2-3,True,False
Tim Moore,Republican,House,NC,N/A,2025-2-5,False,True
Kelly Morrison,Democrat,House,MN,N/A,2025-2-27,False,True
Eleanor Holmes Norton,Democrat,House,WA,BRK/B,2025-3-4,False,True
Kelly Morrison,Democrat,House,MN,N/A,2025-2-19,True,False
Kelly Morrison,Democrat,House,MN,N/A,2025-2-17,True,False
Mikie Sherrill,Democrat,House,NJ,UBS,2025-3-6,False,True
Rob Bresnahan,Republican,House,PA,BABA,2025-2-20,True,False
Rob Bresnahan,Republican,House,PA,N/A,2025-2-17,False,True
Rob Bresnahan,Republican,House,PA,INTC,2025-2-19,True,False
Rob Bresnahan,Republican,House,PA,INTC,2025-2-13,True,False
Rob Bresnahan,Republican,House,PA,META,2025-2-19,False,True
Rob Bresnahan,Republican,House,PA,ORCL,2025-2-13,False,True
Rob Bresnahan,Republican,House,PA,RDDT,2025-2-13,True,False
Rob Bresnahan,Republican,House,PA,HOOD,2025-2-19,False,True
Lloyd Doggett,Democrat,House,TX,PG,2025-2-17,True,False
Neal Dunn,Republican,House,FL,MSTR,2024-12-23,True,False
Jim Banks,Republican,Senate,IN,YUM,2025-2-17,False,True
Jefferson Shreve,Republican,House,IN,ABBV,2025-2-23,True,False
Jefferson Shreve,Republican,House,IN,ADBE,2025-2-23,True,False
Jefferson Shreve,Republican,House,IN,APD,2025-2-23,True,False
Jefferson Shreve,Republican,House,IN,AKAM,2025-2-23,False,True
Jefferson Shreve,Republican,House,IN,ALB,2025-2-23,False,True
Jefferson Shreve,Republican,House,IN,AMGN,2025-2-23,True,False
Jefferson Shreve,Republican,House,IN,N/A,2025-2-23,True,False
Jefferson Shreve,Republican,House,IN,ACGL,2025-2-23,True,False
Jefferson Shreve,Republican,House,IN,AVB,2025-2-23,False,True
Jefferson Shreve,Republican,House,IN,BLK,2025-2-23,False,True
Jefferson Shreve,Republican,House,IN,SQ,2025-2-23,False,True
Jefferson Shreve,Republican,House,IN,BA,2025-2-23,False,True
Jefferson Shreve,Republican,House,IN,AVGO,2025-2-23,True,False
Jefferson Shreve,Republican,House,IN,BC,2025-2-23,True,False
Jefferson Shreve,Republican,House,IN,CAT,2025-2-23,False,True
Jefferson Shreve,Republican,House,IN,CMCSA,2025-2-23,False,True
Jefferson Shreve,Republican,House,IN,CSGP,2025-2-23,True,False
Jefferson Shreve,Republican,House,IN,DVN,2025-2-23,True,False
Jefferson Shreve,Republican,House,IN,ELV,2025-2-23,True,False
Jefferson Shreve,Republican,House,IN,EPAM,2025-2-23,False,True
Jefferson Shreve,Republican,House,IN,EXPO,2025-2-23,True,False
Jefferson Shreve,Republican,House,IN,XOM,2025-2-23,True,False
Jefferson Shreve,Republican,House,IN,FIS,2025-2-23,True,False
Jefferson Shreve,Republican,House,IN,N/A,2025-2-23,True,False
Jefferson Shreve,Republican,House,IN,GE,2025-2-23,True,False
Jefferson Shreve,Republican,House,IN,HAL,2025-2-23,False,True
Jefferson Shreve,Republican,House,IN,HOG,2025-2-23,False,True
Jefferson Shreve,Republican,House,IN,HD,2025-2-23,True,False
Jefferson Shreve,Republican,House,IN,HOPE,2025-2-23,False,True
Jefferson Shreve,Republican,House,IN,HUBB,2025-2-23,False,True
Jefferson Shreve,Republican,House,IN,IEX,2025-2-23,False,True
Jefferson Shreve,Republican,House,IN,INTU,2025-2-23,False,True
Jefferson Shreve,Republican,House,IN,ITT,2025-2-23,False,True
Jefferson Shreve,Republican,House,IN,JNJ,2025-2-23,True,False
Jefferson Shreve,Republican,House,IN,LEN,2025-2-23,False,True
Jefferson Shreve,Republican,House,IN,LIN,2025-2-23,False,True
Jefferson Shreve,Republican,House,IN,LOW,2025-2-23,True,False
Jefferson Shreve,Republican,House,IN,MRK,2025-2-23,True,False
Jefferson Shreve,Republican,House,IN,MSFT,2025-2-23,False,True
Jefferson Shreve,Republican,House,IN,MSTR,2025-2-23,True,False
Jefferson Shreve,Republican,House,IN,N/A,2025-2-23,False,False
Jefferson Shreve,Republican,House,IN,N/A,2025-2-23,False,True
Jefferson Shreve,Republican,House,IN,NSC,2025-2-23,False,True
Jefferson Shreve,Republican,House,IN,NVT,2025-2-23,True,False
Jefferson Shreve,Republican,House,IN,NVDA,2025-2-23,True,False
Jefferson Shreve,Republican,House,IN,OXY,2025-2-23,True,False
Jefferson Shreve,Republican,House,IN,ORCL,2025-2-23,True,False
Jefferson Shreve,Republican,House,IN,PFE,2025-2-23,True,False
Jefferson Shreve,Republican,House,IN,PRI,2025-2-23,False,True
Jefferson Shreve,Republican,House,IN,PG,2025-2-23,False,True
Jefferson Shreve,Republican,House,IN,PLD,2025-2-23,True,False
Jefferson Shreve,Republican,House,IN,PHM,2025-2-23,True,False
Jefferson Shreve,Republican,House,IN,QCOM,2025-2-23,True,False
Jefferson Shreve,Republican,House,IN,PWR,2025-2-23,False,True
Jefferson Shreve,Republican,House,IN,RPD,2025-2-23,False,True
Jefferson Shreve,Republican,House,IN,RGLD,2025-2-23,True,False
Jefferson Shreve,Republican,House,IN,RTX,2025-2-23,True,False
Jefferson Shreve,Republican,House,IN,SNDK,2025-2-23,False,False
Jefferson Shreve,Republican,House,IN,SHW,2025-2-23,True,False
Jefferson Shreve,Republican,House,IN,CI,2025-2-23,True,False
Jefferson Shreve,Republican,House,IN,TTD,2025-2-23,False,True
Jefferson Shreve,Republican,House,IN,TJX,2025-2-23,False,True
Jefferson Shreve,Republican,House,IN,UNP,2025-2-23,True,False
Jefferson Shreve,Republican,House,IN,UPS,2025-2-23,False,True
Jefferson Shreve,Republican,House,IN,UNH,2025-2-23,False,True
Jefferson Shreve,Republican,House,IN,VRTX,2025-2-23,True,False
Marjorie Taylor Greene,Republican,House,GA,N/A,2025-3-6,True,False
Marjorie Taylor Greene,Republican,House,GA,DG,2025-3-6,True,False
Marjorie Taylor Greene,Republican,House,GA,DG,2025-3-2,True,False
Marjorie Taylor Greene,Republican,House,GA,GS,2025-3-6,True,False
Marjorie Taylor Greene,Republican,House,GA,PI,2025-3-2,True,False
Marjorie Taylor Greene,Republican,House,GA,N/A,2025-3-2,True,False
Marjorie Taylor Greene,Republican,House,GA,TSLA,2025-3-6,True,False
Ro Khanna,Democrat,House,CA,NTIOF,2025-2-27,True,False
Ro Khanna,Democrat,House,CA,NFLX,2025-2-6,True,False
Ro Khanna,Democrat,House,CA,BNS,2025-2-12,True,False
Ro Khanna,Democrat,House,CA,RY,2025-2-24,True,False
Ro Khanna,Democrat,House,CA,MS,2025-2-5,True,False
Ro Khanna,Democrat,House,CA,AAPL,2025-2-6,True,False
Ro Khanna,Democrat,House,CA,MS,2025-2-6,True,False
Ro Khanna,Democrat,House,CA,SBAC,2025-2-6,True,False
Ro Khanna,Democrat,House,CA,CRM,2025-2-26,True,False
Ro Khanna,Democrat,House,CA,COF,2025-2-3,True,False
Ro Khanna,Democrat,House,CA,COF,2025-2-4,True,False
Ro Khanna,Democrat,House,CA,CRM,2025-2-27,True,False
Ro Khanna,Democrat,House,CA,COF,2025-2-6,True,False
Ro Khanna,Democrat,House,CA,COF,2025-2-5,True,False
Ro Khanna,Democrat,House,CA,ODFL,2025-2-6,True,False
Ro Khanna,Democrat,House,CA,DDOG,2025-2-6,True,False
Ro Khanna,Democrat,House,CA,GIS,2025-2-25,True,False
Ro Khanna,Democrat,House,CA,CRM,2025-2-26,True,False
Ro Khanna,Democrat,House,CA,CRM,2025-2-26,True,False
Ro Khanna,Democrat,House,CA,CL,2025-2-13,True,False
Ro Khanna,Democrat,House,CA,SBUX,2025-2-6,True,False
Ro Khanna,Democrat,House,CA,N/A,2025-2-3,True,False
Ro Khanna,Democrat,House,CA,GOOGL,2025-2-6,False,True
Ro Khanna,Democrat,House,CA,NVDA,2025-2-6,False,True
Ro Khanna,Democrat,House,CA,ABBV,2025-2-3,False,True
Ro Khanna,Democrat,House,CA,ABBV,2025-2-4,False,True
Ro Khanna,Democrat,House,CA,BAC,2025-2-5,False,True
Ro Khanna,Democrat,House,CA,MDT,2025-2-27,False,True
Ro Khanna,Democrat,House,CA,TGT,2025-2-5,False,True
Ro Khanna,Democrat,House,CA,GEV,2025-2-6,False,True
Ro Khanna,Democrat,House,CA,NDAQ,2025-2-5,False,True
Ro Khanna,Democrat,House,CA,SBUX,2025-2-18,False,True
Ro Khanna,Democrat,House,CA,KEY,2025-2-5,False,True
Ro Khanna,Democrat,House,CA,V,2025-2-4,False,True
Ro Khanna,Democrat,House,CA,AMZN,2025-2-18,False,True
Ro Khanna,Democrat,House,CA,DE,2025-2-4,False,True
Ro Khanna,Democrat,House,CA,NTIOF,2025-2-20,True,False
Ro Khanna,Democrat,House,CA,COF,2025-2-3,True,False
Ro Khanna,Democrat,House,CA,COF,2025-2-4,True,False
Ro Khanna,Democrat,House,CA,CRM,2025-2-26,True,False
Ro Khanna,Democrat,House,CA,COF,2025-2-6,True,False
Ro Khanna,Democrat,House,CA,SBAC,2025-2-6,True,False
Ro Khanna,Democrat,House,CA,COF,2025-2-5,True,False
Ro Khanna,Democrat,House,CA,CRM,2025-2-27,True,False
Ro Khanna,Democrat,House,CA,UCTT,2025-2-24,False,True
Ro Khanna,Democrat,House,CA,MU,2025-2-25,False,True
Ro Khanna,Democrat,House,CA,ABBV,2025-2-3,False,True
Ro Khanna,Democrat,House,CA,MHK,2025-2-26,False,True
Ro Khanna,Democrat,House,CA,AXTA,2025-2-3,False,True
Ro Khanna,Democrat,House,CA,PINS,2025-2-23,False,True
Ro Khanna,Democrat,House,CA,ABBV,2025-2-4,False,True
Ro Khanna,Democrat,House,CA,BAC,2025-2-5,False,True
Ro Khanna,Democrat,House,CA,MHK,2025-2-20,False,True
Ro Khanna,Democrat,House,CA,MSFT,2025-2-24,True,False
Ro Khanna,Democrat,House,CA,BNS,2025-2-12,True,False
Ro Khanna,Democrat,House,CA,MS,2025-2-5,True,False
Ro Khanna,Democrat,House,CA,BRK/B,2025-2-24,True,False
Ro Khanna,Democrat,House,CA,BAC,2025-2-24,True,False
Ro Khanna,Democrat,House,CA,TXN,2025-2-24,True,False
Ro Khanna,Democrat,House,CA,LIN,2025-2-24,True,False
Ro Khanna,Democrat,House,CA,UBER,2025-2-24,True,False
Ro Khanna,Democrat,House,CA,GOOGL,2025-2-24,True,False
Ro Khanna,Democrat,House,CA,LOW,2025-2-24,True,False
Ro Khanna,Democrat,House,CA,ADBE,2025-2-24,True,False
Ro Khanna,Democrat,House,CA,PG,2025-2-24,True,False
Ro Khanna,Democrat,House,CA,DIS,2025-2-24,True,False
Ro Khanna,Democrat,House,CA,PHM,2025-2-24,True,False
Ro Khanna,Democrat,House,CA,LEN,2025-2-24,True,False
Ro Khanna,Democrat,House,CA,NKE,2025-2-24,True,False
Ro Khanna,Democrat,House,CA,APH,2025-2-24,True,False
Ro Khanna,Democrat,House,CA,AMAT,2025-2-24,True,False
Ro Khanna,Democrat,House,CA,HUM,2025-2-24,True,False
Ro Khanna,Democrat,House,CA,TMO,2025-2-24,True,False
Ro Khanna,Democrat,House,CA,VMC,2025-2-24,True,False
Ro Khanna,Democrat,House,CA,COR,2025-2-24,True,False
Ro Khanna,Democrat,House,CA,HUBB,2025-2-24,True,False
Ro Khanna,Democrat,House,CA,VRTX,2025-2-24,True,False
Ro Khanna,Democrat,House,CA,NXPI,2025-2-24,True,False
Ro Khanna,Democrat,House,CA,ICE,2025-2-24,True,False
Ro Khanna,Democrat,House,CA,IR,2025-2-24,True,False
Ro Khanna,Democrat,House,CA,PRU,2025-2-24,True,False
Ro Khanna,Democrat,House,CA,MPWR,2025-2-24,True,False
Ro Khanna,Democrat,House,CA,MTD,2025-2-24,True,False
Ro Khanna,Democrat,House,CA,HCA,2025-2-24,True,False
Ro Khanna,Democrat,House,CA,NDSN,2025-2-24,True,False
Ro Khanna,Democrat,House,CA,ADP,2025-2-24,True,False
Ro Khanna,Democrat,House,CA,F,2025-2-24,True,False
Ro Khanna,Democrat,House,CA,MCHP,2025-2-24,True,False
Ro Khanna,Democrat,House,CA,EMR,2025-2-24,True,False
Ro Khanna,Democrat,House,CA,IQV,2025-2-24,True,False
Ro Khanna,Democrat,House,CA,TMUS,2025-2-24,True,False
Ro Khanna,Democrat,House,CA,GWW,2025-2-24,True,False
Ro Khanna,Democrat,House,CA,DELL,2025-2-24,True,False
Ro Khanna,Democrat,House,CA,MSI,2025-2-24,True,False
Ro Khanna,Democrat,House,CA,BIIB,2025-2-24,True,False
Ro Khanna,Democrat,House,CA,STZ,2025-2-24,True,False
Ro Khanna,Democrat,House,CA,ARE,2025-2-24,True,False
Ro Khanna,Democrat,House,CA,MMC,2025-2-24,True,False
Ro Khanna,Democrat,House,CA,WFC,2025-2-24,True,False
Ro Khanna,Democrat,House,CA,CRL,2025-2-24,True,False
Ro Khanna,Democrat,House,CA,A,2025-2-24,True,False
Ro Khanna,Democrat,House,CA,STLD,2025-2-24,True,False
Ro Khanna,Democrat,House,CA,NTRS,2025-2-24,True,False
Ro Khanna,Democrat,House,CA,CCI,2025-2-24,True,False
Ro Khanna,Democrat,House,CA,CSX,2025-2-24,True,False
Ro Khanna,Democrat,House,CA,FTV,2025-2-24,True,False
Ro Khanna,Democrat,House,CA,ACGL,2025-2-24,True,False
Ro Khanna,Democrat,House,CA,BXP,2025-2-24,True,False
Ro Khanna,Democrat,House,CA,COO,2025-2-24,True,False
Ro Khanna,Democrat,House,CA,CTVA,2025-2-24,True,False
Ro Khanna,Democrat,House,CA,DG,2025-2-24,True,False
Ro Khanna,Democrat,House,CA,CI,2025-2-24,True,False
Ro Khanna,Democrat,House,CA,LKQ,2025-2-24,True,False
Ro Khanna,Democrat,House,CA,LYB,2025-2-24,True,False
Ro Khanna,Democrat,House,CA,HAS,2025-2-24,True,False
Ro Khanna,Democrat,House,CA,GPC,2025-2-24,True,False
Ro Khanna,Democrat,House,CA,BALL,2025-2-24,True,False
Ro Khanna,Democrat,House,CA,PLTR,2025-2-24,True,False
Ro Khanna,Democrat,House,CA,MRNA,2025-2-24,True,False
Ro Khanna,Democrat,House,CA,MGM,2025-2-24,True,False
Ro Khanna,Democrat,House,CA,OTIS,2025-2-24,True,False
Ro Khanna,Democrat,House,CA,CARR,2025-2-24,True,False
Ro Khanna,Democrat,House,CA,HBAN,2025-2-24,True,False
Ro Khanna,Democrat,House,CA,ABNB,2025-2-24,True,False
Ro Khanna,Democrat,House,CA,SMCI,2025-2-24,True,False
Ro Khanna,Democrat,House,CA,N/A,2025-2-24,True,False
Ro Khanna,Democrat,House,CA,KKR,2025-2-24,True,False
Ro Khanna,Democrat,House,CA,UNH,2025-2-24,False,True
Ro Khanna,Democrat,House,CA,INTU,2025-2-24,False,True
Ro Khanna,Democrat,House,CA,DHR,2025-2-24,False,True
Ro Khanna,Democrat,House,CA,MRK,2025-2-24,False,True
Ro Khanna,Democrat,House,CA,BLK,2025-2-24,False,True
Ro Khanna,Democrat,House,CA,QCOM,2025-2-24,False,True
Ro Khanna,Democrat,House,CA,AMD,2025-2-24,False,True
Ro Khanna,Democrat,House,CA,USB,2025-2-24,False,True
Ro Khanna,Democrat,House,CA,BSX,2025-2-24,False,True
Ro Khanna,Democrat,House,CA,ETN,2025-2-24,False,True
Ro Khanna,Democrat,House,CA,KLAC,2025-2-24,False,True
Ro Khanna,Democrat,House,CA,DHI,2025-2-24,False,True
Ro Khanna,Democrat,House,CA,PNC,2025-2-24,False,True
Ro Khanna,Democrat,House,CA,COST,2025-2-24,False,True
Ro Khanna,Democrat,House,CA,TT,2025-2-24,False,True
Ro Khanna,Democrat,House,CA,PYPL,2025-2-24,False,True
Ro Khanna,Democrat,House,CA,CDNS,2025-2-24,False,True
Ro Khanna,Democrat,House,CA,AMZN,2025-2-24,False,True
Ro Khanna,Democrat,House,CA,PEP,2025-2-24,False,True
Ro Khanna,Democrat,House,CA,SNPS,2025-2-24,False,True
Ro Khanna,Democrat,House,CA,FITB,2025-2-24,False,True
Ro Khanna,Democrat,House,CA,FICO,2025-2-24,False,True
Ro Khanna,Democrat,House,CA,CB,2025-2-24,False,True
Ro Khanna,Democrat,House,CA,CDW,2025-2-24,False,True
Ro Khanna,Democrat,House,CA,ROST,2025-2-24,False,True
Ro Khanna,Democrat,House,CA,MAR,2025-2-24,False,True
Ro Khanna,Democrat,House,CA,PCAR,2025-2-24,False,True
Ro Khanna,Democrat,House,CA,MLM,2025-2-24,False,True
Ro Khanna,Democrat,House,CA,HD,2025-2-24,False,True
Ro Khanna,Democrat,House,CA,FCX,2025-2-24,False,True
Ro Khanna,Democrat,House,CA,CRM,2025-2-24,False,True
Ro Khanna,Democrat,House,CA,ANSS,2025-2-24,False,True
Ro Khanna,Democrat,House,CA,URI,2025-2-24,False,True
Ro Khanna,Democrat,House,CA,NDAQ,2025-2-24,False,True
Ro Khanna,Democrat,House,CA,AMT,2025-2-24,False,True
Ro Khanna,Democrat,House,CA,FAST,2025-2-24,False,True
Ro Khanna,Democrat,House,CA,PPG,2025-2-24,False,True
Ro Khanna,Democrat,House,CA,ISRG,2025-2-24,False,True
Ro Khanna,Democrat,House,CA,AVY,2025-2-24,False,True
Ro Khanna,Democrat,House,CA,TECH,2025-2-24,False,True
Ro Khanna,Democrat,House,CA,JPM,2025-2-24,False,True
Ro Khanna,Democrat,House,CA,CE,2025-2-24,False,True
Ro Khanna,Democrat,House,CA,PTC,2025-2-24,False,True
Ro Khanna,Democrat,House,CA,NFLX,2025-2-24,False,True
Ro Khanna,Democrat,House,CA,AON,2025-2-24,False,True
Ro Khanna,Democrat,House,CA,REGN,2025-2-24,False,True
Ro Khanna,Democrat,House,CA,ULTA,2025-2-24,False,True
Ro Khanna,Democrat,House,CA,POOL,2025-2-24,False,True
Ro Khanna,Democrat,House,CA,CBRE,2025-2-24,False,True
Ro Khanna,Democrat,House,CA,HIG,2025-2-24,False,True
Ro Khanna,Democrat,House,CA,BDX,2025-2-24,False,True
Ro Khanna,Democrat,House,CA,CNC,2025-2-24,False,True
Ro Khanna,Democrat,House,CA,FTNT,2025-2-24,False,True
Ro Khanna,Democrat,House,CA,INVH,2025-2-24,False,True
Ro Khanna,Democrat,House,CA,DLR,2025-2-24,False,True
Ro Khanna,Democrat,House,CA,TROW,2025-2-24,False,True
Ro Khanna,Democrat,House,CA,TAP,2025-2-24,False,True
Ro Khanna,Democrat,House,CA,EL,2025-2-24,False,True
Ro Khanna,Democrat,House,CA,EMN,2025-2-24,False,True
Ro Khanna,Democrat,House,CA,DOW,2025-2-24,False,True
Ro Khanna,Democrat,House,CA,HRL,2025-2-24,False,True
Ro Khanna,Democrat,House,CA,MHK,2025-2-24,False,True
Ro Khanna,Democrat,House,CA,JNPR,2025-2-24,False,True
Ro Khanna,Democrat,House,CA,APO,2025-2-24,False,True
Ro Khanna,Democrat,House,CA,DECK,2025-2-24,False,True
Ro Khanna,Democrat,House,CA,VTRS,2025-2-24,False,True
Ro Khanna,Democrat,House,CA,MU,2025-2-24,False,True
Ro Khanna,Democrat,House,CA,CMG,2025-2-24,False,True
Ro Khanna,Democrat,House,CA,BG,2025-2-24,False,True
Ro Khanna,Democrat,House,CA,FDX,2025-2-24,False,True
Ro Khanna,Democrat,House,CA,EXR,2025-2-24,False,True
Ro Khanna,Democrat,House,CA,UPS,2025-2-24,False,True
Ro Khanna,Democrat,House,CA,ALB,2025-2-24,False,True
Ro Khanna,Democrat,House,CA,HOLX,2025-2-24,False,True
Ro Khanna,Democrat,House,CA,ILMN,2025-2-24,False,True
Ro Khanna,Democrat,House,CA,NTIOF,2025-2-27,True,False
Ro Khanna,Democrat,House,CA,BNS,2025-2-12,True,False
Ro Khanna,Democrat,House,CA,MS,2025-2-5,True,False
Ro Khanna,Democrat,House,CA,NCR,2025-2-26,True,False
Ro Khanna,Democrat,House,CA,ELAN,2025-2-24,True,False
Ro Khanna,Democrat,House,CA,UCTT,2025-2-24,True,False
Ro Khanna,Democrat,House,CA,UCTT,2025-2-25,True,False
Ro Khanna,Democrat,House,CA,NCR,2025-2-27,True,False
Ro Khanna,Democrat,House,CA,DNB,2025-2-20,True,False
Ro Khanna,Democrat,House,CA,NCR,2025-2-4,True,False
Ro Khanna,Democrat,House,CA,MHK,2025-2-5,True,False
Ro Khanna,Democrat,House,CA,MHK,2025-2-26,False,True
Ro Khanna,Democrat,House,CA,MU,2025-2-25,False,True
Ro Khanna,Democrat,House,CA,N/A,2025-2-27,False,True
Ro Khanna,Democrat,House,CA,AXTA,2025-2-3,False,True
Ro Khanna,Democrat,House,CA,PINS,2025-2-23,False,True
Ro Khanna,Democrat,House,CA,MU,2025-2-23,False,True
Ro Khanna,Democrat,House,CA,PINS,2025-2-24,False,True
Ro Khanna,Democrat,House,CA,BNS,2025-2-12,True,False
Ro Khanna,Democrat,House,CA,MS,2025-2-4,True,False
Ro Khanna,Democrat,House,CA,MRK,2025-2-18,True,False
Ro Khanna,Democrat,House,CA,ABBV,2025-2-18,True,False
Ro Khanna,Democrat,House,CA,PG,2025-2-18,True,False
Ro Khanna,Democrat,House,CA,DHR,2025-2-18,True,False
Ro Khanna,Democrat,House,CA,INTU,2025-2-18,True,False
Ro Khanna,Democrat,House,CA,TXN,2025-2-18,True,False
Ro Khanna,Democrat,House,CA,CAT,2025-2-18,True,False
Ro Khanna,Democrat,House,CA,ADBE,2025-2-18,True,False
Ro Khanna,Democrat,House,CA,FI,2025-2-18,True,False
Ro Khanna,Democrat,House,CA,MCO,2025-2-18,True,False
Ro Khanna,Democrat,House,CA,PGR,2025-2-18,True,False
Ro Khanna,Democrat,House,CA,NKE,2025-2-18,True,False
Ro Khanna,Democrat,House,CA,UCTT,2025-2-24,True,False
Ro Khanna,Democrat,House,CA,CSX,2025-2-18,True,False
Ro Khanna,Democrat,House,CA,STZ,2025-2-18,True,False
Ro Khanna,Democrat,House,CA,ELAN,2025-2-24,True,False
Ro Khanna,Democrat,House,CA,NCR,2025-2-26,True,False
Ro Khanna,Democrat,House,CA,URI,2025-2-18,True,False
Ro Khanna,Democrat,House,CA,UNH,2025-2-18,True,False
Ro Khanna,Democrat,House,CA,SHW,2025-2-18,True,False
Ro Khanna,Democrat,House,CA,MSI,2025-2-18,True,False
Ro Khanna,Democrat,House,CA,IQV,2025-2-18,True,False
Ro Khanna,Democrat,House,CA,KDP,2025-2-18,True,False
Ro Khanna,Democrat,House,CA,COF,2025-2-18,True,False
Ro Khanna,Democrat,House,CA,PWR,2025-2-18,True,False
Ro Khanna,Democrat,House,CA,NDAQ,2025-2-18,True,False
Ro Khanna,Democrat,House,CA,ALL,2025-2-18,True,False
Ro Khanna,Democrat,House,CA,ARE,2025-2-18,True,False
Ro Khanna,Democrat,House,CA,RVTY,2025-2-18,True,False
Ro Khanna,Democrat,House,CA,MNST,2025-2-18,True,False
Ro Khanna,Democrat,House,CA,NTRS,2025-2-18,True,False
Ro Khanna,Democrat,House,CA,BXP,2025-2-18,True,False
Ro Khanna,Democrat,House,CA,PRU,2025-2-18,True,False
Ro Khanna,Democrat,House,CA,GEHC,2025-2-18,True,False
Ro Khanna,Democrat,House,CA,TROW,2025-2-18,True,False
Ro Khanna,Democrat,House,CA,FDX,2025-2-18,True,False
Ro Khanna,Democrat,House,CA,MLM,2025-2-18,True,False
Ro Khanna,Democrat,House,CA,BKNG,2025-2-18,True,False
Ro Khanna,Democrat,House,CA,KLAC,2025-2-18,True,False
Ro Khanna,Democrat,House,CA,MS,2025-2-18,True,False
Ro Khanna,Democrat,House,CA,NCR,2025-2-27,True,False
Ro Khanna,Democrat,House,CA,HUBB,2025-2-18,True,False
Ro Khanna,Democrat,House,CA,TT,2025-2-18,True,False
Ro Khanna,Democrat,House,CA,NXPI,2025-2-18,True,False
Ro Khanna,Democrat,House,CA,WM,2025-2-18,True,False
Ro Khanna,Democrat,House,CA,STE,2025-2-18,True,False
Ro Khanna,Democrat,House,CA,CRL,2025-2-18,True,False
Ro Khanna,Democrat,House,CA,MCHP,2025-2-18,True,False
Ro Khanna,Democrat,House,CA,AFL,2025-2-18,True,False
Ro Khanna,Democrat,House,CA,TEL,2025-2-18,True,False
Ro Khanna,Democrat,House,CA,CTAS,2025-2-18,True,False
Ro Khanna,Democrat,House,CA,LRCX,2025-2-18,True,False
Ro Khanna,Democrat,House,CA,ALGN,2025-2-18,True,False
Ro Khanna,Democrat,House,CA,DG,2025-2-18,True,False
Ro Khanna,Democrat,House,CA,KHC,2025-2-18,True,False
Ro Khanna,Democrat,House,CA,PPG,2025-2-18,True,False
Ro Khanna,Democrat,House,CA,CAG,2025-2-18,True,False
Ro Khanna,Democrat,House,CA,GIS,2025-2-18,True,False
Ro Khanna,Democrat,House,CA,MAR,2025-2-18,True,False
Ro Khanna,Democrat,House,CA,MRNA,2025-2-18,True,False
Ro Khanna,Democrat,House,CA,SCHW,2025-2-18,True,False
Ro Khanna,Democrat,House,CA,DNB,2025-2-20,True,False
Ro Khanna,Democrat,House,CA,IVZ,2025-2-18,True,False
Ro Khanna,Democrat,House,CA,RF,2025-2-18,True,False
Ro Khanna,Democrat,House,CA,BEN,2025-2-18,True,False
Ro Khanna,Democrat,House,CA,BWA,2025-2-18,True,False
Ro Khanna,Democrat,House,CA,AME,2025-2-18,True,False
Ro Khanna,Democrat,House,CA,KEYS,2025-2-18,True,False
Ro Khanna,Democrat,House,CA,IRM,2025-2-18,True,False
Ro Khanna,Democrat,House,CA,GPN,2025-2-18,True,False
Ro Khanna,Democrat,House,CA,VMC,2025-2-18,True,False
Ro Khanna,Democrat,House,CA,UCTT,2025-2-25,True,False
Ro Khanna,Democrat,House,CA,GDDY,2025-2-18,True,False
Ro Khanna,Democrat,House,CA,IR,2025-2-18,True,False
Ro Khanna,Democrat,House,CA,PTC,2025-2-18,True,False
Ro Khanna,Democrat,House,CA,NCR,2025-2-4,True,False
Ro Khanna,Democrat,House,CA,DLR,2025-2-18,True,False
Ro Khanna,Democrat,House,CA,DHI,2025-2-18,True,False
Ro Khanna,Democrat,House,CA,COR,2025-2-18,True,False
Ro Khanna,Democrat,House,CA,BSX,2025-2-18,True,False
Ro Khanna,Democrat,House,CA,PLTR,2025-2-18,True,False
Ro Khanna,Democrat,House,CA,IDXX,2025-2-18,True,False
Ro Khanna,Democrat,House,CA,HSBC,2025-2-13,True,False
Ro Khanna,Democrat,House,CA,TTE,2025-2-13,True,False
Ro Khanna,Democrat,House,CA,SNY,2025-2-13,True,False
Ro Khanna,Democrat,House,CA,XSP,2025-2-27,False,True
Ro Khanna,Democrat,House,CA,XSP,2025-2-13,False,True
Ro Khanna,Democrat,House,CA,XSP,2025-2-4,False,True
Ro Khanna,Democrat,House,CA,XSP,2025-2-18,False,True
Ro Khanna,Democrat,House,CA,XSP,2025-2-27,False,True
Ro Khanna,Democrat,House,CA,MSFT,2025-2-18,False,True
Ro Khanna,Democrat,House,CA,TMO,2025-2-18,False,True
Ro Khanna,Democrat,House,CA,PEP,2025-2-18,False,True
Ro Khanna,Democrat,House,CA,ETN,2025-2-18,False,True
Ro Khanna,Democrat,House,CA,CB,2025-2-18,False,True
Ro Khanna,Democrat,House,CA,KKR,2025-2-18,False,True
Ro Khanna,Democrat,House,CA,MHK,2025-2-5,False,True
Ro Khanna,Democrat,House,CA,CMCSA,2025-2-18,False,True
Ro Khanna,Democrat,House,CA,MHK,2025-2-26,False,True
Ro Khanna,Democrat,House,CA,AMGN,2025-2-18,False,True
Ro Khanna,Democrat,House,CA,UPS,2025-2-18,False,True
Ro Khanna,Democrat,House,CA,AMAT,2025-2-18,False,True
Ro Khanna,Democrat,House,CA,REGN,2025-2-18,False,True
Ro Khanna,Democrat,House,CA,BLK,2025-2-18,False,True
Ro Khanna,Democrat,House,CA,MU,2025-2-24,False,True
Ro Khanna,Democrat,House,CA,BDX,2025-2-18,False,True
Ro Khanna,Democrat,House,CA,N/A,2025-2-27,False,True
Ro Khanna,Democrat,House,CA,SSNC,2025-2-26,False,True
Ro Khanna,Democrat,House,CA,AMT,2025-2-18,False,True
Ro Khanna,Democrat,House,CA,AXTA,2025-2-3,False,True
Ro Khanna,Democrat,House,CA,BX,2025-2-18,False,True
Ro Khanna,Democrat,House,CA,PINS,2025-2-23,False,True
Ro Khanna,Democrat,House,CA,MU,2025-2-23,False,True
Ro Khanna,Democrat,House,CA,PINS,2025-2-24,False,True
Ro Khanna,Democrat,House,CA,VRTX,2025-2-18,False,True
Ro Khanna,Democrat,House,CA,ZTS,2025-2-18,False,True
Ro Khanna,Democrat,House,CA,FCX,2025-2-18,False,True
Ro Khanna,Democrat,House,CA,MTD,2025-2-18,False,True
Ro Khanna,Democrat,House,CA,WY,2025-2-18,False,True
Ro Khanna,Democrat,House,CA,MDT,2025-2-18,False,True
Ro Khanna,Democrat,House,CA,CARR,2025-2-18,False,True
Ro Khanna,Democrat,House,CA,WAB,2025-2-18,False,True
Ro Khanna,Democrat,House,CA,ROST,2025-2-18,False,True
Ro Khanna,Democrat,House,CA,A,2025-2-18,False,True
Ro Khanna,Democrat,House,CA,DOW,2025-2-18,False,True
Ro Khanna,Democrat,House,CA,CPB,2025-2-18,False,True
Ro Khanna,Democrat,House,CA,MAS,2025-2-18,False,True
Ro Khanna,Democrat,House,CA,F,2025-2-18,False,True
Ro Khanna,Democrat,House,CA,JNPR,2025-2-18,False,True
Ro Khanna,Democrat,House,CA,SYY,2025-2-18,False,True
Ro Khanna,Democrat,House,CA,CCI,2025-2-18,False,True
Ro Khanna,Democrat,House,CA,CMG,2025-2-18,False,True
Ro Khanna,Democrat,House,CA,SNA,2025-2-18,False,True
Ro Khanna,Democrat,House,CA,RE,2025-2-18,False,True
Ro Khanna,Democrat,House,CA,LII,2025-2-18,False,True
Ro Khanna,Democrat,House,CA,APO,2025-2-18,False,True
Ro Khanna,Democrat,House,CA,MU,2025-2-18,False,True
Ro Khanna,Democrat,House,CA,NTAP,2025-2-18,False,True
Ro Khanna,Democrat,House,CA,IEX,2025-2-18,False,True
Ro Khanna,Democrat,House,CA,OMC,2025-2-18,False,True
Ro Khanna,Democrat,House,CA,TER,2025-2-18,False,True
Ro Khanna,Democrat,House,CA,EQR,2025-2-18,False,True
Ro Khanna,Democrat,House,CA,HPE,2025-2-18,False,True
Ro Khanna,Democrat,House,CA,MOH,2025-2-18,False,True
Ro Khanna,Democrat,House,CA,INCY,2025-2-18,False,True
Ro Khanna,Democrat,House,CA,MDLZ,2025-2-18,False,True
Ro Khanna,Democrat,House,CA,ON,2025-2-18,False,True
Ro Khanna,Democrat,House,CA,UHS,2025-2-18,False,True
Ro Khanna,Democrat,House,CA,AVY,2025-2-18,False,True
Ro Khanna,Democrat,House,CA,BIIB,2025-2-18,False,True
Ro Khanna,Democrat,House,CA,VZ,2025-2-18,False,True
Ro Khanna,Democrat,House,CA,CINF,2025-2-18,False,True
Ro Khanna,Democrat,House,CA,VTRS,2025-2-18,False,True
Ro Khanna,Democrat,House,CA,ACGL,2025-2-18,False,True
Ro Khanna,Democrat,House,CA,HUM,2025-2-18,False,True
Ro Khanna,Democrat,House,CA,TFX,2025-2-18,False,True
Ro Khanna,Democrat,House,CA,TECH,2025-2-18,False,True
Ro Khanna,Democrat,House,CA,TGT,2025-2-18,False,True
Ro Khanna,Democrat,House,CA,CNC,2025-2-18,False,True
Ro Khanna,Democrat,House,CA,COO,2025-2-18,False,True
Ro Khanna,Democrat,House,CA,LUV,2025-2-18,False,True
Ro Khanna,Democrat,House,CA,ZBH,2025-2-18,False,True
Ro Khanna,Democrat,House,CA,HOLX,2025-2-18,False,True
Ro Khanna,Democrat,House,CA,ADM,2025-2-18,False,True
Ro Khanna,Democrat,House,CA,JKHY,2025-2-18,False,True
Ro Khanna,Democrat,House,CA,EL,2025-2-18,False,True
Ro Khanna,Democrat,House,CA,EMR,2025-2-18,False,True
Ro Khanna,Democrat,House,CA,BF/A,2025-2-18,False,True
Ro Khanna,Democrat,House,CA,MU,2025-2-25,False,True
Ro Khanna,Democrat,House,CA,BALL,2025-2-18,False,True
Ro Khanna,Democrat,House,CA,VLTO,2025-2-18,False,True
Ro Khanna,Democrat,House,CA,RJF,2025-2-18,False,True
Ro Khanna,Democrat,House,CA,BLDR,2025-2-18,False,True
Ro Khanna,Democrat,House,CA,PKG,2025-2-18,False,True
Ro Khanna,Democrat,House,CA,FSLR,2025-2-18,False,True
Ro Khanna,Democrat,House,CA,SWKS,2025-2-18,False,True
Ro Khanna,Democrat,House,CA,WST,2025-2-18,False,True
Ro Khanna,Democrat,House,CA,WAT,2025-2-18,False,True
Ro Khanna,Democrat,House,CA,POOL,2025-2-18,False,True
Ro Khanna,Democrat,House,CA,ZBRA,2025-2-18,False,True
Ro Khanna,Democrat,House,CA,CDNS,2025-2-8,False,True
Ro Khanna,Democrat,House,CA,SBAC,2025-2-6,True,False
Ro Khanna,Democrat,House,CA,COF,2025-2-4,True,False
Ro Khanna,Democrat,House,CA,COF,2025-2-4,True,False
Ro Khanna,Democrat,House,CA,COF,2025-2-3,True,False
Ro Khanna,Democrat,House,CA,CRM,2025-2-27,True,False
Ro Khanna,Democrat,House,CA,CRM,2025-2-26,True,False
Ro Khanna,Democrat,House,CA,COF,2025-2-6,True,False
Ro Khanna,Democrat,House,CA,SO,2025-2-24,True,False
Ro Khanna,Democrat,House,CA,JPM,2025-2-2,True,False
Ro Khanna,Democrat,House,CA,JPM,2025-2-2,True,False
Ro Khanna,Democrat,House,CA,GIS,2025-2-25,True,False
Ro Khanna,Democrat,House,CA,CRM,2025-2-26,True,False
Ro Khanna,Democrat,House,CA,CRM,2025-2-26,True,False
Ro Khanna,Democrat,House,CA,CL,2025-2-13,True,False
Ro Khanna,Democrat,House,CA,ABBV,2025-2-3,False,True
Ro Khanna,Democrat,House,CA,ABBV,2025-2-4,False,True
Ro Khanna,Democrat,House,CA,BAC,2025-2-5,False,True
Ro Khanna,Democrat,House,CA,MDT,2025-2-27,False,True
Ro Khanna,Democrat,House,CA,TGT,2025-2-5,False,True
Ro Khanna,Democrat,House,CA,NDAQ,2025-2-5,False,True
Ro Khanna,Democrat,House,CA,SBUX,2025-2-18,False,True
Ro Khanna,Democrat,House,CA,V,2025-2-4,False,True
Ro Khanna,Democrat,House,CA,AMZN,2025-2-18,False,True
Ro Khanna,Democrat,House,CA,N/A,2025-2-11,True,False
Ro Khanna,Democrat,House,CA,APD,2025-2-23,True,False
Ro Khanna,Democrat,House,CA,PPL,2025-2-23,True,False
Ro Khanna,Democrat,House,CA,AMZN,2025-2-18,True,False
Ro Khanna,Democrat,House,CA,MSFT,2025-2-18,True,False
Ro Khanna,Democrat,House,CA,LIN,2025-2-23,False,True
Ro Khanna,Democrat,House,CA,AEE,2025-2-23,False,True
Ro Khanna,Democrat,House,CA,GOOGL,2025-2-18,False,True
Ro Khanna,Democrat,House,CA,N/A,2025-2-18,False,True
Ro Khanna,Democrat,House,CA,AVGO,2025-2-3,False,True
Ro Khanna,Democrat,House,CA,WM,2025-2-3,True,False
Ro Khanna,Democrat,House,CA,UNH,2025-2-19,False,True
Ro Khanna,Democrat,House,CA,TMO,2025-2-19,True,False
Ro Khanna,Democrat,House,CA,AVGO,2025-2-3,False,True
Ro Khanna,Democrat,House,CA,WM,2025-2-3,True,False
Ro Khanna,Democrat,House,CA,UNH,2025-2-19,False,True
Ro Khanna,Democrat,House,CA,TMO,2025-2-19,True,False
Ro Khanna,Democrat,House,CA,AVGO,2025-2-3,False,True
Ro Khanna,Democrat,House,CA,WM,2025-2-3,True,False
Ro Khanna,Democrat,House,CA,UNH,2025-2-19,False,True
Ro Khanna,Democrat,House,CA,TMO,2025-2-19,True,False
Don Beyer,Democrat,House,VA,N/A,2025-2-11,True,False
Rob Bresnahan,Republican,House,PA,BABA,2025-2-9,True,False
Rob Bresnahan,Republican,House,PA,ANET,2025-2-12,False,True
Rob Bresnahan,Republican,House,PA,NET,2025-2-9,True,False
Rob Bresnahan,Republican,House,PA,MTSI,2025-2-9,True,False
Rob Bresnahan,Republican,House,PA,MSFT,2025-2-9,False,True
Rob Bresnahan,Republican,House,PA,N/A,2025-2-10,True,False
Rob Bresnahan,Republican,House,PA,ON,2025-2-10,False,True
Rob Bresnahan,Republican,House,PA,HOOD,2025-2-11,False,True
Rob Bresnahan,Republican,House,PA,SNOW,2025-2-12,True,False
Rob Bresnahan,Republican,House,PA,SNOW,2025-2-11,True,False
Rob Bresnahan,Republican,House,PA,TTWO,2025-2-9,True,False
Rob Bresnahan,Republican,House,PA,TTD,2025-2-9,False,True
Debbie Wasserman Schultz,Democrat,House,FL,N/A,2025-2-5,False,True
Josh Gottheimer,Democrat,House,NJ,ABT,2025-2-12,True,False
Josh Gottheimer,Democrat,House,NJ,BABA,2025-2-11,True,False
Josh Gottheimer,Democrat,House,NJ,ABEV,2025-2-6,False,True
Josh Gottheimer,Democrat,House,NJ,ABEV,2025-2-5,False,True
Josh Gottheimer,Democrat,House,NJ,AAPL,2025-2-2,False,True
Josh Gottheimer,Democrat,House,NJ,AAPL,2025-2-23,False,True
Josh Gottheimer,Democrat,House,NJ,AAPL,2025-2-20,False,True
Josh Gottheimer,Democrat,House,NJ,BRK/B,2025-2-20,False,True
Josh Gottheimer,Democrat,House,NJ,BX,2025-2-26,False,True
Josh Gottheimer,Democrat,House,NJ,BX,2025-2-25,False,True
Josh Gottheimer,Democrat,House,NJ,SQ,2025-2-26,False,True
Josh Gottheimer,Democrat,House,NJ,SQ,2025-2-2,True,False
Josh Gottheimer,Democrat,House,NJ,AVGO,2025-2-5,True,False
Josh Gottheimer,Democrat,House,NJ,SCHW,2025-2-20,False,True
Josh Gottheimer,Democrat,House,NJ,CSCO,2025-2-20,False,True
Josh Gottheimer,Democrat,House,NJ,DHI,2025-2-12,False,True
Josh Gottheimer,Democrat,House,NJ,DASTY,2025-2-20,False,True
Josh Gottheimer,Democrat,House,NJ,DSCSY,2025-2-9,True,False
Josh Gottheimer,Democrat,House,NJ,DSCSY,2025-2-6,True,False
Josh Gottheimer,Democrat,House,NJ,XNGSY,2025-2-6,False,True
Josh Gottheimer,Democrat,House,NJ,XNGSY,2025-2-9,False,True
Josh Gottheimer,Democrat,House,NJ,LLY,2025-2-18,False,True
Josh Gottheimer,Democrat,House,NJ,FI,2025-2-25,True,False
Josh Gottheimer,Democrat,House,NJ,FI,2025-2-20,True,False
Josh Gottheimer,Democrat,House,NJ,GS,2025-2-27,False,True
Josh Gottheimer,Democrat,House,NJ,HD,2025-2-23,False,True
Josh Gottheimer,Democrat,House,NJ,ICFI,2025-2-18,False,True
Josh Gottheimer,Democrat,House,NJ,IFNNY,2025-2-20,False,True
Josh Gottheimer,Democrat,House,NJ,KKR,2025-2-26,False,True
Josh Gottheimer,Democrat,House,NJ,KKR,2025-2-25,False,True
Josh Gottheimer,Democrat,House,NJ,MSFT,2025-2-23,False,True
Josh Gottheimer,Democrat,House,NJ,MSFT,2025-2-20,False,True
Josh Gottheimer,Democrat,House,NJ,MSFT,2025-2-13,True,False
Josh Gottheimer,Democrat,House,NJ,MSFT,2025-2-13,True,False
Josh Gottheimer,Democrat,House,NJ,MSFT,2025-2-13,True,False
Josh Gottheimer,Democrat,House,NJ,MSFT,2025-2-13,True,False
Josh Gottheimer,Democrat,House,NJ,MSFT,2025-2-13,False,True
Josh Gottheimer,Democrat,House,NJ,MSFT,2025-2-13,False,True
Josh Gottheimer,Democrat,House,NJ,MSFT,2025-2-13,False,True
Josh Gottheimer,Democrat,House,NJ,MSFT,2025-2-13,False,True
Josh Gottheimer,Democrat,House,NJ,NTDOY,2025-2-20,False,True
Josh Gottheimer,Democrat,House,NJ,N/A,2025-2-26,False,True
Josh Gottheimer,Democrat,House,NJ,PAYX,2025-2-20,False,True
Josh Gottheimer,Democrat,House,NJ,PYPL,2025-2-12,False,True
Josh Gottheimer,Democrat,House,NJ,PYPL,2025-2-5,False,True
Josh Gottheimer,Democrat,House,NJ,SHOP,2025-2-11,True,False
Josh Gottheimer,Democrat,House,NJ,SHOP,2025-2-2,True,False
Josh Gottheimer,Democrat,House,NJ,SNOW,2025-2-20,True,False
Josh Gottheimer,Democrat,House,NJ,SPOT,2025-2-20,False,True
Josh Gottheimer,Democrat,House,NJ,SBUX,2025-2-2,True,False
Josh Gottheimer,Democrat,House,NJ,TSLA,2025-2-4,True,False
Josh Gottheimer,Democrat,House,NJ,TSLA,2025-2-13,False,True
Josh Gottheimer,Democrat,House,NJ,TSLA,2025-2-12,False,True
Josh Gottheimer,Democrat,House,NJ,TDG,2025-2-3,False,True
Josh Gottheimer,Democrat,House,NJ,TWLO,2025-2-5,True,False
Josh Gottheimer,Democrat,House,NJ,UNP,2025-2-2,True,False
Josh Gottheimer,Democrat,House,NJ,VRT,2025-2-24,False,True
Josh Gottheimer,Democrat,House,NJ,V,2025-2-27,True,False
Josh Gottheimer,Democrat,House,NJ,V,2025-2-12,True,False
Josh Gottheimer,Democrat,House,NJ,WMT,2025-2-2,True,False
Jared Moskowitz,Democrat,House,FL,WST,2025-2-12,False,True
Buddy Carter,Republican,House,GA,N/A,2025-2-27,True,False
Gil Cisneros,Democrat,House,CA,AKAM,2025-2-25,False,True
Gil Cisneros,Democrat,House,CA,ALGN,2025-2-25,False,True
Gil Cisneros,Democrat,House,CA,N/A,2025-2-9,True,False
Gil Cisneros,Democrat,House,CA,ANSS,2025-2-25,False,True
Gil Cisneros,Democrat,House,CA,BSX,2025-2-23,False,True
Gil Cisneros,Democrat,House,CA,CDNS,2025-2-25,False,True
Gil Cisneros,Democrat,House,CA,CMG,2025-2-25,False,True
Gil Cisneros,Democrat,House,CA,DHR,2025-2-25,False,True
Gil Cisneros,Democrat,House,CA,DG,2025-2-25,True,False
Gil Cisneros,Democrat,House,CA,N/A,2025-2-18,True,False
Gil Cisneros,Democrat,House,CA,EPAC,2025-2-25,True,False
Gil Cisneros,Democrat,House,CA,F,2025-2-25,False,True
Gil Cisneros,Democrat,House,CA,GM,2025-2-25,False,True
Gil Cisneros,Democrat,House,CA,N/A,2025-3-2,True,False
Gil Cisneros,Democrat,House,CA,HUM,2025-2-25,True,False
Gil Cisneros,Democrat,House,CA,ICFI,2025-2-19,False,True
Gil Cisneros,Democrat,House,CA,MRK,2025-2-25,True,False
Gil Cisneros,Democrat,House,CA,MSFT,2025-2-25,True,False
Gil Cisneros,Democrat,House,CA,PCG,2025-2-25,False,True
Gil Cisneros,Democrat,House,CA,PFE,2025-2-25,True,False
Gil Cisneros,Democrat,House,CA,LUV,2025-2-25,False,True
Gil Cisneros,Democrat,House,CA,STRL,2025-3-2,True,False
Gil Cisneros,Democrat,House,CA,TSLA,2025-2-25,True,False
Gil Cisneros,Democrat,House,CA,UBER,2025-2-25,True,False
Gil Cisneros,Democrat,House,CA,UNH,2025-2-25,False,True
Gil Cisneros,Democrat,House,CA,WBA,2025-2-25,False,True
Gil Cisneros,Democrat,House,CA,WTW,2025-2-23,True,False
Gil Cisneros,Democrat,House,CA,N/A,2025-2-25,True,False
John Boozman,Republican,Senate,AR,QSR,2025-2-3,False,True
John Boozman,Republican,Senate,AR,PFE,2025-2-12,False,True
John Boozman,Republican,Senate,AR,LRCX,2025-2-4,False,True
John Boozman,Republican,Senate,AR,JPM,2025-2-4,False,True
John Boozman,Republican,Senate,AR,IVW,2025-2-25,False,True
John Boozman,Republican,Senate,AR,IVW,2025-2-13,False,True
John Boozman,Republican,Senate,AR,FTGC,2025-2-25,False,True
John Boozman,Republican,Senate,AR,EMLP,2025-2-25,False,True
John Boozman,Republican,Senate,AR,DIS,2025-2-12,False,True
John Boozman,Republican,Senate,AR,BAC,2025-2-4,False,True
John Boozman,Republican,Senate,AR,N/A,2025-2-24,True,False
John Boozman,Republican,Senate,AR,N/A,2025-2-25,True,False
John Boozman,Republican,Senate,AR,NVDA,2025-2-25,True,False
John Boozman,Republican,Senate,AR,MSI,2025-2-25,True,False
John Boozman,Republican,Senate,AR,MSFT,2025-2-13,True,False
John Boozman,Republican,Senate,AR,MSFT,2025-2-4,True,False
John Boozman,Republican,Senate,AR,MA,2025-2-4,True,False
John Boozman,Republican,Senate,AR,TBLL,2025-2-25,True,False
John Boozman,Republican,Senate,AR,ECL,2025-2-25,True,False
John Boozman,Republican,Senate,AR,BSX,2025-2-12,True,False
John Boozman,Republican,Senate,AR,AXP,2025-2-25,True,False
John Boozman,Republican,Senate,AR,AXP,2025-2-4,True,False
John Boozman,Republican,Senate,AR,AMZN,2025-2-25,True,False
John Boozman,Republican,Senate,AR,AMZN,2025-2-3,True,False
John Boozman,Republican,Senate,AR,GOOGL,2025-2-12,True,False
Shelley Moore Capito,Republican,Senate,WV,META,2025-2-24,True,False
Shelley Moore Capito,Republican,Senate,WV,CMCSA,2025-2-23,False,True
Shelley Moore Capito,Republican,Senate,WV,ACN,2025-2-23,False,True
Shelley Moore Capito,Republican,Senate,WV,ABT,2025-2-23,False,True
Shelley Moore Capito,Republican,Senate,WV,AAPL,2025-2-4,False,True
Shelley Moore Capito,Republican,Senate,WV,CEG,2025-2-3,True,False
Shelley Moore Capito,Republican,Senate,WV,MSFT,2025-2-3,False,True
Greg Landsman,Democrat,House,OH,AMZN,2025-2-19,True,False
Greg Landsman,Democrat,House,OH,AMZN,2025-2-25,False,True
Greg Landsman,Democrat,House,OH,AMP,2025-2-25,True,False
Greg Landsman,Democrat,House,OH,N/A,2025-2-19,False,True
Greg Landsman,Democrat,House,OH,BLK,2025-2-17,False,True
Greg Landsman,Democrat,House,OH,COST,2025-2-25,False,True
Greg Landsman,Democrat,House,OH,N/A,2025-2-17,True,False
Greg Landsman,Democrat,House,OH,N/A,2025-2-25,True,False
Greg Landsman,Democrat,House,OH,NVDA,2025-2-25,False,True
Greg Landsman,Democrat,House,OH,PH,2025-2-25,False,True
Brad Schneider,Democrat,House,IL,N/A,2025-1-23,False,True
Mark Green,Republican,House,TN,NGL,2025-2-27,False,True
Dave McCormick,Republican,Senate,,N/A,2025-2-24,True,False
Dave McCormick,Republican,Senate,,BITB,2025-2-25,True,False
Dave McCormick,Republican,Senate,,BITB,2025-2-24,True,False
Dave McCormick,Republican,Senate,,N/A,2025-2-23,True,False
Dave McCormick,Republican,Senate,,N/A,2025-2-23,True,False
Dave McCormick,Republican,Senate,,N/A,2025-2-9,True,False
Dave McCormick,Republican,Senate,,N/A,2025-2-9,True,False
Dave McCormick,Republican,Senate,,N/A,2025-2-4,True,False
Dave McCormick,Republican,Senate,,N/A,2025-2-4,True,False
Dave McCormick,Republican,Senate,,N/A,2025-2-23,True,False
Dave McCormick,Republican,Senate,,N/A,2025-2-23,True,False
Dave McCormick,Republican,Senate,,N/A,2025-2-23,True,False
Dave McCormick,Republican,Senate,,N/A,2025-2-23,True,False
Dave McCormick,Republican,Senate,,N/A,2025-2-23,True,False
Dave McCormick,Republican,Senate,,N/A,2025-2-19,True,False
Dave McCormick,Republican,Senate,,N/A,2025-2-18,True,False
Dave McCormick,Republican,Senate,,N/A,2025-2-18,True,False
Dave McCormick,Republican,Senate,,N/A,2025-2-17,True,False
Dave McCormick,Republican,Senate,,N/A,2024-2-17,True,False
Dave McCormick,Republican,Senate,,N/A,2025-2-13,True,False
Dave McCormick,Republican,Senate,,N/A,2025-2-3,True,False
Dave McCormick,Republican,Senate,,N/A,2025-2-3,True,False
Dave McCormick,Republican,Senate,,N/A,2025-2-2,True,False
Richard Blumenthal,Democrat,Senate,CT,N/A,2025-1-26,True,False
Richard Blumenthal,Democrat,Senate,CT,N/A,2025-1-28,False,True
Richard Blumenthal,Democrat,Senate,CT,N/A,2025-1-28,True,False
Richard Blumenthal,Democrat,Senate,CT,N/A,2025-1-29,False,True
Richard Blumenthal,Democrat,Senate,CT,N/A,2025-1-30,True,False
Richard Blumenthal,Democrat,Senate,CT,N/A,2025-2-9,True,False
Richard Blumenthal,Democrat,Senate,CT,N/A,2025-1-28,False,True
Richard Blumenthal,Democrat,Senate,CT,N/A,2025-1-28,True,False
Richard Blumenthal,Democrat,Senate,CT,N/A,2025-1-30,True,False
Richard Blumenthal,Democrat,Senate,CT,N/A,2025-1-26,True,False
Richard Blumenthal,Democrat,Senate,CT,N/A,2025-1-28,True,False
Richard Blumenthal,Democrat,Senate,CT,N/A,2025-1-29,False,True
Richard Blumenthal,Democrat,Senate,CT,N/A,2025-1-30,True,False
Richard Blumenthal,Democrat,Senate,CT,N/A,2025-2-9,True,False
Richard Blumenthal,Democrat,Senate,CT,N/A,2025-1-26,True,False
Richard Blumenthal,Democrat,Senate,CT,N/A,2025-1-28,True,False
Richard Blumenthal,Democrat,Senate,CT,N/A,2025-1-29,True,False
Richard Blumenthal,Democrat,Senate,CT,N/A,2025-2-9,True,False
Richard Blumenthal,Democrat,Senate,CT,N/A,2025-1-28,False,True
Richard Blumenthal,Democrat,Senate,CT,N/A,2025-1-28,True,False
Richard Blumenthal,Democrat,Senate,CT,N/A,2025-1-30,True,False
Richard Blumenthal,Democrat,Senate,CT,N/A,2025-1-28,True,False
Richard Blumenthal,Democrat,Senate,CT,N/A,2025-1-29,True,False
Richard Blumenthal,Democrat,Senate,CT,N/A,2025-1-28,True,False
Richard Blumenthal,Democrat,Senate,CT,N/A,2025-1-29,False,True
Richard Blumenthal,Democrat,Senate,CT,N/A,2025-1-30,True,False
Richard Blumenthal,Democrat,Senate,CT,N/A,2025-2-9,True,False
Richard Blumenthal,Democrat,Senate,CT,N/A,2025-1-28,True,False
Richard Blumenthal,Democrat,Senate,CT,N/A,2025-1-29,False,True
Richard Blumenthal,Democrat,Senate,CT,N/A,2025-1-30,True,False
Richard Blumenthal,Democrat,Senate,CT,N/A,2025-1-28,True,False
Richard Blumenthal,Democrat,Senate,CT,N/A,2025-1-29,False,True
Richard Blumenthal,Democrat,Senate,CT,N/A,2025-1-30,True,False
Richard Blumenthal,Democrat,Senate,CT,N/A,2025-2-9,True,False
Brad Sherman,Democrat,House,CA,N/A,2025-3-2,True,False
Virginia Foxx,Republican,House,NC,ARLP,2025-2-13,True,False
Virginia Foxx,Republican,House,NC,ET,2025-2-18,True,False
Rick Scott,Republican,Senate,FL,N/A,2025-2-6,True,False
Rick Scott,Republican,Senate,FL,N/A,2025-2-6,False,True
Rick Scott,Republican,Senate,FL,N/A,2025-2-6,False,True
Rick Scott,Republican,Senate,FL,N/A,2025-2-6,True,False
Rick Scott,Republican,Senate,FL,N/A,2025-2-6,True,False
Rick Scott,Republican,Senate,FL,N/A,2025-2-6,True,False
Roger Williams,Republican,House,TX,N/A,2025-2-18,False,True
Mark Green,Republican,House,TN,NGL,2025-2-17,False,True
Mark Green,Republican,House,TN,N/A,2025-2-17,True,False
Mark Green,Republican,House,TN,N/A,2025-2-19,True,False
Markwayne Mullin,Republican,Senate,OK,WAB,2025-2-2,True,False
Markwayne Mullin,Republican,Senate,OK,PRMW,2025-2-2,True,False
Markwayne Mullin,Republican,Senate,OK,MTZ,2025-2-2,True,False
Markwayne Mullin,Republican,Senate,OK,LRN,2025-2-2,True,False
Markwayne Mullin,Republican,Senate,OK,IRM,2025-2-2,True,False
Markwayne Mullin,Republican,Senate,OK,GS,2025-2-2,True,False
Markwayne Mullin,Republican,Senate,OK,DELL,2025-2-2,True,False
Markwayne Mullin,Republican,Senate,OK,N/A,2025-2-2,True,False
Markwayne Mullin,Republican,Senate,OK,COHR,2025-2-2,True,False
Markwayne Mullin,Republican,Senate,OK,AIT,2025-2-2,True,False
Markwayne Mullin,Republican,Senate,OK,VAW,2025-2-12,False,True
Markwayne Mullin,Republican,Senate,OK,LHX,2025-2-12,True,False
Markwayne Mullin,Republican,Senate,OK,STZ,2025-2-12,False,True
Markwayne Mullin,Republican,Senate,OK,LPLA,2025-2-12,True,False
Markwayne Mullin,Republican,Senate,OK,ACN,2025-2-12,True,False
Markwayne Mullin,Republican,Senate,OK,IQV,2025-2-12,True,False
Markwayne Mullin,Republican,Senate,OK,TJX,2025-2-12,True,False
Markwayne Mullin,Republican,Senate,OK,AMD,2025-2-12,False,True
Markwayne Mullin,Republican,Senate,OK,MSFT,2025-2-12,True,False
Markwayne Mullin,Republican,Senate,OK,AMZN,2025-2-12,True,False
Markwayne Mullin,Republican,Senate,OK,DHR,2025-2-12,False,True
Markwayne Mullin,Republican,Senate,OK,HON,2025-2-12,False,True
Markwayne Mullin,Republican,Senate,OK,PM,2025-2-12,True,False
Markwayne Mullin,Republican,Senate,OK,BRK/B,2025-2-12,False,True
Bill Keating,Democrat,House,MA,ACN,2025-2-4,True,False
Bill Keating,Democrat,House,MA,ARMK,2025-2-4,True,False
Bill Keating,Democrat,House,MA,KO,2025-2-5,True,False
Bill Keating,Democrat,House,MA,CSGP,2025-1-20,True,False
Bill Keating,Democrat,House,MA,GM,2025-2-5,True,False
Bill Keating,Democrat,House,MA,KLAC,2025-1-23,True,False
Bill Keating,Democrat,House,MA,LRCX,2025-1-23,False,True
Bill Keating,Democrat,House,MA,MSFT,2025-2-4,True,False
Bill Keating,Democrat,House,MA,PEP,2025-2-4,True,False
Bill Keating,Democrat,House,MA,CPB,2025-2-5,True,False
Bill Keating,Democrat,House,MA,WFC,2025-2-5,True,False
Brad Knott,Republican,House,NC,N/A,2025-1-9,True,False
Brad Knott,Republican,House,NC,N/A,2025-1-13,True,False
Brad Knott,Republican,House,NC,ORMP,2025-1-9,False,True
Max Miller,Republican,House,OH,N/A,2025-2-4,True,False
Max Miller,Republican,House,OH,N/A,2025-2-4,True,False
Suzan DelBene,Democrat,House,WA,N/A,2025-2-11,False,True
Suzan DelBene,Democrat,House,WA,N/A,2025-2-11,True,False
Jake Auchincloss,Democrat,House,MA,STT,2025-2-17,False,True
Scott Franklin,Republican,House,FL,BWIN,2025-2-5,False,True
Scott Franklin,Republican,House,FL,BWIN,2025-2-6,False,True
Ashley Moody,Republican,Senate,,NVDA,2025-1-26,False,True
Ashley Moody,Republican,Senate,,AMAT,2025-1-26,False,True
Ashley Moody,Republican,Senate,,AMAT,2025-1-26,True,False
Ashley Moody,Republican,Senate,,NCLH,2025-1-26,False,True
Ashley Moody,Republican,Senate,,AMAT,2025-1-26,False,True
Ashley Moody,Republican,Senate,,AMAT,2025-1-20,True,False
Ashley Moody,Republican,Senate,,SMCI,2025-1-21,False,True
Ashley Moody,Republican,Senate,,NVDA,2025-1-21,False,True
Ashley Moody,Republican,Senate,,DELL,2025-1-22,False,True
Ashley Moody,Republican,Senate,,AMAT,2025-1-21,False,True
Ashley Moody,Republican,Senate,,AMD,2025-1-21,False,True
Ashley Moody,Republican,Senate,,CCL,2025-1-21,False,True
Ashley Moody,Republican,Senate,,MU,2025-1-21,False,True
Ashley Moody,Republican,Senate,,SMCI,2025-1-21,False,True
Ashley Moody,Republican,Senate,,SMCI,2025-1-21,False,True
Ashley Moody,Republican,Senate,,HWM,2025-1-21,False,True
Ashley Moody,Republican,Senate,,MU,2025-1-21,True,False
Ashley Moody,Republican,Senate,,AMAT,2025-1-21,True,False
Ashley Moody,Republican,Senate,,HWM,2025-1-21,True,False
Ashley Moody,Republican,Senate,,N/A,2025-1-20,False,True
Ron Wyden,Democrat,Senate,OR,IRBT,2025-2-5,False,True
Ron Wyden,Democrat,Senate,OR,SOLV,2025-2-5,False,True
Ron Wyden,Democrat,Senate,OR,LLY,2025-2-9,False,True
Ron Wyden,Democrat,Senate,OR,LLY,2025-1-21,True,False
Rick Allen,Republican,House,GA,AZO,2025-1-16,True,False
Rick Allen,Republican,House,GA,N/A,2025-1-7,False,True
Rick Allen,Republican,House,GA,N/A,2025-1-7,False,True
Rick Allen,Republican,House,GA,N/A,2025-1-26,True,False
Rick Allen,Republican,House,GA,N/A,2025-1-26,True,False
Michael Collins,Republican,House,GA,$SKI,2025-2-3,True,False
Adrian Smith,Republican,House,NE,N/A,2025-1-13,True,False
Ann Wagner,Republican,House,MO,N/A,2025-1-20,True,False
Ann Wagner,Republican,House,MO,N/A,2025-1-20,True,False
Thomas Kean Jr,Republican,House,NJ,AMZN,2025-1-15,True,False
Thomas Kean Jr,Republican,House,NJ,CCK,2025-1-6,True,False
Thomas Kean Jr,Republican,House,NJ,MSFT,2025-1-30,True,False
Scott Peters,Democrat,House,CA,N/A,2025-1-9,True,False
Scott Peters,Democrat,House,CA,N/A,2025-1-27,False,True
August Pfluger,Republican,House,TX,WBD,2025-1-12,False,True
Kevin Hern,Republican,House,OK,N/A,2025-1-28,True,False
Mike Kelly,Republican,House,PA,N/A,2025-1-21,True,False
Mike Kelly,Republican,House,PA,N/A,2025-1-1,False,True
Mike Kelly,Republican,House,PA,N/A,2025-1-22,False,True
Tim Moore,Republican,House,NC,TNA,2025-1-1,False,True
Tim Moore,Republican,House,NC,TNA,2025-1-2,True,False
Tim Moore,Republican,House,NC,TNA,2025-1-5,False,True
Tim Moore,Republican,House,NC,TNA,2025-1-12,True,False
Tim Moore,Republican,House,NC,TNA,2025-1-13,True,False
Tim Moore,Republican,House,NC,TNA,2025-1-14,False,True
Tim Moore,Republican,House,NC,F,2025-1-12,True,False
Tim Moore,Republican,House,NC,F,2025-1-7,True,False
Tim Moore,Republican,House,NC,F,2025-1-5,True,False
Tim Moore,Republican,House,NC,F,2025-1-6,False,True
Tim Moore,Republican,House,NC,F,2025-1-2,True,False
Tim Moore,Republican,House,NC,F,2025-1-20,False,True
Tim Moore,Republican,House,NC,HOG,2025-1-23,False,True
Tim Moore,Republican,House,NC,HOG,2025-1-23,True,False
Tim Moore,Republican,House,NC,HOG,2025-1-28,True,False
Tim Moore,Republican,House,NC,HOG,2025-1-29,True,False
Tim Moore,Republican,House,NC,HOG,2025-1-2,True,False
Tim Moore,Republican,House,NC,HOG,2025-1-6,False,True
Tim Moore,Republican,House,NC,HOG,2025-1-8,True,False
Tim Moore,Republican,House,NC,HOG,2025-1-12,True,False
Tim Moore,Republican,House,NC,HOG,2025-1-15,False,True
Tim Moore,Republican,House,NC,N/A,2025-1-16,True,False
Tim Moore,Republican,House,NC,N/A,2025-1-14,True,False
Tim Moore,Republican,House,NC,N/A,2025-1-27,True,False
Marjorie Taylor Greene,Republican,House,GA,ADBE,2025-2-11,True,False
Marjorie Taylor Greene,Republican,House,GA,AAPL,2025-2-11,True,False
Marjorie Taylor Greene,Republican,House,GA,DVN,2025-2-11,True,False
Marjorie Taylor Greene,Republican,House,GA,GS,2025-2-11,True,False
Marjorie Taylor Greene,Republican,House,GA,INTC,2025-2-11,True,False
Marjorie Taylor Greene,Republican,House,GA,META,2025-2-11,True,False
Marjorie Taylor Greene,Republican,House,GA,MSFT,2025-2-11,True,False
Marjorie Taylor Greene,Republican,House,GA,NSC,2025-2-11,True,False
Marjorie Taylor Greene,Republican,House,GA,PLTR,2025-2-11,True,False
Marjorie Taylor Greene,Republican,House,GA,UPS,2025-2-11,True,False
Marjorie Taylor Greene,Republican,House,GA,N/A,2025-2-11,True,False
Tommy Tuberville,Republican,Senate,AL,TSCO,2025-1-9,False,True
Tommy Tuberville,Republican,Senate,AL,CARR,2025-1-9,False,True
Tommy Tuberville,Republican,Senate,AL,TXN,2025-1-9,False,True
Tommy Tuberville,Republican,Senate,AL,DEO,2025-1-9,False,True
Tommy Tuberville,Republican,Senate,AL,MSFT,2025-1-9,False,True
Tommy Tuberville,Republican,Senate,AL,AAPL,2025-1-9,False,True
Tony Wied,Republican,House,WI,N/A,2025-1-9,False,True
Tony Wied,Republican,House,WI,SMAR,2025-1-22,False,True
Chuck Fleischmann,Republican,House,TN,IBUY,2025-1-27,True,False
Chuck Fleischmann,Republican,House,TN,FLJP,2025-1-27,False,True
Chuck Fleischmann,Republican,House,TN,URA,2025-1-27,True,False
Chuck Fleischmann,Republican,House,TN,N/A,2025-1-27,True,False
Chuck Fleischmann,Republican,House,TN,IGSB,2025-1-27,False,True
Chuck Fleischmann,Republican,House,TN,TLH,2025-1-27,True,False
Chuck Fleischmann,Republican,House,TN,ITA,2025-1-27,False,True
Chuck Fleischmann,Republican,House,TN,ZROZ,2025-1-27,False,True
Chuck Fleischmann,Republican,House,TN,SPY,2025-1-27,True,False
Chuck Fleischmann,Republican,House,TN,SPDW,2025-1-27,False,True
Chuck Fleischmann,Republican,House,TN,SLYG,2025-1-27,False,True
Chuck Fleischmann,Republican,House,TN,SLYV,2025-1-27,True,False
Chuck Fleischmann,Republican,House,TN,SPMB,2025-1-27,True,False
Chuck Fleischmann,Republican,House,TN,SPYG,2025-1-27,True,False
Chuck Fleischmann,Republican,House,TN,SPYV,2025-1-27,True,False
Chuck Fleischmann,Republican,House,TN,MDYG,2025-1-27,False,True
Chuck Fleischmann,Republican,House,TN,XLE,2025-1-27,False,True
Chuck Fleischmann,Republican,House,TN,GLDM,2025-1-27,False,True
Chuck Fleischmann,Republican,House,TN,ADBE,2025-1-27,True,False
Chuck Fleischmann,Republican,House,TN,VZ,2025-1-27,True,False
Michael McCaul,Republican,House,TX,RFRAX,2025-1-27,True,False
Michael McCaul,Republican,House,TX,N/A,2025-1-21,True,False
Michael McCaul,Republican,House,TX,N/A,2025-1-21,True,False
Michael McCaul,Republican,House,TX,N/A,2025-1-16,True,False
Michael McCaul,Republican,House,TX,HUM,2025-1-22,True,False
Michael McCaul,Republican,House,TX,GPC,2025-1-12,True,False
Michael McCaul,Republican,House,TX,AJG,2025-1-7,True,False
Michael McCaul,Republican,House,TX,N/A,2025-1-15,True,False
Michael McCaul,Republican,House,TX,N/A,2025-1-30,True,False
Michael McCaul,Republican,House,TX,CVS,2025-1-12,True,False
Michael McCaul,Republican,House,TX,N/A,2025-1-16,True,False
Michael McCaul,Republican,House,TX,AVGO,2025-1-29,True,False
Michael McCaul,Republican,House,TX,GE,2025-1-20,True,False
Michael McCaul,Republican,House,TX,N/A,2025-1-16,True,False
Michael McCaul,Republican,House,TX,N/A,2025-1-15,True,False
Michael McCaul,Republican,House,TX,N/A,2025-1-25,True,False
Michael McCaul,Republican,House,TX,N/A,2025-1-20,True,False
Michael McCaul,Republican,House,TX,ANET,2025-1-29,True,False
Michael McCaul,Republican,House,TX,NVDA,2025-1-29,True,False
Michael McCaul,Republican,House,TX,META,2025-1-29,True,False
Michael McCaul,Republican,House,TX,GE,2025-1-26,True,False
Michael McCaul,Republican,House,TX,N/A,2025-1-16,True,False
Michael McCaul,Republican,House,TX,N/A,2025-1-20,True,False
Michael McCaul,Republican,House,TX,WTM,2025-1-22,True,False
Michael McCaul,Republican,House,TX,DCI,2025-1-22,True,False
Michael McCaul,Republican,House,TX,FBIN,2025-1-23,True,False
Michael McCaul,Republican,House,TX,RHI,2025-1-30,True,False
Michael McCaul,Republican,House,TX,N/A,2025-1-15,True,False
Michael McCaul,Republican,House,TX,UNH,2025-1-13,True,False
Michael McCaul,Republican,House,TX,HUM,2025-1-14,True,False
Michael McCaul,Republican,House,TX,N/A,2025-1-20,True,False
Michael McCaul,Republican,House,TX,N/A,2025-1-21,True,False
Michael McCaul,Republican,House,TX,N/A,2025-1-9,True,False
Michael McCaul,Republican,House,TX,N/A,2025-1-1,True,False
Michael McCaul,Republican,House,TX,N/A,2025-1-29,True,False
Michael McCaul,Republican,House,TX,N/A,2025-1-22,True,False
Michael McCaul,Republican,House,TX,VWLUX,2025-1-1,True,False
Michael McCaul,Republican,House,TX,MSFT,2025-1-8,False,True
Michael McCaul,Republican,House,TX,GEV,2025-1-8,False,True
Michael McCaul,Republican,House,TX,GOOGL,2025-1-8,False,True
Michael McCaul,Republican,House,TX,GEV,2025-1-30,False,True
Michael McCaul,Republican,House,TX,SAP,2025-1-29,False,True
Michael McCaul,Republican,House,TX,HLT,2025-1-8,False,True
Michael McCaul,Republican,House,TX,SAP,2025-1-30,False,True
Michael McCaul,Republican,House,TX,WFC,2025-1-8,False,True
Michael McCaul,Republican,House,TX,SAFRY,2025-1-8,False,True
Michael McCaul,Republican,House,TX,META,2025-1-8,False,True
Michael McCaul,Republican,House,TX,ANET,2025-1-8,False,True
Michael McCaul,Republican,House,TX,TSM,2025-1-8,False,True
Michael McCaul,Republican,House,TX,V,2025-1-8,False,True
Michael McCaul,Republican,House,TX,AA,2025-1-8,False,True
Michael McCaul,Republican,House,TX,SAP,2025-1-8,False,True
Michael McCaul,Republican,House,TX,ADSK,2025-1-29,False,True
Michael McCaul,Republican,House,TX,ELV,2025-1-8,False,True
Michael McCaul,Republican,House,TX,AAPL,2025-1-26,False,True
Michael McCaul,Republican,House,TX,AER,2025-1-8,False,True
Michael McCaul,Republican,House,TX,DFS,2025-1-8,False,True
Michael McCaul,Republican,House,TX,CVX,2025-1-22,False,True
