Name,Party,Chamber,State,Ticker,Date,Buy,Sell
Suzan DelBene,Democrat,House,WA,N/A,2024-5-23,True,False
Suzan DelBene,Democrat,House,WA,N/A,2024-5-21,False,True
Suzan DelBene,Democrat,House,WA,N/A,2024-5-21,True,False
John Hickenlooper,Democrat,Senate,CO,FWONK,2024-6-2,False,True
John Hickenlooper,Democrat,Senate,CO,FWONK,2024-6-2,True,False
John Hickenlooper,Democrat,Senate,CO,FWONK,2024-5-19,False,True
John Hickenlooper,Democrat,Senate,CO,FWONK,2024-5-19,True,False
Bob Latta,Republican,House,OH,FMAO,2024-6-5,True,False
Kevin Hern,Republican,House,OK,ACN,2024-5-16,True,False
Kevin Hern,Republican,House,OK,XOM,2024-5-2,False,False
Kevin Hern,Republican,House,OK,MMC,2024-5-14,True,False
Kevin Hern,Republican,House,OK,OKE,2024-5-14,True,False
Kevin Hern,Republican,House,OK,OKE,2024-5-14,True,False
Kevin Hern,Republican,House,OK,PXD,2024-5-2,False,False
Kevin Hern,Republican,House,OK,TXN,2024-5-20,True,False
Kevin Hern,Republican,House,OK,TXN,2024-5-20,True,False
Kevin Hern,Republican,House,OK,N/A,2024-5-15,False,True
Josh Gottheimer,Democrat,House,NJ,ALG,2024-5-5,False,True
Josh Gottheimer,Democrat,House,NJ,ALGN,2024-5-19,False,True
Josh Gottheimer,Democrat,House,NJ,GOOGL,2024-5-2,True,False
Josh Gottheimer,Democrat,House,NJ,AMSF,2024-5-28,False,True
Josh Gottheimer,Democrat,House,NJ,BX,2024-5-19,False,True
Josh Gottheimer,Democrat,House,NJ,BKNG,2024-5-19,True,False
Josh Gottheimer,Democrat,House,NJ,CLPBY,2024-5-16,True,False
Josh Gottheimer,Democrat,House,NJ,EXAS,2024-5-9,False,True
Josh Gottheimer,Democrat,House,NJ,LOPE,2024-5-5,True,False
Josh Gottheimer,Democrat,House,NJ,HLN,2024-5-19,True,False
Josh Gottheimer,Democrat,House,NJ,INSM,2024-5-27,False,True
Josh Gottheimer,Democrat,House,NJ,N/A,2024-5-8,True,False
Josh Gottheimer,Democrat,House,NJ,KKR,2024-5-9,True,False
Josh Gottheimer,Democrat,House,NJ,LOW,2024-4-30,False,True
Josh Gottheimer,Democrat,House,NJ,MELI,2024-4-30,False,True
Josh Gottheimer,Democrat,House,NJ,META,2024-5-22,False,True
Josh Gottheimer,Democrat,House,NJ,MSFT,2024-5-13,True,False
Josh Gottheimer,Democrat,House,NJ,MSFT,2024-5-13,True,False
Josh Gottheimer,Democrat,House,NJ,MSFT,2024-5-13,False,True
Josh Gottheimer,Democrat,House,NJ,MSFT,2024-5-13,False,True
Josh Gottheimer,Democrat,House,NJ,MNST,2024-5-19,False,True
Josh Gottheimer,Democrat,House,NJ,NTDOY,2024-5-21,True,False
Josh Gottheimer,Democrat,House,NJ,RPD,2024-5-14,False,True
Josh Gottheimer,Democrat,House,NJ,CRM,2024-5-29,False,True
Josh Gottheimer,Democrat,House,NJ,SWTX,2024-5-8,True,False
Josh Gottheimer,Democrat,House,NJ,SSMXY,2024-5-5,True,False
Josh Gottheimer,Democrat,House,NJ,SSMXY,2024-5-1,True,False
Josh Gottheimer,Democrat,House,NJ,TSLA,2024-4-30,True,False
Josh Gottheimer,Democrat,House,NJ,TXRH,2024-5-5,False,True
Josh Gottheimer,Democrat,House,NJ,BWIN,2024-5-28,True,False
Josh Gottheimer,Democrat,House,NJ,UBER,2024-5-6,False,True
Josh Gottheimer,Democrat,House,NJ,UMBF,2024-5-21,True,False
Rick Scott,Republican,Senate,FL,N/A,2024-5-21,True,False
Rick Scott,Republican,Senate,FL,N/A,2024-5-21,True,False
Rick Scott,Republican,Senate,FL,N/A,2024-5-21,True,False
Rick Scott,Republican,Senate,FL,N/A,2024-5-21,True,False
Rick Scott,Republican,Senate,FL,N/A,2024-5-8,False,True
Rick Scott,Republican,Senate,FL,N/A,2024-5-8,False,True
Rick Scott,Republican,Senate,FL,N/A,2024-5-8,False,True
Rick Scott,Republican,Senate,FL,N/A,2024-5-8,False,True
Markwayne Mullin,Republican,Senate,OK,IWB,2024-6-6,False,True
Markwayne Mullin,Republican,Senate,OK,IWB,2024-5-7,False,True
Markwayne Mullin,Republican,Senate,OK,PCLPX,2024-5-7,False,True
Abigail Spanberger,Democrat,House,VA,LHX,2024-6-3,False,True
Earl Blumenauer,Democrat,House,OR,NWN,2024-5-14,True,False
Virginia Foxx,Republican,House,NC,ARLP,2024-5-14,True,False
Virginia Foxx,Republican,House,NC,T,2024-4-30,True,False
Virginia Foxx,Republican,House,NC,ET,2024-4-30,True,False
Virginia Foxx,Republican,House,NC,ET,2024-5-1,True,False
Virginia Foxx,Republican,House,NC,ET,2024-5-19,True,False
Virginia Foxx,Republican,House,NC,HTGC,2024-5-20,True,False
Earl Blumenauer,Democrat,House,OR,ECL,2024-5-16,True,False
Earl Blumenauer,Democrat,House,OR,JPM,2024-5-16,True,False
Earl Blumenauer,Democrat,House,OR,N/A,2024-5-16,True,False
Earl Blumenauer,Democrat,House,OR,N/A,2024-5-16,True,False
Earl Blumenauer,Democrat,House,OR,N/A,2024-5-16,True,False
Don Beyer,Democrat,House,VA,N/A,2024-5-1,True,False
Don Beyer,Democrat,House,VA,N/A,2024-5-22,False,True
Don Beyer,Democrat,House,VA,N/A,2024-5-30,True,False
Don Beyer,Democrat,House,VA,N/A,2024-5-30,False,True
Sheldon Whitehouse,Democrat,Senate,RI,CCI,2024-5-9,True,False
Sheldon Whitehouse,Democrat,Senate,RI,DEO,2024-5-7,False,True
Pete Sessions,Republican,House,TX,N/A,2024-6-5,False,True
Carol Miller,Republican,House,WV,T,2024-5-7,False,True
Carol Miller,Republican,House,WV,T,2024-5-7,False,True
Carol Miller,Republican,House,WV,COKE,2024-5-7,False,True
Carol Miller,Republican,House,WV,COKE,2024-5-7,False,True
Carol Miller,Republican,House,WV,CMCSA,2024-5-7,False,True
Carol Miller,Republican,House,WV,CMCSA,2024-5-7,False,True
Carol Miller,Republican,House,WV,MCK,2024-5-7,False,True
Carol Miller,Republican,House,WV,MCK,2024-5-7,False,True
Carol Miller,Republican,House,WV,YUM,2024-5-7,False,True
Carol Miller,Republican,House,WV,YUM,2024-5-7,False,True
Ro Khanna,Democrat,House,CA,SBUX,2024-4-30,True,False
Ro Khanna,Democrat,House,CA,ETR,2024-5-19,True,False
Ro Khanna,Democrat,House,CA,ABT,2024-5-19,True,False
Ro Khanna,Democrat,House,CA,CSCO,2024-5-2,True,False
Ro Khanna,Democrat,House,CA,JPM,2024-4-30,True,False
Ro Khanna,Democrat,House,CA,JPM,2024-4-30,True,False
Ro Khanna,Democrat,House,CA,N/A,2024-4-30,True,False
Ro Khanna,Democrat,House,CA,D,2024-5-5,True,False
Ro Khanna,Democrat,House,CA,N/A,2024-4-30,True,False
Ro Khanna,Democrat,House,CA,SYY,2024-5-27,True,False
Ro Khanna,Democrat,House,CA,JPM,2024-4-30,True,False
Ro Khanna,Democrat,House,CA,NI,2024-5-12,True,False
Ro Khanna,Democrat,House,CA,IP,2024-5-1,True,False
Ro Khanna,Democrat,House,CA,TGT,2024-5-21,True,False
Ro Khanna,Democrat,House,CA,GOOGL,2024-5-2,True,False
Ro Khanna,Democrat,House,CA,NEE,2024-5-2,True,False
Ro Khanna,Democrat,House,CA,AIG,2024-5-7,False,True
Ro Khanna,Democrat,House,CA,KKR,2024-4-30,False,True
Ro Khanna,Democrat,House,CA,KKR,2024-5-5,False,True
Ro Khanna,Democrat,House,CA,KKR,2024-5-5,False,True
Ro Khanna,Democrat,House,CA,KKR,2024-5-1,False,True
Ro Khanna,Democrat,House,CA,FERG,2024-5-2,False,True
Ro Khanna,Democrat,House,CA,KKR,2024-4-30,False,True
Ro Khanna,Democrat,House,CA,BAX,2024-5-22,True,False
Ro Khanna,Democrat,House,CA,BAX,2024-5-28,True,False
Ro Khanna,Democrat,House,CA,GM,2024-5-19,False,True
Ro Khanna,Democrat,House,CA,MU,2024-5-21,False,True
Ro Khanna,Democrat,House,CA,HD,2024-5-28,True,False
Ro Khanna,Democrat,House,CA,JNJ,2024-5-28,True,False
Ro Khanna,Democrat,House,CA,CMCSA,2024-5-28,True,False
Ro Khanna,Democrat,House,CA,PFE,2024-5-28,True,False
Ro Khanna,Democrat,House,CA,PLD,2024-5-28,True,False
Ro Khanna,Democrat,House,CA,CTSH,2024-5-28,True,False
Ro Khanna,Democrat,House,CA,TSLA,2024-5-28,True,False
Ro Khanna,Democrat,House,CA,GILD,2024-5-28,True,False
Ro Khanna,Democrat,House,CA,BDX,2024-5-28,True,False
Ro Khanna,Democrat,House,CA,ANSS,2024-5-28,True,False
Ro Khanna,Democrat,House,CA,MS,2024-5-28,True,False
Ro Khanna,Democrat,House,CA,NTAP,2024-5-28,True,False
Ro Khanna,Democrat,House,CA,SNPS,2024-5-28,True,False
Ro Khanna,Democrat,House,CA,MCHP,2024-5-28,True,False
Ro Khanna,Democrat,House,CA,CNC,2024-5-28,True,False
Ro Khanna,Democrat,House,CA,CSCO,2024-5-28,True,False
Ro Khanna,Democrat,House,CA,EQIX,2024-5-28,True,False
Ro Khanna,Democrat,House,CA,MPWR,2024-5-28,True,False
Ro Khanna,Democrat,House,CA,NOW,2024-5-28,True,False
Ro Khanna,Democrat,House,CA,ITW,2024-5-28,True,False
Ro Khanna,Democrat,House,CA,ADI,2024-5-28,True,False
Ro Khanna,Democrat,House,CA,ADSK,2024-5-28,True,False
Ro Khanna,Democrat,House,CA,KEYS,2024-5-28,True,False
Ro Khanna,Democrat,House,CA,ABT,2024-5-28,True,False
Ro Khanna,Democrat,House,CA,JPM,2024-5-28,True,False
Ro Khanna,Democrat,House,CA,HPE,2024-5-28,True,False
Ro Khanna,Democrat,House,CA,BEN,2024-5-28,True,False
Ro Khanna,Democrat,House,CA,SWKS,2024-5-28,True,False
Ro Khanna,Democrat,House,CA,KVUE,2024-5-28,True,False
Ro Khanna,Democrat,House,CA,ROK,2024-5-28,True,False
Ro Khanna,Democrat,House,CA,STT,2024-5-28,True,False
Ro Khanna,Democrat,House,CA,IBM,2024-5-28,True,False
Ro Khanna,Democrat,House,CA,FDX,2024-5-28,True,False
Ro Khanna,Democrat,House,CA,CRM,2024-5-28,True,False
Ro Khanna,Democrat,House,CA,EFX,2024-5-28,True,False
Ro Khanna,Democrat,House,CA,UNH,2024-5-28,True,False
Ro Khanna,Democrat,House,CA,SPGI,2024-5-28,True,False
Ro Khanna,Democrat,House,CA,BKNG,2024-5-28,True,False
Ro Khanna,Democrat,House,CA,ON,2024-5-28,True,False
Ro Khanna,Democrat,House,CA,CAT,2024-5-28,True,False
Ro Khanna,Democrat,House,CA,LULU,2024-5-28,True,False
Ro Khanna,Democrat,House,CA,JBHT,2024-5-28,True,False
Ro Khanna,Democrat,House,CA,PANW,2024-5-28,True,False
Ro Khanna,Democrat,House,CA,JBL,2024-5-28,True,False
Ro Khanna,Democrat,House,CA,BR,2024-5-28,True,False
Ro Khanna,Democrat,House,CA,LYB,2024-5-28,True,False
Ro Khanna,Democrat,House,CA,BX,2024-5-28,True,False
Ro Khanna,Democrat,House,CA,CDNS,2024-5-28,True,False
Ro Khanna,Democrat,House,CA,PRU,2024-5-28,True,False
Ro Khanna,Democrat,House,CA,HSY,2024-5-28,True,False
Ro Khanna,Democrat,House,CA,QRVO,2024-5-28,True,False
Ro Khanna,Democrat,House,CA,LH,2024-5-28,True,False
Ro Khanna,Democrat,House,CA,ZBH,2024-5-28,True,False
Ro Khanna,Democrat,House,CA,TROW,2024-5-28,True,False
Ro Khanna,Democrat,House,CA,GL,2024-5-28,True,False
Ro Khanna,Democrat,House,CA,TER,2024-5-28,True,False
Ro Khanna,Democrat,House,CA,STX,2024-5-28,True,False
Ro Khanna,Democrat,House,CA,HPQ,2024-5-28,True,False
Ro Khanna,Democrat,House,CA,DHI,2024-5-28,True,False
Ro Khanna,Democrat,House,CA,MKC,2024-5-28,True,False
Ro Khanna,Democrat,House,CA,FSLR,2024-5-28,True,False
Ro Khanna,Democrat,House,CA,SYF,2024-5-28,True,False
Ro Khanna,Democrat,House,CA,KIM,2024-5-28,True,False
Ro Khanna,Democrat,House,CA,FMC,2024-5-28,True,False
Ro Khanna,Democrat,House,CA,COF,2024-5-28,True,False
Ro Khanna,Democrat,House,CA,LKQ,2024-5-28,True,False
Ro Khanna,Democrat,House,CA,KMX,2024-5-28,True,False
Ro Khanna,Democrat,House,CA,WDC,2024-5-28,True,False
Ro Khanna,Democrat,House,CA,TAP,2024-5-28,True,False
Ro Khanna,Democrat,House,CA,K,2024-5-28,True,False
Ro Khanna,Democrat,House,CA,CDAY,2024-5-28,True,False
Ro Khanna,Democrat,House,CA,LUV,2024-5-28,True,False
Ro Khanna,Democrat,House,CA,FLT,2024-5-28,True,False
Ro Khanna,Democrat,House,CA,APD,2024-5-28,True,False
Ro Khanna,Democrat,House,CA,PH,2024-5-28,True,False
Ro Khanna,Democrat,House,CA,WMT,2024-5-28,True,False
Ro Khanna,Democrat,House,CA,LW,2024-5-28,True,False
Ro Khanna,Democrat,House,CA,L,2024-5-28,True,False
Ro Khanna,Democrat,House,CA,CZR,2024-5-28,True,False
Ro Khanna,Democrat,House,CA,PPG,2024-5-28,True,False
Ro Khanna,Democrat,House,CA,ELV,2024-5-28,True,False
Ro Khanna,Democrat,House,CA,AME,2024-5-28,True,False
Ro Khanna,Democrat,House,CA,ORCL,2024-5-28,True,False
Ro Khanna,Democrat,House,CA,AJG,2024-5-28,True,False
Ro Khanna,Democrat,House,CA,KO,2024-5-28,True,False
Ro Khanna,Democrat,House,CA,LVS,2024-5-28,True,False
Ro Khanna,Democrat,House,CA,PFG,2024-5-28,True,False
Ro Khanna,Democrat,House,CA,TYL,2024-5-28,True,False
Ro Khanna,Democrat,House,CA,MGM,2024-5-28,True,False
Ro Khanna,Democrat,House,CA,MAR,2024-5-28,True,False
Ro Khanna,Democrat,House,CA,ECL,2024-5-28,True,False
Ro Khanna,Democrat,House,CA,ILMN,2024-5-28,True,False
Ro Khanna,Democrat,House,CA,AMD,2024-5-28,True,False
Ro Khanna,Democrat,House,CA,DFS,2024-5-28,True,False
Ro Khanna,Democrat,House,CA,AAPL,2024-5-28,False,True
Ro Khanna,Democrat,House,CA,ADBE,2024-5-28,False,True
Ro Khanna,Democrat,House,CA,ACN,2024-5-28,False,True
Ro Khanna,Democrat,House,CA,SCHW,2024-5-28,False,True
Ro Khanna,Democrat,House,CA,BMY,2024-5-28,False,True
Ro Khanna,Democrat,House,CA,NKE,2024-5-28,False,True
Ro Khanna,Democrat,House,CA,AMGN,2024-5-28,False,True
Ro Khanna,Democrat,House,CA,INTC,2024-5-28,False,True
Ro Khanna,Democrat,House,CA,UPS,2024-5-28,False,True
Ro Khanna,Democrat,House,CA,CI,2024-5-28,False,True
Ro Khanna,Democrat,House,CA,KLAC,2024-5-28,False,True
Ro Khanna,Democrat,House,CA,LOW,2024-5-28,False,True
Ro Khanna,Democrat,House,CA,MDLZ,2024-5-28,False,True
Ro Khanna,Democrat,House,CA,NXPI,2024-5-28,False,True
Ro Khanna,Democrat,House,CA,CVS,2024-5-28,False,True
Ro Khanna,Democrat,House,CA,MA,2024-5-28,False,True
Ro Khanna,Democrat,House,CA,STZ,2024-5-28,False,True
Ro Khanna,Democrat,House,CA,RJF,2024-5-28,False,True
Ro Khanna,Democrat,House,CA,CE,2024-5-28,False,True
Ro Khanna,Democrat,House,CA,DLR,2024-5-28,False,True
Ro Khanna,Democrat,House,CA,SBUX,2024-5-28,False,True
Ro Khanna,Democrat,House,CA,MET,2024-5-28,False,True
Ro Khanna,Democrat,House,CA,ABBV,2024-5-28,False,True
Ro Khanna,Democrat,House,CA,EL,2024-5-28,False,True
Ro Khanna,Democrat,House,CA,MAS,2024-5-28,False,True
Ro Khanna,Democrat,House,CA,KMB,2024-5-28,False,True
Ro Khanna,Democrat,House,CA,BXP,2024-5-28,False,True
Ro Khanna,Democrat,House,CA,FFIV,2024-5-28,False,True
Ro Khanna,Democrat,House,CA,LRCX,2024-5-28,False,True
Ro Khanna,Democrat,House,CA,PAYX,2024-5-28,False,True
Ro Khanna,Democrat,House,CA,PNC,2024-5-28,False,True
Ro Khanna,Democrat,House,CA,FI,2024-5-28,False,True
Ro Khanna,Democrat,House,CA,META,2024-5-28,False,True
Ro Khanna,Democrat,House,CA,GPC,2024-5-28,False,True
Ro Khanna,Democrat,House,CA,WY,2024-5-28,False,True
Ro Khanna,Democrat,House,CA,F,2024-5-28,False,True
Ro Khanna,Democrat,House,CA,ODFL,2024-5-28,False,True
Ro Khanna,Democrat,House,CA,SWK,2024-5-28,False,True
Ro Khanna,Democrat,House,CA,EXPE,2024-5-28,False,True
Ro Khanna,Democrat,House,CA,FCX,2024-5-28,False,True
Ro Khanna,Democrat,House,CA,TRV,2024-5-28,False,True
Ro Khanna,Democrat,House,CA,MNST,2024-5-28,False,True
Ro Khanna,Democrat,House,CA,GPN,2024-5-28,False,True
Ro Khanna,Democrat,House,CA,CCL,2024-5-28,False,True
Ro Khanna,Democrat,House,CA,PHM,2024-5-28,False,True
Ro Khanna,Democrat,House,CA,AON,2024-5-28,False,True
Ro Khanna,Democrat,House,CA,WRB,2024-5-28,False,True
Ro Khanna,Democrat,House,CA,RSG,2024-5-28,False,True
Ro Khanna,Democrat,House,CA,AIG,2024-5-28,False,True
Ro Khanna,Democrat,House,CA,CHTR,2024-5-28,False,True
Ro Khanna,Democrat,House,CA,ROP,2024-5-28,False,True
Ro Khanna,Democrat,House,CA,VICI,2024-5-28,False,True
Ro Khanna,Democrat,House,CA,REG,2024-5-28,False,True
Ro Khanna,Democrat,House,CA,VZ,2024-5-28,False,True
Ro Khanna,Democrat,House,CA,ALGN,2024-5-28,False,True
Ro Khanna,Democrat,House,CA,EQR,2024-5-28,False,True
Ro Khanna,Democrat,House,CA,MCD,2024-5-28,False,True
Ro Khanna,Democrat,House,CA,ZION,2024-5-28,False,True
Ro Khanna,Democrat,House,CA,VRSK,2024-5-28,False,True
Ro Khanna,Democrat,House,CA,HSIC,2024-5-28,False,True
Ro Khanna,Democrat,House,CA,BF/A,2024-5-28,False,True
Ro Khanna,Democrat,House,CA,MSCI,2024-5-28,False,True
Ro Khanna,Democrat,House,CA,KHC,2024-5-28,False,True
Ro Khanna,Democrat,House,CA,CTLT,2024-5-28,False,True
Ro Khanna,Democrat,House,CA,TTWO,2024-5-28,False,True
Ro Khanna,Democrat,House,CA,INVH,2024-5-28,False,True
Ro Khanna,Democrat,House,CA,LYV,2024-5-28,False,True
Ro Khanna,Democrat,House,CA,CF,2024-5-28,False,True
Ro Khanna,Democrat,House,CA,NDSN,2024-5-28,False,True
Ro Khanna,Democrat,House,CA,ARE,2024-5-28,False,True
Ro Khanna,Democrat,House,CA,DLTR,2024-5-28,False,True
Ro Khanna,Democrat,House,CA,CDW,2024-5-28,False,True
Ro Khanna,Democrat,House,CA,NCLH,2024-5-28,False,True
Ro Khanna,Democrat,House,CA,BAX,2024-5-28,False,True
Ro Khanna,Democrat,House,CA,ETSY,2024-5-28,False,True
Ro Khanna,Democrat,House,CA,DIS,2024-5-28,False,True
Ro Khanna,Democrat,House,CA,CCI,2024-5-28,False,True
Ro Khanna,Democrat,House,CA,EPAM,2024-5-28,False,True
Ro Khanna,Democrat,House,CA,WST,2024-5-28,False,True
Ro Khanna,Democrat,House,CA,MOH,2024-5-28,False,True
Ro Khanna,Democrat,House,CA,TD,2024-5-30,True,False
Ro Khanna,Democrat,House,CA,BAX,2024-5-23,True,False
Ro Khanna,Democrat,House,CA,MU,2024-5-12,False,True
Ro Khanna,Democrat,House,CA,BAC,2024-5-12,False,True
Ro Khanna,Democrat,House,CA,PENN,2024-5-30,False,True
Ro Khanna,Democrat,House,CA,INFN,2024-5-14,False,True
Ro Khanna,Democrat,House,CA,MU,2024-5-21,False,True
Ro Khanna,Democrat,House,CA,MU,2024-5-14,False,True
Ro Khanna,Democrat,House,CA,GM,2024-5-20,False,True
Ro Khanna,Democrat,House,CA,LGF/A,2024-5-12,False,True
Ro Khanna,Democrat,House,CA,GM,2024-5-15,False,True
Ro Khanna,Democrat,House,CA,GM,2024-5-16,False,True
Ro Khanna,Democrat,House,CA,GM,2024-5-19,False,True
Ro Khanna,Democrat,House,CA,TD,2024-5-30,True,False
Ro Khanna,Democrat,House,CA,HD,2024-5-27,True,False
Ro Khanna,Democrat,House,CA,JNJ,2024-5-27,True,False
Ro Khanna,Democrat,House,CA,BAC,2024-5-27,True,False
Ro Khanna,Democrat,House,CA,ADBE,2024-5-27,True,False
Ro Khanna,Democrat,House,CA,NKE,2024-5-27,True,False
Ro Khanna,Democrat,House,CA,BKNG,2024-5-27,True,False
Ro Khanna,Democrat,House,CA,BAX,2024-5-27,True,False
Ro Khanna,Democrat,House,CA,CHTR,2024-5-27,True,False
Ro Khanna,Democrat,House,CA,MCD,2024-5-27,True,False
Ro Khanna,Democrat,House,CA,UPS,2024-5-27,True,False
Ro Khanna,Democrat,House,CA,SPGI,2024-5-27,True,False
Ro Khanna,Democrat,House,CA,ORCL,2024-5-27,True,False
Ro Khanna,Democrat,House,CA,CRM,2024-5-27,True,False
Ro Khanna,Democrat,House,CA,COST,2024-5-27,True,False
Ro Khanna,Democrat,House,CA,DHI,2024-5-27,True,False
Ro Khanna,Democrat,House,CA,AVGO,2024-5-27,True,False
Ro Khanna,Democrat,House,CA,CSCO,2024-5-27,True,False
Ro Khanna,Democrat,House,CA,APTV,2024-5-27,True,False
Ro Khanna,Democrat,House,CA,N/A,2024-5-27,True,False
Ro Khanna,Democrat,House,CA,GOOGL,2024-5-27,True,False
Ro Khanna,Democrat,House,CA,AMAT,2024-5-27,True,False
Ro Khanna,Democrat,House,CA,PLD,2024-5-27,True,False
Ro Khanna,Democrat,House,CA,ADSK,2024-5-27,True,False
Ro Khanna,Democrat,House,CA,NDAQ,2024-5-27,True,False
Ro Khanna,Democrat,House,CA,NDAQ,2024-5-27,True,False
Ro Khanna,Democrat,House,CA,CBRE,2024-5-27,True,False
Ro Khanna,Democrat,House,CA,WMT,2024-5-27,True,False
Ro Khanna,Democrat,House,CA,CARR,2024-5-27,True,False
Ro Khanna,Democrat,House,CA,GPN,2024-5-27,True,False
Ro Khanna,Democrat,House,CA,BWA,2024-5-27,True,False
Ro Khanna,Democrat,House,CA,MSCI,2024-5-27,True,False
Ro Khanna,Democrat,House,CA,CNC,2024-5-27,True,False
Ro Khanna,Democrat,House,CA,MS,2024-5-27,True,False
Ro Khanna,Democrat,House,CA,KIM,2024-5-27,True,False
Ro Khanna,Democrat,House,CA,PEAK,2024-5-27,True,False
Ro Khanna,Democrat,House,CA,DFS,2024-5-27,True,False
Ro Khanna,Democrat,House,CA,LRCX,2024-5-27,True,False
Ro Khanna,Democrat,House,CA,FCX,2024-5-27,True,False
Ro Khanna,Democrat,House,CA,FITB,2024-5-27,True,False
Ro Khanna,Democrat,House,CA,SYF,2024-5-27,True,False
Ro Khanna,Democrat,House,CA,EFX,2024-5-27,True,False
Ro Khanna,Democrat,House,CA,MAR,2024-5-27,True,False
Ro Khanna,Democrat,House,CA,INVH,2024-5-27,True,False
Ro Khanna,Democrat,House,CA,ISRG,2024-5-27,True,False
Ro Khanna,Democrat,House,CA,DHR,2024-5-27,True,False
Ro Khanna,Democrat,House,CA,POOL,2024-5-27,True,False
Ro Khanna,Democrat,House,CA,BAX,2024-5-27,True,False
Ro Khanna,Democrat,House,CA,META,2024-5-27,True,False
Ro Khanna,Democrat,House,CA,BAX,2024-5-27,True,False
Ro Khanna,Democrat,House,CA,URI,2024-5-27,True,False
Ro Khanna,Democrat,House,CA,WST,2024-5-27,True,False
Ro Khanna,Democrat,House,CA,MOH,2024-5-27,True,False
Ro Khanna,Democrat,House,CA,LH,2024-5-27,True,False
Ro Khanna,Democrat,House,CA,AVB,2024-5-27,True,False
Ro Khanna,Democrat,House,CA,MLM,2024-5-27,True,False
Ro Khanna,Democrat,House,CA,SBAC,2024-5-27,True,False
Ro Khanna,Democrat,House,CA,EXPE,2024-5-27,True,False
Ro Khanna,Democrat,House,CA,EPAM,2024-5-27,True,False
Ro Khanna,Democrat,House,CA,FLT,2024-5-27,True,False
Ro Khanna,Democrat,House,CA,PPG,2024-5-27,True,False
Ro Khanna,Democrat,House,CA,STT,2024-5-27,True,False
Ro Khanna,Democrat,House,CA,ON,2024-5-27,True,False
Ro Khanna,Democrat,House,CA,ALB,2024-5-27,True,False
Ro Khanna,Democrat,House,CA,SWK,2024-5-27,True,False
Ro Khanna,Democrat,House,CA,VMC,2024-5-27,True,False
Ro Khanna,Democrat,House,CA,MKC,2024-5-27,True,False
Ro Khanna,Democrat,House,CA,CZR,2024-5-27,True,False
Ro Khanna,Democrat,House,CA,PYPL,2024-5-27,True,False
Ro Khanna,Democrat,House,CA,INTC,2024-5-27,True,False
Ro Khanna,Democrat,House,CA,UDR,2024-5-27,True,False
Ro Khanna,Democrat,House,CA,AJG,2024-5-27,True,False
Ro Khanna,Democrat,House,CA,HAS,2024-5-27,True,False
Ro Khanna,Democrat,House,CA,LYB,2024-5-27,True,False
Ro Khanna,Democrat,House,CA,ETSY,2024-5-27,True,False
Ro Khanna,Democrat,House,CA,CCI,2024-5-27,True,False
Ro Khanna,Democrat,House,CA,BBWI,2024-5-27,True,False
Ro Khanna,Democrat,House,CA,CCL,2024-5-27,True,False
Ro Khanna,Democrat,House,CA,BEN,2024-5-27,True,False
Ro Khanna,Democrat,House,CA,KMX,2024-5-27,True,False
Ro Khanna,Democrat,House,CA,TAP,2024-5-27,True,False
Ro Khanna,Democrat,House,CA,TECH,2024-5-27,True,False
Ro Khanna,Democrat,House,CA,WY,2024-5-27,True,False
Ro Khanna,Democrat,House,CA,LYV,2024-5-27,True,False
Ro Khanna,Democrat,House,CA,BALL,2024-5-27,True,False
Ro Khanna,Democrat,House,CA,KDP,2024-5-27,True,False
Ro Khanna,Democrat,House,CA,VTR,2024-5-27,True,False
Ro Khanna,Democrat,House,CA,ARE,2024-5-27,True,False
Ro Khanna,Democrat,House,CA,CE,2024-5-27,True,False
Ro Khanna,Democrat,House,CA,GNRC,2024-5-27,True,False
Ro Khanna,Democrat,House,CA,BDX,2024-5-27,True,False
Ro Khanna,Democrat,House,CA,VICI,2024-5-27,True,False
Ro Khanna,Democrat,House,CA,NSC,2024-5-27,True,False
Ro Khanna,Democrat,House,CA,SPG,2024-5-27,True,False
Ro Khanna,Democrat,House,CA,DLR,2024-5-27,True,False
Ro Khanna,Democrat,House,CA,ABNB,2024-5-27,True,False
Ro Khanna,Democrat,House,CA,UBER,2024-5-27,True,False
Ro Khanna,Democrat,House,CA,HCA,2024-5-27,True,False
Ro Khanna,Democrat,House,CA,CAT,2024-5-27,True,False
Ro Khanna,Democrat,House,CA,KVUE,2024-5-27,True,False
Ro Khanna,Democrat,House,CA,PM,2024-5-27,True,False
Ro Khanna,Democrat,House,CA,ROK,2024-5-27,True,False
Ro Khanna,Democrat,House,CA,FTNT,2024-5-27,True,False
Ro Khanna,Democrat,House,CA,HSBC,2024-5-9,True,False
Ro Khanna,Democrat,House,CA,XSP,2024-5-1,True,False
Ro Khanna,Democrat,House,CA,ING,2024-5-9,True,False
Ro Khanna,Democrat,House,CA,SHEL,2024-5-9,True,False
Ro Khanna,Democrat,House,CA,AZN,2024-5-9,True,False
Ro Khanna,Democrat,House,CA,XSP,2024-5-1,False,True
Ro Khanna,Democrat,House,CA,XSP,2024-5-1,False,True
Ro Khanna,Democrat,House,CA,XSP,2024-5-28,False,True
Ro Khanna,Democrat,House,CA,XSP,2024-5-20,False,True
Ro Khanna,Democrat,House,CA,AMZN,2024-5-27,False,True
Ro Khanna,Democrat,House,CA,BRK/B,2024-5-27,False,True
Ro Khanna,Democrat,House,CA,BXP,2024-5-27,False,True
Ro Khanna,Democrat,House,CA,MA,2024-5-27,False,True
Ro Khanna,Democrat,House,CA,ACN,2024-5-27,False,True
Ro Khanna,Democrat,House,CA,CMCSA,2024-5-27,False,True
Ro Khanna,Democrat,House,CA,NOW,2024-5-27,False,True
Ro Khanna,Democrat,House,CA,CI,2024-5-27,False,True
Ro Khanna,Democrat,House,CA,TSLA,2024-5-27,False,True
Ro Khanna,Democrat,House,CA,WRK,2024-5-27,False,True
Ro Khanna,Democrat,House,CA,USB,2024-5-27,False,True
Ro Khanna,Democrat,House,CA,GM,2024-5-27,False,True
Ro Khanna,Democrat,House,CA,CVS,2024-5-27,False,True
Ro Khanna,Democrat,House,CA,BMY,2024-5-27,False,True
Ro Khanna,Democrat,House,CA,PNC,2024-5-27,False,True
Ro Khanna,Democrat,House,CA,DIS,2024-5-27,False,True
Ro Khanna,Democrat,House,CA,FDX,2024-5-27,False,True
Ro Khanna,Democrat,House,CA,LOW,2024-5-27,False,True
Ro Khanna,Democrat,House,CA,MDLZ,2024-5-27,False,True
Ro Khanna,Democrat,House,CA,F,2024-5-27,False,True
Ro Khanna,Democrat,House,CA,AON,2024-5-27,False,True
Ro Khanna,Democrat,House,CA,TMO,2024-5-27,False,True
Ro Khanna,Democrat,House,CA,CMA,2024-5-27,False,True
Ro Khanna,Democrat,House,CA,STZ,2024-5-27,False,True
Ro Khanna,Democrat,House,CA,INTU,2024-5-27,False,True
Ro Khanna,Democrat,House,CA,EL,2024-5-27,False,True
Ro Khanna,Democrat,House,CA,ADSK,2024-5-27,False,True
Ro Khanna,Democrat,House,CA,BP,2022-5-9,False,True
Ro Khanna,Democrat,House,CA,ILMN,2024-5-27,False,True
Ro Khanna,Democrat,House,CA,PANW,2024-5-27,False,True
Ro Khanna,Democrat,House,CA,IP,2024-5-27,False,True
Ro Khanna,Democrat,House,CA,LNC,2024-5-27,False,True
Ro Khanna,Democrat,House,CA,COF,2024-5-27,False,True
Ro Khanna,Democrat,House,CA,LULU,2024-5-27,False,True
Ro Khanna,Democrat,House,CA,CF,2024-5-27,False,True
Ro Khanna,Democrat,House,CA,PH,2024-5-27,False,True
Ro Khanna,Democrat,House,CA,ELV,2024-5-27,False,True
Ro Khanna,Democrat,House,CA,IQV,2024-5-27,False,True
Ro Khanna,Democrat,House,CA,ANSS,2024-5-27,False,True
Ro Khanna,Democrat,House,CA,GPC,2024-5-27,False,True
Ro Khanna,Democrat,House,CA,BBY,2024-5-27,False,True
Ro Khanna,Democrat,House,CA,JNPR,2024-5-27,False,True
Ro Khanna,Democrat,House,CA,GIS,2024-5-27,False,True
Ro Khanna,Democrat,House,CA,WBD,2024-5-27,False,True
Ro Khanna,Democrat,House,CA,CSGP,2024-5-27,False,True
Ro Khanna,Democrat,House,CA,CRL,2024-5-27,False,True
Ro Khanna,Democrat,House,CA,UAL,2024-5-27,False,True
Ro Khanna,Democrat,House,CA,CDAY,2024-5-27,False,True
Ro Khanna,Democrat,House,CA,MGM,2024-5-27,False,True
Ro Khanna,Democrat,House,CA,FTV,2024-5-27,False,True
Ro Khanna,Democrat,House,CA,VRSN,2024-5-27,False,True
Ro Khanna,Democrat,House,CA,LKQ,2024-5-27,False,True
Ro Khanna,Democrat,House,CA,ULTA,2024-5-27,False,True
Ro Khanna,Democrat,House,CA,BAX,2024-5-27,False,True
Ro Khanna,Democrat,House,CA,ALGN,2024-5-27,False,True
Ro Khanna,Democrat,House,CA,ODFL,2024-5-27,False,True
Ro Khanna,Democrat,House,CA,SJM,2024-5-27,False,True
Ro Khanna,Democrat,House,CA,EQIX,2024-5-27,False,True
Ro Khanna,Democrat,House,CA,JPM,2024-4-30,True,False
Ro Khanna,Democrat,House,CA,JPM,2024-4-30,True,False
Ro Khanna,Democrat,House,CA,C,2024-5-14,True,False
Ro Khanna,Democrat,House,CA,JPM,2024-5-14,True,False
Ro Khanna,Democrat,House,CA,N/A,2024-4-30,True,False
Ro Khanna,Democrat,House,CA,D,2024-5-5,True,False
Ro Khanna,Democrat,House,CA,NI,2024-5-12,True,False
Ro Khanna,Democrat,House,CA,SBUX,2024-4-30,True,False
Ro Khanna,Democrat,House,CA,JPM,2024-4-30,True,False
Ro Khanna,Democrat,House,CA,SRE,2024-5-27,True,False
Ro Khanna,Democrat,House,CA,ABT,2024-5-19,True,False
Ro Khanna,Democrat,House,CA,TGT,2024-5-21,True,False
Ro Khanna,Democrat,House,CA,SYY,2024-5-27,True,False
Ro Khanna,Democrat,House,CA,STT,2024-5-14,True,False
Ro Khanna,Democrat,House,CA,AIG,2024-5-7,False,True
Ro Khanna,Democrat,House,CA,KKR,2024-4-30,False,True
Ro Khanna,Democrat,House,CA,KKR,2024-5-5,False,True
Ro Khanna,Democrat,House,CA,KKR,2024-5-5,False,True
Ro Khanna,Democrat,House,CA,KKR,2024-5-1,False,True
Ro Khanna,Democrat,House,CA,KKR,2024-4-30,False,True
Ro Khanna,Democrat,House,CA,FERG,2024-5-2,False,True
Ro Khanna,Democrat,House,CA,N/A,2024-5-14,True,False
Ro Khanna,Democrat,House,CA,N/A,2024-4-30,True,False
Ro Khanna,Democrat,House,CA,N/A,2024-5-22,True,False
Ro Khanna,Democrat,House,CA,N/A,2024-4-30,True,False
Ro Khanna,Democrat,House,CA,N/A,2024-5-14,True,False
Ro Khanna,Democrat,House,CA,N/A,2024-5-1,True,False
Lloyd Doggett,Democrat,House,TX,PG,2024-5-14,True,False
John Boozman,Republican,Senate,AR,GIGB,2024-5-30,True,False
John Boozman,Republican,Senate,AR,IVW,2024-5-30,False,True
John Boozman,Republican,Senate,AR,EFA,2024-5-30,False,True
Doris Matsui,Democrat,House,CA,N/A,2024-5-28,True,False
Doug Lamborn,Republican,House,CO,NTAP,2024-5-30,False,True
Doug Lamborn,Republican,House,CO,NTAP,2024-5-30,False,True
Doug Lamborn,Republican,House,CO,NTAP,2024-5-30,False,True
Tom Carper,Democrat,Senate,DE,TGT,2024-5-21,True,False
Tom Carper,Democrat,Senate,DE,VEA,2024-5-15,True,False
Tom Carper,Democrat,Senate,DE,PRF,2024-5-15,False,True
Tom Carper,Democrat,Senate,DE,VIG,2024-5-15,True,False
Tom Carper,Democrat,Senate,DE,COWZ,2024-5-15,True,False
Tom Carper,Democrat,Senate,DE,ICOW,2024-5-15,True,False
Tom Carper,Democrat,Senate,DE,EFAD,2024-5-15,False,True
Tom Carper,Democrat,Senate,DE,FDRR,2024-5-15,False,True
Tom Carper,Democrat,Senate,DE,VEA,2024-5-15,True,False
Tom Carper,Democrat,Senate,DE,EFAD,2024-5-15,False,True
Tom Carper,Democrat,Senate,DE,SMDV,2024-5-14,False,True
Tom Carper,Democrat,Senate,DE,CALF,2024-5-14,True,False
Tom Carper,Democrat,Senate,DE,SRVR,2024-5-13,True,False
Tom Carper,Democrat,Senate,DE,MOO,2024-5-13,False,True
Tom Carper,Democrat,Senate,DE,ATKR,2024-5-8,False,True
Tom Carper,Democrat,Senate,DE,TTE,2024-5-8,False,True
Tom Carper,Democrat,Senate,DE,SBUX,2024-5-8,False,True
Tom Carper,Democrat,Senate,DE,EMR,2024-5-8,True,False
Tom Carper,Democrat,Senate,DE,OXY,2024-5-8,True,False
Tom Carper,Democrat,Senate,DE,N/A,2024-5-1,False,True
Tom Carper,Democrat,Senate,DE,N/A,2024-5-1,False,True
Tom Carper,Democrat,Senate,DE,N/A,2024-5-1,False,True
Tom Carper,Democrat,Senate,DE,N/A,2024-5-1,True,False
Tom Carper,Democrat,Senate,DE,N/A,2024-5-1,False,True
Tom Carper,Democrat,Senate,DE,N/A,2024-4-30,True,False
Tom Carper,Democrat,Senate,DE,N/A,2024-4-30,True,False
Tom Carper,Democrat,Senate,DE,N/A,2024-4-30,True,False
Rudy Yakym,Republican,House,IN,N/A,2024-5-20,True,False
Scott Franklin,Republican,House,FL,BWIN,2024-5-7,False,True
Thomas Kean Jr,Republican,House,NJ,ILMN,2024-4-18,True,False
Thomas Kean Jr,Republican,House,NJ,NKE,2024-4-18,False,True
Susie Lee,Democrat,House,NV,RNMBY,2024-5-9,True,False
Laurel Lee,Republican,House,FL,HURA,2024-5-5,True,False
Doris Matsui,Democrat,House,CA,N/A,2024-4-22,True,False
Doris Matsui,Democrat,House,CA,N/A,2024-4-22,True,False
Doris Matsui,Democrat,House,CA,N/A,2024-4-22,True,False
Doris Matsui,Democrat,House,CA,N/A,2024-4-22,True,False
Doris Matsui,Democrat,House,CA,N/A,2024-4-22,True,False
Doris Matsui,Democrat,House,CA,N/A,2024-4-22,True,False
Stephen Lynch,Democrat,House,MA,NVDA,2024-5-21,True,False
Jeff Duncan,Republican,House,SC,CL,2023-8-24,False,True
Jeff Duncan,Republican,House,SC,JD,2023-8-24,False,True
Gary Peters,Democrat,Senate,MI,SOLV,2024-5-13,False,True
Gary Peters,Democrat,Senate,MI,CCL,2024-5-13,False,True
Gary Peters,Democrat,Senate,MI,SLB,2024-5-13,False,True
Gary Peters,Democrat,Senate,MI,IFF,2024-5-13,False,True
Kathy Manning,Democrat,House,NC,N/A,2024-4-21,False,True
Kathy Manning,Democrat,House,NC,N/A,2024-5-2,False,True
Kathy Manning,Democrat,House,NC,N/A,2024-4-21,True,False
Bill Keating,Democrat,House,MA,ACN,2024-5-16,False,True
Bill Keating,Democrat,House,MA,ABNB,2024-5-16,False,True
Bill Keating,Democrat,House,MA,GOOGL,2024-5-16,False,True
Bill Keating,Democrat,House,MA,AMZN,2024-5-16,True,False
Bill Keating,Democrat,House,MA,AZO,2024-5-16,False,True
Bill Keating,Democrat,House,MA,CVS,2024-5-16,False,True
Bill Keating,Democrat,House,MA,J,2024-5-16,False,True
Bill Keating,Democrat,House,MA,LOW,2024-5-16,False,True
Bill Keating,Democrat,House,MA,MCD,2024-5-16,False,True
Bill Keating,Democrat,House,MA,MSFT,2024-5-16,False,True
Neal Dunn,Republican,House,FL,JPM,2024-4-23,False,True
Neal Dunn,Republican,House,FL,JPM,2024-4-23,False,True
Pete Sessions,Republican,House,TX,NVDA,2024-5-20,False,True
Richard Blumenthal,Democrat,Senate,CT,N/A,2024-4-23,True,False
Richard Blumenthal,Democrat,Senate,CT,N/A,2024-4-16,False,True
Richard Blumenthal,Democrat,Senate,CT,N/A,2024-4-16,False,True
Anna Paulina Luna,Republican,House,FL,N/A,2024-4-22,True,False
Anna Paulina Luna,Republican,House,FL,N/A,2024-5-19,True,False
Anna Paulina Luna,Republican,House,FL,N/A,2024-5-19,True,False
Eleanor Holmes Norton,Democrat,House,WA,N/A,2024-5-12,False,True
Eleanor Holmes Norton,Democrat,House,WA,N/A,2024-5-12,False,True
Eleanor Holmes Norton,Democrat,House,WA,N/A,2024-5-12,False,True
Michael McCaul,Republican,House,TX,N/A,2024-3-31,True,False
Michael McCaul,Republican,House,TX,N/A,2024-4-28,True,False
Michael McCaul,Republican,House,TX,N/A,2024-4-28,True,False
Michael McCaul,Republican,House,TX,N/A,2024-4-24,True,False
Michael McCaul,Republican,House,TX,N/A,2024-4-28,True,False
Michael McCaul,Republican,House,TX,N/A,2024-4-24,True,False
Michael McCaul,Republican,House,TX,N/A,2024-4-14,True,False
Michael McCaul,Republican,House,TX,NVO,2024-4-22,True,False
Michael McCaul,Republican,House,TX,NVO,2024-4-23,True,False
Michael McCaul,Republican,House,TX,N/A,2024-4-14,True,False
Michael McCaul,Republican,House,TX,META,2024-4-11,True,False
Michael McCaul,Republican,House,TX,JTSXX,2024-4-1,True,False
Michael McCaul,Republican,House,TX,N/A,2024-4-3,True,False
Michael McCaul,Republican,House,TX,N/A,2024-4-23,True,False
Michael McCaul,Republican,House,TX,N/A,2024-3-31,True,False
Michael McCaul,Republican,House,TX,JTSXX,2024-4-11,True,False
Michael McCaul,Republican,House,TX,JTSXX,2024-4-24,True,False
Michael McCaul,Republican,House,TX,AA,2024-4-29,True,False
Michael McCaul,Republican,House,TX,AA,2024-4-18,True,False
Michael McCaul,Republican,House,TX,BAYRY,2024-4-17,True,False
Michael McCaul,Republican,House,TX,GEV,2024-4-8,True,False
Michael McCaul,Republican,House,TX,GEV,2024-4-21,True,False
Michael McCaul,Republican,House,TX,GEV,2024-4-15,True,False
Michael McCaul,Republican,House,TX,PROSY,2024-4-14,True,False
Michael McCaul,Republican,House,TX,WWD,2024-4-29,True,False
Michael McCaul,Republican,House,TX,UNH,2024-4-9,True,False
Michael McCaul,Republican,House,TX,HUM,2024-4-23,True,False
Michael McCaul,Republican,House,TX,SAP,2024-4-28,True,False
Michael McCaul,Republican,House,TX,UNH,2024-4-21,True,False
Michael McCaul,Republican,House,TX,HUM,2024-4-28,True,False
Michael McCaul,Republican,House,TX,JTSXX,2024-4-7,True,False
Michael McCaul,Republican,House,TX,META,2024-4-29,True,False
Michael McCaul,Republican,House,TX,UNH,2024-4-28,True,False
Michael McCaul,Republican,House,TX,UNH,2024-4-10,True,False
Michael McCaul,Republican,House,TX,HUM,2024-4-18,True,False
Michael McCaul,Republican,House,TX,DFS,2024-4-21,True,False
Michael McCaul,Republican,House,TX,JTSXX,2024-4-14,True,False
Michael McCaul,Republican,House,TX,FI,2024-4-29,True,False
Michael McCaul,Republican,House,TX,JTSXX,2024-4-22,True,False
Michael McCaul,Republican,House,TX,HUM,2024-4-9,True,False
Michael McCaul,Republican,House,TX,FCFS,2024-4-29,True,False
Michael McCaul,Republican,House,TX,BJ,2024-4-21,True,False
Michael McCaul,Republican,House,TX,JTSXX,2024-4-23,True,False
Michael McCaul,Republican,House,TX,JTSXX,2024-4-8,True,False
Michael McCaul,Republican,House,TX,JTSXX,2024-3-31,True,False
Michael McCaul,Republican,House,TX,N/A,2024-4-23,True,False
Michael McCaul,Republican,House,TX,N/A,2024-4-1,True,False
Michael McCaul,Republican,House,TX,JTSXX,2024-4-25,True,False
Michael McCaul,Republican,House,TX,MSFT,2024-4-22,False,True
Michael McCaul,Republican,House,TX,MSFT,2024-4-21,False,True
Michael McCaul,Republican,House,TX,MSFT,2024-4-11,False,True
Michael McCaul,Republican,House,TX,N/A,2024-4-29,False,True
Michael McCaul,Republican,House,TX,N/A,2024-4-22,False,True
Michael McCaul,Republican,House,TX,GE,2024-4-24,False,True
Michael McCaul,Republican,House,TX,GOOGL,2024-4-28,False,True
Michael McCaul,Republican,House,TX,MSFT,2024-4-1,False,True
Michael McCaul,Republican,House,TX,NFLX,2024-4-1,False,True
Michael McCaul,Republican,House,TX,GE,2024-4-23,False,True
Michael McCaul,Republican,House,TX,GE,2024-4-17,False,True
Michael McCaul,Republican,House,TX,NFLX,2024-4-11,False,True
Michael McCaul,Republican,House,TX,N/A,2024-4-8,False,True
Michael McCaul,Republican,House,TX,GE,2024-4-8,False,True
Michael McCaul,Republican,House,TX,EPAM,2024-4-29,False,True
Michael McCaul,Republican,House,TX,CMG,2024-4-11,False,True
Michael McCaul,Republican,House,TX,ADSK,2024-4-11,False,True
Michael McCaul,Republican,House,TX,BSX,2024-4-11,False,True
Michael McCaul,Republican,House,TX,SAFRY,2024-4-7,False,True
Michael McCaul,Republican,House,TX,GE,2024-4-14,False,True
Michael McCaul,Republican,House,TX,JTSXX,2024-4-17,False,True
Michael McCaul,Republican,House,TX,JTSXX,2024-4-10,False,True
Michael McCaul,Republican,House,TX,N/A,2024-4-18,False,True
Michael McCaul,Republican,House,TX,ITT,2024-4-23,False,True
Michael McCaul,Republican,House,TX,ACN,2024-4-29,False,True
Michael McCaul,Republican,House,TX,JTSXX,2024-4-15,False,True
Michael McCaul,Republican,House,TX,FCFS,2024-4-25,False,True
Michael McCaul,Republican,House,TX,JTSXX,2024-4-28,False,True
Michael McCaul,Republican,House,TX,JTSXX,2024-4-9,False,True
Michael McCaul,Republican,House,TX,JTSXX,2024-4-18,False,True
Michael McCaul,Republican,House,TX,JTSXX,2024-4-21,False,True
Michael McCaul,Republican,House,TX,BSX,2024-4-23,False,True
Michael McCaul,Republican,House,TX,BSX,2024-4-22,False,True
Michael McCaul,Republican,House,TX,JTSXX,2024-4-29,False,True
Michael McCaul,Republican,House,TX,N/A,2024-3-31,False,True
Michael McCaul,Republican,House,TX,N/A,2024-4-29,False,True
Michael McCaul,Republican,House,TX,N/A,2024-4-4,False,True
Michael McCaul,Republican,House,TX,N/A,2024-4-18,False,True
Michael McCaul,Republican,House,TX,N/A,2024-4-18,False,True
Michael McCaul,Republican,House,TX,N/A,2024-4-1,False,True
Michael McCaul,Republican,House,TX,N/A,2024-4-18,False,True
Michael McCaul,Republican,House,TX,N/A,2024-4-28,True,False
Michael McCaul,Republican,House,TX,N/A,2024-4-18,True,False
Michael McCaul,Republican,House,TX,N/A,2024-4-17,True,False
Michael McCaul,Republican,House,TX,N/A,2024-4-9,True,False
Michael McCaul,Republican,House,TX,KHC,2024-4-2,True,False
Michael McCaul,Republican,House,TX,KHC,2024-4-21,True,False
Michael McCaul,Republican,House,TX,ALLY,2024-4-2,True,False
Michael McCaul,Republican,House,TX,WFC,2024-4-2,True,False
Michael McCaul,Republican,House,TX,TPR,2024-4-2,True,False
Michael McCaul,Republican,House,TX,WFC,2024-4-21,True,False
Michael McCaul,Republican,House,TX,N/A,2024-4-25,True,False
Michael McCaul,Republican,House,TX,QQQ,2024-4-9,False,True
Michael McCaul,Republican,House,TX,VOO,2024-4-9,False,True
Michael McCaul,Republican,House,TX,VTI,2024-4-9,False,True
Michael McCaul,Republican,House,TX,VTI,2024-4-9,False,True
Michael McCaul,Republican,House,TX,VTI,2024-4-9,False,True
Michael McCaul,Republican,House,TX,VWLUX,2024-3-31,True,False
Michael McCaul,Republican,House,TX,DFCEX,2024-3-31,True,False
Michael McCaul,Republican,House,TX,N/A,2024-4-29,False,True
Michael McCaul,Republican,House,TX,DFCEX,2024-4-8,False,True
Michael McCaul,Republican,House,TX,DFCEX,2024-4-8,False,True
Michael McCaul,Republican,House,TX,HLMIX,2024-4-8,True,False
Michael McCaul,Republican,House,TX,N/A,2024-3-31,True,False
Michael McCaul,Republican,House,TX,N/A,2024-4-28,True,False
Michael McCaul,Republican,House,TX,N/A,2024-4-28,True,False
Michael McCaul,Republican,House,TX,N/A,2024-4-24,True,False
Michael McCaul,Republican,House,TX,N/A,2024-4-28,True,False
Michael McCaul,Republican,House,TX,N/A,2024-4-24,True,False
Michael McCaul,Republican,House,TX,N/A,2024-4-14,True,False
Michael McCaul,Republican,House,TX,JTSXX,2024-4-1,True,False
Michael McCaul,Republican,House,TX,NVO,2024-4-22,True,False
Michael McCaul,Republican,House,TX,NVO,2024-4-23,True,False
Michael McCaul,Republican,House,TX,N/A,2024-4-14,True,False
Michael McCaul,Republican,House,TX,N/A,2024-4-3,True,False
Michael McCaul,Republican,House,TX,N/A,2024-4-23,True,False
Michael McCaul,Republican,House,TX,META,2024-4-11,True,False
Michael McCaul,Republican,House,TX,N/A,2024-3-31,True,False
Michael McCaul,Republican,House,TX,JTSXX,2024-4-11,True,False
Michael McCaul,Republican,House,TX,JTSXX,2024-4-24,True,False
Michael McCaul,Republican,House,TX,AA,2024-4-29,True,False
Michael McCaul,Republican,House,TX,AA,2024-4-18,True,False
Michael McCaul,Republican,House,TX,BAYRY,2024-4-17,True,False
Michael McCaul,Republican,House,TX,GEV,2024-4-8,True,False
Michael McCaul,Republican,House,TX,GEV,2024-4-21,True,False
Michael McCaul,Republican,House,TX,GEV,2024-4-15,True,False
Michael McCaul,Republican,House,TX,PROSY,2024-4-14,True,False
Michael McCaul,Republican,House,TX,WWD,2024-4-29,True,False
Michael McCaul,Republican,House,TX,UNH,2024-4-9,True,False
Michael McCaul,Republican,House,TX,HUM,2024-4-23,True,False
Michael McCaul,Republican,House,TX,SAP,2024-4-28,True,False
Michael McCaul,Republican,House,TX,UNH,2024-4-21,True,False
Michael McCaul,Republican,House,TX,HUM,2024-4-28,True,False
Michael McCaul,Republican,House,TX,JTSXX,2024-4-7,True,False
Michael McCaul,Republican,House,TX,UNH,2024-4-28,True,False
Michael McCaul,Republican,House,TX,UNH,2024-4-10,True,False
Michael McCaul,Republican,House,TX,HUM,2024-4-18,True,False
Michael McCaul,Republican,House,TX,DFS,2024-4-21,True,False
Michael McCaul,Republican,House,TX,META,2024-4-29,True,False
Michael McCaul,Republican,House,TX,JTSXX,2024-4-14,True,False
Michael McCaul,Republican,House,TX,JTSXX,2024-4-22,True,False
Michael McCaul,Republican,House,TX,HUM,2024-4-9,True,False
Michael McCaul,Republican,House,TX,FCFS,2024-4-29,True,False
Michael McCaul,Republican,House,TX,FI,2024-4-29,True,False
Michael McCaul,Republican,House,TX,BJ,2024-4-21,True,False
Michael McCaul,Republican,House,TX,JTSXX,2024-4-23,True,False
Michael McCaul,Republican,House,TX,JTSXX,2024-4-8,True,False
Michael McCaul,Republican,House,TX,JTSXX,2024-3-31,True,False
Michael McCaul,Republican,House,TX,N/A,2024-4-23,True,False
Michael McCaul,Republican,House,TX,N/A,2024-4-1,True,False
Michael McCaul,Republican,House,TX,JTSXX,2024-4-25,True,False
Michael McCaul,Republican,House,TX,MSFT,2024-4-22,False,True
Michael McCaul,Republican,House,TX,MSFT,2024-4-21,False,True
Michael McCaul,Republican,House,TX,MSFT,2024-4-11,False,True
Michael McCaul,Republican,House,TX,N/A,2024-4-29,False,True
Michael McCaul,Republican,House,TX,N/A,2024-4-22,False,True
Michael McCaul,Republican,House,TX,GE,2024-4-24,False,True
Michael McCaul,Republican,House,TX,GOOGL,2024-4-28,False,True
Michael McCaul,Republican,House,TX,MSFT,2024-4-1,False,True
Michael McCaul,Republican,House,TX,NFLX,2024-4-1,False,True
Michael McCaul,Republican,House,TX,N/A,2024-4-8,False,True
Michael McCaul,Republican,House,TX,EPAM,2024-4-29,False,True
Michael McCaul,Republican,House,TX,CMG,2024-4-11,False,True
Michael McCaul,Republican,House,TX,GE,2024-4-23,False,True
Michael McCaul,Republican,House,TX,ADSK,2024-4-11,False,True
Michael McCaul,Republican,House,TX,BSX,2024-4-11,False,True
Michael McCaul,Republican,House,TX,GE,2024-4-17,False,True
Michael McCaul,Republican,House,TX,NFLX,2024-4-11,False,True
Michael McCaul,Republican,House,TX,GE,2024-4-8,False,True
Michael McCaul,Republican,House,TX,SAFRY,2024-4-7,False,True
Michael McCaul,Republican,House,TX,GE,2024-4-14,False,True
Michael McCaul,Republican,House,TX,JTSXX,2024-4-17,False,True
Michael McCaul,Republican,House,TX,JTSXX,2024-4-10,False,True
Michael McCaul,Republican,House,TX,N/A,2024-4-18,False,True
Michael McCaul,Republican,House,TX,ACN,2024-4-29,False,True
Michael McCaul,Republican,House,TX,ITT,2024-4-23,False,True
Michael McCaul,Republican,House,TX,JTSXX,2024-4-15,False,True
Michael McCaul,Republican,House,TX,FCFS,2024-4-25,False,True
Michael McCaul,Republican,House,TX,JTSXX,2024-4-28,False,True
Michael McCaul,Republican,House,TX,JTSXX,2024-4-9,False,True
Michael McCaul,Republican,House,TX,BSX,2024-4-23,False,True
Michael McCaul,Republican,House,TX,BSX,2024-4-22,False,True
Michael McCaul,Republican,House,TX,JTSXX,2024-4-18,False,True
Michael McCaul,Republican,House,TX,JTSXX,2024-4-21,False,True
Michael McCaul,Republican,House,TX,N/A,2024-3-31,False,True
Michael McCaul,Republican,House,TX,N/A,2024-4-29,False,True
Michael McCaul,Republican,House,TX,JTSXX,2024-4-29,False,True
Michael McCaul,Republican,House,TX,N/A,2024-4-4,False,True
Michael McCaul,Republican,House,TX,N/A,2024-4-18,False,True
Michael McCaul,Republican,House,TX,N/A,2024-4-18,False,True
Michael McCaul,Republican,House,TX,N/A,2024-4-1,False,True
Michael McCaul,Republican,House,TX,N/A,2024-4-18,False,True
Michael McCaul,Republican,House,TX,N/A,2024-4-28,True,False
Michael McCaul,Republican,House,TX,N/A,2024-4-18,True,False
Michael McCaul,Republican,House,TX,N/A,2024-4-17,True,False
Michael McCaul,Republican,House,TX,N/A,2024-4-9,True,False
Michael McCaul,Republican,House,TX,KHC,2024-4-2,True,False
Michael McCaul,Republican,House,TX,KHC,2024-4-21,True,False
Michael McCaul,Republican,House,TX,ALLY,2024-4-2,False,True
Michael McCaul,Republican,House,TX,WFC,2024-4-2,False,True
Michael McCaul,Republican,House,TX,TPR,2024-4-2,False,True
Michael McCaul,Republican,House,TX,WFC,2024-4-21,False,True
Michael McCaul,Republican,House,TX,N/A,2024-4-25,True,False
Michael McCaul,Republican,House,TX,QQQ,2024-4-9,False,True
Michael McCaul,Republican,House,TX,VOO,2024-4-9,False,True
Michael McCaul,Republican,House,TX,VTI,2024-4-9,False,True
Michael McCaul,Republican,House,TX,VTI,2024-4-9,False,True
Michael McCaul,Republican,House,TX,VTI,2024-4-9,False,True
Michael McCaul,Republican,House,TX,VWLUX,2024-3-31,True,False
Michael McCaul,Republican,House,TX,DFCEX,2024-3-31,True,False
Michael McCaul,Republican,House,TX,N/A,2024-4-24,True,False
Marjorie Taylor Greene,Republican,House,GA,AMD,2024-5-20,True,False
Marjorie Taylor Greene,Republican,House,GA,AAPL,2024-5-20,True,False
Marjorie Taylor Greene,Republican,House,GA,CAT,2024-5-20,True,False
Marjorie Taylor Greene,Republican,House,GA,SCHW,2024-5-20,True,False
Marjorie Taylor Greene,Republican,House,GA,KMI,2024-5-20,True,False
Marjorie Taylor Greene,Republican,House,GA,SO,2024-5-20,True,False
Marjorie Taylor Greene,Republican,House,GA,N/A,2024-5-19,True,False
Marjorie Taylor Greene,Republican,House,GA,N/A,2024-5-19,True,False
Marjorie Taylor Greene,Republican,House,GA,N/A,2024-5-19,True,False
Sheldon Whitehouse,Democrat,Senate,RI,JPM,2024-4-29,False,True
Sheldon Whitehouse,Democrat,Senate,RI,RTX,2024-4-8,False,True
Sheldon Whitehouse,Democrat,Senate,RI,DHR,2024-4-8,False,True
Sheldon Whitehouse,Democrat,Senate,RI,UL,2024-4-8,False,True
Sheldon Whitehouse,Democrat,Senate,RI,IR,2024-4-8,False,True
Sheldon Whitehouse,Democrat,Senate,RI,NVS,2024-4-8,False,True
Chuck Fleischmann,Republican,House,TN,FLJP,2024-4-24,True,False
Chuck Fleischmann,Republican,House,TN,XMHQ,2024-4-24,False,True
Chuck Fleischmann,Republican,House,TN,SHY,2024-4-24,False,True
Chuck Fleischmann,Republican,House,TN,IGSB,2024-4-24,True,False
Chuck Fleischmann,Republican,House,TN,HYBB,2024-4-24,True,False
Chuck Fleischmann,Republican,House,TN,CALF,2024-4-24,True,False
Chuck Fleischmann,Republican,House,TN,SPDW,2024-4-24,True,False
Chuck Fleischmann,Republican,House,TN,MDYG,2024-4-24,False,True
Chuck Fleischmann,Republican,House,TN,MDYV,2024-4-24,False,True
Chuck Fleischmann,Republican,House,TN,GLDM,2024-4-24,False,True
Debbie Dingell,Democrat,House,MI,N/A,2024-4-30,True,False
Debbie Dingell,Democrat,House,MI,N/A,2024-4-30,True,False
Shri Thanedar,Democrat,House,MI,GOOGL,2024-4-1,False,True
Shri Thanedar,Democrat,House,MI,GOOGL,2024-4-1,False,True
Shri Thanedar,Democrat,House,MI,GOOGL,2024-4-1,False,True
Shri Thanedar,Democrat,House,MI,GOOGL,2024-4-1,False,True
Shri Thanedar,Democrat,House,MI,AMZN,2024-4-1,False,True
Shri Thanedar,Democrat,House,MI,AMZN,2024-4-1,False,True
Shri Thanedar,Democrat,House,MI,AAPL,2024-4-1,False,True
Shri Thanedar,Democrat,House,MI,AAPL,2024-4-1,False,True
Shri Thanedar,Democrat,House,MI,BRK/B,2024-4-1,False,True
Shri Thanedar,Democrat,House,MI,BRK/B,2024-4-1,False,True
Shri Thanedar,Democrat,House,MI,MSFT,2024-4-1,False,True
Shri Thanedar,Democrat,House,MI,MSFT,2024-4-1,False,True
David Trone,Democrat,House,MD,PEP,2023-10-31,False,True
David Trone,Democrat,House,MD,N/A,2023-11-1,False,True
David Trone,Democrat,House,MD,N/A,2023-8-1,True,False
David Trone,Democrat,House,MD,N/A,2023-9-12,True,False
David Trone,Democrat,House,MD,N/A,2023-9-26,True,False
David Trone,Democrat,House,MD,N/A,2023-9-26,True,False
David Trone,Democrat,House,MD,N/A,2023-8-1,True,False
David Trone,Democrat,House,MD,N/A,2023-8-24,True,False
David Trone,Democrat,House,MD,N/A,2023-10-24,False,True
David Trone,Democrat,House,MD,N/A,2023-11-15,False,True
David Trone,Democrat,House,MD,N/A,2023-9-5,True,False
David Trone,Democrat,House,MD,N/A,2023-4-17,True,False
David Trone,Democrat,House,MD,N/A,2023-7-19,False,True
David Trone,Democrat,House,MD,N/A,2023-8-23,False,True
David Trone,Democrat,House,MD,N/A,2023-5-31,True,False
David Trone,Democrat,House,MD,N/A,2023-6-11,True,False
David Trone,Democrat,House,MD,N/A,2023-5-31,True,False
David Trone,Democrat,House,MD,N/A,2023-9-25,False,True
David Trone,Democrat,House,MD,N/A,2023-10-1,False,True
David Trone,Democrat,House,MD,N/A,2023-10-11,False,True
David Trone,Democrat,House,MD,N/A,2023-6-14,True,False
David Trone,Democrat,House,MD,N/A,2023-7-4,True,False
David Trone,Democrat,House,MD,N/A,2023-9-26,True,False
David Trone,Democrat,House,MD,N/A,2023-10-16,False,True
David Trone,Democrat,House,MD,N/A,2023-10-30,False,True
David Trone,Democrat,House,MD,N/A,2023-7-6,True,False
David Trone,Democrat,House,MD,N/A,2023-10-16,False,True
David Trone,Democrat,House,MD,N/A,2023-9-26,True,False
Mikie Sherrill,Democrat,House,NJ,UBS,2024-5-13,False,True
Josh Gottheimer,Democrat,House,NJ,ADBE,2024-4-28,False,True
Josh Gottheimer,Democrat,House,NJ,ADC,2024-4-14,True,False
Josh Gottheimer,Democrat,House,NJ,GOOGL,2024-4-28,True,False
Josh Gottheimer,Democrat,House,NJ,GOOGL,2024-4-25,True,False
Josh Gottheimer,Democrat,House,NJ,BNTX,2024-4-14,True,False
Josh Gottheimer,Democrat,House,NJ,CHGCY,2024-4-3,False,True
Josh Gottheimer,Democrat,House,NJ,CTSH,2024-4-28,False,True
Josh Gottheimer,Democrat,House,NJ,DAVA,2024-4-14,True,False
Josh Gottheimer,Democrat,House,NJ,FICO,2024-4-28,True,False
Josh Gottheimer,Democrat,House,NJ,FAST,2024-4-4,False,True
Josh Gottheimer,Democrat,House,NJ,FOXF,2024-4-14,True,False
Josh Gottheimer,Democrat,House,NJ,FCX,2024-4-28,True,False
Josh Gottheimer,Democrat,House,NJ,N/A,2024-4-24,True,False
Josh Gottheimer,Democrat,House,NJ,N/A,2024-4-14,True,False
Josh Gottheimer,Democrat,House,NJ,IART,2024-4-4,False,True
Josh Gottheimer,Democrat,House,NJ,NSRGY,2024-4-9,True,False
Josh Gottheimer,Democrat,House,NJ,OCFC,2024-4-14,True,False
Josh Gottheimer,Democrat,House,NJ,N/A,2024-4-4,True,False
Josh Gottheimer,Democrat,House,NJ,SHLS,2024-4-14,True,False
Josh Gottheimer,Democrat,House,NJ,SHOP,2024-4-28,False,True
Josh Gottheimer,Democrat,House,NJ,TCEHY,2024-4-29,True,False
Josh Gottheimer,Democrat,House,NJ,TEX,2024-4-24,False,True
Josh Gottheimer,Democrat,House,NJ,TSLA,2024-4-23,True,False
Josh Gottheimer,Democrat,House,NJ,TSLA,2024-4-28,True,False
Josh Gottheimer,Democrat,House,NJ,UBER,2024-4-23,False,True
Josh Gottheimer,Democrat,House,NJ,VRT,2024-4-28,True,False
Josh Gottheimer,Democrat,House,NJ,WDAY,2024-4-28,False,True
Josh Gottheimer,Democrat,House,NJ,N/A,2024-4-16,True,False
Josh Gottheimer,Democrat,House,NJ,N/A,2024-4-15,True,False
Doug Lamborn,Republican,House,CO,NTAP,2024-3-19,True,False
Doug Lamborn,Republican,House,CO,NTAP,2024-5-5,False,True
Doug Lamborn,Republican,House,CO,NTAP,2024-3-19,True,False
Doug Lamborn,Republican,House,CO,NTAP,2024-3-19,True,False
Tommy Tuberville,Republican,Senate,AL,WBA,2024-4-29,False,True
Tommy Tuberville,Republican,Senate,AL,PYPL,2024-4-29,True,False
Tommy Tuberville,Republican,Senate,AL,SBLK,2024-4-29,False,True
Tommy Tuberville,Republican,Senate,AL,SSBK,2024-4-29,False,True
Tommy Tuberville,Republican,Senate,AL,OXY,2024-4-29,False,True
Tommy Tuberville,Republican,Senate,AL,NVDA,2024-4-29,False,True
Tommy Tuberville,Republican,Senate,AL,KEY,2024-4-29,False,True
Tommy Tuberville,Republican,Senate,AL,GOGL,2024-4-29,False,True
Tommy Tuberville,Republican,Senate,AL,XOM,2024-4-29,False,True
Tommy Tuberville,Republican,Senate,AL,CVX,2024-4-29,False,True
Tommy Tuberville,Republican,Senate,AL,HUMA,2024-4-29,False,True
Tommy Tuberville,Republican,Senate,AL,LSCC,2024-4-28,True,False
Tommy Tuberville,Republican,Senate,AL,LSCC,2024-4-28,True,False
Tommy Tuberville,Republican,Senate,AL,CVX,2024-4-28,True,False
Tommy Tuberville,Republican,Senate,AL,CCL,2024-4-28,True,False
Tommy Tuberville,Republican,Senate,AL,QCOM,2024-4-28,True,False
Tommy Tuberville,Republican,Senate,AL,QCOM,2024-4-28,True,False
Tommy Tuberville,Republican,Senate,AL,LSCC,2024-4-28,True,False
Tommy Tuberville,Republican,Senate,AL,LSCC,2024-4-28,True,False
Tommy Tuberville,Republican,Senate,AL,CLX,2024-4-28,True,False
Tommy Tuberville,Republican,Senate,AL,SWKS,2024-4-28,True,False
Tommy Tuberville,Republican,Senate,AL,MMM,2024-4-28,False,True
Tommy Tuberville,Republican,Senate,AL,PAC,2024-4-28,False,True
Tommy Tuberville,Republican,Senate,AL,KMB,2024-4-17,True,False
Tommy Tuberville,Republican,Senate,AL,NTES,2024-4-17,False,True
Tommy Tuberville,Republican,Senate,AL,SWKS,2024-4-4,False,True
Tommy Tuberville,Republican,Senate,AL,TEL,2024-4-4,True,False
Tommy Tuberville,Republican,Senate,AL,SNPS,2024-4-4,True,False
Tommy Tuberville,Republican,Senate,AL,SWKS,2024-4-4,True,False
Tommy Tuberville,Republican,Senate,AL,QLYS,2024-4-4,True,False
Tommy Tuberville,Republican,Senate,AL,ODFL,2024-4-4,True,False
Tommy Tuberville,Republican,Senate,AL,ODFL,2024-4-4,True,False
Tommy Tuberville,Republican,Senate,AL,NFLX,2024-4-4,True,False
Tommy Tuberville,Republican,Senate,AL,MSI,2024-4-4,True,False
Tommy Tuberville,Republican,Senate,AL,NTES,2024-4-4,True,False
Tommy Tuberville,Republican,Senate,AL,LULU,2024-4-4,True,False
Tommy Tuberville,Republican,Senate,AL,LSCC,2024-4-4,True,False
Tommy Tuberville,Republican,Senate,AL,JKHY,2024-4-4,True,False
Tommy Tuberville,Republican,Senate,AL,PAC,2024-4-4,True,False
Tommy Tuberville,Republican,Senate,AL,GILD,2024-4-4,True,False
Tommy Tuberville,Republican,Senate,AL,DECK,2024-4-4,True,False
Tommy Tuberville,Republican,Senate,AL,CBSH,2024-4-4,True,False
Tommy Tuberville,Republican,Senate,AL,BRO,2024-4-4,True,False
Tommy Tuberville,Republican,Senate,AL,A,2024-4-4,True,False
Tommy Tuberville,Republican,Senate,AL,AMAT,2024-4-3,True,False
Tommy Tuberville,Republican,Senate,AL,WU,2024-4-3,False,True
Tommy Tuberville,Republican,Senate,AL,AMAT,2024-4-3,True,False
Tommy Tuberville,Republican,Senate,AL,AMAT,2024-4-3,True,False
Tommy Tuberville,Republican,Senate,AL,SSD,2024-4-3,False,True
Tommy Tuberville,Republican,Senate,AL,ROK,2024-4-3,False,True
Tommy Tuberville,Republican,Senate,AL,QSR,2024-4-3,False,True
Tommy Tuberville,Republican,Senate,AL,REGN,2024-4-3,False,True
Tommy Tuberville,Republican,Senate,AL,PHM,2024-4-3,False,True
Tommy Tuberville,Republican,Senate,AL,PAYC,2024-4-3,False,True
Tommy Tuberville,Republican,Senate,AL,NDAQ,2024-4-3,False,True
Tommy Tuberville,Republican,Senate,AL,KEYS,2024-4-3,False,True
Tommy Tuberville,Republican,Senate,AL,LSCC,2024-4-2,False,True
Tommy Tuberville,Republican,Senate,AL,BMY,2024-4-2,True,False
Tommy Tuberville,Republican,Senate,AL,ABBV,2024-4-2,True,False
Tommy Tuberville,Republican,Senate,AL,GILD,2024-4-2,False,True
Tommy Tuberville,Republican,Senate,AL,LSCC,2024-4-2,False,True
Tommy Tuberville,Republican,Senate,AL,MCHP,2024-4-2,True,False
Tommy Tuberville,Republican,Senate,AL,MCHP,2024-4-2,True,False
Tommy Tuberville,Republican,Senate,AL,CCJ,2024-4-2,False,True
Tommy Tuberville,Republican,Senate,AL,MCHP,2024-4-2,False,True
Tommy Tuberville,Republican,Senate,AL,LLY,2024-4-2,False,True
Tommy Tuberville,Republican,Senate,AL,FTNT,2024-4-2,False,True
Tommy Tuberville,Republican,Senate,AL,IEX,2024-4-2,False,True
Tommy Tuberville,Republican,Senate,AL,EXR,2024-4-2,False,True
Tommy Tuberville,Republican,Senate,AL,BMY,2024-4-2,False,True
Tommy Tuberville,Republican,Senate,AL,AVGO,2024-4-2,False,True
Mark Green,Republican,House,TN,NGL,2024-5-6,False,True
Mark Green,Republican,House,TN,NGL,2024-5-9,False,True
Glenn Grothman,Republican,House,WI,N/A,2023-1-3,True,False
Glenn Grothman,Republican,House,WI,N/A,2023-4-25,True,False
Glenn Grothman,Republican,House,WI,N/A,2024-3-18,True,False
Lois Frankel,Democrat,House,FL,JCI,2023-5-23,False,True
Rick Allen,Republican,House,GA,AMP,2024-4-8,True,False
Rick Allen,Republican,House,GA,N/A,2024-4-22,True,False
Rick Allen,Republican,House,GA,N/A,2024-4-1,True,False
Mikie Sherrill,Democrat,House,NJ,UBS,2024-5-12,False,True
Scott Peters,Democrat,House,CA,N/A,2024-4-2,True,False
Dan Meuser,Republican,House,PA,N/A,2024-4-19,True,False
Shelley Moore Capito,Republican,Senate,WV,JPM,2024-4-22,False,True
Shelley Moore Capito,Republican,Senate,WV,MSFT,2024-4-22,False,True
Shelley Moore Capito,Republican,Senate,WV,AAPL,2024-4-22,False,True
Shelley Moore Capito,Republican,Senate,WV,MSFT,2024-4-8,False,True
Shelley Moore Capito,Republican,Senate,WV,GWW,2024-4-8,False,True
Shelley Moore Capito,Republican,Senate,WV,SPGI,2024-4-8,False,True
Shelley Moore Capito,Republican,Senate,WV,AAPL,2024-4-8,False,True
Hal Rogers,Republican,House,KY,BBTBX,2024-4-15,False,True
Hal Rogers,Republican,House,KY,BBGLX,2024-4-15,False,True
Hal Rogers,Republican,House,KY,VEA,2024-4-15,False,True
Hal Rogers,Republican,House,KY,IVV,2024-4-15,True,False
Hal Rogers,Republican,House,KY,IWR,2024-4-15,True,False
Hal Rogers,Republican,House,KY,VUG,2024-4-15,True,False
Kevin Hern,Republican,House,OK,INRE,2024-4-7,True,False
Kevin Hern,Republican,House,OK,JPM,2024-4-29,True,False
Kevin Hern,Republican,House,OK,TD,2024-4-23,True,False
Rick Scott,Republican,Senate,FL,N/A,2024-4-23,True,False
Rick Scott,Republican,Senate,FL,N/A,2024-4-23,True,False
Rick Scott,Republican,Senate,FL,N/A,2024-4-23,True,False
Rick Scott,Republican,Senate,FL,N/A,2024-4-23,True,False
Rick Scott,Republican,Senate,FL,N/A,2024-4-9,False,True
Rick Scott,Republican,Senate,FL,N/A,2024-4-9,False,True
Rick Scott,Republican,Senate,FL,N/A,2024-4-9,False,True
Rick Scott,Republican,Senate,FL,N/A,2024-4-9,False,True
Rick Scott,Republican,Senate,FL,N/A,2024-4-9,False,True
Rick Scott,Republican,Senate,FL,N/A,2024-4-9,True,False
Rick Scott,Republican,Senate,FL,N/A,2024-4-9,True,False
Rick Scott,Republican,Senate,FL,N/A,2024-4-9,True,False
Rick Scott,Republican,Senate,FL,N/A,2024-4-9,True,False
Stephen Lynch,Democrat,House,MA,VMW,2023-11-26,False,True
Chellie Pingree,Democrat,House,ME,N/A,2024-3-31,False,True
Marjorie Taylor Greene,Republican,House,GA,N/A,2024-5-8,True,False
Lindsey Graham,Republican,Senate,SC,VIG,2023-12-27,False,True
Lindsey Graham,Republican,Senate,SC,USFR,2023-12-27,True,False
John Boozman,Republican,Senate,AR,HES,2024-3-27,False,True
John Boozman,Republican,Senate,AR,AMAT,2024-3-27,True,False
John Boozman,Republican,Senate,AR,SCHP,2024-2-19,False,True
John Boozman,Republican,Senate,AR,IEF,2024-2-19,False,True
John Boozman,Republican,Senate,AR,TLH,2024-2-19,True,False
John Boozman,Republican,Senate,AR,TLT,2024-2-19,True,False
Maria Elvira Salazar,Republican,House,FL,CIVI,2024-4-7,False,True
Maria Elvira Salazar,Republican,House,FL,CWEN.A,2024-4-25,True,False
John Boozman,Republican,Senate,AR,EFA,2024-4-10,False,True
John Boozman,Republican,Senate,AR,CMBS,2024-4-15,False,True
John Boozman,Republican,Senate,AR,JMBS,2024-4-15,True,False
John Boozman,Republican,Senate,AR,SCZ,2024-4-10,True,False
Ro Khanna,Democrat,House,CA,N/A,2024-3-31,True,False
Ro Khanna,Democrat,House,CA,GEV,2024-4-4,True,False
Ro Khanna,Democrat,House,CA,DHR,2024-4-4,True,False
Ro Khanna,Democrat,House,CA,MS,2024-4-4,True,False
Ro Khanna,Democrat,House,CA,NKE,2024-4-4,True,False
Ro Khanna,Democrat,House,CA,SYY,2024-4-3,True,False
Ro Khanna,Democrat,House,CA,SBAC,2024-4-15,True,False
Ro Khanna,Democrat,House,CA,TXN,2024-4-14,True,False
Ro Khanna,Democrat,House,CA,MCD,2024-4-4,True,False
Ro Khanna,Democrat,House,CA,SBUX,2024-4-23,True,False
Ro Khanna,Democrat,House,CA,UPS,2024-4-4,True,False
Ro Khanna,Democrat,House,CA,SBUX,2024-4-17,True,False
Ro Khanna,Democrat,House,CA,SBUX,2024-4-18,True,False
Ro Khanna,Democrat,House,CA,SBUX,2024-4-24,True,False
Ro Khanna,Democrat,House,CA,EXR,2024-4-15,True,False
Ro Khanna,Democrat,House,CA,ABT,2024-4-17,True,False
Ro Khanna,Democrat,House,CA,KEY,2024-4-14,True,False
Ro Khanna,Democrat,House,CA,TXN,2024-4-18,True,False
Ro Khanna,Democrat,House,CA,GE,2024-3-31,True,False
Ro Khanna,Democrat,House,CA,JPM,2024-4-4,True,False
Ro Khanna,Democrat,House,CA,IWD,2024-4-8,False,True
Ro Khanna,Democrat,House,CA,GE,2024-4-4,False,True
Ro Khanna,Democrat,House,CA,LLY,2024-4-4,False,True
Ro Khanna,Democrat,House,CA,APTV,2024-4-4,False,True
Ro Khanna,Democrat,House,CA,MLM,2024-4-25,False,True
Ro Khanna,Democrat,House,CA,LIN,2024-4-4,False,True
Ro Khanna,Democrat,House,CA,MMC,2024-4-24,False,True
Ro Khanna,Democrat,House,CA,MMC,2024-4-17,False,True
Ro Khanna,Democrat,House,CA,MMC,2024-4-22,False,True
Ro Khanna,Democrat,House,CA,PH,2024-4-9,False,True
Ro Khanna,Democrat,House,CA,MMC,2024-4-17,False,True
Ro Khanna,Democrat,House,CA,SYK,2024-4-14,False,True
Ro Khanna,Democrat,House,CA,NDAQ,2024-4-1,True,False
Ro Khanna,Democrat,House,CA,MU,2024-4-4,False,True
Ro Khanna,Democrat,House,CA,GM,2024-4-18,False,True
Ro Khanna,Democrat,House,CA,GLW,2024-4-15,False,True
Ro Khanna,Democrat,House,CA,JPM,2024-4-25,True,False
Ro Khanna,Democrat,House,CA,PM,2024-4-25,True,False
Ro Khanna,Democrat,House,CA,NKE,2024-4-25,True,False
Ro Khanna,Democrat,House,CA,ZTS,2024-4-25,True,False
Ro Khanna,Democrat,House,CA,UNH,2024-4-25,True,False
Ro Khanna,Democrat,House,CA,TJX,2024-4-25,True,False
Ro Khanna,Democrat,House,CA,BMY,2024-4-25,True,False
Ro Khanna,Democrat,House,CA,SBUX,2024-4-25,True,False
Ro Khanna,Democrat,House,CA,CHTR,2024-4-25,True,False
Ro Khanna,Democrat,House,CA,MA,2024-4-25,True,False
Ro Khanna,Democrat,House,CA,CSCO,2024-4-25,True,False
Ro Khanna,Democrat,House,CA,BIIB,2024-4-25,True,False
Ro Khanna,Democrat,House,CA,TFX,2024-4-25,True,False
Ro Khanna,Democrat,House,CA,GEV,2024-4-25,True,False
Ro Khanna,Democrat,House,CA,AON,2024-4-1,True,False
Ro Khanna,Democrat,House,CA,ADI,2024-4-25,True,False
Ro Khanna,Democrat,House,CA,COR,2024-4-1,True,False
Ro Khanna,Democrat,House,CA,KMB,2024-4-25,True,False
Ro Khanna,Democrat,House,CA,WMT,2024-4-25,True,False
Ro Khanna,Democrat,House,CA,CARR,2024-4-25,True,False
Ro Khanna,Democrat,House,CA,UDR,2024-4-25,True,False
Ro Khanna,Democrat,House,CA,PSA,2024-4-25,True,False
Ro Khanna,Democrat,House,CA,HPQ,2024-4-25,True,False
Ro Khanna,Democrat,House,CA,AFL,2024-4-25,True,False
Ro Khanna,Democrat,House,CA,WAB,2024-4-25,True,False
Ro Khanna,Democrat,House,CA,GPC,2024-4-25,True,False
Ro Khanna,Democrat,House,CA,LULU,2024-4-25,True,False
Ro Khanna,Democrat,House,CA,PFG,2024-4-25,True,False
Ro Khanna,Democrat,House,CA,FI,2024-4-25,True,False
Ro Khanna,Democrat,House,CA,LEN,2024-4-25,True,False
Ro Khanna,Democrat,House,CA,CCI,2024-4-25,True,False
Ro Khanna,Democrat,House,CA,ABT,2024-4-25,True,False
Ro Khanna,Democrat,House,CA,TRV,2024-4-25,True,False
Ro Khanna,Democrat,House,CA,HUM,2024-4-25,True,False
Ro Khanna,Democrat,House,CA,MKTX,2024-4-25,True,False
Ro Khanna,Democrat,House,CA,SBAC,2024-4-25,True,False
Ro Khanna,Democrat,House,CA,PHM,2024-4-25,True,False
Ro Khanna,Democrat,House,CA,ENPH,2024-4-25,True,False
Ro Khanna,Democrat,House,CA,AON,2024-4-25,True,False
Ro Khanna,Democrat,House,CA,PH,2024-4-25,True,False
Ro Khanna,Democrat,House,CA,GLW,2024-4-25,True,False
Ro Khanna,Democrat,House,CA,N/A,2024-4-25,True,False
Ro Khanna,Democrat,House,CA,CVS,2024-4-25,True,False
Ro Khanna,Democrat,House,CA,ROP,2024-4-25,True,False
Ro Khanna,Democrat,House,CA,BF/A,2024-4-25,True,False
Ro Khanna,Democrat,House,CA,REG,2024-4-25,True,False
Ro Khanna,Democrat,House,CA,BWA,2024-4-25,True,False
Ro Khanna,Democrat,House,CA,EQR,2024-4-25,True,False
Ro Khanna,Democrat,House,CA,PPG,2024-4-25,True,False
Ro Khanna,Democrat,House,CA,VTRS,2024-4-25,True,False
Ro Khanna,Democrat,House,CA,VZ,2024-4-25,True,False
Ro Khanna,Democrat,House,CA,BK,2024-4-25,True,False
Ro Khanna,Democrat,House,CA,HPE,2024-4-25,True,False
Ro Khanna,Democrat,House,CA,DD,2024-4-25,True,False
Ro Khanna,Democrat,House,CA,STT,2024-4-25,True,False
Ro Khanna,Democrat,House,CA,EA,2024-4-25,True,False
Ro Khanna,Democrat,House,CA,NEM,2024-4-25,True,False
Ro Khanna,Democrat,House,CA,HSIC,2024-4-25,True,False
Ro Khanna,Democrat,House,CA,VICI,2024-4-25,True,False
Ro Khanna,Democrat,House,CA,RVTY,2024-4-25,True,False
Ro Khanna,Democrat,House,CA,WBD,2024-4-25,True,False
Ro Khanna,Democrat,House,CA,CTLT,2024-4-25,True,False
Ro Khanna,Democrat,House,CA,FOXA,2024-4-25,True,False
Ro Khanna,Democrat,House,CA,PARA,2024-4-25,True,False
Ro Khanna,Democrat,House,CA,LVS,2024-4-25,True,False
Ro Khanna,Democrat,House,CA,CPT,2024-4-25,True,False
Ro Khanna,Democrat,House,CA,INVH,2024-4-25,True,False
Ro Khanna,Democrat,House,CA,PEAK,2024-4-25,True,False
Ro Khanna,Democrat,House,CA,MAR,2024-4-25,True,False
Ro Khanna,Democrat,House,CA,MSCI,2024-4-25,True,False
Ro Khanna,Democrat,House,CA,WELL,2024-4-25,True,False
Ro Khanna,Democrat,House,CA,ARE,2024-4-25,True,False
Ro Khanna,Democrat,House,CA,VLTO,2024-4-25,True,False
Ro Khanna,Democrat,House,CA,ECL,2024-4-25,True,False
Ro Khanna,Democrat,House,CA,EXR,2024-4-25,True,False
Ro Khanna,Democrat,House,CA,ODFL,2024-4-25,True,False
Ro Khanna,Democrat,House,CA,WST,2024-4-25,True,False
Ro Khanna,Democrat,House,CA,JNJ,2024-4-25,False,True
Ro Khanna,Democrat,House,CA,HD,2024-4-25,False,True
Ro Khanna,Democrat,House,CA,PRU,2024-4-25,False,True
Ro Khanna,Democrat,House,CA,PFE,2024-4-25,False,True
Ro Khanna,Democrat,House,CA,CMCSA,2024-4-25,False,True
Ro Khanna,Democrat,House,CA,MCD,2024-4-25,False,True
Ro Khanna,Democrat,House,CA,GILD,2024-4-25,False,True
Ro Khanna,Democrat,House,CA,CNC,2024-4-25,False,True
Ro Khanna,Democrat,House,CA,WFC,2024-4-25,False,True
Ro Khanna,Democrat,House,CA,PLD,2024-4-25,False,True
Ro Khanna,Democrat,House,CA,AVB,2024-4-25,False,True
Ro Khanna,Democrat,House,CA,ITW,2024-4-25,False,True
Ro Khanna,Democrat,House,CA,EQIX,2024-4-25,False,True
Ro Khanna,Democrat,House,CA,BKNG,2024-4-25,False,True
Ro Khanna,Democrat,House,CA,BDX,2024-4-25,False,True
Ro Khanna,Democrat,House,CA,TSLA,2024-4-25,False,True
Ro Khanna,Democrat,House,CA,MDT,2024-4-25,False,True
Ro Khanna,Democrat,House,CA,FNF,2024-4-25,False,True
Ro Khanna,Democrat,House,CA,SNPS,2024-4-25,False,True
Ro Khanna,Democrat,House,CA,NTAP,2024-4-25,False,True
Ro Khanna,Democrat,House,CA,ESS,2024-4-25,False,True
Ro Khanna,Democrat,House,CA,L,2024-4-25,False,True
Ro Khanna,Democrat,House,CA,KEYS,2024-4-25,False,True
Ro Khanna,Democrat,House,CA,VRSK,2024-4-25,False,True
Ro Khanna,Democrat,House,CA,MTB,2024-4-25,False,True
Ro Khanna,Democrat,House,CA,DHI,2024-4-25,False,True
Ro Khanna,Democrat,House,CA,LKQ,2024-4-25,False,True
Ro Khanna,Democrat,House,CA,ULTA,2024-4-25,False,True
Ro Khanna,Democrat,House,CA,FDX,2024-4-25,False,True
Ro Khanna,Democrat,House,CA,VNO,2024-4-25,False,True
Ro Khanna,Democrat,House,CA,ANSS,2024-4-25,False,True
Ro Khanna,Democrat,House,CA,MNST,2024-4-25,False,True
Ro Khanna,Democrat,House,CA,KVUE,2024-4-25,False,True
Ro Khanna,Democrat,House,CA,AAPL,2024-4-25,False,True
Ro Khanna,Democrat,House,CA,HSY,2024-4-25,False,True
Ro Khanna,Democrat,House,CA,DE,2024-4-25,False,True
Ro Khanna,Democrat,House,CA,ADM,2024-4-25,False,True
Ro Khanna,Democrat,House,CA,VRSN,2024-4-25,False,True
Ro Khanna,Democrat,House,CA,ANET,2024-4-25,False,True
Ro Khanna,Democrat,House,CA,ROST,2024-4-25,False,True
Ro Khanna,Democrat,House,CA,INCY,2024-4-25,False,True
Ro Khanna,Democrat,House,CA,ALL,2024-4-25,False,True
Ro Khanna,Democrat,House,CA,KMX,2024-4-25,False,True
Ro Khanna,Democrat,House,CA,VFC,2024-4-25,False,True
Ro Khanna,Democrat,House,CA,EFX,2024-4-25,False,True
Ro Khanna,Democrat,House,CA,TECH,2024-4-25,False,True
Ro Khanna,Democrat,House,CA,KIM,2024-4-25,False,True
Ro Khanna,Democrat,House,CA,CDAY,2024-4-25,False,True
Ro Khanna,Democrat,House,CA,WM,2024-4-25,False,True
Ro Khanna,Democrat,House,CA,RHI,2024-4-25,False,True
Ro Khanna,Democrat,House,CA,SEE,2024-4-25,False,True
Ro Khanna,Democrat,House,CA,STE,2024-4-25,False,True
Ro Khanna,Democrat,House,CA,LYB,2024-4-25,False,True
Ro Khanna,Democrat,House,CA,APTV,2024-4-25,False,True
Ro Khanna,Democrat,House,CA,VTR,2024-4-25,False,True
Ro Khanna,Democrat,House,CA,CTSH,2024-4-25,False,True
Ro Khanna,Democrat,House,CA,ELS,2024-4-25,False,True
Ro Khanna,Democrat,House,CA,N/A,2024-4-23,True,False
Ro Khanna,Democrat,House,CA,PG,2024-4-22,True,False
Ro Khanna,Democrat,House,CA,CMCSA,2024-4-22,True,False
Ro Khanna,Democrat,House,CA,NOW,2024-4-22,True,False
Ro Khanna,Democrat,House,CA,LGF/A,2024-4-2,True,False
Ro Khanna,Democrat,House,CA,INTC,2024-4-22,True,False
Ro Khanna,Democrat,House,CA,SBUX,2024-4-22,True,False
Ro Khanna,Democrat,House,CA,TSLA,2024-4-22,True,False
Ro Khanna,Democrat,House,CA,AAPL,2024-4-22,True,False
Ro Khanna,Democrat,House,CA,MS,2024-4-22,True,False
Ro Khanna,Democrat,House,CA,FDX,2024-4-22,True,False
Ro Khanna,Democrat,House,CA,EQIX,2024-4-22,True,False
Ro Khanna,Democrat,House,CA,AZO,2024-4-22,True,False
