Name,Party,Chamber,State,Ticker,Date,Buy,Sell
Ro Khanna,Democrat,House,CA,SPOT,2022-9-28,False,True
Ro Khanna,Democrat,House,CA,LYB,2022-9-28,False,True
Ro Khanna,Democrat,House,CA,CFG,2022-9-5,False,True
Ro Khanna,Democrat,House,CA,EL,2022-9-28,False,True
Ro Khanna,Democrat,House,CA,AVB,2022-9-28,False,True
Ro Khanna,Democrat,House,CA,OTIS,2022-9-5,False,True
Ro Khanna,Democrat,House,CA,DD,2022-9-28,False,True
Ro Khanna,Democrat,House,CA,CE,2022-9-28,False,True
Ro Khanna,Democrat,House,CA,DRE,2022-9-28,False,True
Ro Khanna,Democrat,House,CA,ESS,2022-9-28,False,True
Ro Khanna,Democrat,House,CA,TSCO,2022-9-5,False,True
Ro Khanna,Democrat,House,CA,EBAY,2022-9-28,False,True
Ro Khanna,Democrat,House,CA,QCOM,2022-9-28,False,True
Ro Khanna,Democrat,House,CA,MAR,2022-9-5,False,True
Ro Khanna,Democrat,House,CA,DOV,2022-9-5,False,True
Ro Khanna,Democrat,House,CA,PSA,2022-9-28,False,True
Ro Khanna,Democrat,House,CA,MTCH,2022-9-5,False,True
Ro Khanna,Democrat,House,CA,F,2022-9-28,False,True
Ro Khanna,Democrat,House,CA,AZO,2022-9-5,False,True
Ro Khanna,Democrat,House,CA,AON,2022-9-5,False,True
Ro Khanna,Democrat,House,CA,CPT,2022-9-28,False,True
Ro Khanna,Democrat,House,CA,DAL,2022-9-28,False,True
Ro Khanna,Democrat,House,CA,BXP,2022-9-5,False,True
Ro Khanna,Democrat,House,CA,SUI,2022-9-28,False,True
Ro Khanna,Democrat,House,CA,RVTY,2022-9-5,False,True
Ro Khanna,Democrat,House,CA,CME,2022-9-5,False,True
Ro Khanna,Democrat,House,CA,ODFL,2022-9-28,False,True
Ro Khanna,Democrat,House,CA,LSXMA,2022-9-5,False,True
Ro Khanna,Democrat,House,CA,LKQ,2022-9-28,False,True
Ro Khanna,Democrat,House,CA,CAT,2022-9-5,False,True
Ro Khanna,Democrat,House,CA,FWONK,2022-9-5,False,True
Ro Khanna,Democrat,House,CA,MCK,2022-9-28,False,True
Ro Khanna,Democrat,House,CA,PSA,2022-9-5,False,True
Ro Khanna,Democrat,House,CA,WY,2022-9-28,False,True
Ro Khanna,Democrat,House,CA,APH,2022-9-5,False,True
Ro Khanna,Democrat,House,CA,C,2022-9-28,False,True
Ro Khanna,Democrat,House,CA,CDW,2022-9-28,False,True
Ro Khanna,Democrat,House,CA,POOL,2022-9-28,False,True
Ro Khanna,Democrat,House,CA,MNST,2022-9-5,False,True
Ro Khanna,Democrat,House,CA,WAT,2022-9-5,False,True
Ro Khanna,Democrat,House,CA,TSN,2022-9-5,False,True
Ro Khanna,Democrat,House,CA,LNC,2022-9-28,False,True
Ro Khanna,Democrat,House,CA,VTR,2022-9-5,False,True
Ro Khanna,Democrat,House,CA,DLTR,2022-9-28,False,True
Ro Khanna,Democrat,House,CA,COO,2022-9-28,False,True
Ro Khanna,Democrat,House,CA,CME,2022-9-28,False,True
Ro Khanna,Democrat,House,CA,LYV,2022-9-28,False,True
Ro Khanna,Democrat,House,CA,IPG,2022-9-5,False,True
Ro Khanna,Democrat,House,CA,EL,2022-9-5,False,True
Ro Khanna,Democrat,House,CA,ALGN,2022-9-5,False,True
Ro Khanna,Democrat,House,CA,LBRDA,2022-9-28,False,True
Ro Khanna,Democrat,House,CA,AMCR,2022-9-5,False,True
Ro Khanna,Democrat,House,CA,APTV,2022-9-28,False,True
Ro Khanna,Democrat,House,CA,PFG,2022-9-5,False,True
Ro Khanna,Democrat,House,CA,TDY,2022-9-5,False,True
Ro Khanna,Democrat,House,CA,MPWR,2022-9-28,False,True
Ro Khanna,Democrat,House,CA,META,2022-9-7,True,False
Ro Khanna,Democrat,House,CA,BRK/B,2022-9-7,True,False
Ro Khanna,Democrat,House,CA,PG,2022-9-28,True,False
Ro Khanna,Democrat,House,CA,T,2022-9-7,True,False
Ro Khanna,Democrat,House,CA,V,2022-9-28,True,False
Ro Khanna,Democrat,House,CA,WMT,2022-9-28,True,False
Ro Khanna,Democrat,House,CA,PEP,2022-9-28,True,False
Ro Khanna,Democrat,House,CA,NSC,2022-9-28,True,False
Ro Khanna,Democrat,House,CA,MSFT,2022-9-28,True,False
Ro Khanna,Democrat,House,CA,DIS,2022-9-28,True,False
Ro Khanna,Democrat,House,CA,MDLZ,2022-9-28,True,False
Ro Khanna,Democrat,House,CA,PNC,2022-9-28,True,False
Ro Khanna,Democrat,House,CA,AAPL,2022-9-7,True,False
Ro Khanna,Democrat,House,CA,PLD,2022-9-28,True,False
Ro Khanna,Democrat,House,CA,SYK,2022-9-28,True,False
Ro Khanna,Democrat,House,CA,TXN,2022-9-28,True,False
Ro Khanna,Democrat,House,CA,FITB,2022-9-28,True,False
Ro Khanna,Democrat,House,CA,BK,2022-9-28,True,False
Ro Khanna,Democrat,House,CA,MTCH,2022-9-28,True,False
Ro Khanna,Democrat,House,CA,CMCSA,2022-9-7,True,False
Ro Khanna,Democrat,House,CA,DHR,2022-9-28,True,False
Ro Khanna,Democrat,House,CA,LIN,2022-9-7,True,False
Ro Khanna,Democrat,House,CA,N/A,2022-9-28,True,False
Ro Khanna,Democrat,House,CA,MSFT,2022-9-7,True,False
Ro Khanna,Democrat,House,CA,EMR,2022-9-28,True,False
Ro Khanna,Democrat,House,CA,MHK,2022-9-12,True,False
Ro Khanna,Democrat,House,CA,AAPL,2022-9-28,True,False
Ro Khanna,Democrat,House,CA,MMC,2022-9-28,True,False
Ro Khanna,Democrat,House,CA,MMM,2022-9-28,True,False
Ro Khanna,Democrat,House,CA,AMZN,2022-9-28,True,False
Ro Khanna,Democrat,House,CA,ECL,2022-9-28,True,False
Ro Khanna,Democrat,House,CA,INTC,2022-9-28,True,False
Ro Khanna,Democrat,House,CA,ACN,2022-9-7,True,False
Ro Khanna,Democrat,House,CA,LBYAV,2022-9-28,True,False
Ro Khanna,Democrat,House,CA,INTU,2022-9-28,True,False
Ro Khanna,Democrat,House,CA,MCD,2022-9-28,True,False
Ro Khanna,Democrat,House,CA,INTU,2022-9-7,True,False
Ro Khanna,Democrat,House,CA,BLK,2022-9-28,True,False
Ro Khanna,Democrat,House,CA,IAC,2022-9-28,True,False
Ro Khanna,Democrat,House,CA,EW,2022-9-7,True,False
Ro Khanna,Democrat,House,CA,AXP,2022-9-28,True,False
Ro Khanna,Democrat,House,CA,JPM,2022-9-7,True,False
Ro Khanna,Democrat,House,CA,ITW,2022-9-28,True,False
Ro Khanna,Democrat,House,CA,KEY,2022-9-28,True,False
Ro Khanna,Democrat,House,CA,PH,2022-9-7,True,False
Ro Khanna,Democrat,House,CA,LBYAV,2022-9-28,True,False
Ro Khanna,Democrat,House,CA,CE,2022-9-28,True,False
Ro Khanna,Democrat,House,CA,DIS,2022-9-20,True,False
Ro Khanna,Democrat,House,CA,MU,2022-9-13,True,False
Ro Khanna,Democrat,House,CA,MS,2022-9-28,True,False
Ro Khanna,Democrat,House,CA,ADP,2022-9-7,True,False
Ro Khanna,Democrat,House,CA,APH,2022-9-28,True,False
Ro Khanna,Democrat,House,CA,ATVI,2022-9-28,True,False
Ro Khanna,Democrat,House,CA,N/A,2022-9-7,True,False
Ro Khanna,Democrat,House,CA,ST,2022-9-25,True,False
Ro Khanna,Democrat,House,CA,TJX,2022-9-28,True,False
Ro Khanna,Democrat,House,CA,ST,2022-9-22,True,False
Ro Khanna,Democrat,House,CA,TMUS,2022-9-28,True,False
Ro Khanna,Democrat,House,CA,LRCX,2022-9-28,True,False
Ro Khanna,Democrat,House,CA,TSLA,2022-9-28,True,False
Ro Khanna,Democrat,House,CA,CRI,2022-8-31,True,False
Ro Khanna,Democrat,House,CA,CDNS,2022-9-7,True,False
Ro Khanna,Democrat,House,CA,CRI,2022-9-5,True,False
Ro Khanna,Democrat,House,CA,ANSS,2022-9-7,True,False
Ro Khanna,Democrat,House,CA,AIG,2022-9-28,True,False
Ro Khanna,Democrat,House,CA,CSGP,2022-9-28,True,False
Ro Khanna,Democrat,House,CA,FI,2022-9-28,True,False
Ro Khanna,Democrat,House,CA,FOXA,2022-9-28,True,False
Ro Khanna,Democrat,House,CA,CCI,2022-9-28,True,False
Ro Khanna,Democrat,House,CA,AVY,2022-9-28,True,False
Ro Khanna,Democrat,House,CA,TGT,2022-9-28,True,False
Ro Khanna,Democrat,House,CA,AON,2022-9-28,True,False
Ro Khanna,Democrat,House,CA,KLAC,2022-9-5,True,False
Ro Khanna,Democrat,House,CA,LSXMA,2022-9-28,True,False
Ro Khanna,Democrat,House,CA,IFF,2022-9-28,True,False
Ro Khanna,Democrat,House,CA,JCI,2022-9-28,True,False
Ro Khanna,Democrat,House,CA,SIVBQ,2022-9-28,True,False
Ro Khanna,Democrat,House,CA,FOXA,2022-9-28,True,False
Ro Khanna,Democrat,House,CA,GIS,2022-9-7,True,False
Ro Khanna,Democrat,House,CA,IDXX,2022-9-28,True,False
Ro Khanna,Democrat,House,CA,ST,2022-9-27,True,False
Ro Khanna,Democrat,House,CA,TYL,2022-9-7,True,False
Ro Khanna,Democrat,House,CA,ST,2022-9-25,True,False
Ro Khanna,Democrat,House,CA,AVGO,2022-9-28,True,False
Ro Khanna,Democrat,House,CA,SPG,2022-9-7,True,False
Ro Khanna,Democrat,House,CA,LNC,2022-9-28,True,False
Ro Khanna,Democrat,House,CA,MCO,2022-9-28,True,False
Ro Khanna,Democrat,House,CA,LUMN,2022-9-28,True,False
Ro Khanna,Democrat,House,CA,LRCX,2022-9-7,True,False
Ro Khanna,Democrat,House,CA,FTNT,2022-9-7,True,False
Ro Khanna,Democrat,House,CA,BRK/B,2022-9-28,True,False
Ro Khanna,Democrat,House,CA,NTRS,2022-9-7,True,False
Ro Khanna,Democrat,House,CA,MCHP,2022-9-7,True,False
Ro Khanna,Democrat,House,CA,PNC,2022-9-7,True,False
Ro Khanna,Democrat,House,CA,ADSK,2022-9-7,True,False
Ro Khanna,Democrat,House,CA,CRI,2022-9-21,True,False
Ro Khanna,Democrat,House,CA,GOOGL,2022-9-20,True,False
Ro Khanna,Democrat,House,CA,ROP,2022-9-7,True,False
Ro Khanna,Democrat,House,CA,WDAY,2022-9-28,True,False
Ro Khanna,Democrat,House,CA,CME,2022-9-7,True,False
Ro Khanna,Democrat,House,CA,PSA,2022-9-28,True,False
Ro Khanna,Democrat,House,CA,TXN,2022-9-7,True,False
Ro Khanna,Democrat,House,CA,MAA,2022-9-28,True,False
Ro Khanna,Democrat,House,CA,CTVA,2022-9-28,True,False
Ro Khanna,Democrat,House,CA,NXPI,2022-9-7,True,False
Ro Khanna,Democrat,House,CA,SWKS,2022-9-28,True,False
Ro Khanna,Democrat,House,CA,RVTY,2022-9-7,True,False
Ro Khanna,Democrat,House,CA,NFLX,2022-9-28,True,False
Ro Khanna,Democrat,House,CA,WFC,2022-9-28,True,False
Ro Khanna,Democrat,House,CA,ALGN,2022-9-28,True,False
Ro Khanna,Democrat,House,CA,CFG,2022-9-7,True,False
Ro Khanna,Democrat,House,CA,PEAK,2022-9-28,True,False
Ro Khanna,Democrat,House,CA,ETN,2022-9-28,True,False
Ro Khanna,Democrat,House,CA,KLAC,2022-9-28,True,False
Ro Khanna,Democrat,House,CA,GPN,2022-9-7,True,False
Ro Khanna,Democrat,House,CA,PAYC,2022-9-7,True,False
Ro Khanna,Democrat,House,CA,SIRI,2022-9-28,True,False
Ro Khanna,Democrat,House,CA,DAL,2022-9-7,True,False
Ro Khanna,Democrat,House,CA,PFE,2022-9-7,True,False
Ro Khanna,Democrat,House,CA,DD,2022-9-7,True,False
Ro Khanna,Democrat,House,CA,HIG,2022-9-28,True,False
Ro Khanna,Democrat,House,CA,SUI,2022-9-28,True,False
Ro Khanna,Democrat,House,CA,OMC,2022-9-28,True,False
Ro Khanna,Democrat,House,CA,PINS,2022-9-28,True,False
Ro Khanna,Democrat,House,CA,DE,2022-9-28,True,False
Ro Khanna,Democrat,House,CA,IFF,2022-9-7,True,False
Ro Khanna,Democrat,House,CA,HBAN,2022-9-28,True,False
Ro Khanna,Democrat,House,CA,PPG,2022-9-7,True,False
Ro Khanna,Democrat,House,CA,IPG,2022-9-28,True,False
Ro Khanna,Democrat,House,CA,PFE,2022-9-28,True,False
Ro Khanna,Democrat,House,CA,RF,2022-9-7,True,False
Ro Khanna,Democrat,House,CA,SQ,2022-9-28,True,False
Ro Khanna,Democrat,House,CA,ADP,2022-9-28,True,False
Ro Khanna,Democrat,House,CA,BALL,2022-9-28,True,False
Ro Khanna,Democrat,House,CA,ECL,2022-9-7,True,False
Ro Khanna,Democrat,House,CA,SYK,2022-9-7,True,False
Ro Khanna,Democrat,House,CA,SBNY,2022-9-28,True,False
Ro Khanna,Democrat,House,CA,NXPI,2022-9-28,True,False
Ro Khanna,Democrat,House,CA,TEAM,2022-9-28,True,False
Ro Khanna,Democrat,House,CA,DXCM,2022-9-28,True,False
Ro Khanna,Democrat,House,CA,SHW,2022-9-7,True,False
Ro Khanna,Democrat,House,CA,MAR,2022-9-7,True,False
Ro Khanna,Democrat,House,CA,SNAP,2022-9-28,True,False
Ro Khanna,Democrat,House,CA,WBD,2022-9-7,True,False
Ro Khanna,Democrat,House,CA,CRI,2022-9-22,True,False
Ro Khanna,Democrat,House,CA,FAST,2022-9-7,True,False
Ro Khanna,Democrat,House,CA,WM,2022-9-28,True,False
Ro Khanna,Democrat,House,CA,HCA,2022-9-7,True,False
Ro Khanna,Democrat,House,CA,MTD,2022-9-7,True,False
Ro Khanna,Democrat,House,CA,PG,2022-9-7,True,False
Ro Khanna,Democrat,House,CA,BSX,2022-9-7,True,False
Ro Khanna,Democrat,House,CA,WMT,2022-9-7,True,False
Ro Khanna,Democrat,House,CA,CDW,2022-9-7,True,False
Ro Khanna,Democrat,House,CA,V,2022-9-7,True,False
Ro Khanna,Democrat,House,CA,ALB,2022-9-7,True,False
Ro Khanna,Democrat,House,CA,LUV,2022-9-7,True,False
Scott Franklin,Republican,House,FL,CSCO,2022-9-12,True,False
Scott Franklin,Republican,House,FL,CSCO,2022-9-12,True,False
Scott Franklin,Republican,House,FL,FBKWX,2022-9-7,False,True
Scott Franklin,Republican,House,FL,FBKWX,2022-9-7,False,True
Scott Franklin,Republican,House,FL,FBKWX,2022-9-8,False,True
Scott Franklin,Republican,House,FL,FCNTX,2022-9-12,True,False
Scott Franklin,Republican,House,FL,ONEQ,2022-9-12,True,False
Scott Franklin,Republican,House,FL,HD,2022-9-8,True,False
Scott Franklin,Republican,House,FL,HD,2022-9-8,True,False
Scott Franklin,Republican,House,FL,IVW,2022-9-12,True,False
Scott Franklin,Republican,House,FL,LMT,2022-9-11,True,False
Scott Franklin,Republican,House,FL,LMT,2022-9-11,True,False
Scott Franklin,Republican,House,FL,LUBFX,2022-9-8,True,False
Scott Franklin,Republican,House,FL,LUBFX,2022-9-8,True,False
Scott Franklin,Republican,House,FL,LUBFX,2022-9-8,True,False
Scott Franklin,Republican,House,FL,MDT,2022-9-12,True,False
Scott Franklin,Republican,House,FL,MDT,2022-9-12,True,False
Scott Franklin,Republican,House,FL,MSFT,2022-9-12,True,False
Scott Franklin,Republican,House,FL,SBUX,2022-9-8,True,False
Scott Franklin,Republican,House,FL,SBUX,2022-9-8,True,False
Scott Franklin,Republican,House,FL,WMT,2022-9-12,True,False
Scott Franklin,Republican,House,FL,WMT,2022-9-12,True,False
Pete Sessions,Republican,House,TX,MCD,2022-9-20,True,False
Pete Sessions,Republican,House,TX,VZ,2022-9-26,True,False
John Rose,Republican,House,TN,N/A,2022-9-27,True,False
Kevin Hern,Republican,House,OK,DVN,2022-9-29,True,False
Kevin Hern,Republican,House,OK,DVN,2022-9-29,True,False
Kevin Hern,Republican,House,OK,EMR,2022-9-8,True,False
Kevin Hern,Republican,House,OK,XOM,2022-9-8,True,False
Kevin Hern,Republican,House,OK,HD,2022-9-14,True,False
Kevin Hern,Republican,House,OK,DGRO,2022-9-29,True,False
Kevin Hern,Republican,House,OK,DGRO,2022-9-29,True,False
Kevin Hern,Republican,House,OK,JEPI,2022-9-6,True,False
Kevin Hern,Republican,House,OK,NEE,2022-9-14,True,False
Kevin Hern,Republican,House,OK,PXD,2022-9-15,True,False
Kevin Hern,Republican,House,OK,PXD,2022-9-15,True,False
Kevin Hern,Republican,House,OK,ROK,2022-9-11,True,False
Kevin Hern,Republican,House,OK,UNH,2022-9-19,True,False
Kevin Hern,Republican,House,OK,WMB,2022-9-25,True,False
Suzan DelBene,Democrat,House,WA,N/A,2022-9-21,True,False
Suzan DelBene,Democrat,House,WA,N/A,2022-9-25,True,False
Suzan DelBene,Democrat,House,WA,N/A,2022-9-21,True,False
Suzan DelBene,Democrat,House,WA,N/A,2022-9-27,True,False
Alan Lowenthal,Democrat,House,CA,SCI,2022-9-22,True,False
Alan Lowenthal,Democrat,House,CA,C,2022-7-31,False,True
John Boozman,Republican,Senate,AR,GIGB,2022-9-21,False,True
John Boozman,Republican,Senate,AR,GBIL,2022-9-26,False,True
John Boozman,Republican,Senate,AR,INTC,2022-9-28,False,True
John Boozman,Republican,Senate,AR,SCHP,2022-9-21,False,True
John Boozman,Republican,Senate,AR,SHY,2022-9-21,True,False
John Boozman,Republican,Senate,AR,IEF,2022-9-26,True,False
Kurt Schrader,Democrat,House,OR,CPRT,2022-9-15,True,False
Kurt Schrader,Democrat,House,OR,UNP,2022-9-15,False,True
Zoe Lofgren,Democrat,House,CA,KLAC,2022-4-3,True,False
Zoe Lofgren,Democrat,House,CA,KLAC,2022-7-7,False,True
Jim Langevin,Democrat,House,RI,ABNB,2022-9-6,False,True
Jim Langevin,Democrat,House,RI,ABNB,2022-9-19,False,True
Jim Langevin,Democrat,House,RI,SQ,2022-9-27,False,True
Jim Langevin,Democrat,House,RI,SQ,2022-9-7,False,True
Jim Langevin,Democrat,House,RI,DASH,2022-9-27,False,True
Jim Langevin,Democrat,House,RI,GNRC,2022-9-27,False,True
Jim Langevin,Democrat,House,RI,GNRC,2022-9-19,True,False
Jim Langevin,Democrat,House,RI,PYPL,2022-9-14,False,True
Richard Blumenthal,Democrat,Senate,CT,APG,2022-9-8,True,False
Richard Blumenthal,Democrat,Senate,CT,APG,2022-9-11,True,False
Richard Blumenthal,Democrat,Senate,CT,APG,2022-9-15,True,False
Richard Blumenthal,Democrat,Senate,CT,APG,2022-9-18,True,False
Richard Blumenthal,Democrat,Senate,CT,APG,2022-9-19,True,False
Richard Blumenthal,Democrat,Senate,CT,APG,2022-9-20,True,False
Katherine Clark,Democrat,House,MA,NTAP,2022-9-14,False,True
Earl Blumenauer,Democrat,House,OR,ALK,2022-9-29,True,False
Earl Blumenauer,Democrat,House,OR,AMGN,2022-9-25,True,False
Earl Blumenauer,Democrat,House,OR,CNC,2022-9-25,True,False
Earl Blumenauer,Democrat,House,OR,EMR,2022-9-25,True,False
Earl Blumenauer,Democrat,House,OR,JPM,2022-9-22,False,True
Earl Blumenauer,Democrat,House,OR,MRK,2022-9-14,False,True
Earl Blumenauer,Democrat,House,OR,NEM,2022-9-27,True,False
Rob Wittman,Republican,House,VA,CMCSA,2022-9-14,False,True
Rob Wittman,Republican,House,VA,XLE,2022-9-26,True,False
Rob Wittman,Republican,House,VA,FLGB,2022-9-26,False,True
Rob Wittman,Republican,House,VA,IFF,2022-9-14,False,True
Rob Wittman,Republican,House,VA,SHYG,2022-9-26,True,False
Rob Wittman,Republican,House,VA,IEFA,2022-9-26,False,True
Rob Wittman,Republican,House,VA,IYW,2022-9-26,False,True
Rob Wittman,Republican,House,VA,JEPQ,2022-9-26,True,False
Rob Wittman,Republican,House,VA,MA,2022-9-14,False,True
Rob Wittman,Republican,House,VA,SPY,2022-9-14,True,False
Rob Wittman,Republican,House,VA,WRK,2022-9-26,False,True
Tom Carper,Democrat,Senate,DE,SH,2022-9-18,False,True
Tom Carper,Democrat,Senate,DE,SH,2022-9-18,False,True
Tom Carper,Democrat,Senate,DE,SH,2022-9-18,False,True
Tom Carper,Democrat,Senate,DE,BCS,2022-9-14,False,True
Tom Carper,Democrat,Senate,DE,SQM,2022-9-7,False,True
Mark Green,Republican,House,TN,ET,2022-9-27,False,True
Debbie Wasserman Schultz,Democrat,House,FL,LGF/A,2022-9-13,True,False
Debbie Wasserman Schultz,Democrat,House,FL,LGF/A,2022-9-13,True,False
Alan Lowenthal,Democrat,House,CA,SCI,2022-9-25,True,False
Alan Lowenthal,Democrat,House,CA,CRM,2022-9-21,True,False
Alan Lowenthal,Democrat,House,CA,SCI,2022-9-22,True,False
Alan Lowenthal,Democrat,House,CA,SCI,2022-9-21,True,False
Ron Estes,Republican,House,KS,MRVL,2022-9-26,False,True
Ann Wagner,Republican,House,MO,N/A,2022-8-2,True,False
Ann Wagner,Republican,House,MO,N/A,2022-8-2,True,False
Tom Rice,Republican,House,SC,N/A,2022-9-18,True,False
Diana Harshbarger,Republican,House,TN,N/A,2022-8-21,True,False
Diana Harshbarger,Republican,House,TN,N/A,2022-8-21,True,False
Diana Harshbarger,Republican,House,TN,N/A,2022-8-21,False,True
Diana Harshbarger,Republican,House,TN,ADBE,2022-8-22,True,False
Diana Harshbarger,Republican,House,TN,PNC,2022-8-22,True,False
Diana Harshbarger,Republican,House,TN,N/A,2022-8-22,True,False
Diana Harshbarger,Republican,House,TN,N/A,2022-8-22,True,False
Diana Harshbarger,Republican,House,TN,IDXX,2022-8-23,True,False
Diana Harshbarger,Republican,House,TN,IDXX,2022-8-23,True,False
Diana Harshbarger,Republican,House,TN,N/A,2022-8-23,True,False
Diana Harshbarger,Republican,House,TN,ALGN,2022-8-23,False,True
Diana Harshbarger,Republican,House,TN,ALGN,2022-8-23,False,True
Diana Harshbarger,Republican,House,TN,ADSK,2022-8-23,False,True
Diana Harshbarger,Republican,House,TN,N/A,2022-8-23,False,True
Diana Harshbarger,Republican,House,TN,N/A,2022-8-23,False,True
Diana Harshbarger,Republican,House,TN,N/A,2022-8-23,False,True
Diana Harshbarger,Republican,House,TN,CNC,2022-8-24,True,False
Diana Harshbarger,Republican,House,TN,CNC,2022-8-24,True,False
Diana Harshbarger,Republican,House,TN,CNC,2022-8-24,True,False
Diana Harshbarger,Republican,House,TN,VMW,2022-8-24,True,False
Diana Harshbarger,Republican,House,TN,VMW,2022-8-24,True,False
Diana Harshbarger,Republican,House,TN,VMW,2022-8-24,True,False
Diana Harshbarger,Republican,House,TN,VMW,2022-8-24,True,False
Diana Harshbarger,Republican,House,TN,VMW,2022-8-25,True,False
Diana Harshbarger,Republican,House,TN,VMW,2022-8-25,True,False
Diana Harshbarger,Republican,House,TN,VMW,2022-8-25,True,False
Diana Harshbarger,Republican,House,TN,VMW,2022-8-25,True,False
Diana Harshbarger,Republican,House,TN,LMT,2022-8-28,True,False
Diana Harshbarger,Republican,House,TN,LMT,2022-8-28,True,False
Diana Harshbarger,Republican,House,TN,LMT,2022-8-28,True,False
Diana Harshbarger,Republican,House,TN,LMT,2022-8-28,True,False
Diana Harshbarger,Republican,House,TN,NOW,2022-8-28,True,False
Diana Harshbarger,Republican,House,TN,NOW,2022-8-28,True,False
Diana Harshbarger,Republican,House,TN,NOC,2022-8-28,False,True
Diana Harshbarger,Republican,House,TN,NOC,2022-8-28,False,True
Diana Harshbarger,Republican,House,TN,NOC,2022-8-28,False,True
Diana Harshbarger,Republican,House,TN,NOC,2022-8-28,False,True
Diana Harshbarger,Republican,House,TN,SCHW,2022-8-29,True,False
Diana Harshbarger,Republican,House,TN,SCHW,2022-8-29,True,False
Diana Harshbarger,Republican,House,TN,SCHW,2022-8-29,True,False
Diana Harshbarger,Republican,House,TN,SCHW,2022-8-29,True,False
Diana Harshbarger,Republican,House,TN,N/A,2022-8-29,False,True
Diana Harshbarger,Republican,House,TN,N/A,2022-8-29,False,True
Diana Harshbarger,Republican,House,TN,N/A,2022-9-1,False,True
Diana Harshbarger,Republican,House,TN,NOW,2022-9-6,True,False
Diana Harshbarger,Republican,House,TN,NOW,2022-9-6,True,False
Diana Harshbarger,Republican,House,TN,NOW,2022-9-6,True,False
Diana Harshbarger,Republican,House,TN,NOW,2022-9-6,True,False
Diana Harshbarger,Republican,House,TN,N/A,2022-9-7,False,True
Diana Harshbarger,Republican,House,TN,N/A,2022-9-12,True,False
Diana Harshbarger,Republican,House,TN,N/A,2022-9-12,True,False
Diana Harshbarger,Republican,House,TN,N/A,2022-9-12,True,False
Diana Harshbarger,Republican,House,TN,N/A,2022-9-14,False,True
Diana Harshbarger,Republican,House,TN,N/A,2022-9-14,False,True
Diana Harshbarger,Republican,House,TN,SLB,2022-9-18,False,True
Diana Harshbarger,Republican,House,TN,SLB,2022-9-18,False,True
Diana Harshbarger,Republican,House,TN,SLB,2022-9-18,False,True
Diana Harshbarger,Republican,House,TN,SLB,2022-9-18,False,True
Diana Harshbarger,Republican,House,TN,UNH,2022-9-18,False,True
Diana Harshbarger,Republican,House,TN,UNH,2022-9-18,False,True
Diana Harshbarger,Republican,House,TN,UNH,2022-9-18,False,True
Greg Steube,Republican,House,FL,SNV,2022-8-24,False,True
Ed Perlmutter,Democrat,House,CO,CHPT,2022-9-1,True,False
Ed Perlmutter,Democrat,House,CO,KR,2022-7-18,True,False
Chris Jacobs,Republican,House,NY,N/A,2022-8-25,True,False
Chris Jacobs,Republican,House,NY,N/A,2022-8-23,False,True
Mitch McConnell,Republican,Senate,KY,WFC,2022-9-5,True,False
Robert Aderholt,Republican,House,AL,AAPL,2022-8-25,True,False
Michael McCaul,Republican,House,TX,N/A,2022-8-7,True,False
Michael McCaul,Republican,House,TX,PYPL,2022-8-4,True,False
Michael McCaul,Republican,House,TX,N/A,2022-8-21,True,False
Michael McCaul,Republican,House,TX,N/A,2022-8-8,True,False
Michael McCaul,Republican,House,TX,N/A,2022-8-9,True,False
Michael McCaul,Republican,House,TX,N/A,2022-8-10,True,False
Michael McCaul,Republican,House,TX,N/A,2022-8-18,True,False
Michael McCaul,Republican,House,TX,N/A,2022-8-15,True,False
Michael McCaul,Republican,House,TX,EPAM,2022-8-7,True,False
Michael McCaul,Republican,House,TX,N/A,2022-8-18,True,False
Michael McCaul,Republican,House,TX,ACN,2022-8-7,True,False
Michael McCaul,Republican,House,TX,ATR,2022-8-7,True,False
Michael McCaul,Republican,House,TX,EPAM,2022-7-31,True,False
Michael McCaul,Republican,House,TX,ACN,2022-7-31,True,False
Michael McCaul,Republican,House,TX,INTU,2022-7-31,True,False
Michael McCaul,Republican,House,TX,N/A,2022-8-1,True,False
Michael McCaul,Republican,House,TX,ORLY,2022-7-31,True,False
Michael McCaul,Republican,House,TX,KMX,2022-8-30,True,False
Michael McCaul,Republican,House,TX,HSIC,2022-8-22,True,False
Michael McCaul,Republican,House,TX,CDW,2022-8-15,True,False
Michael McCaul,Republican,House,TX,PRI,2022-8-24,True,False
Michael McCaul,Republican,House,TX,NTRS,2022-8-30,True,False
Michael McCaul,Republican,House,TX,RHI,2022-8-22,True,False
Michael McCaul,Republican,House,TX,NSIT,2022-8-24,True,False
Michael McCaul,Republican,House,TX,IPG,2022-8-22,True,False
Michael McCaul,Republican,House,TX,HSIC,2022-8-15,True,False
Michael McCaul,Republican,House,TX,GOOGL,2022-8-3,False,True
Michael McCaul,Republican,House,TX,DIS,2022-8-3,False,True
Michael McCaul,Republican,House,TX,GE,2022-8-3,False,True
Michael McCaul,Republican,House,TX,CMCSA,2022-8-3,False,True
Michael McCaul,Republican,House,TX,C,2022-8-3,False,True
Michael McCaul,Republican,House,TX,NFLX,2022-8-3,False,True
Michael McCaul,Republican,House,TX,LBRDA,2022-8-3,False,True
Michael McCaul,Republican,House,TX,MS,2022-8-3,False,True
Michael McCaul,Republican,House,TX,GS,2022-8-3,False,True
Michael McCaul,Republican,House,TX,GOOGL,2022-8-3,False,True
Michael McCaul,Republican,House,TX,MAR,2022-8-3,False,True
Michael McCaul,Republican,House,TX,UNH,2022-8-3,False,True
Michael McCaul,Republican,House,TX,AMZN,2022-8-3,False,True
Michael McCaul,Republican,House,TX,META,2022-8-3,False,True
Michael McCaul,Republican,House,TX,PAHC,2022-8-29,False,True
Michael McCaul,Republican,House,TX,MSFT,2022-8-3,False,True
Michael McCaul,Republican,House,TX,N/A,2022-8-14,False,True
Michael McCaul,Republican,House,TX,CNXC,2022-8-22,False,True
Michael McCaul,Republican,House,TX,CMCSA,2022-7-31,False,True
Michael McCaul,Republican,House,TX,CSL,2022-8-15,False,True
Michael McCaul,Republican,House,TX,N/A,2022-8-10,False,True
Michael McCaul,Republican,House,TX,HHC,2022-8-7,False,True
Michael McCaul,Republican,House,TX,CMCSA,2022-8-30,False,True
Michael McCaul,Republican,House,TX,CSL,2022-8-22,False,True
Michael McCaul,Republican,House,TX,MS,2022-8-16,False,True
Michael McCaul,Republican,House,TX,N/A,2022-8-14,False,True
Michael McCaul,Republican,House,TX,N/A,2022-8-15,False,True
Michael McCaul,Republican,House,TX,META,2022-7-31,False,True
Michael McCaul,Republican,House,TX,N/A,2022-8-14,False,True
Michael McCaul,Republican,House,TX,N/A,2022-7-31,False,True
Michael McCaul,Republican,House,TX,META,2022-8-4,False,True
Michael McCaul,Republican,House,TX,N/A,2022-8-11,False,True
Michael McCaul,Republican,House,TX,N/A,2022-8-7,True,False
Michael McCaul,Republican,House,TX,PYPL,2022-8-4,True,False
Michael McCaul,Republican,House,TX,N/A,2022-8-21,True,False
Michael McCaul,Republican,House,TX,N/A,2022-8-8,True,False
Michael McCaul,Republican,House,TX,N/A,2022-8-9,True,False
Michael McCaul,Republican,House,TX,N/A,2022-8-10,True,False
Michael McCaul,Republican,House,TX,N/A,2022-8-18,True,False
Michael McCaul,Republican,House,TX,N/A,2022-8-15,True,False
Michael McCaul,Republican,House,TX,EPAM,2022-8-7,True,False
Michael McCaul,Republican,House,TX,ATR,2022-8-7,True,False
Michael McCaul,Republican,House,TX,N/A,2022-8-18,True,False
Michael McCaul,Republican,House,TX,ACN,2022-8-7,True,False
Michael McCaul,Republican,House,TX,EPAM,2022-7-31,True,False
Michael McCaul,Republican,House,TX,ACN,2022-7-31,True,False
Michael McCaul,Republican,House,TX,INTU,2022-7-31,True,False
Michael McCaul,Republican,House,TX,KMX,2022-8-30,True,False
Michael McCaul,Republican,House,TX,N/A,2022-8-1,True,False
Michael McCaul,Republican,House,TX,ORLY,2022-7-31,True,False
Michael McCaul,Republican,House,TX,HSIC,2022-8-22,True,False
Michael McCaul,Republican,House,TX,CDW,2022-8-15,True,False
Michael McCaul,Republican,House,TX,PRI,2022-8-24,True,False
Michael McCaul,Republican,House,TX,NTRS,2022-8-30,True,False
Michael McCaul,Republican,House,TX,RHI,2022-8-22,True,False
Michael McCaul,Republican,House,TX,NSIT,2022-8-24,True,False
Michael McCaul,Republican,House,TX,IPG,2022-8-22,True,False
Michael McCaul,Republican,House,TX,HSIC,2022-8-15,True,False
Michael McCaul,Republican,House,TX,GOOGL,2022-8-3,False,True
Michael McCaul,Republican,House,TX,DIS,2022-8-3,False,True
Michael McCaul,Republican,House,TX,GE,2022-8-3,False,True
Michael McCaul,Republican,House,TX,CMCSA,2022-8-3,False,True
Michael McCaul,Republican,House,TX,C,2022-8-3,False,True
Michael McCaul,Republican,House,TX,NFLX,2022-8-3,False,True
Michael McCaul,Republican,House,TX,LBRDA,2022-8-3,False,True
Michael McCaul,Republican,House,TX,MS,2022-8-3,False,True
Michael McCaul,Republican,House,TX,GS,2022-8-3,False,True
Michael McCaul,Republican,House,TX,GOOGL,2022-8-3,False,True
Michael McCaul,Republican,House,TX,MAR,2022-8-3,False,True
Michael McCaul,Republican,House,TX,UNH,2022-8-3,False,True
Michael McCaul,Republican,House,TX,AMZN,2022-8-3,False,True
Michael McCaul,Republican,House,TX,META,2022-8-3,False,True
Michael McCaul,Republican,House,TX,MSFT,2022-8-3,False,True
Michael McCaul,Republican,House,TX,PAHC,2022-8-29,False,True
Michael McCaul,Republican,House,TX,N/A,2022-8-14,False,True
Michael McCaul,Republican,House,TX,CNXC,2022-8-22,False,True
Michael McCaul,Republican,House,TX,CMCSA,2022-7-31,False,True
Michael McCaul,Republican,House,TX,CSL,2022-8-15,False,True
Michael McCaul,Republican,House,TX,N/A,2022-8-10,False,True
Michael McCaul,Republican,House,TX,HHC,2022-8-7,False,True
Michael McCaul,Republican,House,TX,CMCSA,2022-8-30,False,True
Michael McCaul,Republican,House,TX,CSL,2022-8-22,False,True
Michael McCaul,Republican,House,TX,N/A,2022-8-14,False,True
Michael McCaul,Republican,House,TX,MS,2022-8-16,False,True
Michael McCaul,Republican,House,TX,N/A,2022-8-15,False,True
Michael McCaul,Republican,House,TX,META,2022-7-31,False,True
Michael McCaul,Republican,House,TX,N/A,2022-8-14,False,True
Michael McCaul,Republican,House,TX,N/A,2022-7-31,False,True
Michael McCaul,Republican,House,TX,META,2022-8-4,False,True
Michael McCaul,Republican,House,TX,N/A,2022-8-11,False,True
Michael McCaul,Republican,House,TX,PARA,2022-8-9,True,False
Michael McCaul,Republican,House,TX,T,2022-8-15,True,False
Michael McCaul,Republican,House,TX,FDX,2022-8-7,True,False
Michael McCaul,Republican,House,TX,IBM,2022-8-24,True,False
Michael McCaul,Republican,House,TX,MLKN,2022-8-11,False,True
Michael McCaul,Republican,House,TX,AIG,2022-8-9,False,True
Michael McCaul,Republican,House,TX,MLKN,2022-8-9,False,True
Michael McCaul,Republican,House,TX,CW,2022-8-9,False,True
Michael McCaul,Republican,House,TX,NFG,2022-8-9,False,True
Michael McCaul,Republican,House,TX,OGN,2022-8-9,False,True
Michael McCaul,Republican,House,TX,MLKN,2022-8-9,False,True
Michael McCaul,Republican,House,TX,MLKN,2022-8-9,False,True
Michael McCaul,Republican,House,TX,CAG,2022-8-9,False,True
Michael McCaul,Republican,House,TX,OGN,2022-8-16,False,True
Michael McCaul,Republican,House,TX,DXC,2022-8-7,False,True
Michael McCaul,Republican,House,TX,OGN,2022-8-24,False,True
Michael McCaul,Republican,House,TX,LVS,2022-8-7,False,True
Michael McCaul,Republican,House,TX,OGN,2022-8-15,False,True
Michael McCaul,Republican,House,TX,WBD,2022-8-9,False,True
Michael McCaul,Republican,House,TX,WBD,2022-8-8,False,True
Michael McCaul,Republican,House,TX,PARA,2022-8-9,True,False
Michael McCaul,Republican,House,TX,T,2022-8-15,True,False
Michael McCaul,Republican,House,TX,FDX,2022-8-7,True,False
Michael McCaul,Republican,House,TX,IBM,2022-8-24,True,False
Michael McCaul,Republican,House,TX,MLKN,2022-8-11,False,True
Michael McCaul,Republican,House,TX,AIG,2022-8-9,False,True
Michael McCaul,Republican,House,TX,MLKN,2022-8-9,False,True
Michael McCaul,Republican,House,TX,CW,2022-8-9,False,True
Michael McCaul,Republican,House,TX,NFG,2022-8-9,False,True
Michael McCaul,Republican,House,TX,OGN,2022-8-9,False,True
Michael McCaul,Republican,House,TX,MLKN,2022-8-9,False,True
Michael McCaul,Republican,House,TX,MLKN,2022-8-9,False,True
Michael McCaul,Republican,House,TX,CAG,2022-8-9,False,True
Michael McCaul,Republican,House,TX,OGN,2022-8-16,False,True
Michael McCaul,Republican,House,TX,DXC,2022-8-7,False,True
Michael McCaul,Republican,House,TX,OGN,2022-8-24,False,True
Michael McCaul,Republican,House,TX,LVS,2022-8-7,False,True
Michael McCaul,Republican,House,TX,OGN,2022-8-15,False,True
Michael McCaul,Republican,House,TX,WBD,2022-8-9,False,True
Michael McCaul,Republican,House,TX,WBD,2022-8-8,False,True
Michael McCaul,Republican,House,TX,ABEMX,2022-8-25,False,True
Michael McCaul,Republican,House,TX,DFCEX,2022-8-25,True,False
Michael McCaul,Republican,House,TX,ABEMX,2022-8-25,False,True
Michael McCaul,Republican,House,TX,DFCEX,2022-8-25,True,False
Michael McCaul,Republican,House,TX,ABEMX,2022-8-25,False,True
Michael McCaul,Republican,House,TX,DFCEX,2022-8-25,True,False
Lois Frankel,Democrat,House,FL,ACN,2022-9-13,False,True
Lois Frankel,Democrat,House,FL,ACN,2022-9-6,False,True
Lois Frankel,Democrat,House,FL,ADI,2022-9-11,True,False
Lois Frankel,Democrat,House,FL,CL,2022-9-6,False,True
Lois Frankel,Democrat,House,FL,DHR,2022-9-13,False,True
Lois Frankel,Democrat,House,FL,ETN,2022-9-6,False,True
Lois Frankel,Democrat,House,FL,KLAC,2022-9-6,True,False
Lois Frankel,Democrat,House,FL,KLAC,2022-9-13,True,False
Lois Frankel,Democrat,House,FL,LOW,2022-9-6,True,False
Lois Frankel,Democrat,House,FL,TGT,2022-9-6,True,False
John Curtis,Republican,House,UT,N/A,2022-9-13,True,False
Michael Burgess,Republican,House,TX,SYK,2022-8-30,False,True
Josh Gottheimer,Democrat,House,NJ,CRNC,2022-8-14,False,True
Josh Gottheimer,Democrat,House,NJ,AAPL,2022-8-25,False,True
Josh Gottheimer,Democrat,House,NJ,ADP,2022-8-11,True,False
Josh Gottheimer,Democrat,House,NJ,BCRX,2022-8-10,True,False
Josh Gottheimer,Democrat,House,NJ,BX,2022-8-10,False,True
Josh Gottheimer,Democrat,House,NJ,CCXI,2022-8-10,False,True
Josh Gottheimer,Democrat,House,NJ,KO,2022-8-4,True,False
Josh Gottheimer,Democrat,House,NJ,HALO,2022-8-4,False,True
Josh Gottheimer,Democrat,House,NJ,LOW,2022-8-15,False,True
Josh Gottheimer,Democrat,House,NJ,MSFT,2022-8-10,True,False
Josh Gottheimer,Democrat,House,NJ,MSFT,2022-8-10,True,False
Josh Gottheimer,Democrat,House,NJ,MSFT,2022-8-10,True,False
Josh Gottheimer,Democrat,House,NJ,MSFT,2022-8-10,True,False
Josh Gottheimer,Democrat,House,NJ,MSFT,2022-8-10,True,False
Josh Gottheimer,Democrat,House,NJ,MSFT,2022-8-10,True,False
Josh Gottheimer,Democrat,House,NJ,MSFT,2022-8-10,False,True
Josh Gottheimer,Democrat,House,NJ,MSFT,2022-8-10,False,True
Josh Gottheimer,Democrat,House,NJ,MSFT,2022-8-10,False,True
Josh Gottheimer,Democrat,House,NJ,MSFT,2022-8-10,False,True
Josh Gottheimer,Democrat,House,NJ,MSFT,2022-8-10,False,True
Josh Gottheimer,Democrat,House,NJ,MSFT,2022-8-10,False,True
Josh Gottheimer,Democrat,House,NJ,MSFT,2022-8-16,False,True
Josh Gottheimer,Democrat,House,NJ,MSFT,2022-8-16,False,True
Josh Gottheimer,Democrat,House,NJ,MSFT,2022-8-16,True,False
Josh Gottheimer,Democrat,House,NJ,RPD,2022-8-9,False,True
Josh Gottheimer,Democrat,House,NJ,ROK,2022-8-4,False,True
Josh Gottheimer,Democrat,House,NJ,SGSOY,2022-8-1,False,True
Josh Gottheimer,Democrat,House,NJ,SHW,2022-8-16,False,True
Josh Gottheimer,Democrat,House,NJ,TT,2022-8-4,False,True
Josh Gottheimer,Democrat,House,NJ,UNH,2022-8-10,True,False
Cindy Axne,Democrat,House,IA,LBRDA,2022-9-7,False,True
Cindy Axne,Democrat,House,IA,LBRDA,2022-9-7,False,True
Cindy Axne,Democrat,House,IA,LBRDA,2022-9-7,False,True
Susan Collins,Republican,Senate,ME,PH,2022-8-9,True,False
Tom Suozzi,Democrat,House,NY,APA,2022-8-2,True,False
Tom Suozzi,Democrat,House,NY,DINO,2022-8-2,True,False
Tom Suozzi,Democrat,House,NY,V,2022-8-2,False,True
Tommy Tuberville,Republican,Senate,AL,IVV,2022-7-31,False,True
Tommy Tuberville,Republican,Senate,AL,EFAV,2022-7-31,False,True
Tommy Tuberville,Republican,Senate,AL,XLY,2022-7-31,False,True
Tommy Tuberville,Republican,Senate,AL,VTRS,2022-7-31,False,True
Tommy Tuberville,Republican,Senate,AL,ABNDX,2022-7-31,True,False
Tommy Tuberville,Republican,Senate,AL,RSP,2022-7-31,True,False
Tommy Tuberville,Republican,Senate,AL,IDV,2022-7-31,True,False
Tommy Tuberville,Republican,Senate,AL,DHS,2022-7-31,True,False
Tommy Tuberville,Republican,Senate,AL,N/A,2022-7-31,False,True
Tommy Tuberville,Republican,Senate,AL,JHCBX,2022-7-31,False,True
Tommy Tuberville,Republican,Senate,AL,ORCL,2022-7-31,False,True
Tommy Tuberville,Republican,Senate,AL,XLC,2022-7-31,False,True
Tommy Tuberville,Republican,Senate,AL,TSCO,2022-7-31,False,True
Tommy Tuberville,Republican,Senate,AL,MUB,2022-7-31,True,False
Tommy Tuberville,Republican,Senate,AL,OC,2022-7-31,True,False
Tommy Tuberville,Republican,Senate,AL,SSYS,2022-8-25,False,True
Tommy Tuberville,Republican,Senate,AL,ARKK,2022-8-24,True,False
Tommy Tuberville,Republican,Senate,AL,MRO,2022-8-17,True,False
Tommy Tuberville,Republican,Senate,AL,X,2022-8-11,True,False
Tommy Tuberville,Republican,Senate,AL,PYPL,2022-8-10,False,True
Tommy Tuberville,Republican,Senate,AL,INTC,2022-8-4,True,False
Tommy Tuberville,Republican,Senate,AL,INTC,2022-8-4,True,False
Tommy Tuberville,Republican,Senate,AL,CLF,2022-8-2,False,True
Tommy Tuberville,Republican,Senate,AL,PYPL,2022-8-2,False,True
Tommy Tuberville,Republican,Senate,AL,N/A,2022-8-30,True,False
Tommy Tuberville,Republican,Senate,AL,N/A,2022-8-30,False,True
Tommy Tuberville,Republican,Senate,AL,N/A,2022-8-29,True,False
Tommy Tuberville,Republican,Senate,AL,N/A,2022-8-23,False,True
Tommy Tuberville,Republican,Senate,AL,N/A,2022-8-22,True,False
Tommy Tuberville,Republican,Senate,AL,N/A,2022-8-22,False,True
Tommy Tuberville,Republican,Senate,AL,N/A,2022-8-16,False,True
Tommy Tuberville,Republican,Senate,AL,N/A,2022-8-15,True,False
Tommy Tuberville,Republican,Senate,AL,N/A,2022-8-11,True,False
Tommy Tuberville,Republican,Senate,AL,N/A,2022-8-9,False,True
Tommy Tuberville,Republican,Senate,AL,N/A,2022-8-9,True,False
Tommy Tuberville,Republican,Senate,AL,N/A,2022-8-2,True,False
Tommy Tuberville,Republican,Senate,AL,N/A,2022-8-1,False,True
Kathy Manning,Democrat,House,NC,GOOGL,2022-8-4,True,False
Kathy Manning,Democrat,House,NC,GOOGL,2022-8-4,True,False
Kathy Manning,Democrat,House,NC,MO,2022-8-2,False,True
Kathy Manning,Democrat,House,NC,AMZN,2022-8-4,True,False
Kathy Manning,Democrat,House,NC,AMCR,2022-8-2,False,True
Kathy Manning,Democrat,House,NC,AIG,2022-8-2,False,True
Kathy Manning,Democrat,House,NC,AMP,2022-8-2,False,True
Kathy Manning,Democrat,House,NC,AMGN,2022-8-2,False,True
Kathy Manning,Democrat,House,NC,APA,2022-8-2,False,True
Kathy Manning,Democrat,House,NC,AAPL,2022-8-4,True,False
Kathy Manning,Democrat,House,NC,T,2022-8-4,False,True
Kathy Manning,Democrat,House,NC,T,2022-8-2,False,True
Kathy Manning,Democrat,House,NC,AZO,2022-8-2,False,True
Kathy Manning,Democrat,House,NC,BAC,2022-8-2,False,True
Kathy Manning,Democrat,House,NC,BAC,2022-8-4,True,False
Kathy Manning,Democrat,House,NC,BRK/B,2022-8-4,True,False
Kathy Manning,Democrat,House,NC,BBY,2022-8-2,False,True
Kathy Manning,Democrat,House,NC,BIIB,2022-8-2,False,True
Kathy Manning,Democrat,House,NC,BXP,2022-8-2,False,True
Kathy Manning,Democrat,House,NC,AVGO,2022-8-4,True,False
Kathy Manning,Democrat,House,NC,BLDR,2022-8-2,False,True
Kathy Manning,Democrat,House,NC,COF,2022-8-2,False,True
Kathy Manning,Democrat,House,NC,CAH,2022-8-2,False,True
Kathy Manning,Democrat,House,NC,CE,2022-8-2,False,True
Kathy Manning,Democrat,House,NC,CHTR,2022-8-2,False,True
Kathy Manning,Democrat,House,NC,CVX,2022-8-4,True,False
Kathy Manning,Democrat,House,NC,C,2022-8-2,False,True
Kathy Manning,Democrat,House,NC,CMA,2022-8-2,False,True
Kathy Manning,Democrat,House,NC,COST,2022-8-4,True,False
Kathy Manning,Democrat,House,NC,CCK,2022-8-2,False,True
Kathy Manning,Democrat,House,NC,DRI,2022-8-2,False,True
Kathy Manning,Democrat,House,NC,DVN,2022-8-2,False,True
Kathy Manning,Democrat,House,NC,DFS,2022-8-2,False,True
Kathy Manning,Democrat,House,NC,DPZ,2022-8-2,False,True
Kathy Manning,Democrat,House,NC,EMN,2022-8-2,False,True
Kathy Manning,Democrat,House,NC,XOM,2022-8-4,True,False
Kathy Manning,Democrat,House,NC,FICO,2022-8-2,False,True
Kathy Manning,Democrat,House,NC,IT,2022-8-2,False,True
Kathy Manning,Democrat,House,NC,HCA,2022-8-2,False,True
Kathy Manning,Democrat,House,NC,HD,2022-8-4,True,False
Kathy Manning,Democrat,House,NC,HST,2022-8-2,False,True
Kathy Manning,Democrat,House,NC,HPQ,2022-8-2,False,True
Kathy Manning,Democrat,House,NC,IP,2022-8-2,False,True
Kathy Manning,Democrat,House,NC,JNJ,2022-8-4,True,False
Kathy Manning,Democrat,House,NC,KEY,2022-8-2,False,True
Kathy Manning,Democrat,House,NC,KMI,2022-8-2,False,True
Kathy Manning,Democrat,House,NC,LHX,2022-8-2,False,True
Kathy Manning,Democrat,House,NC,LBYAV,2022-8-2,False,True
Kathy Manning,Democrat,House,NC,L,2022-8-2,False,True
Kathy Manning,Democrat,House,NC,LOW,2022-8-2,False,True
Kathy Manning,Democrat,House,NC,LUMN,2022-8-2,False,True
Kathy Manning,Democrat,House,NC,MRO,2022-8-2,False,True
Kathy Manning,Democrat,House,NC,MPC,2022-8-2,False,True
Kathy Manning,Democrat,House,NC,MAS,2022-8-2,False,True
Kathy Manning,Democrat,House,NC,MCK,2022-8-2,False,True
Kathy Manning,Democrat,House,NC,MRK,2022-8-4,False,True
Kathy Manning,Democrat,House,NC,META,2022-8-4,True,False
Kathy Manning,Democrat,House,NC,MET,2022-8-2,False,True
Kathy Manning,Democrat,House,NC,MSFT,2022-8-4,True,False
Kathy Manning,Democrat,House,NC,NOC,2022-8-2,False,True
Kathy Manning,Democrat,House,NC,NVDA,2022-8-4,True,False
Kathy Manning,Democrat,House,NC,NVR,2022-8-2,False,True
Kathy Manning,Democrat,House,NC,ORCL,2022-8-2,False,True
Kathy Manning,Democrat,House,NC,PEP,2022-8-4,True,False
Kathy Manning,Democrat,House,NC,PFE,2022-8-4,True,False
Kathy Manning,Democrat,House,NC,PG,2022-8-4,True,False
Kathy Manning,Democrat,House,NC,PRU,2022-8-2,False,True
Kathy Manning,Democrat,House,NC,PHM,2022-8-2,False,True
Kathy Manning,Democrat,House,NC,DGX,2022-8-2,False,True
Kathy Manning,Democrat,House,NC,REG,2022-8-2,False,True
Kathy Manning,Democrat,House,NC,SPG,2022-8-2,False,True
Kathy Manning,Democrat,House,NC,SYF,2022-8-2,False,True
Kathy Manning,Democrat,House,NC,TSLA,2022-8-4,True,False
Kathy Manning,Democrat,House,NC,BK,2022-8-2,False,True
Kathy Manning,Democrat,House,NC,UNP,2022-8-2,False,True
Kathy Manning,Democrat,House,NC,UNH,2022-8-4,True,False
Kathy Manning,Democrat,House,NC,WFC,2022-8-2,False,True
Kathy Manning,Democrat,House,NC,WY,2022-8-2,False,True
Kathy Manning,Democrat,House,NC,WHR,2022-8-2,False,True
Kevin Hern,Republican,House,OK,ACN,2022-8-14,True,False
Kevin Hern,Republican,House,OK,N/A,2022-8-24,True,False
Kevin Hern,Republican,House,OK,CDNS,2022-8-17,True,False
Kevin Hern,Republican,House,OK,CTRA,2022-8-16,True,False
Kevin Hern,Republican,House,OK,MMP,2022-8-11,True,False
Kevin Hern,Republican,House,OK,OKE,2022-8-14,True,False
Kevin Hern,Republican,House,OK,PTC,2022-8-24,True,False
Kevin Hern,Republican,House,OK,TXN,2022-8-15,True,False
Michael Guest,Republican,House,MS,N/A,2022-8-22,True,False
Zoe Lofgren,Democrat,House,CA,AMAT,2022-8-24,False,True
Zoe Lofgren,Democrat,House,CA,CRL,2022-8-24,False,True
Zoe Lofgren,Democrat,House,CA,DIS,2022-8-24,True,False
Victoria Spartz,Republican,House,IN,SPG,2022-8-31,True,False
Scott Peters,Democrat,House,CA,N/A,2022-8-11,True,False
Scott Peters,Democrat,House,CA,N/A,2022-8-11,True,False
Scott Peters,Democrat,House,CA,N/A,2022-7-31,False,True
Scott Peters,Democrat,House,CA,N/A,2022-7-31,False,True
Trey Hollingsworth,Republican,House,IN,NTIOF,2022-8-31,True,False
Suzan DelBene,Democrat,House,WA,N/A,2022-8-31,False,True
Suzan DelBene,Democrat,House,WA,N/A,2022-8-22,False,True
Steve Cohen,Democrat,House,TN,GOLD,2022-8-2,True,False
Steve Cohen,Democrat,House,TN,VRAI,2022-8-2,True,False
Rob Wittman,Republican,House,VA,GOOGL,2022-8-9,True,False
Rob Wittman,Republican,House,VA,AMZN,2022-8-9,True,False
Rob Wittman,Republican,House,VA,GSLC,2022-8-15,False,True
Rob Wittman,Republican,House,VA,IYW,2022-8-15,False,True
Rob Wittman,Republican,House,VA,IYW,2022-8-9,True,False
Rob Wittman,Republican,House,VA,MSFT,2022-8-9,True,False
Rob Wittman,Republican,House,VA,SRLN,2022-8-9,False,True
Rob Wittman,Republican,House,VA,JVIAX,2022-8-29,True,False
Chris Jacobs,Republican,House,NY,AR,2022-7-17,False,True
Chris Jacobs,Republican,House,NY,ASB,2022-7-17,False,True
Chris Jacobs,Republican,House,NY,ATHA,2022-7-17,True,False
Chris Jacobs,Republican,House,NY,SAVA,2022-7-17,False,True
Chris Jacobs,Republican,House,NY,PR,2022-7-17,False,True
Chris Jacobs,Republican,House,NY,N/A,2022-7-10,False,True
Chris Jacobs,Republican,House,NY,CVX,2022-7-17,True,False
Chris Jacobs,Republican,House,NY,CIVI,2022-7-17,False,True
Chris Jacobs,Republican,House,NY,CRGY,2022-7-17,True,False
Chris Jacobs,Republican,House,NY,N/A,2022-7-12,True,False
Chris Jacobs,Republican,House,NY,ESTE,2022-7-17,True,False
Chris Jacobs,Republican,House,NY,ENOB,2022-7-17,True,False
Chris Jacobs,Republican,House,NY,XOM,2022-7-17,True,False
Chris Jacobs,Republican,House,NY,FHN,2022-7-17,False,True
Chris Jacobs,Republican,House,NY,GNK,2022-7-17,False,True
Chris Jacobs,Republican,House,NY,GEVO,2022-7-17,False,True
Chris Jacobs,Republican,House,NY,HD,2022-7-17,False,True
Chris Jacobs,Republican,House,NY,IIPR,2022-7-17,False,True
Chris Jacobs,Republican,House,NY,NOTV,2022-7-17,True,False
Chris Jacobs,Republican,House,NY,ISEE,2022-7-17,True,False
Chris Jacobs,Republican,House,NY,KRG,2022-7-17,False,True
Chris Jacobs,Republican,House,NY,KOD,2022-7-17,True,False
Chris Jacobs,Republican,House,NY,N/A,2022-7-14,True,False
Chris Jacobs,Republican,House,NY,N/A,2022-7-4,False,True
Chris Jacobs,Republican,House,NY,N/A,2022-7-13,False,True
Chris Jacobs,Republican,House,NY,N/A,2022-7-21,True,False
Chris Jacobs,Republican,House,NY,N/A,2022-6-30,True,False
Chris Jacobs,Republican,House,NY,N/A,2022-7-5,False,True
Chris Jacobs,Republican,House,NY,PFE,2022-7-17,True,False
Chris Jacobs,Republican,House,NY,DOC,2022-7-17,False,True
Chris Jacobs,Republican,House,NY,PLUG,2022-7-17,True,False
Chris Jacobs,Republican,House,NY,N/A,2022-7-12,True,False
Chris Jacobs,Republican,House,NY,STNG,2022-7-17,False,True
Chris Jacobs,Republican,House,NY,SI,2022-7-17,True,False
Chris Jacobs,Republican,House,NY,SM,2022-7-17,False,True
Chris Jacobs,Republican,House,NY,TELL,2022-7-17,True,False
Chris Jacobs,Republican,House,NY,TSLA,2022-7-17,True,False
Chris Jacobs,Republican,House,NY,N/A,2022-7-7,True,False
Chris Jacobs,Republican,House,NY,UBSI,2022-7-17,False,True
Chris Jacobs,Republican,House,NY,N/A,2022-7-4,False,True
Chris Jacobs,Republican,House,NY,VTNR,2022-7-17,True,False
Chris Jacobs,Republican,House,NY,VTRS,2022-7-17,False,True
Chris Jacobs,Republican,House,NY,N/A,2022-7-13,False,True
Kathy Manning,Democrat,House,NC,N/A,2022-8-31,True,False
Kurt Schrader,Democrat,House,OR,MSI,2022-7-31,True,False
Kurt Schrader,Democrat,House,OR,MSI,2022-8-8,True,False
Kurt Schrader,Democrat,House,OR,TTWO,2022-8-10,True,False
Kurt Schrader,Democrat,House,OR,2020,2022-8-23,True,False
Kurt Schrader,Democrat,House,OR,CHTR,2022-7-31,False,True
Kurt Schrader,Democrat,House,OR,CTAS,2022-8-8,False,True
Kurt Schrader,Democrat,House,OR,FXI,2022-8-22,False,True
Nancy Pelosi,Democrat,House,CA,N/A,2022-8-23,True,False
Jim Langevin,Democrat,House,RI,ABNB,2022-8-9,False,True
Jim Langevin,Democrat,House,RI,SQ,2022-8-9,False,True
Jim Langevin,Democrat,House,RI,SQ,2022-7-31,False,True
Jim Langevin,Democrat,House,RI,SQ,2022-8-4,False,True
Jim Langevin,Democrat,House,RI,SQ,2022-8-8,True,False
Jim Langevin,Democrat,House,RI,DASH,2022-8-9,False,True
Jim Langevin,Democrat,House,RI,DASH,2022-8-2,False,True
Jim Langevin,Democrat,House,RI,DASH,2022-8-16,True,False
Ro Khanna,Democrat,House,CA,SYK,2022-8-8,True,False
Ro Khanna,Democrat,House,CA,SYK,2022-8-11,True,False
Ro Khanna,Democrat,House,CA,SYK,2022-8-10,True,False
Ro Khanna,Democrat,House,CA,PG,2022-8-4,True,False
Ro Khanna,Democrat,House,CA,SYK,2022-8-14,True,False
Ro Khanna,Democrat,House,CA,WFC,2022-8-16,True,False
Ro Khanna,Democrat,House,CA,SYK,2022-8-7,True,False
Ro Khanna,Democrat,House,CA,SYK,2022-8-7,True,False
Ro Khanna,Democrat,House,CA,GOOGL,2022-8-4,True,False
Ro Khanna,Democrat,House,CA,NVDA,2022-8-8,True,False
Ro Khanna,Democrat,House,CA,WFC,2022-8-15,True,False
Ro Khanna,Democrat,House,CA,APTV,2022-8-4,True,False
Ro Khanna,Democrat,House,CA,CMG,2022-8-17,True,False
Ro Khanna,Democrat,House,CA,PNC,2022-8-15,True,False
Ro Khanna,Democrat,House,CA,N/A,2022-8-4,True,False
Ro Khanna,Democrat,House,CA,UNH,2022-8-3,True,False
Ro Khanna,Democrat,House,CA,UBER,2022-8-10,True,False
Ro Khanna,Democrat,House,CA,NDAQ,2022-8-30,False,True
Ro Khanna,Democrat,House,CA,CTSH,2022-8-9,False,True
Ro Khanna,Democrat,House,CA,HBI,2022-8-15,False,True
Ro Khanna,Democrat,House,CA,CTSH,2022-8-14,False,True
Ro Khanna,Democrat,House,CA,MDLZ,2022-8-4,False,True
Ro Khanna,Democrat,House,CA,CTSH,2022-8-11,False,True
Ro Khanna,Democrat,House,CA,CTSH,2022-8-17,False,True
Ro Khanna,Democrat,House,CA,CTSH,2022-8-15,False,True
Ro Khanna,Democrat,House,CA,MDLZ,2022-8-7,False,True
Ro Khanna,Democrat,House,CA,MDLZ,2022-8-4,False,True
Ro Khanna,Democrat,House,CA,TSLA,2022-8-2,False,True
Ro Khanna,Democrat,House,CA,MTCH,2022-8-3,False,True
Ro Khanna,Democrat,House,CA,MTCH,2022-8-2,False,True
Ro Khanna,Democrat,House,CA,ADBE,2022-8-25,False,True
Ro Khanna,Democrat,House,CA,LIN,2022-8-4,False,True
Ro Khanna,Democrat,House,CA,CRI,2022-8-8,True,False
Ro Khanna,Democrat,House,CA,NDAQ,2022-8-9,False,True
Ro Khanna,Democrat,House,CA,CTSH,2022-8-9,False,True
Ro Khanna,Democrat,House,CA,GM,2022-8-28,False,True
Ro Khanna,Democrat,House,CA,HBI,2022-8-15,False,True
Ro Khanna,Democrat,House,CA,META,2022-7-31,True,False
Ro Khanna,Democrat,House,CA,BRK/B,2022-7-31,True,False
Ro Khanna,Democrat,House,CA,ADBE,2022-7-31,True,False
Ro Khanna,Democrat,House,CA,AMZN,2022-7-31,True,False
Ro Khanna,Democrat,House,CA,CRM,2022-7-31,True,False
Ro Khanna,Democrat,House,CA,MDLZ,2022-7-31,True,False
Ro Khanna,Democrat,House,CA,DIS,2022-7-31,True,False
Ro Khanna,Democrat,House,CA,LOW,2022-7-31,True,False
Ro Khanna,Democrat,House,CA,PNC,2022-7-31,True,False
Ro Khanna,Democrat,House,CA,MMM,2022-7-31,True,False
Ro Khanna,Democrat,House,CA,N/A,2022-8-14,True,False
Ro Khanna,Democrat,House,CA,N/A,2022-7-31,True,False
Ro Khanna,Democrat,House,CA,AXP,2022-7-31,True,False
Ro Khanna,Democrat,House,CA,SBUX,2022-7-31,True,False
Ro Khanna,Democrat,House,CA,NFLX,2022-7-31,True,False
Ro Khanna,Democrat,House,CA,TXN,2022-7-31,True,False
Ro Khanna,Democrat,House,CA,GM,2022-7-31,True,False
Ro Khanna,Democrat,House,CA,KEY,2022-7-31,True,False
Ro Khanna,Democrat,House,CA,MA,2022-7-31,True,False
Ro Khanna,Democrat,House,CA,AMD,2022-7-31,True,False
Ro Khanna,Democrat,House,CA,MMC,2022-7-31,True,False
Ro Khanna,Democrat,House,CA,PM,2022-7-31,True,False
Ro Khanna,Democrat,House,CA,DG,2022-7-31,True,False
Ro Khanna,Democrat,House,CA,CFG,2022-7-31,True,False
Ro Khanna,Democrat,House,CA,FITB,2022-7-31,True,False
Ro Khanna,Democrat,House,CA,JPM,2022-7-31,True,False
Ro Khanna,Democrat,House,CA,AAPL,2022-7-31,True,False
Ro Khanna,Democrat,House,CA,AIG,2022-7-31,True,False
Ro Khanna,Democrat,House,CA,T,2022-7-31,True,False
Ro Khanna,Democrat,House,CA,CL,2022-7-31,True,False
Ro Khanna,Democrat,House,CA,INTC,2022-7-31,True,False
Ro Khanna,Democrat,House,CA,N/A,2022-8-22,True,False
Ro Khanna,Democrat,House,CA,N/A,2022-7-31,True,False
Ro Khanna,Democrat,House,CA,FCX,2022-7-31,True,False
Ro Khanna,Democrat,House,CA,CHTR,2022-7-31,True,False
Ro Khanna,Democrat,House,CA,USB,2022-7-31,True,False
Ro Khanna,Democrat,House,CA,ITW,2022-7-31,True,False
Ro Khanna,Democrat,House,CA,ROK,2022-7-31,True,False
Ro Khanna,Democrat,House,CA,ZTS,2022-7-31,True,False
Ro Khanna,Democrat,House,CA,PEP,2022-7-31,True,False
Ro Khanna,Democrat,House,CA,HBAN,2022-7-31,True,False
Ro Khanna,Democrat,House,CA,APH,2022-7-31,True,False
Ro Khanna,Democrat,House,CA,MO,2022-7-31,True,False
Ro Khanna,Democrat,House,CA,PPG,2022-7-31,True,False
Ro Khanna,Democrat,House,CA,HCA,2022-7-31,True,False
Ro Khanna,Democrat,House,CA,DOW,2022-7-31,True,False
Ro Khanna,Democrat,House,CA,JCI,2022-7-31,True,False
Ro Khanna,Democrat,House,CA,DXCM,2022-7-31,True,False
Ro Khanna,Democrat,House,CA,REGN,2022-7-31,True,False
Ro Khanna,Democrat,House,CA,ROST,2022-7-31,True,False
Ro Khanna,Democrat,House,CA,ALGN,2022-7-31,True,False
Ro Khanna,Democrat,House,CA,APTV,2022-7-31,True,False
Ro Khanna,Democrat,House,CA,HLT,2022-7-31,True,False
Ro Khanna,Democrat,House,CA,DLTR,2022-7-31,True,False
Ro Khanna,Democrat,House,CA,LRCX,2022-7-31,True,False
Ro Khanna,Democrat,House,CA,CTSH,2022-7-31,True,False
Ro Khanna,Democrat,House,CA,ANET,2022-7-31,True,False
Ro Khanna,Democrat,House,CA,LUV,2022-7-31,True,False
Ro Khanna,Democrat,House,CA,RF,2022-7-31,True,False
Ro Khanna,Democrat,House,CA,MU,2022-7-31,True,False
Ro Khanna,Democrat,House,CA,SYK,2022-7-31,True,False
Ro Khanna,Democrat,House,CA,FI,2022-7-31,True,False
Ro Khanna,Democrat,House,CA,SIVBQ,2022-7-31,True,False
Ro Khanna,Democrat,House,CA,IDXX,2022-7-31,True,False
Ro Khanna,Democrat,House,CA,TDY,2022-7-31,True,False
Ro Khanna,Democrat,House,CA,AME,2022-7-31,True,False
Ro Khanna,Democrat,House,CA,SBNY,2022-7-31,True,False
Ro Khanna,Democrat,House,CA,DD,2022-7-31,True,False
Ro Khanna,Democrat,House,CA,STT,2022-7-31,True,False
Ro Khanna,Democrat,House,CA,BK,2022-7-31,True,False
Ro Khanna,Democrat,House,CA,ARE,2022-7-31,True,False
Ro Khanna,Democrat,House,CA,FRC,2022-7-31,True,False
Ro Khanna,Democrat,House,CA,MCO,2022-7-31,True,False
Ro Khanna,Democrat,House,CA,ACN,2022-7-31,True,False
Ro Khanna,Democrat,House,CA,ICE,2022-7-31,True,False
Ro Khanna,Democrat,House,CA,IP,2022-7-31,True,False
Ro Khanna,Democrat,House,CA,RJF,2022-7-31,True,False
Ro Khanna,Democrat,House,CA,CLX,2022-7-31,True,False
Ro Khanna,Democrat,House,CA,CINF,2022-7-31,True,False
Ro Khanna,Democrat,House,CA,CHD,2022-7-31,True,False
Ro Khanna,Democrat,House,CA,APD,2022-7-31,True,False
Ro Khanna,Democrat,House,CA,NKE,2022-7-31,True,False
Ro Khanna,Democrat,House,CA,BANC,2022-7-31,True,False
Ro Khanna,Democrat,House,CA,ADSK,2022-7-31,True,False
Ro Khanna,Democrat,House,CA,ZION,2022-7-31,True,False
Ro Khanna,Democrat,House,CA,AMAT,2022-7-31,True,False
Ro Khanna,Democrat,House,CA,BIIB,2022-7-31,True,False
Ro Khanna,Democrat,House,CA,FBIN,2022-7-31,True,False
Ro Khanna,Democrat,House,CA,EFX,2022-7-31,True,False
Ro Khanna,Democrat,House,CA,MCHP,2022-7-31,True,False
Ro Khanna,Democrat,House,CA,WTW,2022-7-31,True,False
Ro Khanna,Democrat,House,CA,LNC,2022-7-31,True,False
Ro Khanna,Democrat,House,CA,SNV,2022-7-31,True,False
Ro Khanna,Democrat,House,CA,BAC,2022-7-31,False,True
Ro Khanna,Democrat,House,CA,MSFT,2022-7-31,False,True
Ro Khanna,Democrat,House,CA,GOOGL,2022-7-31,False,True
Ro Khanna,Democrat,House,CA,PG,2022-7-31,False,True
Ro Khanna,Democrat,House,CA,KO,2022-7-31,False,True
Ro Khanna,Democrat,House,CA,TGT,2022-7-31,False,True
Ro Khanna,Democrat,House,CA,TJX,2022-7-31,False,True
Ro Khanna,Democrat,House,CA,NVDA,2022-7-31,False,True
Ro Khanna,Democrat,House,CA,GILD,2022-7-31,False,True
Ro Khanna,Democrat,House,CA,AMP,2022-7-31,False,True
Ro Khanna,Democrat,House,CA,C,2022-7-31,False,True
Ro Khanna,Democrat,House,CA,QCOM,2022-7-31,False,True
Ro Khanna,Democrat,House,CA,ETN,2022-7-31,False,True
Ro Khanna,Democrat,House,CA,PRU,2022-7-31,False,True
Ro Khanna,Democrat,House,CA,COF,2022-7-31,False,True
Ro Khanna,Democrat,House,CA,SCHW,2022-7-31,False,True
Ro Khanna,Democrat,House,CA,TRU,2022-7-31,False,True
Ro Khanna,Democrat,House,CA,WFC,2022-7-31,False,True
Ro Khanna,Democrat,House,CA,BAX,2022-7-31,False,True
Ro Khanna,Democrat,House,CA,CE,2022-7-31,False,True
Ro Khanna,Democrat,House,CA,CCL,2022-7-31,False,True
Ro Khanna,Democrat,House,CA,TFX,2022-7-31,False,True
Ro Khanna,Democrat,House,CA,N/A,2022-7-31,False,True
Ro Khanna,Democrat,House,CA,HPE,2022-7-31,False,True
Ro Khanna,Democrat,House,CA,NEM,2022-7-31,False,True
Ro Khanna,Democrat,House,CA,IAC,2022-7-31,False,True
Ro Khanna,Democrat,House,CA,VFC,2022-7-31,False,True
Ro Khanna,Democrat,House,CA,LYB,2022-7-31,False,True
Ro Khanna,Democrat,House,CA,SHW,2022-7-31,False,True
Ro Khanna,Democrat,House,CA,TSLA,2022-7-31,False,True
Ro Khanna,Democrat,House,CA,TER,2022-7-31,False,True
Ro Khanna,Democrat,House,CA,NTRS,2022-7-31,False,True
Ro Khanna,Democrat,House,CA,JNJ,2022-7-31,False,True
Ro Khanna,Democrat,House,CA,AFL,2022-7-31,False,True
Ro Khanna,Democrat,House,CA,SCCO,2022-7-31,False,True
Ro Khanna,Democrat,House,CA,WY,2022-7-31,False,True
Ro Khanna,Democrat,House,CA,PLD,2022-7-31,False,True
Ro Khanna,Democrat,House,CA,WBA,2022-7-31,False,True
Ro Khanna,Democrat,House,CA,BDX,2022-7-31,False,True
Ro Khanna,Democrat,House,CA,SSNC,2022-7-31,False,True
Ro Khanna,Democrat,House,CA,SWKS,2022-7-31,False,True
Ro Khanna,Democrat,House,CA,EMR,2022-7-31,False,True
Ro Khanna,Democrat,House,CA,DELL,2022-7-31,False,True
Ro Khanna,Democrat,House,CA,GRMN,2022-7-31,False,True
Ro Khanna,Democrat,House,CA,SWK,2022-7-31,False,True
Ro Khanna,Democrat,House,CA,MRNA,2022-7-31,False,True
Ro Khanna,Democrat,House,CA,KHC,2022-7-31,False,True
Ro Khanna,Democrat,House,CA,HIG,2022-7-31,False,True
Ro Khanna,Democrat,House,CA,MTCH,2022-7-31,False,True
Ro Khanna,Democrat,House,CA,DASH,2022-7-31,False,True
Ro Khanna,Democrat,House,CA,V,2022-7-31,False,True
Ro Khanna,Democrat,House,CA,ZM,2022-7-31,False,True
Ro Khanna,Democrat,House,CA,FIS,2022-7-31,False,True
Ro Khanna,Democrat,House,CA,BBY,2022-7-31,False,True
Ro Khanna,Democrat,House,CA,PARA,2022-7-31,False,True
Ro Khanna,Democrat,House,CA,POOL,2022-7-31,False,True
Ro Khanna,Democrat,House,CA,RCL,2022-7-31,False,True
Ro Khanna,Democrat,House,CA,JNPR,2022-7-31,False,True
Ro Khanna,Democrat,House,CA,DDOG,2022-7-31,False,True
Ro Khanna,Democrat,House,CA,COR,2022-7-31,False,True
Ro Khanna,Democrat,House,CA,PYPL,2022-7-31,False,True
Ro Khanna,Democrat,House,CA,RE,2022-7-31,False,True
Ro Khanna,Democrat,House,CA,OTIS,2022-7-31,False,True
Ro Khanna,Democrat,House,CA,STE,2022-7-31,False,True
Ro Khanna,Democrat,House,CA,ROKU,2022-7-31,False,True
Ro Khanna,Democrat,House,CA,EXPD,2022-7-31,False,True
Ro Khanna,Democrat,House,CA,AVTR,2022-7-31,False,True
Ro Khanna,Democrat,House,CA,N/A,2022-8-22,True,False
Ro Khanna,Democrat,House,CA,VZ,2022-8-22,True,False
Ro Khanna,Democrat,House,CA,PEP,2022-8-22,True,False
Ro Khanna,Democrat,House,CA,MSFT,2022-8-22,True,False
Ro Khanna,Democrat,House,CA,CAT,2022-8-22,True,False
Ro Khanna,Democrat,House,CA,CB,2022-8-22,True,False
Ro Khanna,Democrat,House,CA,DHR,2022-8-22,True,False
Ro Khanna,Democrat,House,CA,WMT,2022-8-22,True,False
Ro Khanna,Democrat,House,CA,NFLX,2022-8-14,True,False
Ro Khanna,Democrat,House,CA,DIS,2022-8-22,True,False
Ro Khanna,Democrat,House,CA,PFE,2022-8-22,True,False
Ro Khanna,Democrat,House,CA,GOOGL,2022-8-22,True,False
Ro Khanna,Democrat,House,CA,N/A,2022-7-31,True,False
Ro Khanna,Democrat,House,CA,N/A,2022-7-31,True,False
Ro Khanna,Democrat,House,CA,INFN,2022-8-2,True,False
Ro Khanna,Democrat,House,CA,CCI,2022-8-22,True,False
Ro Khanna,Democrat,House,CA,MCD,2022-8-22,True,False
Ro Khanna,Democrat,House,CA,CRI,2022-8-8,True,False
Ro Khanna,Democrat,House,CA,APD,2022-8-22,True,False
Ro Khanna,Democrat,House,CA,N/A,2022-8-14,True,False
Ro Khanna,Democrat,House,CA,N/A,2022-8-14,True,False
Ro Khanna,Democrat,House,CA,CRI,2022-8-30,True,False
Ro Khanna,Democrat,House,CA,MET,2022-8-22,True,False
Ro Khanna,Democrat,House,CA,CMCSA,2022-8-22,True,False
Ro Khanna,Democrat,House,CA,MDT,2022-8-22,True,False
Ro Khanna,Democrat,House,CA,MMC,2022-8-22,True,False
Ro Khanna,Democrat,House,CA,CVS,2022-8-22,True,False
Ro Khanna,Democrat,House,CA,DD,2022-8-2,True,False
Ro Khanna,Democrat,House,CA,BK,2022-8-22,True,False
Ro Khanna,Democrat,House,CA,AIG,2022-8-22,True,False
Ro Khanna,Democrat,House,CA,MMM,2022-8-22,True,False
Ro Khanna,Democrat,House,CA,NFLX,2022-8-22,True,False
Ro Khanna,Democrat,House,CA,AMD,2022-8-22,True,False
Ro Khanna,Democrat,House,CA,DOW,2022-8-22,True,False
Ro Khanna,Democrat,House,CA,PG,2022-8-22,True,False
Ro Khanna,Democrat,House,CA,USB,2022-8-22,True,False
Ro Khanna,Democrat,House,CA,EQIX,2022-8-22,True,False
Ro Khanna,Democrat,House,CA,BKNG,2022-8-22,True,False
Ro Khanna,Democrat,House,CA,SHW,2022-8-22,True,False
Ro Khanna,Democrat,House,CA,SYK,2022-8-22,True,False
Ro Khanna,Democrat,House,CA,MSCI,2022-8-22,True,False
Ro Khanna,Democrat,House,CA,MTCH,2022-8-22,True,False
Ro Khanna,Democrat,House,CA,BSX,2022-8-22,True,False
Ro Khanna,Democrat,House,CA,AON,2022-8-22,True,False
Ro Khanna,Democrat,House,CA,CMG,2022-8-22,True,False
Ro Khanna,Democrat,House,CA,AVGO,2022-8-22,True,False
Ro Khanna,Democrat,House,CA,NXPI,2022-8-22,True,False
Ro Khanna,Democrat,House,CA,TJX,2022-8-22,True,False
Ro Khanna,Democrat,House,CA,EBAY,2022-8-22,True,False
Ro Khanna,Democrat,House,CA,PLD,2022-8-22,True,False
Ro Khanna,Democrat,House,CA,LRCX,2022-8-22,True,False
Ro Khanna,Democrat,House,CA,OTIS,2022-8-22,True,False
Ro Khanna,Democrat,House,CA,IQV,2022-8-22,True,False
Ro Khanna,Democrat,House,CA,DLR,2022-8-22,True,False
Ro Khanna,Democrat,House,CA,PSA,2022-8-22,True,False
Ro Khanna,Democrat,House,CA,LYB,2022-8-22,True,False
Ro Khanna,Democrat,House,CA,TRV,2022-8-22,True,False
Ro Khanna,Democrat,House,CA,ADP,2022-8-22,True,False
Ro Khanna,Democrat,House,CA,MS,2022-8-22,True,False
Ro Khanna,Democrat,House,CA,MU,2022-8-22,True,False
Ro Khanna,Democrat,House,CA,BIIB,2022-8-22,True,False
Ro Khanna,Democrat,House,CA,INTC,2022-8-22,True,False
Ro Khanna,Democrat,House,CA,JPM,2022-8-22,True,False
Ro Khanna,Democrat,House,CA,MU,2022-8-29,True,False
Ro Khanna,Democrat,House,CA,HCA,2022-8-22,True,False
Ro Khanna,Democrat,House,CA,N/A,2022-7-31,True,False
Ro Khanna,Democrat,House,CA,DXCM,2022-8-22,True,False
Ro Khanna,Democrat,House,CA,TTWO,2022-8-22,True,False
Ro Khanna,Democrat,House,CA,ATVI,2022-8-22,True,False
Ro Khanna,Democrat,House,CA,BAX,2022-8-22,True,False
Ro Khanna,Democrat,House,CA,TSLA,2022-8-22,True,False
Ro Khanna,Democrat,House,CA,EMR,2022-8-22,True,False
Ro Khanna,Democrat,House,CA,KEYS,2022-8-22,True,False
Ro Khanna,Democrat,House,CA,V,2022-8-22,True,False
Ro Khanna,Democrat,House,CA,ADBE,2022-8-22,True,False
Ro Khanna,Democrat,House,CA,ILMN,2022-8-22,True,False
Ro Khanna,Democrat,House,CA,N/A,2022-8-22,True,False
Ro Khanna,Democrat,House,CA,CDNS,2022-8-22,True,False
Ro Khanna,Democrat,House,CA,ETSY,2022-8-22,True,False
Ro Khanna,Democrat,House,CA,KR,2022-8-22,True,False
Ro Khanna,Democrat,House,CA,AAPL,2022-8-22,True,False
Ro Khanna,Democrat,House,CA,INFN,2022-8-11,True,False
Ro Khanna,Democrat,House,CA,CBRE,2022-8-22,True,False
Ro Khanna,Democrat,House,CA,ZI,2022-8-22,True,False
Ro Khanna,Democrat,House,CA,NET,2022-8-22,True,False
Ro Khanna,Democrat,House,CA,AMZN,2022-8-22,True,False
Ro Khanna,Democrat,House,CA,LBYAV,2022-8-22,True,False
Ro Khanna,Democrat,House,CA,AMCR,2022-8-22,True,False
Ro Khanna,Democrat,House,CA,PINS,2022-8-22,True,False
Ro Khanna,Democrat,House,CA,MOS,2022-8-22,True,False
Ro Khanna,Democrat,House,CA,LUV,2022-8-22,True,False
Ro Khanna,Democrat,House,CA,EPAM,2022-8-22,True,False
Ro Khanna,Democrat,House,CA,SNAP,2022-8-22,True,False
Ro Khanna,Democrat,House,CA,KIM,2022-8-22,True,False
Ro Khanna,Democrat,House,CA,BXP,2022-8-22,True,False
Ro Khanna,Democrat,House,CA,MCHP,2022-8-22,True,False
Ro Khanna,Democrat,House,CA,ULTA,2022-8-22,True,False
Ro Khanna,Democrat,House,CA,XSP,2022-8-4,True,False
Ro Khanna,Democrat,House,CA,XSP,2022-8-4,False,True
Ro Khanna,Democrat,House,CA,XSP,2022-8-15,False,True
Ro Khanna,Democrat,House,CA,XSP,2022-8-11,False,True
Ro Khanna,Democrat,House,CA,T,2022-8-22,False,True
Ro Khanna,Democrat,House,CA,META,2022-8-22,False,True
Ro Khanna,Democrat,House,CA,BRK/B,2022-8-22,False,True
Ro Khanna,Democrat,House,CA,TMO,2022-8-22,False,True
Ro Khanna,Democrat,House,CA,LIN,2022-8-22,False,True
Ro Khanna,Democrat,House,CA,JNJ,2022-8-22,False,True
Ro Khanna,Democrat,House,CA,WBD,2022-8-22,False,True
Ro Khanna,Democrat,House,CA,GIS,2022-8-22,False,True
Ro Khanna,Democrat,House,CA,ISRG,2022-8-14,False,True
Ro Khanna,Democrat,House,CA,AMAT,2022-8-22,False,True
Ro Khanna,Democrat,House,CA,MAR,2022-8-22,False,True
Ro Khanna,Democrat,House,CA,FIS,2022-8-22,False,True
Ro Khanna,Democrat,House,CA,SPG,2022-8-22,False,True
Ro Khanna,Democrat,House,CA,STE,2022-8-22,False,True
Ro Khanna,Democrat,House,CA,NTRS,2022-8-22,False,True
Ro Khanna,Democrat,House,CA,STZ,2022-8-22,False,True
Ro Khanna,Democrat,House,CA,HLT,2022-8-22,False,True
Ro Khanna,Democrat,House,CA,KLAC,2022-8-22,False,True
Ro Khanna,Democrat,House,CA,PM,2022-8-22,False,True
Ro Khanna,Democrat,House,CA,KEY,2022-8-22,False,True
Ro Khanna,Democrat,House,CA,ORCL,2022-8-22,False,True
Ro Khanna,Democrat,House,CA,CME,2022-8-22,False,True
Ro Khanna,Democrat,House,CA,FTNT,2022-8-22,False,True
Ro Khanna,Democrat,House,CA,AZO,2022-8-22,False,True
Ro Khanna,Democrat,House,CA,CTVA,2022-8-22,False,True
Ro Khanna,Democrat,House,CA,ABBV,2022-8-22,False,True
Ro Khanna,Democrat,House,CA,MO,2022-8-22,False,True
Ro Khanna,Democrat,House,CA,EW,2022-8-22,False,True
Ro Khanna,Democrat,House,CA,CHTR,2022-8-22,False,True
Ro Khanna,Democrat,House,CA,HPE,2022-8-22,False,True
Ro Khanna,Democrat,House,CA,GM,2022-8-28,False,True
Ro Khanna,Democrat,House,CA,BALL,2022-8-22,False,True
Ro Khanna,Democrat,House,CA,TSN,2022-8-22,False,True
Ro Khanna,Democrat,House,CA,FITB,2022-8-22,False,True
Ro Khanna,Democrat,House,CA,EA,2022-8-22,False,True
Ro Khanna,Democrat,House,CA,HIG,2022-8-22,False,True
Ro Khanna,Democrat,House,CA,SBNY,2022-8-22,False,True
Ro Khanna,Democrat,House,CA,TER,2022-8-22,False,True
Ro Khanna,Democrat,House,CA,FMC,2022-8-22,False,True
Ro Khanna,Democrat,House,CA,SWK,2022-8-22,False,True
Ro Khanna,Democrat,House,CA,BWA,2022-8-22,False,True
Ro Khanna,Democrat,House,CA,IFF,2022-8-22,False,True
Ro Khanna,Democrat,House,CA,IBM,2022-8-22,False,True
Ro Khanna,Democrat,House,CA,IVZ,2022-8-22,False,True
Ro Khanna,Democrat,House,CA,WELL,2022-8-22,False,True
Ro Khanna,Democrat,House,CA,CE,2022-8-22,False,True
Ro Khanna,Democrat,House,CA,REG,2022-8-22,False,True
Ro Khanna,Democrat,House,CA,FSLY,2022-8-22,False,True
Ro Khanna,Democrat,House,CA,FIS,2022-8-22,False,True
Ro Khanna,Democrat,House,CA,DE,2022-8-28,False,True
Ro Khanna,Democrat,House,CA,YETI,2022-8-28,False,True
Ro Khanna,Democrat,House,CA,MUFG,2022-8-22,False,True
Ro Khanna,Democrat,House,CA,TNDM,2022-8-22,False,True
Ro Khanna,Democrat,House,CA,GMED,2022-8-22,False,True
Ro Khanna,Democrat,House,CA,WRB,2022-8-22,False,True
Ro Khanna,Democrat,House,CA,N/A,2022-8-21,True,False
Ro Khanna,Democrat,House,CA,TD,2022-8-18,True,False
Ro Khanna,Democrat,House,CA,N/A,2022-8-21,True,False
Ro Khanna,Democrat,House,CA,TD,2022-8-18,True,False
Ro Khanna,Democrat,House,CA,N/A,2022-8-21,True,False
Ro Khanna,Democrat,House,CA,TD,2022-8-18,True,False
Ro Khanna,Democrat,House,CA,GM,2022-8-22,True,False
Virginia Foxx,Republican,House,NC,AA,2022-8-1,True,False
Virginia Foxx,Republican,House,NC,AA,2022-8-3,True,False
Virginia Foxx,Republican,House,NC,AA,2022-8-18,True,False
Virginia Foxx,Republican,House,NC,AA,2022-8-21,True,False
Virginia Foxx,Republican,House,NC,AA,2022-8-29,True,False
Virginia Foxx,Republican,House,NC,AA,2022-8-30,True,False
Virginia Foxx,Republican,House,NC,T,2022-8-18,True,False
Virginia Foxx,Republican,House,NC,BTI,2022-8-22,True,False
Virginia Foxx,Republican,House,NC,FLNG,2022-7-31,True,False
Virginia Foxx,Republican,House,NC,FLNG,2022-8-3,True,False
Virginia Foxx,Republican,House,NC,FLNG,2022-8-22,True,False
Virginia Foxx,Republican,House,NC,FLNG,2022-8-25,True,False
Virginia Foxx,Republican,House,NC,GOGL,2022-8-16,True,False
Virginia Foxx,Republican,House,NC,GOGL,2022-8-17,True,False
Virginia Foxx,Republican,House,NC,GOGL,2022-8-18,True,False
Virginia Foxx,Republican,House,NC,GOGL,2022-8-21,True,False
Virginia Foxx,Republican,House,NC,GOGL,2022-8-23,True,False
Virginia Foxx,Republican,House,NC,GOGL,2022-8-25,True,False
Virginia Foxx,Republican,House,NC,GOGL,2022-8-28,True,False
Virginia Foxx,Republican,House,NC,GOGL,2022-8-29,True,False
Virginia Foxx,Republican,House,NC,GPP,2022-8-8,True,False
Virginia Foxx,Republican,House,NC,GPP,2022-8-25,True,False
Virginia Foxx,Republican,House,NC,GSK,2022-8-9,True,False
Virginia Foxx,Republican,House,NC,GSK,2022-8-15,True,False
Virginia Foxx,Republican,House,NC,GSK,2022-8-4,True,False
Virginia Foxx,Republican,House,NC,GSK,2022-8-8,True,False
Virginia Foxx,Republican,House,NC,HES,2022-8-2,True,False
Virginia Foxx,Republican,House,NC,HES,2022-8-3,True,False
Virginia Foxx,Republican,House,NC,IMKTA,2022-8-29,True,False
Virginia Foxx,Republican,House,NC,K,2022-8-21,True,False
Virginia Foxx,Republican,House,NC,KMI,2022-7-31,False,True
Virginia Foxx,Republican,House,NC,KNOP,2022-8-1,False,True
Virginia Foxx,Republican,House,NC,MOS,2022-7-31,True,False
Virginia Foxx,Republican,House,NC,MOS,2022-8-3,True,False
Virginia Foxx,Republican,House,NC,MOS,2022-8-4,True,False
Virginia Foxx,Republican,House,NC,NFG,2022-8-1,True,False
Virginia Foxx,Republican,House,NC,NFG,2022-8-2,True,False
Virginia Foxx,Republican,House,NC,NFG,2022-8-7,True,False
Virginia Foxx,Republican,House,NC,SJT,2022-8-24,True,False
Virginia Foxx,Republican,House,NC,SJT,2022-8-10,True,False
Virginia Foxx,Republican,House,NC,SJT,2022-8-18,True,False
Virginia Foxx,Republican,House,NC,SJT,2022-8-22,True,False
Virginia Foxx,Republican,House,NC,SJT,2022-8-23,True,False
Virginia Foxx,Republican,House,NC,SJT,2022-8-25,True,False
Virginia Foxx,Republican,House,NC,SJT,2022-8-28,True,False
Virginia Foxx,Republican,House,NC,SJT,2022-8-30,True,False
Virginia Foxx,Republican,House,NC,SIRE,2022-8-23,True,False
Virginia Foxx,Republican,House,NC,USDP,2022-8-29,True,False
Virginia Foxx,Republican,House,NC,VGR,2022-8-3,True,False
Virginia Foxx,Republican,House,NC,VGR,2022-8-4,True,False
Virginia Foxx,Republican,House,NC,VGR,2022-8-16,True,False
