Name,Party,Chamber,State,Ticker,Date,Buy,Sell
Michael McCaul,Republican,House,TX,N/A,2023-1-2,False,True
Michael McCaul,Republican,House,TX,KDP,2023-1-22,False,True
Michael McCaul,Republican,House,TX,AON,2023-1-9,False,True
Michael McCaul,Republican,House,TX,N/A,2023-1-2,False,True
Michael McCaul,Republican,House,TX,N/A,2023-1-2,False,True
Michael McCaul,Republican,House,TX,N/A,2023-1-2,False,True
Michael McCaul,Republican,House,TX,N/A,2023-1-2,False,True
Michael McCaul,Republican,House,TX,MSFT,2023-1-23,False,True
Michael McCaul,Republican,House,TX,MS,2023-1-5,False,True
Michael McCaul,Republican,House,TX,GEHC,2023-1-19,False,True
Michael McCaul,Republican,House,TX,N/A,2023-1-2,False,True
Michael McCaul,Republican,House,TX,N/A,2023-1-26,False,True
Michael McCaul,Republican,House,TX,N/A,2023-1-12,True,False
Michael McCaul,Republican,House,TX,N/A,2023-1-12,True,False
Michael McCaul,Republican,House,TX,N/A,2023-1-23,True,False
Michael McCaul,Republican,House,TX,N/A,2023-1-23,True,False
Michael McCaul,Republican,House,TX,N/A,2023-1-23,True,False
Michael McCaul,Republican,House,TX,VMFXX,2023-1-22,True,False
Michael McCaul,Republican,House,TX,FIS,2023-1-4,True,False
Michael McCaul,Republican,House,TX,INTC,2023-1-4,True,False
Michael McCaul,Republican,House,TX,CVS,2023-1-4,True,False
Michael McCaul,Republican,House,TX,CW,2023-1-22,False,True
Michael McCaul,Republican,House,TX,CW,2023-1-19,False,True
Michael McCaul,Republican,House,TX,CNHI,2023-1-23,False,True
Michael McCaul,Republican,House,TX,CW,2023-1-17,False,True
Michael McCaul,Republican,House,TX,COR,2023-1-4,False,True
Michael McCaul,Republican,House,TX,AIG,2023-1-4,False,True
Michael McCaul,Republican,House,TX,VWLUX,2023-1-2,True,False
Michael McCaul,Republican,House,TX,N/A,2023-1-4,True,False
Michael McCaul,Republican,House,TX,N/A,2023-1-2,True,False
Michael McCaul,Republican,House,TX,N/A,2023-1-10,True,False
Michael McCaul,Republican,House,TX,N/A,2023-1-16,True,False
Michael McCaul,Republican,House,TX,N/A,2023-1-16,True,False
Michael McCaul,Republican,House,TX,GE,2023-1-19,True,False
Michael McCaul,Republican,House,TX,N/A,2023-1-10,True,False
Michael McCaul,Republican,House,TX,N/A,2023-1-8,True,False
Michael McCaul,Republican,House,TX,N/A,2023-1-30,True,False
Michael McCaul,Republican,House,TX,VMFXX,2023-1-22,True,False
Michael McCaul,Republican,House,TX,ADSK,2023-1-16,True,False
Michael McCaul,Republican,House,TX,SEDG,2023-1-4,True,False
Michael McCaul,Republican,House,TX,FBIN,2023-1-12,True,False
Michael McCaul,Republican,House,TX,N/A,2023-1-3,True,False
Michael McCaul,Republican,House,TX,VMFXX,2023-1-22,True,False
Michael McCaul,Republican,House,TX,VMFXX,2023-1-22,True,False
Michael McCaul,Republican,House,TX,N/A,2023-1-2,False,True
Michael McCaul,Republican,House,TX,KW,2023-1-9,False,True
Michael McCaul,Republican,House,TX,AZEK,2023-1-12,False,True
Michael McCaul,Republican,House,TX,KBR,2023-1-9,False,True
Michael McCaul,Republican,House,TX,N/A,2023-1-2,False,True
Michael McCaul,Republican,House,TX,FIVE,2023-1-9,False,True
Michael McCaul,Republican,House,TX,N/A,2023-1-2,False,True
Michael McCaul,Republican,House,TX,N/A,2023-1-2,False,True
Michael McCaul,Republican,House,TX,KDP,2023-1-22,False,True
Michael McCaul,Republican,House,TX,AON,2023-1-9,False,True
Michael McCaul,Republican,House,TX,N/A,2023-1-2,False,True
Michael McCaul,Republican,House,TX,N/A,2023-1-2,False,True
Michael McCaul,Republican,House,TX,N/A,2023-1-2,False,True
Michael McCaul,Republican,House,TX,N/A,2023-1-2,False,True
Michael McCaul,Republican,House,TX,MSFT,2023-1-23,False,True
Michael McCaul,Republican,House,TX,MS,2023-1-5,False,True
Michael McCaul,Republican,House,TX,GEHC,2023-1-19,False,True
Michael McCaul,Republican,House,TX,N/A,2023-1-2,False,True
Michael McCaul,Republican,House,TX,N/A,2023-1-26,False,True
Michael McCaul,Republican,House,TX,N/A,2023-1-12,True,False
Michael McCaul,Republican,House,TX,N/A,2023-1-23,True,False
Michael McCaul,Republican,House,TX,N/A,2023-1-23,True,False
Michael McCaul,Republican,House,TX,N/A,2023-1-23,True,False
Michael McCaul,Republican,House,TX,VMFXX,2023-1-22,True,False
Michael McCaul,Republican,House,TX,FIS,2023-1-4,True,False
Michael McCaul,Republican,House,TX,INTC,2023-1-4,True,False
Michael McCaul,Republican,House,TX,CVS,2023-1-4,True,False
Michael McCaul,Republican,House,TX,CW,2023-1-22,False,True
Michael McCaul,Republican,House,TX,CW,2023-1-19,False,True
Michael McCaul,Republican,House,TX,CNHI,2023-1-23,False,True
Michael McCaul,Republican,House,TX,CW,2023-1-17,False,True
Michael McCaul,Republican,House,TX,COR,2023-1-4,False,True
Michael McCaul,Republican,House,TX,AIG,2023-1-4,False,True
Michael McCaul,Republican,House,TX,VWLUX,2023-1-2,True,False
Michael McCaul,Republican,House,TX,VMFXX,2023-1-22,True,False
Michael McCaul,Republican,House,TX,N/A,2023-1-12,True,False
Mark Green,Republican,House,TN,ET,2023-2-15,False,True
Michael Guest,Republican,House,MS,WTRG,2023-1-10,False,True
Michael Guest,Republican,House,MS,KMI,2023-1-10,False,True
Michael Guest,Republican,House,MS,PFE,2023-1-10,False,True
Daniel S. Goldman,Democrat,House,NY,MO,2023-1-30,True,False
Daniel S. Goldman,Democrat,House,NY,AMZN,2023-1-30,False,True
Daniel S. Goldman,Democrat,House,NY,AON,2023-1-30,True,False
Daniel S. Goldman,Democrat,House,NY,AAPL,2023-1-30,False,True
Daniel S. Goldman,Democrat,House,NY,APTV,2023-1-30,True,False
Daniel S. Goldman,Democrat,House,NY,ADM,2023-1-30,False,True
Daniel S. Goldman,Democrat,House,NY,ANET,2023-1-30,True,False
Daniel S. Goldman,Democrat,House,NY,ARWR,2023-1-30,False,True
Daniel S. Goldman,Democrat,House,NY,ALPMY,2023-1-12,False,True
Daniel S. Goldman,Democrat,House,NY,TEAM,2023-1-30,True,False
Daniel S. Goldman,Democrat,House,NY,N/A,2023-1-9,False,True
Daniel S. Goldman,Democrat,House,NY,BAC,2023-1-30,False,True
Daniel S. Goldman,Democrat,House,NY,APTV,2023-1-30,True,False
Daniel S. Goldman,Democrat,House,NY,ADM,2023-1-30,False,True
Daniel S. Goldman,Democrat,House,NY,ANET,2023-1-30,True,False
Daniel S. Goldman,Democrat,House,NY,ARWR,2023-1-30,False,True
Daniel S. Goldman,Democrat,House,NY,ALPMY,2023-1-12,False,True
Daniel S. Goldman,Democrat,House,NY,TEAM,2023-1-30,True,False
Daniel S. Goldman,Democrat,House,NY,N/A,2023-1-9,False,True
Daniel S. Goldman,Democrat,House,NY,BAC,2023-1-30,False,True
Daniel S. Goldman,Democrat,House,NY,BAYRY,2023-1-12,True,False
Daniel S. Goldman,Democrat,House,NY,BTI,2023-1-12,False,True
Daniel S. Goldman,Democrat,House,NY,AVGO,2023-1-30,True,False
Daniel S. Goldman,Democrat,House,NY,COF,2023-1-30,True,False
Daniel S. Goldman,Democrat,House,NY,CELH,2023-1-30,False,True
Daniel S. Goldman,Democrat,House,NY,CNC,2023-1-30,True,False
Daniel S. Goldman,Democrat,House,NY,CNP,2023-1-30,False,True
Daniel S. Goldman,Democrat,House,NY,SCHW,2023-1-30,False,True
Daniel S. Goldman,Democrat,House,NY,CHE,2023-1-30,False,True
Daniel S. Goldman,Democrat,House,NY,CTAS,2023-1-30,False,True
Daniel S. Goldman,Democrat,House,NY,CME,2023-1-30,True,False
Daniel S. Goldman,Democrat,House,NY,KO,2023-1-30,False,True
Daniel S. Goldman,Democrat,House,NY,CAG,2023-1-30,True,False
Daniel S. Goldman,Democrat,House,NY,CEG,2023-1-30,False,True
Daniel S. Goldman,Democrat,House,NY,COST,2023-1-30,False,True
Daniel S. Goldman,Democrat,House,NY,CVS,2023-1-30,True,False
Daniel S. Goldman,Democrat,House,NY,DAL,2023-1-30,True,False
Daniel S. Goldman,Democrat,House,NY,DNTUY,2023-1-12,True,False
Daniel S. Goldman,Democrat,House,NY,DEO,2023-1-12,True,False
Daniel S. Goldman,Democrat,House,NY,DG,2023-1-30,True,False
Daniel S. Goldman,Democrat,House,NY,DLTR,2023-1-30,True,False
Daniel S. Goldman,Democrat,House,NY,D,2023-1-30,True,False
Daniel S. Goldman,Democrat,House,NY,EWBC,2023-1-30,True,False
Daniel S. Goldman,Democrat,House,NY,ESALY,2023-1-12,False,True
Daniel S. Goldman,Democrat,House,NY,ESALY,2023-1-29,False,True
Daniel S. Goldman,Democrat,House,NY,LLY,2023-1-30,True,False
Daniel S. Goldman,Democrat,House,NY,ENVX,2023-1-30,False,True
Daniel S. Goldman,Democrat,House,NY,ENPH,2023-1-30,False,True
Daniel S. Goldman,Democrat,House,NY,EQR,2023-1-30,True,False
Daniel S. Goldman,Democrat,House,NY,EL,2023-1-30,False,True
Daniel S. Goldman,Democrat,House,NY,FANUY,2023-1-12,True,False
Daniel S. Goldman,Democrat,House,NY,FATE,2023-1-30,False,True
Daniel S. Goldman,Democrat,House,NY,FITB,2023-1-30,True,False
Daniel S. Goldman,Democrat,House,NY,F,2023-1-30,True,False
Daniel S. Goldman,Democrat,House,NY,GM,2023-1-30,True,False
Daniel S. Goldman,Democrat,House,NY,GVDNY,2023-1-12,False,True
Daniel S. Goldman,Democrat,House,NY,HLN,2023-1-12,True,False
Daniel S. Goldman,Democrat,House,NY,N/A,2023-1-16,True,False
Daniel S. Goldman,Democrat,House,NY,HTHIY,2023-1-12,False,True
Daniel S. Goldman,Democrat,House,NY,HZNP,2023-1-30,False,True
Daniel S. Goldman,Democrat,House,NY,HPQ,2023-1-30,True,False
Daniel S. Goldman,Democrat,House,NY,IDEXY,2023-1-12,False,True
Daniel S. Goldman,Democrat,House,NY,INTC,2023-1-30,True,False
Daniel S. Goldman,Democrat,House,NY,ISRG,2023-1-30,True,False
Daniel S. Goldman,Democrat,House,NY,INVH,2023-1-30,True,False
Daniel S. Goldman,Democrat,House,NY,9201,2023-1-12,False,True
Daniel S. Goldman,Democrat,House,NY,JAZZ,2023-1-30,False,True
Daniel S. Goldman,Democrat,House,NY,JNJ,2023-1-30,False,True
Daniel S. Goldman,Democrat,House,NY,KDDIY,2023-1-12,True,False
Daniel S. Goldman,Democrat,House,NY,KDP,2023-1-30,True,False
Daniel S. Goldman,Democrat,House,NY,KNBWY,2023-1-12,True,False
Daniel S. Goldman,Democrat,House,NY,KR,2023-1-30,False,True
Daniel S. Goldman,Democrat,House,NY,LHX,2023-1-30,True,False
Daniel S. Goldman,Democrat,House,NY,LIN,2023-1-30,False,True
Daniel S. Goldman,Democrat,House,NY,LMT,2023-1-30,True,False
Daniel S. Goldman,Democrat,House,NY,LOGI,2023-1-12,False,True
Daniel S. Goldman,Democrat,House,NY,LCID,2023-1-30,True,False
Daniel S. Goldman,Democrat,House,NY,MTB,2023-1-30,True,False
Daniel S. Goldman,Democrat,House,NY,MAXR,2023-1-30,False,True
Daniel S. Goldman,Democrat,House,NY,MDT,2023-1-30,True,False
Daniel S. Goldman,Democrat,House,NY,MRK,2023-1-30,True,False
Daniel S. Goldman,Democrat,House,NY,MSFT,2023-1-30,False,True
Daniel S. Goldman,Democrat,House,NY,MDLZ,2023-1-30,True,False
Daniel S. Goldman,Democrat,House,NY,MSADY,2023-1-12,True,False
Daniel S. Goldman,Democrat,House,NY,N/A,2023-1-17,True,False
Daniel S. Goldman,Democrat,House,NY,N/A,2023-1-16,True,False
Daniel S. Goldman,Democrat,House,NY,N/A,2023-1-9,False,True
Daniel S. Goldman,Democrat,House,NY,N/A,2023-1-9,False,True
Daniel S. Goldman,Democrat,House,NY,NEE,2023-1-30,False,True
Daniel S. Goldman,Democrat,House,NY,NICE,2023-1-12,False,True
Daniel S. Goldman,Democrat,House,NY,NOC,2023-1-30,False,True
Daniel S. Goldman,Democrat,House,NY,N/A,2023-1-9,False,True
Daniel S. Goldman,Democrat,House,NY,PSO,2023-1-12,False,True
Daniel S. Goldman,Democrat,House,NY,PEP,2023-1-30,False,True
Daniel S. Goldman,Democrat,House,NY,PLUG,2023-1-30,True,False
Daniel S. Goldman,Democrat,House,NY,PG,2023-1-30,True,False
Daniel S. Goldman,Democrat,House,NY,PEG,2023-1-30,True,False
Daniel S. Goldman,Democrat,House,NY,RJF,2023-1-30,True,False
Daniel S. Goldman,Democrat,House,NY,RTX,2023-1-30,False,True
Daniel S. Goldman,Democrat,House,NY,RIVN,2023-1-30,True,False
Daniel S. Goldman,Democrat,House,NY,RBLX,2023-1-30,True,False
Daniel S. Goldman,Democrat,House,NY,RHHBY,2023-1-12,True,False
Daniel S. Goldman,Democrat,House,NY,RDSMY,2023-1-23,False,True
Daniel S. Goldman,Democrat,House,NY,CRM,2023-1-30,True,False
Daniel S. Goldman,Democrat,House,NY,SRPT,2023-1-30,False,True
Daniel S. Goldman,Democrat,House,NY,SBAC,2023-1-30,True,False
Daniel S. Goldman,Democrat,House,NY,SBCF,2023-1-30,False,True
Daniel S. Goldman,Democrat,House,NY,SVNDY,2023-1-12,True,False
Daniel S. Goldman,Democrat,House,NY,SHW,2023-1-30,True,False
Daniel S. Goldman,Democrat,House,NY,SSDOY,2023-1-12,True,False
Daniel S. Goldman,Democrat,House,NY,SWAV,2023-1-30,False,True
Daniel S. Goldman,Democrat,House,NY,SNOW,2023-1-30,False,True
Daniel S. Goldman,Democrat,House,NY,SMPNY,2023-1-12,False,True
Daniel S. Goldman,Democrat,House,NY,SR,2023-1-30,True,False
Daniel S. Goldman,Democrat,House,NY,SOMMY,2023-1-12,True,False
Daniel S. Goldman,Democrat,House,NY,SPWR,2023-1-30,False,True
Daniel S. Goldman,Democrat,House,NY,STBFY,2023-1-12,True,False
Daniel S. Goldman,Democrat,House,NY,SYNH,2023-1-30,False,True
Daniel S. Goldman,Democrat,House,NY,SYY,2023-1-30,True,False
Daniel S. Goldman,Democrat,House,NY,N/A,2023-1-9,False,True
Daniel S. Goldman,Democrat,House,NY,TSLA,2023-1-30,False,True
Daniel S. Goldman,Democrat,House,NY,TTD,2023-1-30,True,False
Daniel S. Goldman,Democrat,House,NY,TKOMY,2023-1-12,False,True
Daniel S. Goldman,Democrat,House,NY,TRYIY,2023-1-12,True,False
Daniel S. Goldman,Democrat,House,NY,TOSYY,2023-1-12,True,False
Daniel S. Goldman,Democrat,House,NY,USB,2023-1-30,True,False
Daniel S. Goldman,Democrat,House,NY,UL,2023-1-12,True,False
Daniel S. Goldman,Democrat,House,NY,UNP,2023-1-30,False,True
Daniel S. Goldman,Democrat,House,NY,UAL,2023-1-30,True,False
Daniel S. Goldman,Democrat,House,NY,URI,2023-1-30,True,False
Daniel S. Goldman,Democrat,House,NY,UNH,2023-1-30,False,True
Daniel S. Goldman,Democrat,House,NY,VFC,2023-1-30,False,True
Daniel S. Goldman,Democrat,House,NY,VZ,2023-1-30,True,False
Daniel S. Goldman,Democrat,House,NY,VTRS,2023-1-30,True,False
Daniel S. Goldman,Democrat,House,NY,VOD,2023-1-12,True,False
Daniel S. Goldman,Democrat,House,NY,WJRYY,2023-1-12,True,False
Daniel S. Goldman,Democrat,House,NY,WPM,2023-1-30,False,True
Daniel S. Goldman,Democrat,House,NY,ZTS,2023-1-30,True,False
Daniel S. Goldman,Democrat,House,NY,ZURVY,2023-1-12,False,True
Rick Scott,Republican,Senate,FL,N/A,2023-1-25,True,False
Rick Scott,Republican,Senate,FL,N/A,2023-1-25,True,False
Debbie Wasserman Schultz,Democrat,House,FL,AGI,2023-1-23,False,True
Debbie Wasserman Schultz,Democrat,House,FL,AGI,2023-1-23,False,True
Jeff Jackson,Democrat,House,NC,$ANKR,2023-1-28,False,True
Jeff Jackson,Democrat,House,NC,$ADA,2023-1-28,False,True
Neal Dunn,Republican,House,FL,KEY,2023-1-4,False,True
Neal Dunn,Republican,House,FL,RF,2023-1-4,False,True
Neal Dunn,Republican,House,FL,SO,2023-1-4,False,True
Neal Dunn,Republican,House,FL,SO,2023-1-4,False,True
Josh Gottheimer,Democrat,House,NJ,ABBV,2023-1-26,False,True
Josh Gottheimer,Democrat,House,NJ,ABBV,2023-1-19,False,True
Josh Gottheimer,Democrat,House,NJ,ADBE,2023-1-30,True,False
Josh Gottheimer,Democrat,House,NJ,ALGN,2023-1-26,True,False
Josh Gottheimer,Democrat,House,NJ,ALGM,2023-1-22,True,False
Josh Gottheimer,Democrat,House,NJ,ALIZY,2023-1-10,False,True
Josh Gottheimer,Democrat,House,NJ,GOOGL,2023-1-26,False,True
Josh Gottheimer,Democrat,House,NJ,GOOGL,2023-1-19,True,False
Josh Gottheimer,Democrat,House,NJ,AMGN,2023-1-26,False,True
Josh Gottheimer,Democrat,House,NJ,AAPL,2023-1-26,False,True
Josh Gottheimer,Democrat,House,NJ,AAPL,2023-1-19,False,True
Josh Gottheimer,Democrat,House,NJ,AAPL,2023-1-12,False,True
Josh Gottheimer,Democrat,House,NJ,AAPL,2023-1-10,True,False
Josh Gottheimer,Democrat,House,NJ,ADP,2023-1-10,True,False
Josh Gottheimer,Democrat,House,NJ,ADP,2023-1-16,False,True
Josh Gottheimer,Democrat,House,NJ,ADP,2023-1-30,False,True
Josh Gottheimer,Democrat,House,NJ,AZO,2023-1-12,False,True
Josh Gottheimer,Democrat,House,NJ,BHP,2023-1-10,False,True
Josh Gottheimer,Democrat,House,NJ,BLK,2023-1-10,False,True
Josh Gottheimer,Democrat,House,NJ,BX,2023-1-26,True,False
Josh Gottheimer,Democrat,House,NJ,SQ,2023-1-19,True,False
Josh Gottheimer,Democrat,House,NJ,SQ,2023-1-30,True,False
Josh Gottheimer,Democrat,House,NJ,SQ,2023-1-26,True,False
Josh Gottheimer,Democrat,House,NJ,COF,2023-1-26,True,False
Josh Gottheimer,Democrat,House,NJ,SCHW,2023-1-17,True,False
Josh Gottheimer,Democrat,House,NJ,CINF,2023-1-10,False,True
Josh Gottheimer,Democrat,House,NJ,CSCO,2023-1-10,False,True
Josh Gottheimer,Democrat,House,NJ,KO,2023-1-12,False,True
Josh Gottheimer,Democrat,House,NJ,KO,2023-1-19,False,True
Josh Gottheimer,Democrat,House,NJ,KO,2023-1-30,False,True
Josh Gottheimer,Democrat,House,NJ,COP,2023-1-10,True,False
Josh Gottheimer,Democrat,House,NJ,DBSDY,2023-1-10,False,True
Josh Gottheimer,Democrat,House,NJ,DE,2023-1-10,True,False
Josh Gottheimer,Democrat,House,NJ,LLY,2023-1-10,True,False
Josh Gottheimer,Democrat,House,NJ,LLY,2023-1-30,False,True
Josh Gottheimer,Democrat,House,NJ,LLY,2023-1-26,False,True
Josh Gottheimer,Democrat,House,NJ,ETSY,2023-1-10,True,False
Josh Gottheimer,Democrat,House,NJ,EXAS,2023-1-19,True,False
Josh Gottheimer,Democrat,House,NJ,FAST,2023-1-10,False,True
Josh Gottheimer,Democrat,House,NJ,FIS,2023-1-10,True,False
Josh Gottheimer,Democrat,House,NJ,FCX,2023-1-10,True,False
Josh Gottheimer,Democrat,House,NJ,GMED,2023-1-10,False,True
Josh Gottheimer,Democrat,House,NJ,HCA,2023-1-26,False,True
Josh Gottheimer,Democrat,House,NJ,HLI,2023-1-10,False,True
Josh Gottheimer,Democrat,House,NJ,HUBS,2023-1-26,True,False
Josh Gottheimer,Democrat,House,NJ,ICFI,2023-1-10,False,True
Josh Gottheimer,Democrat,House,NJ,IBM,2023-1-19,False,True
Josh Gottheimer,Democrat,House,NJ,IBM,2023-1-30,False,True
Josh Gottheimer,Democrat,House,NJ,IBM,2023-1-10,True,False
Josh Gottheimer,Democrat,House,NJ,JNJ,2023-1-10,False,True
Josh Gottheimer,Democrat,House,NJ,LRCX,2023-1-10,False,True
Josh Gottheimer,Democrat,House,NJ,MTSI,2023-1-22,False,True
Josh Gottheimer,Democrat,House,NJ,MTSI,2023-1-10,False,True
Josh Gottheimer,Democrat,House,NJ,MA,2023-1-19,True,False
Josh Gottheimer,Democrat,House,NJ,MA,2023-1-11,True,False
Josh Gottheimer,Democrat,House,NJ,MTCH,2023-1-30,True,False
Josh Gottheimer,Democrat,House,NJ,MCK,2023-1-30,False,True
Josh Gottheimer,Democrat,House,NJ,MELI,2023-1-30,True,False
Josh Gottheimer,Democrat,House,NJ,MELI,2023-1-16,True,False
Josh Gottheimer,Democrat,House,NJ,MRK,2023-1-10,False,True
Josh Gottheimer,Democrat,House,NJ,META,2023-1-30,True,False
Josh Gottheimer,Democrat,House,NJ,META,2023-1-26,True,False
Josh Gottheimer,Democrat,House,NJ,MSFT,2023-1-26,False,True
Josh Gottheimer,Democrat,House,NJ,MSFT,2023-1-3,False,True
Josh Gottheimer,Democrat,House,NJ,MSFT,2023-1-3,False,True
Josh Gottheimer,Democrat,House,NJ,MSFT,2023-1-3,False,True
Josh Gottheimer,Democrat,House,NJ,MSFT,2023-1-3,True,False
Josh Gottheimer,Democrat,House,NJ,MSFT,2023-1-3,True,False
Josh Gottheimer,Democrat,House,NJ,MSFT,2023-1-3,True,False
Josh Gottheimer,Democrat,House,NJ,MNST,2023-1-10,True,False
Josh Gottheimer,Democrat,House,NJ,MSCI,2023-1-10,False,True
Josh Gottheimer,Democrat,House,NJ,NFLX,2023-1-10,True,False
Josh Gottheimer,Democrat,House,NJ,NFLX,2023-1-19,True,False
Josh Gottheimer,Democrat,House,NJ,ORCL,2023-1-10,True,False
Josh Gottheimer,Democrat,House,NJ,PAYX,2023-1-10,False,True
Josh Gottheimer,Democrat,House,NJ,ROK,2023-1-11,True,False
Josh Gottheimer,Democrat,House,NJ,CRM,2023-1-12,True,False
Josh Gottheimer,Democrat,House,NJ,SHOP,2023-1-16,True,False
Josh Gottheimer,Democrat,House,NJ,SHOP,2023-1-30,True,False
Josh Gottheimer,Democrat,House,NJ,SHOP,2023-1-22,True,False
Josh Gottheimer,Democrat,House,NJ,SNAP,2023-1-30,True,False
Josh Gottheimer,Democrat,House,NJ,SYNH,2023-1-22,False,True
Josh Gottheimer,Democrat,House,NJ,TCEHY,2023-1-10,False,True
Josh Gottheimer,Democrat,House,NJ,TSLA,2023-1-26,True,False
Josh Gottheimer,Democrat,House,NJ,TMO,2023-1-10,False,True
Josh Gottheimer,Democrat,House,NJ,UPS,2023-1-30,False,True
Josh Gottheimer,Democrat,House,NJ,UNH,2023-1-30,False,True
Josh Gottheimer,Democrat,House,NJ,UNH,2023-1-16,False,True
Josh Gottheimer,Democrat,House,NJ,WDAY,2023-1-22,True,False
Suzan DelBene,Democrat,House,WA,N/A,2023-2-8,False,True
Suzan DelBene,Democrat,House,WA,N/A,2023-2-7,True,False
Suzan DelBene,Democrat,House,WA,N/A,2023-2-1,True,False
Pete Ricketts,Republican,Senate,NE,N/A,2023-2-8,True,False
Pete Ricketts,Republican,Senate,NE,N/A,2023-2-5,False,True
Pete Ricketts,Republican,Senate,NE,N/A,2023-1-25,False,True
Pete Ricketts,Republican,Senate,NE,N/A,2023-1-23,False,True
Pete Ricketts,Republican,Senate,NE,N/A,2023-1-17,False,True
Gary Peters,Democrat,Senate,MI,N/A,2023-2-2,True,False
Gary Peters,Democrat,Senate,MI,N/A,2023-2-8,True,False
Maria Elvira Salazar,Republican,House,FL,N/A,2023-1-27,True,False
Maria Elvira Salazar,Republican,House,FL,N/A,2023-1-18,False,True
Maria Elvira Salazar,Republican,House,FL,N/A,2023-1-26,True,False
Chuck Fleischmann,Republican,House,TN,IAU,2023-1-22,False,True
Chuck Fleischmann,Republican,House,TN,SHY,2023-1-22,False,True
Chuck Fleischmann,Republican,House,TN,HYBB,2023-1-22,False,True
Chuck Fleischmann,Republican,House,TN,CALF,2023-1-22,True,False
Chuck Fleischmann,Republican,House,TN,ZROZ,2023-1-22,False,True
Chuck Fleischmann,Republican,House,TN,SPDW,2023-1-22,True,False
Chuck Fleischmann,Republican,House,TN,SLYG,2023-1-22,True,False
Chuck Fleischmann,Republican,House,TN,SLYV,2023-1-22,False,True
Chuck Fleischmann,Republican,House,TN,XME,2023-1-22,True,False
Chuck Fleischmann,Republican,House,TN,MDYV,2023-1-22,False,True
Chuck Fleischmann,Republican,House,TN,XLV,2023-1-22,False,True
Chuck Fleischmann,Republican,House,TN,XLP,2023-1-22,False,True
Chuck Fleischmann,Republican,House,TN,XLI,2023-1-22,True,False
Chuck Fleischmann,Republican,House,TN,GLDM,2023-1-22,True,False
Rob Wittman,Republican,House,VA,ANAGX,2023-1-16,True,False
Rob Wittman,Republican,House,VA,BAX,2023-1-19,False,True
Rob Wittman,Republican,House,VA,ELV,2023-1-2,False,True
Rob Wittman,Republican,House,VA,HLMIX,2023-1-19,True,False
Rob Wittman,Republican,House,VA,HLMIX,2023-1-3,True,False
Rob Wittman,Republican,House,VA,USMV,2023-1-3,False,True
Rob Wittman,Republican,House,VA,MWTIX,2023-1-16,True,False
Rob Wittman,Republican,House,VA,BND,2023-1-16,False,True
Rob Wittman,Republican,House,VA,BNDX,2023-1-16,False,True
Rob Wittman,Republican,House,VA,JVIAX,2023-1-3,False,True
Kevin Hern,Republican,House,OK,ACN,2023-1-30,False,True
Kevin Hern,Republican,House,OK,ADBE,2023-1-30,False,True
Kevin Hern,Republican,House,OK,AMZN,2023-1-30,False,True
Kevin Hern,Republican,House,OK,AMT,2023-1-30,False,True
Kevin Hern,Republican,House,OK,BLK,2023-1-30,False,True
Kevin Hern,Republican,House,OK,BA,2023-1-30,False,True
Kevin Hern,Republican,House,OK,CB,2023-1-30,False,True
Kevin Hern,Republican,House,OK,KO,2023-1-30,False,True
Kevin Hern,Republican,House,OK,CMCSA,2023-1-30,False,True
Kevin Hern,Republican,House,OK,COST,2023-1-30,False,True
Kevin Hern,Republican,House,OK,DHR,2023-1-30,False,True
Kevin Hern,Republican,House,OK,DG,2023-1-30,False,True
Kevin Hern,Republican,House,OK,ECL,2023-1-30,False,True
Kevin Hern,Republican,House,OK,EXAS,2023-1-30,False,True
Kevin Hern,Republican,House,OK,N/A,2023-1-29,True,False
Kevin Hern,Republican,House,OK,FMCC,2023-1-29,True,False
Kevin Hern,Republican,House,OK,FSEN,2023-1-16,True,False
Kevin Hern,Republican,House,OK,HD,2023-1-30,False,True
Kevin Hern,Republican,House,OK,HON,2023-1-30,False,True
Kevin Hern,Republican,House,OK,ICLR,2023-1-30,False,True
Kevin Hern,Republican,House,OK,INRE,2023-1-8,True,False
Kevin Hern,Republican,House,OK,INTC,2023-1-30,False,True
Kevin Hern,Republican,House,OK,ICE,2023-1-30,False,True
Kevin Hern,Republican,House,OK,JNJ,2023-1-30,False,True
Kevin Hern,Republican,House,OK,JPM,2023-1-30,False,True
Kevin Hern,Republican,House,OK,JPM,2023-1-30,True,False
Kevin Hern,Republican,House,OK,LIN,2023-1-30,False,True
Kevin Hern,Republican,House,OK,LMT,2023-1-30,False,True
Kevin Hern,Republican,House,OK,LOW,2023-1-30,False,True
Kevin Hern,Republican,House,OK,MDT,2023-1-30,False,True
Kevin Hern,Republican,House,OK,MSFT,2023-1-30,False,True
Kevin Hern,Republican,House,OK,MSFT,2023-1-3,False,True
Kevin Hern,Republican,House,OK,MDLZ,2023-1-30,False,True
Kevin Hern,Republican,House,OK,NEE,2023-1-30,False,True
Kevin Hern,Republican,House,OK,NVS,2023-1-30,False,True
Kevin Hern,Republican,House,OK,ORLY,2023-1-30,False,True
Kevin Hern,Republican,House,OK,PH,2023-1-30,False,True
Kevin Hern,Republican,House,OK,PSX,2023-1-30,False,True
Kevin Hern,Republican,House,OK,PG,2023-1-30,False,True
Kevin Hern,Republican,House,OK,RTX,2023-1-30,False,True
Kevin Hern,Republican,House,OK,RSG,2023-1-30,False,True
Kevin Hern,Republican,House,OK,ROK,2023-1-30,False,True
Kevin Hern,Republican,House,OK,CRM,2023-1-30,False,True
Kevin Hern,Republican,House,OK,TXN,2023-1-30,False,True
Kevin Hern,Republican,House,OK,TMO,2023-1-30,False,True
Kevin Hern,Republican,House,OK,TJX,2023-1-30,False,True
Kevin Hern,Republican,House,OK,N/A,2023-1-29,True,False
Kevin Hern,Republican,House,OK,V,2023-1-30,False,True
Deborah Ross,Democrat,House,NC,MSFT,2023-1-29,False,True
Deborah Ross,Democrat,House,NC,MSFT,2023-1-31,False,True
John Curtis,Republican,House,UT,N/A,2023-1-26,True,False
Steve Cohen,Democrat,House,TN,FHWVOX,2023-2-5,True,False
Tommy Tuberville,Republican,Senate,AL,GOLD,2023-1-22,True,False
Tommy Tuberville,Republican,Senate,AL,CLF,2023-1-17,False,True
Tommy Tuberville,Republican,Senate,AL,CLF,2023-1-17,False,True
Tommy Tuberville,Republican,Senate,AL,CLF,2023-1-17,True,False
Tommy Tuberville,Republican,Senate,AL,UAA,2023-1-12,True,False
Tommy Tuberville,Republican,Senate,AL,CLF,2023-1-11,False,True
Tommy Tuberville,Republican,Senate,AL,V,2023-1-10,False,True
Tommy Tuberville,Republican,Senate,AL,KO,2023-1-10,False,True
Tommy Tuberville,Republican,Senate,AL,AAPL,2023-1-10,False,True
Tommy Tuberville,Republican,Senate,AL,TXN,2023-1-10,False,True
Tommy Tuberville,Republican,Senate,AL,CLF,2023-1-4,False,True
Tommy Tuberville,Republican,Senate,AL,CLF,2023-1-4,False,True
Tommy Tuberville,Republican,Senate,AL,CLF,2023-1-4,False,True
Tommy Tuberville,Republican,Senate,AL,X,2023-1-4,True,False
Tommy Tuberville,Republican,Senate,AL,X,2023-1-4,False,True
Tommy Tuberville,Republican,Senate,AL,X,2023-1-4,False,True
Tommy Tuberville,Republican,Senate,AL,X,2023-1-4,False,True
Tommy Tuberville,Republican,Senate,AL,X,2023-1-4,False,True
Tommy Tuberville,Republican,Senate,AL,X,2023-1-4,False,True
Tommy Tuberville,Republican,Senate,AL,CLF,2023-1-4,False,True
Tommy Tuberville,Republican,Senate,AL,N/A,2023-1-29,True,False
Tommy Tuberville,Republican,Senate,AL,N/A,2023-1-24,True,False
Tommy Tuberville,Republican,Senate,AL,N/A,2023-1-17,True,False
Tommy Tuberville,Republican,Senate,AL,N/A,2023-1-9,False,True
Dan Sullivan,Republican,Senate,AK,ULTA,2023-1-9,False,True
Dan Sullivan,Republican,Senate,AK,PXD,2023-1-9,False,True
Dan Sullivan,Republican,Senate,AK,JPM,2023-1-9,False,True
Dan Sullivan,Republican,Senate,AK,CVS,2023-1-9,False,True
Dan Sullivan,Republican,Senate,AK,BMY,2023-1-9,False,True
Dan Sullivan,Republican,Senate,AK,BKNG,2023-1-9,False,True
Dan Sullivan,Republican,Senate,AK,ZTS,2023-1-9,True,False
Dan Sullivan,Republican,Senate,AK,AMZN,2023-1-9,True,False
Dan Sullivan,Republican,Senate,AK,ALGN,2023-1-9,True,False
Thomas Kean Jr,Republican,House,NJ,AON,2023-1-26,False,True
Thomas Kean Jr,Republican,House,NJ,BAC,2023-1-26,True,False
Thomas Kean Jr,Republican,House,NJ,JNJ,2023-1-26,False,True
Thomas Kean Jr,Republican,House,NJ,MKL,2023-1-9,False,True
Thomas Kean Jr,Republican,House,NJ,SPGI,2023-1-9,False,True
Thomas Kean Jr,Republican,House,NJ,SPGI,2023-1-26,False,True
Thomas Kean Jr,Republican,House,NJ,SYK,2023-1-9,False,True
Thomas Kean Jr,Republican,House,NJ,SYK,2023-1-26,False,True
Thomas Kean Jr,Republican,House,NJ,TTWO,2023-1-17,True,False
Thomas Kean Jr,Republican,House,NJ,N/A,2023-1-18,True,False
Thomas Kean Jr,Republican,House,NJ,N/A,2023-1-14,False,True
Scott Peters,Democrat,House,CA,N/A,2022-12-31,False,True
Scott Peters,Democrat,House,CA,N/A,2023-1-2,False,True
Chris Coons,Democrat,Senate,DE,N/A,2023-2-2,False,True
Chris Coons,Democrat,Senate,DE,N/A,2023-1-30,False,True
Shri Thanedar,Democrat,House,MI,AXP,2023-1-22,False,True
Shri Thanedar,Democrat,House,MI,AXP,2023-1-22,False,True
Shri Thanedar,Democrat,House,MI,AXP,2023-1-22,False,True
Shri Thanedar,Democrat,House,MI,APO,2023-1-22,False,True
Shri Thanedar,Democrat,House,MI,APO,2023-1-22,False,True
Shri Thanedar,Democrat,House,MI,APO,2023-1-22,False,True
Shri Thanedar,Democrat,House,MI,BIIB,2023-1-22,False,True
Shri Thanedar,Democrat,House,MI,BX,2023-1-22,False,True
Shri Thanedar,Democrat,House,MI,CHRS,2023-1-22,False,True
Shri Thanedar,Democrat,House,MI,COIN,2022-12-19,False,True
Shri Thanedar,Democrat,House,MI,CMPS,2023-1-22,False,True
Shri Thanedar,Democrat,House,MI,JD,2022-4-21,False,True
Shri Thanedar,Democrat,House,MI,BEKE,2022-6-23,False,True
Shri Thanedar,Democrat,House,MI,KKR,2023-1-22,False,True
Shri Thanedar,Democrat,House,MI,SBUX,2023-1-22,False,True
Shri Thanedar,Democrat,House,MI,SBUX,2023-1-22,False,True
Shri Thanedar,Democrat,House,MI,SBUX,2023-1-22,False,True
Shri Thanedar,Democrat,House,MI,TCEHY,2022-4-21,False,True
Shri Thanedar,Democrat,House,MI,TME,2022-4-21,False,True
Shri Thanedar,Democrat,House,MI,TSLA,2022-7-31,False,True
Shri Thanedar,Democrat,House,MI,TSLA,2023-1-22,False,True
Shri Thanedar,Democrat,House,MI,TSLA,2023-1-22,False,True
Shri Thanedar,Democrat,House,MI,CG,2023-1-22,False,True
Shri Thanedar,Democrat,House,MI,CG,2023-1-22,False,True
Shri Thanedar,Democrat,House,MI,CG,2023-1-22,False,True
Shri Thanedar,Democrat,House,MI,WMT,2023-1-22,False,True
Shri Thanedar,Democrat,House,MI,WMT,2023-1-22,False,True
Michael Burgess,Republican,House,TX,DIS,2023-1-19,False,True
Nicole Malliotakis,Republican,House,NY,N/A,2023-2-5,True,False
Nicole Malliotakis,Republican,House,NY,VZ,2023-2-5,True,False
Max Miller,Republican,House,OH,N/A,2023-1-16,False,True
Max Miller,Republican,House,OH,N/A,2023-1-16,False,True
Max Miller,Republican,House,OH,N/A,2023-1-5,True,False
Ro Khanna,Democrat,House,CA,AMZN,2023-1-9,True,False
Ro Khanna,Democrat,House,CA,DT,2023-1-11,False,True
Ro Khanna,Democrat,House,CA,CDNS,2023-1-19,True,False
Ro Khanna,Democrat,House,CA,DT,2023-1-26,False,True
Ro Khanna,Democrat,House,CA,N/A,2022-12-31,True,False
Ro Khanna,Democrat,House,CA,PEP,2023-1-10,True,False
Ro Khanna,Democrat,House,CA,GM,2023-1-10,True,False
Ro Khanna,Democrat,House,CA,KKR,2023-1-10,True,False
Ro Khanna,Democrat,House,CA,AIG,2023-1-10,True,False
Ro Khanna,Democrat,House,CA,BAC,2023-1-10,True,False
Ro Khanna,Democrat,House,CA,AMZN,2023-1-10,True,False
Ro Khanna,Democrat,House,CA,GOOGL,2023-1-10,True,False
Ro Khanna,Democrat,House,CA,HUM,2023-1-10,True,False
Ro Khanna,Democrat,House,CA,PFE,2023-1-10,True,False
Ro Khanna,Democrat,House,CA,DHR,2023-1-5,True,False
Ro Khanna,Democrat,House,CA,NKE,2023-1-5,True,False
Ro Khanna,Democrat,House,CA,GEHC,2023-1-10,False,True
Ro Khanna,Democrat,House,CA,APTV,2023-1-5,False,True
Ro Khanna,Democrat,House,CA,MMC,2023-1-3,False,True
Ro Khanna,Democrat,House,CA,HUM,2023-1-29,False,True
Ro Khanna,Democrat,House,CA,CTSH,2023-1-29,False,True
Ro Khanna,Democrat,House,CA,WAB,2023-1-2,False,True
Ro Khanna,Democrat,House,CA,MRK,2023-1-2,False,True
Ro Khanna,Democrat,House,CA,NVR,2023-1-17,False,True
Ro Khanna,Democrat,House,CA,GOOGL,2023-1-10,True,False
Ro Khanna,Democrat,House,CA,COST,2023-1-10,True,False
Ro Khanna,Democrat,House,CA,AAPL,2023-1-10,True,False
Ro Khanna,Democrat,House,CA,PFE,2023-1-10,True,False
Ro Khanna,Democrat,House,CA,MCD,2023-1-10,True,False
Ro Khanna,Democrat,House,CA,AMZN,2023-1-10,True,False
Ro Khanna,Democrat,House,CA,MRK,2023-1-10,True,False
Ro Khanna,Democrat,House,CA,CRM,2023-1-10,True,False
Ro Khanna,Democrat,House,CA,MDT,2023-1-10,True,False
Ro Khanna,Democrat,House,CA,DIS,2023-1-10,True,False
Ro Khanna,Democrat,House,CA,VZ,2023-1-10,True,False
Ro Khanna,Democrat,House,CA,INTC,2023-1-10,True,False
Ro Khanna,Democrat,House,CA,MCK,2023-1-10,True,False
Ro Khanna,Democrat,House,CA,MU,2023-1-10,True,False
Ro Khanna,Democrat,House,CA,C,2023-1-10,True,False
Ro Khanna,Democrat,House,CA,ADBE,2023-1-10,True,False
Ro Khanna,Democrat,House,CA,TSN,2023-1-10,True,False
Ro Khanna,Democrat,House,CA,UNH,2023-1-19,True,False
Ro Khanna,Democrat,House,CA,BRK/B,2023-1-10,True,False
Ro Khanna,Democrat,House,CA,CCI,2023-1-10,True,False
Ro Khanna,Democrat,House,CA,LH,2023-1-10,True,False
Ro Khanna,Democrat,House,CA,PFE,2023-1-4,True,False
Ro Khanna,Democrat,House,CA,TGT,2023-1-10,True,False
Ro Khanna,Democrat,House,CA,F,2023-1-19,True,False
Ro Khanna,Democrat,House,CA,MOH,2023-1-10,True,False
Ro Khanna,Democrat,House,CA,VRTX,2023-1-10,True,False
Ro Khanna,Democrat,House,CA,CME,2023-1-10,True,False
Ro Khanna,Democrat,House,CA,CHE,2023-1-10,True,False
Ro Khanna,Democrat,House,CA,BAX,2023-1-10,True,False
Ro Khanna,Democrat,House,CA,COST,2023-1-4,True,False
Ro Khanna,Democrat,House,CA,UHS,2023-1-10,True,False
Ro Khanna,Democrat,House,CA,USB,2023-1-10,True,False
Ro Khanna,Democrat,House,CA,AMED,2023-1-10,True,False
Ro Khanna,Democrat,House,CA,DIS,2023-1-19,True,False
Ro Khanna,Democrat,House,CA,NOW,2023-1-10,True,False
Ro Khanna,Democrat,House,CA,WELL,2023-1-10,True,False
Ro Khanna,Democrat,House,CA,ADBE,2023-1-4,True,False
Ro Khanna,Democrat,House,CA,COR,2023-1-10,True,False
Ro Khanna,Democrat,House,CA,VEEV,2023-1-10,True,False
Ro Khanna,Democrat,House,CA,GEHC,2023-1-10,True,False
Ro Khanna,Democrat,House,CA,GM,2023-1-10,True,False
Ro Khanna,Democrat,House,CA,TDOC,2023-1-10,True,False
Ro Khanna,Democrat,House,CA,LCID,2023-1-10,True,False
Ro Khanna,Democrat,House,CA,HCA,2023-1-10,True,False
Ro Khanna,Democrat,House,CA,SHW,2023-1-10,True,False
Ro Khanna,Democrat,House,CA,AMT,2023-1-10,True,False
Ro Khanna,Democrat,House,CA,MRVL,2023-1-4,True,False
Ro Khanna,Democrat,House,CA,UNH,2023-1-10,False,True
Ro Khanna,Democrat,House,CA,BMY,2023-1-10,False,True
Ro Khanna,Democrat,House,CA,MSFT,2023-1-10,False,True
Ro Khanna,Democrat,House,CA,ELV,2023-1-10,False,True
Ro Khanna,Democrat,House,CA,ACN,2023-1-10,False,True
Ro Khanna,Democrat,House,CA,CVS,2023-1-10,False,True
Ro Khanna,Democrat,House,CA,META,2023-1-10,False,True
Ro Khanna,Democrat,House,CA,ATVI,2023-1-10,False,True
Ro Khanna,Democrat,House,CA,TSLA,2023-1-10,False,True
Ro Khanna,Democrat,House,CA,N/A,2023-1-2,False,True
Ro Khanna,Democrat,House,CA,N/A,2023-1-2,False,True
Ro Khanna,Democrat,House,CA,MO,2023-1-10,False,True
Ro Khanna,Democrat,House,CA,CNC,2023-1-10,False,True
Ro Khanna,Democrat,House,CA,AMD,2023-1-10,False,True
Ro Khanna,Democrat,House,CA,LBRDA,2023-1-17,False,True
Ro Khanna,Democrat,House,CA,ALL,2023-1-10,False,True
Ro Khanna,Democrat,House,CA,WFC,2023-1-10,False,True
Ro Khanna,Democrat,House,CA,AZO,2023-1-10,False,True
Ro Khanna,Democrat,House,CA,AFL,2023-1-10,False,True
Ro Khanna,Democrat,House,CA,KR,2023-1-10,False,True
Ro Khanna,Democrat,House,CA,F,2023-1-10,False,True
Ro Khanna,Democrat,House,CA,QCOM,2023-1-10,False,True
Ro Khanna,Democrat,House,CA,ACGL,2023-1-10,False,True
Ro Khanna,Democrat,House,CA,SYY,2023-1-10,False,True
Ro Khanna,Democrat,House,CA,CAH,2023-1-10,False,True
Ro Khanna,Democrat,House,CA,MTCH,2023-1-10,False,True
Ro Khanna,Democrat,House,CA,IAC,2023-1-10,False,True
Ro Khanna,Democrat,House,CA,MTB,2023-1-10,False,True
Ro Khanna,Democrat,House,CA,ANET,2023-1-10,False,True
Ro Khanna,Democrat,House,CA,LSXMA,2023-1-10,False,True
Ro Khanna,Democrat,House,CA,KDP,2023-1-10,False,True
Ro Khanna,Democrat,House,CA,VNO,2023-1-10,False,True
Ro Khanna,Democrat,House,CA,CHTR,2023-1-10,False,True
Ro Khanna,Democrat,House,CA,GPC,2023-1-10,False,True
Ro Khanna,Democrat,House,CA,SNAP,2023-1-10,False,True
Ro Khanna,Democrat,House,CA,CLX,2023-1-10,False,True
Ro Khanna,Democrat,House,CA,ROKU,2023-1-10,False,True
Ro Khanna,Democrat,House,CA,HRL,2023-1-10,False,True
Ro Khanna,Democrat,House,CA,QS,2023-1-10,False,True
Ro Khanna,Democrat,House,CA,RSG,2023-1-10,False,True
Ro Khanna,Democrat,House,CA,ENPH,2023-1-10,False,True
Ro Khanna,Democrat,House,CA,N/A,2023-1-2,True,False
Ro Khanna,Democrat,House,CA,UNH,2023-1-8,True,False
Ro Khanna,Democrat,House,CA,CRM,2023-1-8,True,False
Ro Khanna,Democrat,House,CA,AMGN,2023-1-8,True,False
Ro Khanna,Democrat,House,CA,INTU,2023-1-8,True,False
Ro Khanna,Democrat,House,CA,KO,2023-1-8,True,False
Ro Khanna,Democrat,House,CA,DIS,2023-1-8,True,False
Ro Khanna,Democrat,House,CA,GOOGL,2023-1-8,True,False
Ro Khanna,Democrat,House,CA,CI,2023-1-8,True,False
Ro Khanna,Democrat,House,CA,CNC,2023-1-8,True,False
Ro Khanna,Democrat,House,CA,CCI,2023-1-8,True,False
Ro Khanna,Democrat,House,CA,PLD,2023-1-8,True,False
Ro Khanna,Democrat,House,CA,N/A,2023-1-5,True,False
Ro Khanna,Democrat,House,CA,ADI,2023-1-8,True,False
Ro Khanna,Democrat,House,CA,VRTX,2023-1-8,True,False
Ro Khanna,Democrat,House,CA,PFE,2023-1-8,True,False
Ro Khanna,Democrat,House,CA,USB,2023-1-8,True,False
Ro Khanna,Democrat,House,CA,ST,2023-1-2,True,False
Ro Khanna,Democrat,House,CA,ZTS,2023-1-8,True,False
Ro Khanna,Democrat,House,CA,N/A,2023-1-8,True,False
Ro Khanna,Democrat,House,CA,BKNG,2023-1-8,True,False
Ro Khanna,Democrat,House,CA,TMO,2023-1-8,True,False
Ro Khanna,Democrat,House,CA,C,2023-1-8,True,False
Ro Khanna,Democrat,House,CA,BRK/B,2023-1-8,True,False
Ro Khanna,Democrat,House,CA,ELAN,2023-1-4,True,False
Ro Khanna,Democrat,House,CA,TSLA,2023-1-8,True,False
Ro Khanna,Democrat,House,CA,ELAN,2023-1-9,True,False
Ro Khanna,Democrat,House,CA,DOW,2023-1-8,True,False
Ro Khanna,Democrat,House,CA,MTD,2023-1-8,True,False
Ro Khanna,Democrat,House,CA,FCX,2023-1-8,True,False
Ro Khanna,Democrat,House,CA,FIS,2023-1-8,True,False
Ro Khanna,Democrat,House,CA,WDC,2023-1-8,True,False
Ro Khanna,Democrat,House,CA,IQV,2023-1-8,True,False
Ro Khanna,Democrat,House,CA,MRVL,2023-1-8,True,False
Ro Khanna,Democrat,House,CA,MSFT,2023-1-8,True,False
Ro Khanna,Democrat,House,CA,FDX,2023-1-8,True,False
Ro Khanna,Democrat,House,CA,ARE,2023-1-8,True,False
Ro Khanna,Democrat,House,CA,NVDA,2023-1-8,True,False
Ro Khanna,Democrat,House,CA,MELI,2023-1-8,True,False
Ro Khanna,Democrat,House,CA,GPN,2023-1-8,True,False
Ro Khanna,Democrat,House,CA,JPM,2023-1-8,True,False
Ro Khanna,Democrat,House,CA,KLAC,2023-1-8,True,False
Ro Khanna,Democrat,House,CA,LYB,2023-1-8,True,False
Ro Khanna,Democrat,House,CA,MDT,2023-1-8,True,False
Ro Khanna,Democrat,House,CA,MPWR,2023-1-8,True,False
Ro Khanna,Democrat,House,CA,FTNT,2023-1-8,True,False
Ro Khanna,Democrat,House,CA,ALB,2023-1-8,True,False
Ro Khanna,Democrat,House,CA,AMAT,2023-1-8,True,False
Ro Khanna,Democrat,House,CA,PPG,2023-1-8,True,False
Ro Khanna,Democrat,House,CA,TEAM,2023-1-8,True,False
Ro Khanna,Democrat,House,CA,PAYC,2023-1-8,True,False
Ro Khanna,Democrat,House,CA,ZION,2023-1-8,True,False
Ro Khanna,Democrat,House,CA,DOCU,2023-1-8,True,False
Ro Khanna,Democrat,House,CA,MSCI,2023-1-8,True,False
Ro Khanna,Democrat,House,CA,INCY,2023-1-8,True,False
Ro Khanna,Democrat,House,CA,AMD,2023-1-8,True,False
Ro Khanna,Democrat,House,CA,WST,2023-1-8,True,False
Ro Khanna,Democrat,House,CA,SHW,2023-1-8,True,False
Ro Khanna,Democrat,House,CA,SBNY,2023-1-8,True,False
Ro Khanna,Democrat,House,CA,BXP,2023-1-8,True,False
Ro Khanna,Democrat,House,CA,MCHP,2023-1-8,True,False
Ro Khanna,Democrat,House,CA,MTB,2023-1-8,True,False
Ro Khanna,Democrat,House,CA,EMN,2023-1-8,True,False
Ro Khanna,Democrat,House,CA,WRK,2023-1-8,True,False
Ro Khanna,Democrat,House,CA,ADM,2023-1-8,True,False
Ro Khanna,Democrat,House,CA,CHTR,2023-1-8,True,False
Ro Khanna,Democrat,House,CA,KRC,2023-1-8,True,False
Ro Khanna,Democrat,House,CA,EPAM,2023-1-8,True,False
Ro Khanna,Democrat,House,CA,CDAY,2023-1-8,True,False
Ro Khanna,Democrat,House,CA,TRMB,2023-1-8,True,False
Ro Khanna,Democrat,House,CA,ACN,2023-1-8,True,False
Ro Khanna,Democrat,House,CA,DDOG,2023-1-8,True,False
Ro Khanna,Democrat,House,CA,SIVBQ,2023-1-8,True,False
Ro Khanna,Democrat,House,CA,CZR,2023-1-8,True,False
Ro Khanna,Democrat,House,CA,XSP,2023-1-4,False,True
Ro Khanna,Democrat,House,CA,XSP,2023-1-19,False,True
Ro Khanna,Democrat,House,CA,XSP,2023-1-16,False,True
Ro Khanna,Democrat,House,CA,XSP,2023-1-11,False,True
Ro Khanna,Democrat,House,CA,XSP,2023-1-16,False,True
Ro Khanna,Democrat,House,CA,LLY,2023-1-8,False,True
Ro Khanna,Democrat,House,CA,AAPL,2023-1-8,False,True
Ro Khanna,Democrat,House,CA,BAC,2023-1-8,False,True
Ro Khanna,Democrat,House,CA,CVS,2023-1-8,False,True
Ro Khanna,Democrat,House,CA,MHK,2023-1-30,False,True
Ro Khanna,Democrat,House,CA,NOW,2023-1-8,False,True
Ro Khanna,Democrat,House,CA,LIN,2023-1-8,False,True
Ro Khanna,Democrat,House,CA,DD,2023-1-2,False,True
Ro Khanna,Democrat,House,CA,MRK,2023-1-5,False,True
Ro Khanna,Democrat,House,CA,DHR,2023-1-8,False,True
Ro Khanna,Democrat,House,CA,ADP,2023-1-8,False,True
Ro Khanna,Democrat,House,CA,REGN,2023-1-8,False,True
Ro Khanna,Democrat,House,CA,N/A,2023-1-10,False,True
Ro Khanna,Democrat,House,CA,N/A,2023-1-10,False,True
Ro Khanna,Democrat,House,CA,GM,2023-1-8,False,True
Ro Khanna,Democrat,House,CA,N/A,2023-1-10,False,True
Ro Khanna,Democrat,House,CA,N/A,2023-1-10,False,True
Ro Khanna,Democrat,House,CA,WAB,2023-1-3,False,True
Ro Khanna,Democrat,House,CA,N/A,2023-1-10,False,True
Ro Khanna,Democrat,House,CA,WAB,2023-1-5,False,True
Ro Khanna,Democrat,House,CA,MRK,2023-1-2,False,True
Ro Khanna,Democrat,House,CA,COST,2023-1-8,False,True
Ro Khanna,Democrat,House,CA,META,2023-1-8,False,True
Ro Khanna,Democrat,House,CA,N/A,2023-1-10,False,True
Ro Khanna,Democrat,House,CA,N/A,2023-1-10,False,True
Ro Khanna,Democrat,House,CA,N/A,2023-1-10,False,True
Ro Khanna,Democrat,House,CA,N/A,2023-1-10,False,True
Ro Khanna,Democrat,House,CA,MU,2023-1-29,False,True
Ro Khanna,Democrat,House,CA,RSG,2023-1-8,False,True
Ro Khanna,Democrat,House,CA,STZ,2023-1-8,False,True
Ro Khanna,Democrat,House,CA,MRK,2023-1-4,False,True
Ro Khanna,Democrat,House,CA,N/A,2023-1-10,False,True
Ro Khanna,Democrat,House,CA,UNM,2023-1-8,False,True
Ro Khanna,Democrat,House,CA,N/A,2023-1-10,False,True
Ro Khanna,Democrat,House,CA,N/A,2023-1-10,False,True
Ro Khanna,Democrat,House,CA,N/A,2023-1-10,False,True
Ro Khanna,Democrat,House,CA,N/A,2023-1-10,False,True
Ro Khanna,Democrat,House,CA,AMZN,2023-1-8,False,True
Ro Khanna,Democrat,House,CA,WAB,2023-1-2,False,True
Ro Khanna,Democrat,House,CA,PSA,2023-1-8,False,True
Ro Khanna,Democrat,House,CA,NXPI,2023-1-8,False,True
Ro Khanna,Democrat,House,CA,EXR,2023-1-8,False,True
Ro Khanna,Democrat,House,CA,ADSK,2023-1-8,False,True
Ro Khanna,Democrat,House,CA,CDNS,2023-1-8,False,True
Ro Khanna,Democrat,House,CA,MOH,2023-1-8,False,True
Ro Khanna,Democrat,House,CA,BIIB,2023-1-8,False,True
Ro Khanna,Democrat,House,CA,EQIX,2023-1-8,False,True
Ro Khanna,Democrat,House,CA,BAX,2023-1-8,False,True
Ro Khanna,Democrat,House,CA,FAST,2023-1-8,False,True
Ro Khanna,Democrat,House,CA,MS,2023-1-8,False,True
Ro Khanna,Democrat,House,CA,MU,2023-1-8,False,True
Ro Khanna,Democrat,House,CA,INTC,2023-1-8,False,True
Ro Khanna,Democrat,House,CA,N/A,2023-1-10,False,True
Ro Khanna,Democrat,House,CA,N/A,2023-1-10,False,True
Ro Khanna,Democrat,House,CA,LYV,2023-1-8,False,True
Ro Khanna,Democrat,House,CA,N/A,2023-1-10,False,True
Ro Khanna,Democrat,House,CA,ANSS,2023-1-8,False,True
Ro Khanna,Democrat,House,CA,PANW,2023-1-8,False,True
Ro Khanna,Democrat,House,CA,GPC,2023-1-8,False,True
Ro Khanna,Democrat,House,CA,CF,2023-1-8,False,True
Ro Khanna,Democrat,House,CA,VNO,2023-1-8,False,True
Ro Khanna,Democrat,House,CA,ENPH,2023-1-8,False,True
Ro Khanna,Democrat,House,CA,SNPS,2023-1-8,False,True
Ro Khanna,Democrat,House,CA,TYL,2023-1-8,False,True
Ro Khanna,Democrat,House,CA,CTVA,2023-1-8,False,True
Ro Khanna,Democrat,House,CA,GWW,2023-1-8,False,True
Ro Khanna,Democrat,House,CA,INVH,2023-1-8,False,True
Ro Khanna,Democrat,House,CA,MTCH,2023-1-8,False,True
Ro Khanna,Democrat,House,CA,TTWO,2023-1-8,False,True
Ro Khanna,Democrat,House,CA,RF,2023-1-18,False,True
Ro Khanna,Democrat,House,CA,NXST,2023-1-8,False,True
Ro Khanna,Democrat,House,CA,UDR,2023-1-8,False,True
Ro Khanna,Democrat,House,CA,WMS,2023-1-8,False,True
Ro Khanna,Democrat,House,CA,WAT,2023-1-8,False,True
Ro Khanna,Democrat,House,CA,ABNB,2023-1-8,False,True
Ro Khanna,Democrat,House,CA,BF/A,2023-1-8,False,True
Ro Khanna,Democrat,House,CA,SPLK,2023-1-8,False,True
Ro Khanna,Democrat,House,CA,N/A,2023-1-16,True,False
Ro Khanna,Democrat,House,CA,N/A,2023-1-16,True,False
Ro Khanna,Democrat,House,CA,N/A,2023-1-4,True,False
Ro Khanna,Democrat,House,CA,N/A,2023-1-10,True,False
Ro Khanna,Democrat,House,CA,N/A,2023-1-10,True,False
Ro Khanna,Democrat,House,CA,PEP,2023-1-10,True,False
Ro Khanna,Democrat,House,CA,GM,2023-1-10,True,False
Ro Khanna,Democrat,House,CA,KKR,2023-1-10,True,False
Ro Khanna,Democrat,House,CA,AIG,2023-1-10,True,False
Ro Khanna,Democrat,House,CA,BAC,2023-1-10,True,False
Ro Khanna,Democrat,House,CA,GOOGL,2023-1-10,True,False
Ro Khanna,Democrat,House,CA,AMZN,2023-1-10,True,False
Ro Khanna,Democrat,House,CA,HUM,2023-1-10,True,False
Ro Khanna,Democrat,House,CA,PFE,2023-1-10,True,False
Ro Khanna,Democrat,House,CA,DIS,2023-1-10,True,False
Ro Khanna,Democrat,House,CA,WM,2023-1-10,True,False
Ro Khanna,Democrat,House,CA,MMC,2023-1-3,False,True
Ro Khanna,Democrat,House,CA,LIN,2023-1-12,False,True
Ro Khanna,Democrat,House,CA,N/A,2022-12-31,True,False
Suzan DelBene,Democrat,House,WA,N/A,2023-1-26,True,False
Suzan DelBene,Democrat,House,WA,N/A,2023-1-18,True,False
Suzan DelBene,Democrat,House,WA,N/A,2023-1-22,True,False
Suzan DelBene,Democrat,House,WA,N/A,2023-1-18,True,False
Suzan DelBene,Democrat,House,WA,N/A,2023-1-18,True,False
Bob Latta,Republican,House,OH,FMAO,2023-1-19,True,False
Rudy Yakym,Republican,House,IN,N/A,2023-1-11,True,False
Rudy Yakym,Republican,House,IN,N/A,2023-2-1,True,False
Rudy Yakym,Republican,House,IN,N/A,2023-1-16,True,False
Lois Frankel,Democrat,House,FL,ACN,2023-1-10,True,False
Lois Frankel,Democrat,House,FL,DEO,2023-1-4,True,False
Lois Frankel,Democrat,House,FL,DEO,2023-1-3,True,False
Lois Frankel,Democrat,House,FL,FLR,2023-1-4,False,True
Lois Frankel,Democrat,House,FL,HPP,2023-1-4,False,True
Lois Frankel,Democrat,House,FL,JCI,2023-1-10,True,False
Lois Frankel,Democrat,House,FL,NOC,2023-1-3,False,True
Lois Frankel,Democrat,House,FL,SHW,2023-1-10,True,False
Mark Green,Republican,House,TN,ET,2023-1-25,False,True
Virginia Foxx,Republican,House,NC,MO,2023-1-16,True,False
Virginia Foxx,Republican,House,NC,FLNG,2023-1-3,True,False
Steve Cohen,Democrat,House,TN,SCHW,2023-1-30,True,False
Steve Cohen,Democrat,House,TN,GOIXX,2023-1-30,True,False
Steve Cohen,Democrat,House,TN,N/A,2023-1-30,True,False
Steve Cohen,Democrat,House,TN,PSDTX,2023-1-30,False,True
Steve Cohen,Democrat,House,TN,WIW,2023-1-30,False,True
Tom Carper,Democrat,Senate,DE,N/A,2023-1-30,False,True
Tom Carper,Democrat,Senate,DE,N/A,2023-1-30,True,False
Tom Carper,Democrat,Senate,DE,N/A,2023-1-30,True,False
Tom Carper,Democrat,Senate,DE,RIO,2023-1-17,False,True
Tom Carper,Democrat,Senate,DE,FPI,2023-1-17,True,False
Tom Carper,Democrat,Senate,DE,UBS,2023-1-12,True,False
Tom Carper,Democrat,Senate,DE,AQN,2023-1-11,False,True
Tom Carper,Democrat,Senate,DE,MAXR,2023-1-3,False,True
Tom Carper,Democrat,Senate,DE,MGM,2023-1-3,True,False
Tom Carper,Democrat,Senate,DE,AMT,2023-1-10,True,False
Tom Carper,Democrat,Senate,DE,SRVR,2023-1-10,False,True
Tom Carper,Democrat,Senate,DE,MOO,2023-1-10,False,True
Tom Carper,Democrat,Senate,DE,ATKR,2023-1-10,True,False
Tom Carper,Democrat,Senate,DE,HOLX,2023-1-10,False,True
Tom Carper,Democrat,Senate,DE,BHP,2023-1-10,True,False
Tom Carper,Democrat,Senate,DE,RMD,2023-1-10,False,True
Tom Carper,Democrat,Senate,DE,CVS,2023-1-10,False,True
Tom Carper,Democrat,Senate,DE,TU,2023-1-10,False,True
Tom Carper,Democrat,Senate,DE,DLR,2023-1-10,True,False
Tom Carper,Democrat,Senate,DE,AXS,2023-1-10,False,True
Tom Carper,Democrat,Senate,DE,CME,2023-1-10,True,False
Tom Carper,Democrat,Senate,DE,SAND,2023-1-10,True,False
Tom Carper,Democrat,Senate,DE,BSM,2023-1-10,True,False
Tom Carper,Democrat,Senate,DE,URA,2023-1-10,True,False
Tom Carper,Democrat,Senate,DE,FLNG,2023-1-10,True,False
Tom Carper,Democrat,Senate,DE,EQNR,2023-1-10,True,False
Tom Carper,Democrat,Senate,DE,MCD,2023-1-10,False,True
Richard Blumenthal,Democrat,Senate,CT,N/A,2022-12-28,True,False
Richard Blumenthal,Democrat,Senate,CT,N/A,2022-12-28,True,False
Richard Blumenthal,Democrat,Senate,CT,N/A,2022-12-28,True,False
Richard Blumenthal,Democrat,Senate,CT,N/A,2022-12-20,True,False
Richard Blumenthal,Democrat,Senate,CT,N/A,2022-12-28,True,False
Diana Harshbarger,Republican,House,TN,ILMN,2022-12-27,True,False
Diana Harshbarger,Republican,House,TN,ILMN,2022-12-27,True,False
Diana Harshbarger,Republican,House,TN,ILMN,2022-12-27,True,False
Diana Harshbarger,Republican,House,TN,ILMN,2022-12-28,True,False
Diana Harshbarger,Republican,House,TN,ILMN,2022-12-28,True,False
Diana Harshbarger,Republican,House,TN,ILMN,2022-12-28,True,False
Diana Harshbarger,Republican,House,TN,ADI,2022-12-28,False,True
Diana Harshbarger,Republican,House,TN,ADI,2022-12-28,False,True
Diana Harshbarger,Republican,House,TN,ADI,2022-12-28,False,True
Diana Harshbarger,Republican,House,TN,ADI,2022-12-28,False,True
Diana Harshbarger,Republican,House,TN,ILMN,2022-12-29,True,False
Diana Harshbarger,Republican,House,TN,BAH,2023-1-2,False,True
Diana Harshbarger,Republican,House,TN,BAH,2023-1-2,False,True
Diana Harshbarger,Republican,House,TN,BAH,2023-1-2,False,True
Diana Harshbarger,Republican,House,TN,KLAC,2023-1-2,False,True
Diana Harshbarger,Republican,House,TN,MSI,2023-1-2,False,True
Diana Harshbarger,Republican,House,TN,MSI,2023-1-2,False,True
Diana Harshbarger,Republican,House,TN,NOC,2023-1-2,False,True
Diana Harshbarger,Republican,House,TN,NOC,2023-1-2,False,True
Diana Harshbarger,Republican,House,TN,ORLY,2023-1-2,False,True
Diana Harshbarger,Republican,House,TN,PGR,2023-1-2,False,True
Diana Harshbarger,Republican,House,TN,PGR,2023-1-2,False,True
Diana Harshbarger,Republican,House,TN,SUI,2023-1-2,False,True
Diana Harshbarger,Republican,House,TN,KNX,2023-1-3,False,True
Diana Harshbarger,Republican,House,TN,KNX,2023-1-3,False,True
Diana Harshbarger,Republican,House,TN,ILMN,2023-1-4,True,False
Diana Harshbarger,Republican,House,TN,ILMN,2023-1-4,True,False
Diana Harshbarger,Republican,House,TN,ILMN,2023-1-4,True,False
Diana Harshbarger,Republican,House,TN,RTX,2023-1-4,False,True
Diana Harshbarger,Republican,House,TN,TMUS,2023-1-4,False,True
Diana Harshbarger,Republican,House,TN,KDP,2023-1-5,False,True
Diana Harshbarger,Republican,House,TN,LPLA,2023-1-5,False,True
Diana Harshbarger,Republican,House,TN,STEYX,2023-1-8,True,False
Diana Harshbarger,Republican,House,TN,STEYX,2023-1-8,True,False
Diana Harshbarger,Republican,House,TN,ACM,2023-1-8,False,True
Diana Harshbarger,Republican,House,TN,ACM,2023-1-8,False,True
Diana Harshbarger,Republican,House,TN,ACM,2023-1-8,False,True
Diana Harshbarger,Republican,House,TN,ACM,2023-1-8,False,True
Diana Harshbarger,Republican,House,TN,IXUS,2023-1-8,False,True
Diana Harshbarger,Republican,House,TN,IXUS,2023-1-8,False,True
Diana Harshbarger,Republican,House,TN,N/A,2023-1-8,False,True
Diana Harshbarger,Republican,House,TN,N/A,2023-1-8,False,True
Diana Harshbarger,Republican,House,TN,STEYX,2023-1-9,True,False
Diana Harshbarger,Republican,House,TN,N/A,2023-1-9,True,False
Diana Harshbarger,Republican,House,TN,N/A,2023-1-9,True,False
Diana Harshbarger,Republican,House,TN,MAA,2023-1-9,False,True
Diana Harshbarger,Republican,House,TN,MAA,2023-1-9,False,True
Diana Harshbarger,Republican,House,TN,N/A,2023-1-9,False,True
Diana Harshbarger,Republican,House,TN,H,2023-1-10,True,False
Diana Harshbarger,Republican,House,TN,H,2023-1-10,True,False
Diana Harshbarger,Republican,House,TN,H,2023-1-10,True,False
Diana Harshbarger,Republican,House,TN,H,2023-1-10,True,False
Diana Harshbarger,Republican,House,TN,PCAR,2023-1-11,True,False
Diana Harshbarger,Republican,House,TN,PCAR,2023-1-11,True,False
Diana Harshbarger,Republican,House,TN,ACM,2023-1-11,False,True
Diana Harshbarger,Republican,House,TN,ACM,2023-1-11,False,True
Diana Harshbarger,Republican,House,TN,ACM,2023-1-11,False,True
Diana Harshbarger,Republican,House,TN,ACM,2023-1-11,False,True
Diana Harshbarger,Republican,House,TN,KNX,2023-1-11,False,True
Diana Harshbarger,Republican,House,TN,KNX,2023-1-11,False,True
Diana Harshbarger,Republican,House,TN,AMT,2023-1-12,True,False
Diana Harshbarger,Republican,House,TN,PCAR,2023-1-12,True,False
Diana Harshbarger,Republican,House,TN,PCAR,2023-1-12,True,False
Diana Harshbarger,Republican,House,TN,PCAR,2023-1-12,True,False
Diana Harshbarger,Republican,House,TN,PLD,2023-1-12,True,False
Diana Harshbarger,Republican,House,TN,KNX,2023-1-12,False,True
Diana Harshbarger,Republican,House,TN,KNX,2023-1-12,False,True
Diana Harshbarger,Republican,House,TN,KNX,2023-1-12,False,True
Diana Harshbarger,Republican,House,TN,KNX,2023-1-12,False,True
Diana Harshbarger,Republican,House,TN,MAA,2023-1-12,False,True
Diana Harshbarger,Republican,House,TN,MAA,2023-1-12,False,True
Diana Harshbarger,Republican,House,TN,MAA,2023-1-12,False,True
Diana Harshbarger,Republican,House,TN,MAA,2023-1-12,False,True
Diana Harshbarger,Republican,House,TN,PCAR,2023-1-16,True,False
Diana Harshbarger,Republican,House,TN,N/A,2023-1-16,True,False
Diana Harshbarger,Republican,House,TN,KO,2023-1-16,False,True
Diana Harshbarger,Republican,House,TN,MAA,2023-1-16,False,True
Diana Harshbarger,Republican,House,TN,MAA,2023-1-16,False,True
Diana Harshbarger,Republican,House,TN,MAA,2023-1-16,False,True
Seth Moulton,Democrat,House,MA,N/A,2023-1-3,True,False
Seth Moulton,Democrat,House,MA,N/A,2023-1-4,True,False
Bill Keating,Democrat,House,MA,ABNB,2023-1-17,True,False
Bill Keating,Democrat,House,MA,BKNG,2023-1-17,False,True
Mark Green,Republican,House,TN,ET,2023-1-22,False,True
Seth Moulton,Democrat,House,MA,AMZN,2022-8-7,True,False
David Kustoff,Republican,House,TN,YOU,2023-1-16,True,False
Mike Garcia,Republican,House,CA,TSLA,2022-12-19,False,True
Nancy Pelosi,Democrat,House,CA,RBLX,2023-1-19,False,True
Michael Burgess,Republican,House,TX,SYK,2022-12-29,False,True
Michael Burgess,Republican,House,TX,SYK,2023-1-2,False,True
Gerry Connolly,Democrat,House,VA,D,2022-12-5,False,True
Gerry Connolly,Democrat,House,VA,LDOS,2022-12-5,False,True
Gerry Connolly,Democrat,House,VA,SAIC,2022-12-5,False,True
Austin Scott,Republican,House,GA,GEHC,2023-1-3,False,False
Austin Scott,Republican,House,GA,GE,2023-1-3,False,False
Chris Jacobs,Republican,House,NY,AVXL,2022-12-11,False,True
Chris Jacobs,Republican,House,NY,AROC,2022-12-11,True,False
Chris Jacobs,Republican,House,NY,ATHA,2022-12-11,True,False
Chris Jacobs,Republican,House,NY,BAC,2022-12-11,False,True
Chris Jacobs,Republican,House,NY,BRK/B,2022-12-11,True,False
Chris Jacobs,Republican,House,NY,BLFS,2022-12-11,False,True
Chris Jacobs,Republican,House,NY,BORR,2022-12-11,True,False
Chris Jacobs,Republican,House,NY,MNRL,2022-12-11,True,False
Chris Jacobs,Republican,House,NY,SAVA,2022-12-11,True,False
Chris Jacobs,Republican,House,NY,CVX,2022-12-11,False,True
Chris Jacobs,Republican,House,NY,CHRD,2022-12-11,True,False
Chris Jacobs,Republican,House,NY,CIVI,2022-12-11,False,True
Chris Jacobs,Republican,House,NY,CMTG,2022-12-11,True,False
Chris Jacobs,Republican,House,NY,COGT,2022-12-11,True,False
Chris Jacobs,Republican,House,NY,CTRA,2022-12-11,False,True
Chris Jacobs,Republican,House,NY,CRGY,2022-12-11,False,True
Chris Jacobs,Republican,House,NY,XPRO,2022-12-11,False,True
Chris Jacobs,Republican,House,NY,XOM,2022-12-11,False,True
Chris Jacobs,Republican,House,NY,FHN,2022-12-11,True,False
Chris Jacobs,Republican,House,NY,GEVO,2022-12-11,True,False
Chris Jacobs,Republican,House,NY,HLX,2022-12-11,False,True
Chris Jacobs,Republican,House,NY,HP,2022-12-11,False,True
Chris Jacobs,Republican,House,NY,HD,2022-12-11,False,True
Chris Jacobs,Republican,House,NY,NOTV,2022-12-11,False,True
Chris Jacobs,Republican,House,NY,INSW,2022-12-11,True,False
Chris Jacobs,Republican,House,NY,JPM,2022-12-11,False,True
Chris Jacobs,Republican,House,NY,KALV,2022-12-11,True,False
Chris Jacobs,Republican,House,NY,KRYS,2022-12-11,True,False
Chris Jacobs,Republican,House,NY,KURA,2022-12-11,True,False
Chris Jacobs,Republican,House,NY,N/A,2022-12-5,True,False
Chris Jacobs,Republican,House,NY,META,2022-12-11,False,True
Chris Jacobs,Republican,House,NY,NESR,2022-12-11,True,False
Chris Jacobs,Republican,House,NY,NTST,2022-12-11,True,False
Chris Jacobs,Republican,House,NY,PR,2022-12-11,True,False
Chris Jacobs,Republican,House,NY,PFE,2022-12-11,False,True
Chris Jacobs,Republican,House,NY,DOC,2022-12-11,True,False
Chris Jacobs,Republican,House,NY,PXD,2022-12-11,True,False
Chris Jacobs,Republican,House,NY,RLMD,2022-12-11,False,True
Chris Jacobs,Republican,House,NY,SWTX,2022-12-11,True,False
Chris Jacobs,Republican,House,NY,TELL,2022-12-11,True,False
Chris Jacobs,Republican,House,NY,TSLA,2022-12-11,False,True
Chris Jacobs,Republican,House,NY,UEC,2022-12-11,False,True
Chris Jacobs,Republican,House,NY,PCVX,2022-12-11,False,True
Suzan DelBene,Democrat,House,WA,N/A,2023-1-2,False,True
Suzan DelBene,Democrat,House,WA,N/A,2023-1-9,True,False
Suzan DelBene,Democrat,House,WA,N/A,2023-1-5,True,False
Suzan DelBene,Democrat,House,WA,N/A,2023-1-2,False,True
Suzan DelBene,Democrat,House,WA,N/A,2023-1-5,True,False
Anthony Gonzalez,Republican,House,OH,CHTR,2022-12-21,False,True
Michael McCaul,Republican,House,TX,N/A,2022-11-30,True,False
Michael McCaul,Republican,House,TX,N/A,2022-12-4,True,False
Michael McCaul,Republican,House,TX,N/A,2022-12-7,True,False
Michael McCaul,Republican,House,TX,N/A,2022-12-13,True,False
Michael McCaul,Republican,House,TX,N/A,2022-12-7,True,False
Michael McCaul,Republican,House,TX,CHTR,2022-12-22,True,False
Michael McCaul,Republican,House,TX,AMZN,2022-12-1,True,False
Michael McCaul,Republican,House,TX,WFC,2022-12-13,True,False
Michael McCaul,Republican,House,TX,N/A,2022-12-13,True,False
Michael McCaul,Republican,House,TX,N/A,2022-12-7,True,False
Michael McCaul,Republican,House,TX,N/A,2022-12-17,True,False
Michael McCaul,Republican,House,TX,ITT,2022-12-27,True,False
Michael McCaul,Republican,House,TX,SEDG,2022-12-14,True,False
Michael McCaul,Republican,House,TX,EPAM,2022-12-14,True,False
Michael McCaul,Republican,House,TX,ACN,2022-12-14,True,False
Michael McCaul,Republican,House,TX,ENTG,2022-12-6,True,False
Michael McCaul,Republican,House,TX,ADBE,2022-12-14,True,False
Michael McCaul,Republican,House,TX,ADSK,2022-12-6,True,False
Michael McCaul,Republican,House,TX,INTU,2022-12-1,True,False
Michael McCaul,Republican,House,TX,NVDA,2022-12-14,True,False
Michael McCaul,Republican,House,TX,AMZN,2022-12-20,True,False
Michael McCaul,Republican,House,TX,FBIN,2022-12-18,True,False
Michael McCaul,Republican,House,TX,N/A,2022-12-28,True,False
Michael McCaul,Republican,House,TX,FBIN,2022-12-28,True,False
Michael McCaul,Republican,House,TX,MAN,2022-12-13,False,True
Michael McCaul,Republican,House,TX,LGIH,2022-12-13,False,True
Michael McCaul,Republican,House,TX,FBIN,2022-12-13,False,True
Michael McCaul,Republican,House,TX,WWD,2022-12-13,False,True
Michael McCaul,Republican,House,TX,ZION,2022-12-13,False,True
Michael McCaul,Republican,House,TX,LCII,2022-12-13,False,True
Michael McCaul,Republican,House,TX,TRTN,2022-12-13,False,True
Michael McCaul,Republican,House,TX,KW,2022-12-13,False,True
Michael McCaul,Republican,House,TX,GTES,2022-12-13,False,True
Michael McCaul,Republican,House,TX,WTM,2022-12-13,False,True
Michael McCaul,Republican,House,TX,SSD,2022-12-13,False,True
Michael McCaul,Republican,House,TX,TRS,2022-12-13,False,True
Michael McCaul,Republican,House,TX,FCFS,2022-12-13,False,True
Michael McCaul,Republican,House,TX,KBR,2022-12-13,False,True
Michael McCaul,Republican,House,TX,PRI,2022-12-13,False,True
Michael McCaul,Republican,House,TX,CSL,2022-12-13,False,True
Michael McCaul,Republican,House,TX,BECN,2022-12-13,False,True
Michael McCaul,Republican,House,TX,BJ,2022-12-13,False,True
Michael McCaul,Republican,House,TX,PLXS,2022-12-13,False,True
Michael McCaul,Republican,House,TX,G,2022-12-13,False,True
Michael McCaul,Republican,House,TX,HLI,2022-12-13,False,True
Michael McCaul,Republican,House,TX,NSIT,2022-12-13,False,True
Michael McCaul,Republican,House,TX,RHI,2022-12-13,False,True
Michael McCaul,Republican,House,TX,IPG,2022-12-13,False,True
Michael McCaul,Republican,House,TX,DCI,2022-12-13,False,True
Michael McCaul,Republican,House,TX,NVT,2022-12-13,False,True
Michael McCaul,Republican,House,TX,FIVE,2022-12-13,False,True
Michael McCaul,Republican,House,TX,ARW,2022-12-13,False,True
Michael McCaul,Republican,House,TX,HSIC,2022-12-13,False,True
Michael McCaul,Republican,House,TX,SKX,2022-12-13,False,True
Michael McCaul,Republican,House,TX,AIT,2022-12-13,False,True
Michael McCaul,Republican,House,TX,MBC,2022-12-15,False,True
Michael McCaul,Republican,House,TX,ORLY,2022-12-15,False,True
Michael McCaul,Republican,House,TX,KDP,2022-12-15,False,True
Michael McCaul,Republican,House,TX,AON,2022-12-15,False,True
Michael McCaul,Republican,House,TX,LIN,2022-12-15,False,True
Michael McCaul,Republican,House,TX,UNH,2022-12-15,False,True
Michael McCaul,Republican,House,TX,AZN,2022-12-15,False,True
Michael McCaul,Republican,House,TX,MNST,2022-12-15,False,True
Michael McCaul,Republican,House,TX,N/A,2022-12-15,False,True
Michael McCaul,Republican,House,TX,PYPL,2022-12-15,False,True
Michael McCaul,Republican,House,TX,IJR,2022-12-13,False,True
Michael McCaul,Republican,House,TX,MA,2022-12-15,False,True
Michael McCaul,Republican,House,TX,ADP,2022-12-15,False,True
Michael McCaul,Republican,House,TX,BSX,2022-12-15,False,True
Michael McCaul,Republican,House,TX,ADBE,2022-12-15,False,True
Michael McCaul,Republican,House,TX,INTU,2022-12-15,False,True
Michael McCaul,Republican,House,TX,FI,2022-12-15,False,True
Michael McCaul,Republican,House,TX,ACN,2022-12-15,False,True
Michael McCaul,Republican,House,TX,EPAM,2022-12-15,False,True
Michael McCaul,Republican,House,TX,FLT,2022-12-15,False,True
Michael McCaul,Republican,House,TX,VWLUX,2022-12-13,False,True
Michael McCaul,Republican,House,TX,NBIX,2022-12-15,False,True
Michael McCaul,Republican,House,TX,AMZN,2022-12-15,False,True
Michael McCaul,Republican,House,TX,MS,2022-12-13,False,True
Michael McCaul,Republican,House,TX,SAFRY,2022-12-13,False,True
Michael McCaul,Republican,House,TX,LBRDA,2022-12-13,False,True
Michael McCaul,Republican,House,TX,N/A,2022-12-18,False,True
Michael McCaul,Republican,House,TX,CMCSA,2022-12-13,False,True
Michael McCaul,Republican,House,TX,C,2022-12-13,False,True
Michael McCaul,Republican,House,TX,META,2022-12-13,False,True
Michael McCaul,Republican,House,TX,SHEL,2022-12-13,False,True
Michael McCaul,Republican,House,TX,N/A,2022-12-29,False,True
Michael McCaul,Republican,House,TX,GOOGL,2022-12-15,False,True
Michael McCaul,Republican,House,TX,VWLUX,2022-12-13,False,True
Michael McCaul,Republican,House,TX,GE,2022-12-13,False,True
Michael McCaul,Republican,House,TX,AMZN,2022-12-13,False,True
Michael McCaul,Republican,House,TX,V,2022-12-15,False,True
Michael McCaul,Republican,House,TX,GS,2022-12-13,False,True
Michael McCaul,Republican,House,TX,N/A,2022-12-18,False,True
Michael McCaul,Republican,House,TX,N/A,2022-12-18,False,True
Michael McCaul,Republican,House,TX,KDP,2022-12-14,False,True
Michael McCaul,Republican,House,TX,MSFT,2022-12-15,False,True
Michael McCaul,Republican,House,TX,BSX,2022-12-6,False,True
Michael McCaul,Republican,House,TX,VOO,2022-12-13,False,True
Michael McCaul,Republican,House,TX,NFLX,2022-12-13,False,True
Michael McCaul,Republican,House,TX,AON,2022-12-14,False,True
Michael McCaul,Republican,House,TX,IJR,2022-12-13,False,True
Michael McCaul,Republican,House,TX,SCHW,2022-12-4,False,True
Michael McCaul,Republican,House,TX,MAR,2022-12-1,False,True
Michael McCaul,Republican,House,TX,SCHW,2022-12-14,False,True
Michael McCaul,Republican,House,TX,ORLY,2022-12-14,False,True
Michael McCaul,Republican,House,TX,HLT,2022-11-30,False,True
Michael McCaul,Republican,House,TX,N/A,2022-12-14,False,True
Michael McCaul,Republican,House,TX,N/A,2022-12-15,False,True
Michael McCaul,Republican,House,TX,N/A,2022-11-30,False,True
Michael McCaul,Republican,House,TX,N/A,2022-11-30,False,True
Michael McCaul,Republican,House,TX,AON,2022-12-12,False,True
Michael McCaul,Republican,House,TX,KDP,2022-12-19,False,True
Michael McCaul,Republican,House,TX,N/A,2022-11-30,False,True
Michael McCaul,Republican,House,TX,N/A,2022-11-30,False,True
Michael McCaul,Republican,House,TX,N/A,2022-12-18,False,True
Michael McCaul,Republican,House,TX,VOO,2022-12-13,False,True
Michael McCaul,Republican,House,TX,N/A,2022-12-18,True,False
Michael McCaul,Republican,House,TX,N/A,2022-12-27,True,False
Michael McCaul,Republican,House,TX,INTC,2022-12-13,True,False
Michael McCaul,Republican,House,TX,FDX,2022-12-26,True,False
Michael McCaul,Republican,House,TX,FIS,2022-12-1,True,False
Michael McCaul,Republican,House,TX,FIS,2022-11-30,True,False
Michael McCaul,Republican,House,TX,AAP,2022-12-4,True,False
Michael McCaul,Republican,House,TX,WBD,2022-12-13,True,False
Michael McCaul,Republican,House,TX,WBD,2022-12-14,True,False
Michael McCaul,Republican,House,TX,WBD,2022-12-15,True,False
Michael McCaul,Republican,House,TX,AAP,2022-12-5,True,False
Michael McCaul,Republican,House,TX,NWL,2022-12-4,False,True
Michael McCaul,Republican,House,TX,NWL,2022-12-22,False,True
Michael McCaul,Republican,House,TX,NWL,2022-12-27,False,True
Michael McCaul,Republican,House,TX,NWL,2022-12-5,False,True
Michael McCaul,Republican,House,TX,MUR,2022-12-13,False,True
Michael McCaul,Republican,House,TX,MUR,2022-12-15,False,True
Michael McCaul,Republican,House,TX,MUR,2022-12-14,False,True
Michael McCaul,Republican,House,TX,NWL,2022-12-26,False,True
Michael McCaul,Republican,House,TX,CAG,2022-11-30,False,True
Michael McCaul,Republican,House,TX,CAG,2022-12-1,False,True
Michael McCaul,Republican,House,TX,CVX,2022-12-13,False,True
Michael McCaul,Republican,House,TX,ITOT,2022-12-27,True,False
Michael McCaul,Republican,House,TX,VWO,2022-12-28,True,False
Michael McCaul,Republican,House,TX,HLMIX,2022-12-13,True,False
Michael McCaul,Republican,House,TX,DFCEX,2022-12-13,True,False
Michael McCaul,Republican,House,TX,VTI,2022-12-22,False,True
Michael McCaul,Republican,House,TX,ITOT,2022-12-28,False,True
Michael McCaul,Republican,House,TX,VTI,2022-12-28,False,True
Michael McCaul,Republican,House,TX,DFCEX,2022-12-26,False,True
Michael McCaul,Republican,House,TX,DFCEX,2022-12-26,False,True
Michael McCaul,Republican,House,TX,DFCEX,2022-12-26,False,True
Michael McCaul,Republican,House,TX,DFCEX,2022-12-26,False,True
Michael McCaul,Republican,House,TX,DFCEX,2022-12-26,False,True
Michael McCaul,Republican,House,TX,DFCEX,2022-12-26,False,True
Michael McCaul,Republican,House,TX,DFCEX,2022-12-26,False,True
Michael McCaul,Republican,House,TX,DFCEX,2022-12-26,False,True
Michael McCaul,Republican,House,TX,DFCEX,2022-12-26,False,True
Michael McCaul,Republican,House,TX,DFCEX,2022-12-26,False,True
Michael McCaul,Republican,House,TX,VTI,2022-12-27,False,True
Michael McCaul,Republican,House,TX,LZIEX,2022-12-28,False,True
Michael McCaul,Republican,House,TX,N/A,2022-11-30,True,False
Michael McCaul,Republican,House,TX,N/A,2022-12-4,True,False
Michael McCaul,Republican,House,TX,N/A,2022-12-7,True,False
Michael McCaul,Republican,House,TX,N/A,2022-12-13,True,False
Michael McCaul,Republican,House,TX,N/A,2022-12-7,True,False
Michael McCaul,Republican,House,TX,CHTR,2022-12-22,True,False
Michael McCaul,Republican,House,TX,AMZN,2022-12-1,True,False
Michael McCaul,Republican,House,TX,WFC,2022-12-13,True,False
Michael McCaul,Republican,House,TX,N/A,2022-12-13,True,False
Michael McCaul,Republican,House,TX,N/A,2022-12-7,True,False
Michael McCaul,Republican,House,TX,N/A,2022-12-15,True,False
Michael McCaul,Republican,House,TX,ITT,2022-12-27,True,False
Michael McCaul,Republican,House,TX,SEDG,2022-12-14,True,False
Michael McCaul,Republican,House,TX,EPAM,2022-12-14,True,False
Michael McCaul,Republican,House,TX,ACN,2022-12-14,True,False
Michael McCaul,Republican,House,TX,ENTG,2022-12-6,True,False
Michael McCaul,Republican,House,TX,ADBE,2022-12-14,True,False
Michael McCaul,Republican,House,TX,ADSK,2022-12-6,True,False
Michael McCaul,Republican,House,TX,INTU,2022-12-1,True,False
Michael McCaul,Republican,House,TX,NVDA,2022-12-14,True,False
Michael McCaul,Republican,House,TX,AMZN,2022-12-20,True,False
Michael McCaul,Republican,House,TX,FBIN,2022-12-18,True,False
Michael McCaul,Republican,House,TX,N/A,2022-12-28,True,False
Michael McCaul,Republican,House,TX,FBIN,2022-11-28,True,False
Michael McCaul,Republican,House,TX,MAN,2022-12-13,False,True
Michael McCaul,Republican,House,TX,LGIH,2022-12-13,False,True
Michael McCaul,Republican,House,TX,FBIN,2022-12-13,False,True
Michael McCaul,Republican,House,TX,WWD,2022-12-13,False,True
Michael McCaul,Republican,House,TX,ZION,2022-12-13,False,True
Michael McCaul,Republican,House,TX,LCII,2022-12-13,False,True
Michael McCaul,Republican,House,TX,TRTN,2022-12-13,False,True
Michael McCaul,Republican,House,TX,KW,2022-12-13,False,True
Michael McCaul,Republican,House,TX,GTES,2022-12-13,False,True
Michael McCaul,Republican,House,TX,WTM,2022-12-13,False,True
Michael McCaul,Republican,House,TX,SSD,2022-12-13,False,True
Michael McCaul,Republican,House,TX,TRS,2022-12-13,False,True
Michael McCaul,Republican,House,TX,FCFS,2022-12-13,False,True
Michael McCaul,Republican,House,TX,KBR,2022-12-13,False,True
Michael McCaul,Republican,House,TX,PRI,2022-12-13,False,True
Michael McCaul,Republican,House,TX,CSL,2022-12-13,False,True
Michael McCaul,Republican,House,TX,BECN,2022-12-13,False,True
Michael McCaul,Republican,House,TX,BJ,2022-12-13,False,True
Michael McCaul,Republican,House,TX,PLXS,2022-12-13,False,True
Michael McCaul,Republican,House,TX,G,2022-12-13,False,True
Michael McCaul,Republican,House,TX,HLI,2022-12-13,False,True
Michael McCaul,Republican,House,TX,NSIT,2022-12-13,False,True
Michael McCaul,Republican,House,TX,RHI,2022-12-13,False,True
Michael McCaul,Republican,House,TX,IPG,2022-12-13,False,True
Michael McCaul,Republican,House,TX,DCI,2022-12-13,False,True
Michael McCaul,Republican,House,TX,NVT,2022-12-13,False,True
Michael McCaul,Republican,House,TX,FIVE,2022-12-13,False,True
Michael McCaul,Republican,House,TX,ARW,2022-12-13,False,True
Michael McCaul,Republican,House,TX,HSIC,2022-12-13,False,True
Michael McCaul,Republican,House,TX,SKX,2022-12-13,False,True
Michael McCaul,Republican,House,TX,AIT,2022-12-13,False,True
Michael McCaul,Republican,House,TX,ORLY,2022-12-15,False,True
Michael McCaul,Republican,House,TX,MBC,2022-12-14,False,True
Michael McCaul,Republican,House,TX,KDP,2022-12-15,False,True
Michael McCaul,Republican,House,TX,AON,2022-12-15,False,True
Michael McCaul,Republican,House,TX,LIN,2022-12-15,False,True
Michael McCaul,Republican,House,TX,UNH,2022-12-15,False,True
Michael McCaul,Republican,House,TX,AZN,2022-12-15,False,True
Michael McCaul,Republican,House,TX,MNST,2022-12-15,False,True
Michael McCaul,Republican,House,TX,N/A,2022-12-15,False,True
Michael McCaul,Republican,House,TX,PYPL,2022-12-15,False,True
Michael McCaul,Republican,House,TX,IJR,2022-12-13,False,True
Michael McCaul,Republican,House,TX,MA,2022-12-15,False,True
Michael McCaul,Republican,House,TX,ADP,2022-12-15,False,True
Michael McCaul,Republican,House,TX,BSX,2022-12-15,False,True
Michael McCaul,Republican,House,TX,ADBE,2022-12-15,False,True
Michael McCaul,Republican,House,TX,INTU,2022-12-15,False,True
Michael McCaul,Republican,House,TX,FI,2022-12-15,False,True
Michael McCaul,Republican,House,TX,ACN,2022-12-15,False,True
Michael McCaul,Republican,House,TX,MS,2022-12-13,False,True
