Name,Party,Chamber,State,Ticker,Date,Buy,Sell
Virginia Foxx,Republican,House,NC,SJT,2022-8-10,True,False
Virginia Foxx,Republican,House,NC,SJT,2022-8-18,True,False
Virginia Foxx,Republican,House,NC,SJT,2022-8-22,True,False
Virginia Foxx,Republican,House,NC,SJT,2022-8-23,True,False
Virginia Foxx,Republican,House,NC,SJT,2022-8-25,True,False
Virginia Foxx,Republican,House,NC,SJT,2022-8-28,True,False
Virginia Foxx,Republican,House,NC,SJT,2022-8-30,True,False
Virginia Foxx,Republican,House,NC,SIRE,2022-8-23,True,False
Virginia Foxx,Republican,House,NC,USDP,2022-8-29,True,False
Virginia Foxx,Republican,House,NC,VGR,2022-8-3,True,False
Virginia Foxx,Republican,House,NC,VGR,2022-8-4,True,False
Virginia Foxx,Republican,House,NC,VGR,2022-8-16,True,False
Virginia Foxx,Republican,House,NC,VGR,2022-8-21,True,False
Virginia Foxx,Republican,House,NC,VGR,2022-8-23,True,False
Virginia Foxx,Republican,House,NC,VGR,2022-8-25,True,False
Virginia Foxx,Republican,House,NC,VGR,2022-8-29,True,False
Virginia Foxx,Republican,House,NC,VGR,2022-8-30,True,False
Neal Dunn,Republican,House,FL,T,2022-8-14,True,False
Neal Dunn,Republican,House,FL,CADE,2022-8-9,True,False
Neal Dunn,Republican,House,FL,CADE,2022-8-14,True,False
Neal Dunn,Republican,House,FL,COF,2022-8-14,True,False
Neal Dunn,Republican,House,FL,COF,2022-8-9,True,False
Neal Dunn,Republican,House,FL,JPM,2022-8-9,True,False
Neal Dunn,Republican,House,FL,JPM,2022-8-14,True,False
Neal Dunn,Republican,House,FL,KEY,2022-8-14,True,False
Neal Dunn,Republican,House,FL,KEY,2022-8-9,True,False
Neal Dunn,Republican,House,FL,KEY,2022-8-9,True,False
Neal Dunn,Republican,House,FL,RF,2022-8-9,True,False
Neal Dunn,Republican,House,FL,RF,2022-8-9,True,False
Neal Dunn,Republican,House,FL,RF,2022-8-14,True,False
Neal Dunn,Republican,House,FL,N/A,2022-8-14,True,False
Neal Dunn,Republican,House,FL,USB,2022-8-14,True,False
Neal Dunn,Republican,House,FL,WFC,2022-8-14,True,False
Neal Dunn,Republican,House,FL,WFC,2022-8-9,True,False
Richard Blumenthal,Democrat,Senate,CT,N/A,2022-7-24,True,False
Richard Blumenthal,Democrat,Senate,CT,RADI,2022-7-31,False,True
Richard Blumenthal,Democrat,Senate,CT,RADI,2022-8-1,False,True
Richard Blumenthal,Democrat,Senate,CT,RADI,2022-8-2,False,True
Richard Blumenthal,Democrat,Senate,CT,RADI,2022-8-3,False,True
Richard Blumenthal,Democrat,Senate,CT,RADI,2022-8-4,False,True
Richard Blumenthal,Democrat,Senate,CT,RADI,2022-8-7,False,True
Richard Blumenthal,Democrat,Senate,CT,RADI,2022-8-8,False,True
Richard Blumenthal,Democrat,Senate,CT,RADI,2022-8-9,False,True
Richard Blumenthal,Democrat,Senate,CT,RADI,2022-8-10,False,True
Richard Blumenthal,Democrat,Senate,CT,HOOD,2022-8-10,False,True
Richard Blumenthal,Democrat,Senate,CT,RADI,2022-7-31,False,True
Richard Blumenthal,Democrat,Senate,CT,RADI,2022-8-1,False,True
Richard Blumenthal,Democrat,Senate,CT,RADI,2022-8-2,False,True
Richard Blumenthal,Democrat,Senate,CT,RADI,2022-8-3,False,True
Richard Blumenthal,Democrat,Senate,CT,RADI,2022-8-4,False,True
Richard Blumenthal,Democrat,Senate,CT,RADI,2022-8-7,False,True
Richard Blumenthal,Democrat,Senate,CT,RADI,2022-8-8,False,True
Richard Blumenthal,Democrat,Senate,CT,RADI,2022-8-9,False,True
Richard Blumenthal,Democrat,Senate,CT,RADI,2022-8-10,False,True
Richard Blumenthal,Democrat,Senate,CT,N/A,2022-7-26,True,False
Richard Blumenthal,Democrat,Senate,CT,N/A,2022-7-26,True,False
Richard Blumenthal,Democrat,Senate,CT,RADI,2022-7-31,False,True
Richard Blumenthal,Democrat,Senate,CT,RADI,2022-8-1,False,True
Richard Blumenthal,Democrat,Senate,CT,RADI,2022-8-2,False,True
Richard Blumenthal,Democrat,Senate,CT,RADI,2022-8-3,False,True
Richard Blumenthal,Democrat,Senate,CT,RADI,2022-8-4,False,True
Richard Blumenthal,Democrat,Senate,CT,RADI,2022-8-7,False,True
Richard Blumenthal,Democrat,Senate,CT,RADI,2022-8-8,False,True
Richard Blumenthal,Democrat,Senate,CT,RADI,2022-8-9,False,True
Richard Blumenthal,Democrat,Senate,CT,RADI,2022-8-10,False,True
Bob Gibbs,Republican,House,OH,AAPL,2022-9-5,True,False
Bob Gibbs,Republican,House,OH,AAPL,2022-9-5,True,False
Lloyd Doggett,Democrat,House,TX,PG,2022-8-15,True,False
Earl Blumenauer,Democrat,House,OR,CARR,2022-8-2,True,False
Earl Blumenauer,Democrat,House,OR,DE,2022-8-10,True,False
Earl Blumenauer,Democrat,House,OR,INTC,2022-8-2,False,True
Earl Blumenauer,Democrat,House,OR,NWN,2022-8-14,True,False
Earl Blumenauer,Democrat,House,OR,ALL,2022-8-8,True,False
Earl Blumenauer,Democrat,House,OR,N/A,2022-7-31,False,True
Abigail Spanberger,Democrat,House,VA,LHX,2022-8-31,True,False
Carol Miller,Republican,House,WV,EMR,2022-8-7,False,True
Carol Miller,Republican,House,WV,TGT,2022-8-7,True,False
Carol Miller,Republican,House,WV,UPS,2022-8-7,True,False
Alan Lowenthal,Democrat,House,CA,CCK,2022-8-9,True,False
Alan Lowenthal,Democrat,House,CA,ZTS,2022-8-25,True,False
Diana Harshbarger,Republican,House,TN,N/A,2022-7-20,True,False
Diana Harshbarger,Republican,House,TN,N/A,2022-7-20,True,False
Diana Harshbarger,Republican,House,TN,KNX,2022-7-20,False,True
Diana Harshbarger,Republican,House,TN,DOX,2022-7-21,True,False
Diana Harshbarger,Republican,House,TN,AVGO,2022-7-21,True,False
Diana Harshbarger,Republican,House,TN,AVGO,2022-7-21,True,False
Diana Harshbarger,Republican,House,TN,AVGO,2022-7-21,True,False
Diana Harshbarger,Republican,House,TN,CNP,2022-7-21,True,False
Diana Harshbarger,Republican,House,TN,CMCSA,2022-7-21,True,False
Diana Harshbarger,Republican,House,TN,CMCSA,2022-7-21,True,False
Diana Harshbarger,Republican,House,TN,CMCSA,2022-7-21,True,False
Diana Harshbarger,Republican,House,TN,CMCSA,2022-7-21,True,False
Diana Harshbarger,Republican,House,TN,GIS,2022-7-21,True,False
Diana Harshbarger,Republican,House,TN,GIS,2022-7-21,True,False
Diana Harshbarger,Republican,House,TN,GIS,2022-7-21,True,False
Diana Harshbarger,Republican,House,TN,GIS,2022-7-21,True,False
Diana Harshbarger,Republican,House,TN,GEN,2022-7-21,True,False
Diana Harshbarger,Republican,House,TN,GEN,2022-7-21,True,False
Diana Harshbarger,Republican,House,TN,GEN,2022-7-21,True,False
Diana Harshbarger,Republican,House,TN,GEN,2022-7-21,True,False
Diana Harshbarger,Republican,House,TN,WTW,2022-7-21,True,False
Diana Harshbarger,Republican,House,TN,WTW,2022-7-21,True,False
Diana Harshbarger,Republican,House,TN,WTW,2022-7-21,True,False
Diana Harshbarger,Republican,House,TN,WTW,2022-7-21,True,False
Diana Harshbarger,Republican,House,TN,LNT,2022-7-21,False,True
Diana Harshbarger,Republican,House,TN,LNT,2022-7-21,False,True
Diana Harshbarger,Republican,House,TN,LNT,2022-7-21,False,True
Diana Harshbarger,Republican,House,TN,LNT,2022-7-21,False,True
Diana Harshbarger,Republican,House,TN,GOOGL,2022-7-21,False,True
Diana Harshbarger,Republican,House,TN,ADI,2022-7-21,False,True
Diana Harshbarger,Republican,House,TN,ADI,2022-7-21,False,True
Diana Harshbarger,Republican,House,TN,HD,2022-7-21,False,True
Diana Harshbarger,Republican,House,TN,TMO,2022-7-21,False,True
Diana Harshbarger,Republican,House,TN,TMO,2022-7-21,False,True
Diana Harshbarger,Republican,House,TN,WMT,2022-7-21,False,True
Diana Harshbarger,Republican,House,TN,WMT,2022-7-21,False,True
Diana Harshbarger,Republican,House,TN,WMT,2022-7-21,False,True
Diana Harshbarger,Republican,House,TN,ADBE,2022-7-24,True,False
Diana Harshbarger,Republican,House,TN,ADBE,2022-7-24,True,False
Diana Harshbarger,Republican,House,TN,ADBE,2022-7-24,True,False
Diana Harshbarger,Republican,House,TN,ADBE,2022-7-24,True,False
Diana Harshbarger,Republican,House,TN,ADBE,2022-7-24,True,False
Diana Harshbarger,Republican,House,TN,ADBE,2022-7-24,True,False
Diana Harshbarger,Republican,House,TN,ADBE,2022-7-24,True,False
Diana Harshbarger,Republican,House,TN,N/A,2022-7-24,True,False
Diana Harshbarger,Republican,House,TN,DIS,2022-7-24,True,False
Diana Harshbarger,Republican,House,TN,ADSK,2022-7-24,False,True
Diana Harshbarger,Republican,House,TN,N/A,2022-7-24,False,True
Diana Harshbarger,Republican,House,TN,N/A,2022-7-24,False,True
Diana Harshbarger,Republican,House,TN,STLA,2022-7-24,False,True
Diana Harshbarger,Republican,House,TN,STLA,2022-7-24,False,True
Diana Harshbarger,Republican,House,TN,ADBE,2022-7-25,True,False
Diana Harshbarger,Republican,House,TN,SPGI,2022-7-25,False,True
Diana Harshbarger,Republican,House,TN,N/A,2022-7-26,True,False
Diana Harshbarger,Republican,House,TN,N/A,2022-7-26,True,False
Diana Harshbarger,Republican,House,TN,ADSK,2022-7-27,False,True
Diana Harshbarger,Republican,House,TN,ADSK,2022-7-27,False,True
Diana Harshbarger,Republican,House,TN,TTWO,2022-7-27,False,True
Diana Harshbarger,Republican,House,TN,TTWO,2022-7-27,False,True
Diana Harshbarger,Republican,House,TN,TTWO,2022-7-27,False,True
Diana Harshbarger,Republican,House,TN,TTWO,2022-7-27,False,True
Diana Harshbarger,Republican,House,TN,V,2022-7-28,True,False
Diana Harshbarger,Republican,House,TN,N/A,2022-7-28,False,True
Diana Harshbarger,Republican,House,TN,GOOGL,2022-7-31,False,True
Diana Harshbarger,Republican,House,TN,N/A,2022-7-31,False,True
Diana Harshbarger,Republican,House,TN,N/A,2022-8-1,False,True
Diana Harshbarger,Republican,House,TN,N/A,2022-8-2,True,False
Diana Harshbarger,Republican,House,TN,N/A,2022-8-2,True,False
Diana Harshbarger,Republican,House,TN,FLT,2022-8-2,False,True
Diana Harshbarger,Republican,House,TN,N/A,2022-8-2,False,True
Diana Harshbarger,Republican,House,TN,FLT,2022-8-7,False,True
Diana Harshbarger,Republican,House,TN,TTWO,2022-8-7,False,True
Diana Harshbarger,Republican,House,TN,TTWO,2022-8-7,False,True
Diana Harshbarger,Republican,House,TN,TTWO,2022-8-7,False,True
Diana Harshbarger,Republican,House,TN,TTWO,2022-8-7,False,True
Diana Harshbarger,Republican,House,TN,TMUS,2022-8-7,False,True
Diana Harshbarger,Republican,House,TN,N/A,2022-8-9,True,False
Diana Harshbarger,Republican,House,TN,GOOGL,2022-8-9,False,True
Diana Harshbarger,Republican,House,TN,GOOGL,2022-8-9,False,True
Diana Harshbarger,Republican,House,TN,ACC,2022-8-9,False,True
Diana Harshbarger,Republican,House,TN,ACC,2022-8-9,False,True
Diana Harshbarger,Republican,House,TN,ACC,2022-8-9,False,True
Diana Harshbarger,Republican,House,TN,ACC,2022-8-9,False,True
Diana Harshbarger,Republican,House,TN,ACC,2022-8-9,False,True
Diana Harshbarger,Republican,House,TN,ACC,2022-8-9,False,True
Diana Harshbarger,Republican,House,TN,ACC,2022-8-9,False,True
Diana Harshbarger,Republican,House,TN,ACC,2022-8-9,False,True
Diana Harshbarger,Republican,House,TN,ACC,2022-8-9,False,True
Diana Harshbarger,Republican,House,TN,N/A,2022-8-9,False,True
Diana Harshbarger,Republican,House,TN,N/A,2022-8-9,False,True
Diana Harshbarger,Republican,House,TN,N/A,2022-8-10,True,False
Diana Harshbarger,Republican,House,TN,N/A,2022-8-10,True,False
Diana Harshbarger,Republican,House,TN,KLAC,2022-8-10,False,True
Diana Harshbarger,Republican,House,TN,CVS,2022-8-11,True,False
Diana Harshbarger,Republican,House,TN,NEE,2022-8-11,True,False
Diana Harshbarger,Republican,House,TN,NEE,2022-8-11,True,False
Diana Harshbarger,Republican,House,TN,PYPL,2022-8-11,True,False
Diana Harshbarger,Republican,House,TN,PYPL,2022-8-11,True,False
Diana Harshbarger,Republican,House,TN,PYPL,2022-8-11,True,False
Diana Harshbarger,Republican,House,TN,PYPL,2022-8-11,True,False
Diana Harshbarger,Republican,House,TN,PNC,2022-8-11,True,False
Diana Harshbarger,Republican,House,TN,PNC,2022-8-11,True,False
Diana Harshbarger,Republican,House,TN,VRSN,2022-8-11,True,False
Diana Harshbarger,Republican,House,TN,VRSN,2022-8-11,True,False
Diana Harshbarger,Republican,House,TN,VRSN,2022-8-11,True,False
Diana Harshbarger,Republican,House,TN,VRSN,2022-8-11,True,False
Diana Harshbarger,Republican,House,TN,MO,2022-8-11,False,True
Diana Harshbarger,Republican,House,TN,AEE,2022-8-11,False,True
Diana Harshbarger,Republican,House,TN,FLT,2022-8-11,False,True
Diana Harshbarger,Republican,House,TN,FLT,2022-8-11,False,True
Diana Harshbarger,Republican,House,TN,OSK,2022-8-11,False,True
Diana Harshbarger,Republican,House,TN,OSK,2022-8-11,False,True
Diana Harshbarger,Republican,House,TN,PG,2022-8-11,False,True
Diana Harshbarger,Republican,House,TN,PG,2022-8-11,False,True
Diana Harshbarger,Republican,House,TN,AZO,2022-8-14,False,True
Diana Harshbarger,Republican,House,TN,N/A,2022-8-14,False,True
Diana Harshbarger,Republican,House,TN,N/A,2022-8-14,False,True
Diana Harshbarger,Republican,House,TN,OSK,2022-8-14,False,True
Diana Harshbarger,Republican,House,TN,OSK,2022-8-14,False,True
Diana Harshbarger,Republican,House,TN,N/A,2022-8-14,False,True
Diana Harshbarger,Republican,House,TN,KO,2022-8-15,False,True
Diana Harshbarger,Republican,House,TN,N/A,2022-8-15,False,True
Diana Harshbarger,Republican,House,TN,TXN,2022-8-15,False,True
Diana Harshbarger,Republican,House,TN,N/A,2022-8-16,True,False
Diana Harshbarger,Republican,House,TN,N/A,2022-8-16,True,False
Diana Harshbarger,Republican,House,TN,BKR,2022-8-17,False,True
Diana Harshbarger,Republican,House,TN,BKR,2022-8-17,False,True
Diana Harshbarger,Republican,House,TN,BKR,2022-8-17,False,True
Diana Harshbarger,Republican,House,TN,BKR,2022-8-17,False,True
Diana Harshbarger,Republican,House,TN,BKR,2022-8-17,False,True
Diana Harshbarger,Republican,House,TN,WDC,2022-8-17,False,True
Diana Harshbarger,Republican,House,TN,WDC,2022-8-17,False,True
Diana Harshbarger,Republican,House,TN,WDC,2022-8-17,False,True
Diana Harshbarger,Republican,House,TN,WDC,2022-8-17,False,True
Diana Harshbarger,Republican,House,TN,MU,2022-8-18,True,False
Diana Harshbarger,Republican,House,TN,MU,2022-8-18,True,False
Diana Harshbarger,Republican,House,TN,MU,2022-8-18,True,False
Diana Harshbarger,Republican,House,TN,MU,2022-8-18,True,False
Diana Harshbarger,Republican,House,TN,SLB,2022-8-18,True,False
Diana Harshbarger,Republican,House,TN,SLB,2022-8-18,True,False
Diana Harshbarger,Republican,House,TN,SLB,2022-8-18,True,False
Diana Harshbarger,Republican,House,TN,SLB,2022-8-18,True,False
Bill Hagerty,Republican,Senate,TN,BKEP,2022-8-18,False,True
Tom Carper,Democrat,Senate,DE,FIASX,2022-8-8,False,True
Tom Carper,Democrat,Senate,DE,JHEM,2022-8-9,True,False
Tom Carper,Democrat,Senate,DE,FQAL,2022-8-9,True,False
Tom Carper,Democrat,Senate,DE,FDRR,2022-8-9,True,False
Tom Carper,Democrat,Senate,DE,EFAD,2022-8-9,True,False
Tom Carper,Democrat,Senate,DE,FINX,2022-8-9,False,True
Tom Carper,Democrat,Senate,DE,DGRS,2022-8-9,False,True
Tom Carper,Democrat,Senate,DE,SMDV,2022-8-9,True,False
Tom Carper,Democrat,Senate,DE,GSSC,2022-8-9,True,False
Tom Carper,Democrat,Senate,DE,MOO,2022-8-9,False,True
Tom Carper,Democrat,Senate,DE,GDXJ,2022-8-9,False,True
Tom Carper,Democrat,Senate,DE,QTEC,2022-8-9,False,True
Tom Carper,Democrat,Senate,DE,LDP,2022-8-9,False,True
Tom Carper,Democrat,Senate,DE,CIBR,2022-8-9,False,True
Tom Carper,Democrat,Senate,DE,GNR,2022-8-9,False,True
Tom Carper,Democrat,Senate,DE,GLD,2022-8-9,False,True
Tom Carper,Democrat,Senate,DE,CEF,2022-8-9,False,True
Tom Carper,Democrat,Senate,DE,SRVR,2022-8-9,False,True
Tom Carper,Democrat,Senate,DE,SPGP,2022-8-9,True,False
Tom Carper,Democrat,Senate,DE,EELV,2022-8-9,True,False
Tom Carper,Democrat,Senate,DE,PRF,2022-8-9,True,False
Tom Carper,Democrat,Senate,DE,CFA,2022-8-9,False,True
Tom Carper,Democrat,Senate,DE,CDL,2022-8-9,True,False
Tom Carper,Democrat,Senate,DE,KRE,2022-8-9,False,True
Tom Carper,Democrat,Senate,DE,LGI,2022-8-9,False,True
Tom Carper,Democrat,Senate,DE,IVV,2022-8-9,False,True
Tom Carper,Democrat,Senate,DE,WIW,2022-8-9,False,True
Tom Carper,Democrat,Senate,DE,JHMM,2022-8-9,True,False
Tom Carper,Democrat,Senate,DE,IJS,2022-8-9,False,True
Tom Carper,Democrat,Senate,DE,FCPIX,2022-8-9,False,True
Tom Carper,Democrat,Senate,DE,FIMKX,2022-8-9,False,True
Tom Carper,Democrat,Senate,DE,GSMYX,2022-8-9,False,True
Tom Carper,Democrat,Senate,DE,GSIHX,2022-8-9,True,False
Tom Carper,Democrat,Senate,DE,LUBFX,2022-8-9,True,False
Tom Carper,Democrat,Senate,DE,MBXIX,2022-8-9,True,False
Tom Carper,Democrat,Senate,DE,FAST,2022-8-17,False,True
Tom Carper,Democrat,Senate,DE,SQM,2022-8-17,True,False
Mark Green,Republican,House,TN,ET,2022-8-28,False,True
Mark Green,Republican,House,TN,NGL,2022-8-28,False,True
Gerry Connolly,Democrat,House,VA,D,2022-8-29,False,True
Gerry Connolly,Democrat,House,VA,LDOS,2022-8-29,False,True
Gerry Connolly,Democrat,House,VA,SAIC,2022-8-29,False,True
Lois Frankel,Democrat,House,FL,ARE,2022-7-27,True,False
Lois Frankel,Democrat,House,FL,ADI,2022-7-21,False,True
Lois Frankel,Democrat,House,FL,BURL,2022-7-27,False,True
Lois Frankel,Democrat,House,FL,CBOE,2022-7-21,False,True
Lois Frankel,Democrat,House,FL,CL,2022-8-9,False,True
Lois Frankel,Democrat,House,FL,CL,2022-7-20,False,True
Lois Frankel,Democrat,House,FL,COP,2022-7-19,True,False
Lois Frankel,Democrat,House,FL,GD,2022-8-2,True,False
Lois Frankel,Democrat,House,FL,GD,2022-7-19,True,False
Lois Frankel,Democrat,House,FL,GXO,2022-7-26,False,True
Lois Frankel,Democrat,House,FL,HUBB,2022-7-21,False,True
Lois Frankel,Democrat,House,FL,HPP,2022-7-18,False,True
Lois Frankel,Democrat,House,FL,LKQ,2022-7-24,True,False
Lois Frankel,Democrat,House,FL,NOC,2022-8-2,False,True
Lois Frankel,Democrat,House,FL,TGT,2022-8-9,True,False
Lois Frankel,Democrat,House,FL,TT,2022-7-19,False,True
Lois Frankel,Democrat,House,FL,TT,2022-7-21,True,False
Lois Frankel,Democrat,House,FL,ZBH,2022-7-27,False,True
Brad Sherman,Democrat,House,CA,N/A,2022-8-25,True,False
Josh Gottheimer,Democrat,House,NJ,ALIZY,2022-7-28,True,False
Josh Gottheimer,Democrat,House,NJ,GOOGL,2022-7-19,False,True
Josh Gottheimer,Democrat,House,NJ,GOOGL,2022-7-26,False,True
Josh Gottheimer,Democrat,House,NJ,AAPL,2022-7-14,True,False
Josh Gottheimer,Democrat,House,NJ,COF,2022-7-14,True,False
Josh Gottheimer,Democrat,House,NJ,DE,2022-7-14,True,False
Josh Gottheimer,Democrat,House,NJ,DE,2022-7-28,False,True
Josh Gottheimer,Democrat,House,NJ,EFX,2022-7-14,True,False
Josh Gottheimer,Democrat,House,NJ,FIS,2022-7-14,True,False
Josh Gottheimer,Democrat,House,NJ,HELE,2022-7-21,True,False
Josh Gottheimer,Democrat,House,NJ,IBM,2022-7-18,True,False
Josh Gottheimer,Democrat,House,NJ,INTU,2022-7-14,True,False
Josh Gottheimer,Democrat,House,NJ,MEDP,2022-7-21,False,True
Josh Gottheimer,Democrat,House,NJ,MSFT,2022-7-14,True,False
Josh Gottheimer,Democrat,House,NJ,NTDOY,2022-7-14,True,False
Josh Gottheimer,Democrat,House,NJ,NOVT,2022-7-24,False,True
Josh Gottheimer,Democrat,House,NJ,ORCL,2022-7-14,True,False
Josh Gottheimer,Democrat,House,NJ,RBA,2022-7-21,False,True
Josh Gottheimer,Democrat,House,NJ,CRM,2022-7-20,True,False
Josh Gottheimer,Democrat,House,NJ,SSDOY,2022-7-14,True,False
Josh Gottheimer,Democrat,House,NJ,SBUX,2022-7-14,True,False
Josh Gottheimer,Democrat,House,NJ,SIVBQ,2022-7-14,True,False
Josh Gottheimer,Democrat,House,NJ,TGT,2022-7-14,True,False
Josh Gottheimer,Democrat,House,NJ,TT,2022-7-14,True,False
Josh Gottheimer,Democrat,House,NJ,UPS,2022-7-14,True,False
Josh Gottheimer,Democrat,House,NJ,UNH,2022-7-26,True,False
Josh Gottheimer,Democrat,House,NJ,UNH,2022-7-28,True,False
Josh Gottheimer,Democrat,House,NJ,XP,2022-7-14,True,False
Steve Cohen,Democrat,House,TN,N/A,2022-8-22,True,False
Suzan DelBene,Democrat,House,WA,N/A,2022-8-1,True,False
Suzan DelBene,Democrat,House,WA,N/A,2022-8-1,True,False
Suzan DelBene,Democrat,House,WA,N/A,2022-8-1,False,True
Suzan DelBene,Democrat,House,WA,N/A,2022-8-8,True,False
Suzan DelBene,Democrat,House,WA,N/A,2022-8-1,False,True
Suzan DelBene,Democrat,House,WA,N/A,2022-8-17,True,False
Suzan DelBene,Democrat,House,WA,N/A,2022-8-3,True,False
Suzan DelBene,Democrat,House,WA,N/A,2022-8-17,True,False
Suzan DelBene,Democrat,House,WA,N/A,2022-8-17,False,True
John Boozman,Republican,Senate,AR,GBIL,2022-7-26,False,True
John Boozman,Republican,Senate,AR,IEI,2022-7-26,False,True
John Boozman,Republican,Senate,AR,TLT,2022-7-26,True,False
John Boozman,Republican,Senate,AR,TLH,2022-7-26,True,False
Ann Wagner,Republican,House,MO,N/A,2022-7-12,True,False
Debbie Wasserman Schultz,Democrat,House,FL,HIL,2022-8-16,False,True
Debbie Wasserman Schultz,Democrat,House,FL,HIL,2022-8-16,False,True
Debbie Wasserman Schultz,Democrat,House,FL,HIL,2022-8-16,False,True
Debbie Wasserman Schultz,Democrat,House,FL,XLE,2022-8-18,False,True
Debbie Wasserman Schultz,Democrat,House,FL,XLE,2022-8-18,False,True
Debbie Wasserman Schultz,Democrat,House,FL,XLE,2022-8-18,False,True
Mike Garcia,Republican,House,CA,AMC,2022-8-11,False,True
Mike Garcia,Republican,House,CA,TXT,2022-7-11,False,True
Steve Cohen,Democrat,House,TN,OZK,2022-8-17,True,False
Dwight Evans,Democrat,House,PA,ABBV,2022-8-4,True,False
Dwight Evans,Democrat,House,PA,OKE,2022-8-4,True,False
Dwight Evans,Democrat,House,PA,PYPL,2022-8-4,False,True
Dwight Evans,Democrat,House,PA,LUV,2022-8-4,False,True
Gary Peters,Democrat,Senate,MI,HR,2022-7-19,False,False
Gary Peters,Democrat,Senate,MI,HTA,2022-7-19,False,False
John Hickenlooper,Democrat,Senate,CO,FWONK,2022-8-8,True,False
John Hickenlooper,Democrat,Senate,CO,FWONK,2022-8-10,False,True
Mark Green,Republican,House,TN,ET,2022-8-14,False,True
Mark Warner,Democrat,Senate,VA,N/A,2022-7-5,False,True
Michael McCaul,Republican,House,TX,N/A,2022-7-26,True,False
Michael McCaul,Republican,House,TX,WFC,2022-7-12,True,False
Michael McCaul,Republican,House,TX,COP,2022-7-4,True,False
Michael McCaul,Republican,House,TX,N/A,2022-7-24,True,False
Michael McCaul,Republican,House,TX,N/A,2022-7-5,True,False
Michael McCaul,Republican,House,TX,N/A,2022-6-30,True,False
Michael McCaul,Republican,House,TX,N/A,2022-7-21,True,False
Michael McCaul,Republican,House,TX,PROSY,2022-7-14,True,False
Michael McCaul,Republican,House,TX,N/A,2022-7-26,True,False
Michael McCaul,Republican,House,TX,ACN,2022-7-14,True,False
Michael McCaul,Republican,House,TX,PROSY,2022-7-17,True,False
Michael McCaul,Republican,House,TX,PROSY,2022-7-13,True,False
Michael McCaul,Republican,House,TX,RHI,2022-7-4,True,False
Michael McCaul,Republican,House,TX,FCN,2022-7-4,False,True
Michael McCaul,Republican,House,TX,GOOGL,2022-6-30,False,True
Michael McCaul,Republican,House,TX,N/A,2022-7-17,False,True
Michael McCaul,Republican,House,TX,FCN,2022-7-19,False,True
Michael McCaul,Republican,House,TX,N/A,2022-7-4,False,True
Michael McCaul,Republican,House,TX,MSFT,2022-7-14,False,True
Michael McCaul,Republican,House,TX,GOOGL,2022-7-4,False,True
Michael McCaul,Republican,House,TX,CB,2022-7-20,False,True
Michael McCaul,Republican,House,TX,ELV,2022-6-30,False,True
Michael McCaul,Republican,House,TX,N/A,2022-6-30,False,True
Michael McCaul,Republican,House,TX,N/A,2022-7-5,False,True
Michael McCaul,Republican,House,TX,N/A,2022-6-30,False,True
Michael McCaul,Republican,House,TX,N/A,2022-6-30,False,True
Michael McCaul,Republican,House,TX,N/A,2022-6-30,False,True
Michael McCaul,Republican,House,TX,N/A,2022-6-30,False,True
Michael McCaul,Republican,House,TX,N/A,2022-6-30,False,True
Michael McCaul,Republican,House,TX,N/A,2022-7-17,True,False
Michael McCaul,Republican,House,TX,N/A,2022-7-26,True,False
Michael McCaul,Republican,House,TX,WFC,2022-7-12,True,False
Michael McCaul,Republican,House,TX,COP,2022-7-4,True,False
Michael McCaul,Republican,House,TX,N/A,2022-7-24,True,False
Michael McCaul,Republican,House,TX,N/A,2022-7-5,True,False
Michael McCaul,Republican,House,TX,N/A,2022-6-30,True,False
Michael McCaul,Republican,House,TX,N/A,2022-7-21,True,False
Michael McCaul,Republican,House,TX,PROSY,2022-7-14,True,False
Michael McCaul,Republican,House,TX,N/A,2022-7-26,True,False
Michael McCaul,Republican,House,TX,ACN,2022-7-14,True,False
Michael McCaul,Republican,House,TX,PROSY,2022-7-17,True,False
Michael McCaul,Republican,House,TX,PROSY,2022-7-13,True,False
Michael McCaul,Republican,House,TX,RHI,2022-7-4,True,False
Michael McCaul,Republican,House,TX,FCN,2022-7-4,False,True
Michael McCaul,Republican,House,TX,GOOGL,2022-6-30,False,True
Michael McCaul,Republican,House,TX,N/A,2022-7-17,False,True
Michael McCaul,Republican,House,TX,FCN,2022-7-19,False,True
Michael McCaul,Republican,House,TX,N/A,2022-7-4,False,True
Michael McCaul,Republican,House,TX,MSFT,2022-7-14,False,True
Michael McCaul,Republican,House,TX,GOOGL,2022-7-4,False,True
Michael McCaul,Republican,House,TX,ELV,2022-6-30,False,True
Michael McCaul,Republican,House,TX,CB,2022-7-20,False,True
Michael McCaul,Republican,House,TX,N/A,2022-6-30,False,True
Michael McCaul,Republican,House,TX,N/A,2022-7-5,False,True
Michael McCaul,Republican,House,TX,N/A,2022-6-30,False,True
Michael McCaul,Republican,House,TX,N/A,2022-6-30,False,True
Michael McCaul,Republican,House,TX,N/A,2022-6-30,False,True
Michael McCaul,Republican,House,TX,N/A,2022-6-30,False,True
Michael McCaul,Republican,House,TX,N/A,2022-6-30,False,True
Michael McCaul,Republican,House,TX,N/A,2022-7-17,True,False
Michael McCaul,Republican,House,TX,C,2022-7-18,True,False
Michael McCaul,Republican,House,TX,WBD,2022-7-10,True,False
Michael McCaul,Republican,House,TX,LNC,2022-7-20,False,True
Michael McCaul,Republican,House,TX,T,2022-7-10,False,True
Michael McCaul,Republican,House,TX,LNC,2022-7-18,False,True
Michael McCaul,Republican,House,TX,LNC,2022-7-19,False,True
Michael McCaul,Republican,House,TX,C,2022-7-18,True,False
Michael McCaul,Republican,House,TX,WBD,2022-7-10,True,False
Michael McCaul,Republican,House,TX,LNC,2022-7-20,False,True
Michael McCaul,Republican,House,TX,T,2022-7-10,False,True
Michael McCaul,Republican,House,TX,LNC,2022-7-18,False,True
Michael McCaul,Republican,House,TX,LNC,2022-7-19,False,True
Michael McCaul,Republican,House,TX,PAIDX,2022-7-5,False,True
Michael McCaul,Republican,House,TX,VMFXX,2022-7-5,True,False
Michael McCaul,Republican,House,TX,PAIDX,2022-7-5,False,True
Michael McCaul,Republican,House,TX,VMFXX,2022-7-5,True,False
Michael McCaul,Republican,House,TX,VMFXX,2022-7-5,True,False
Michael McCaul,Republican,House,TX,VMFXX,2022-7-13,False,True
Michael McCaul,Republican,House,TX,VMFXX,2022-7-13,False,True
Michael McCaul,Republican,House,TX,VMFXX,2022-7-13,False,True
Michael McCaul,Republican,House,TX,PAIDX,2022-7-5,False,True
Michael McCaul,Republican,House,TX,VMFXX,2022-7-5,True,False
Michael McCaul,Republican,House,TX,VMFXX,2022-7-13,False,True
Michael McCaul,Republican,House,TX,VMFXX,2022-7-13,False,True
Michael McCaul,Republican,House,TX,VMFXX,2022-7-13,False,True
Michael McCaul,Republican,House,TX,PAIDX,2022-7-5,False,True
Mo Brooks,Republican,House,AL,AATC,2022-7-21,True,False
Mo Brooks,Republican,House,AL,VZ,2022-7-21,False,True
Scott Peters,Democrat,House,CA,N/A,2022-7-5,True,False
Scott Peters,Democrat,House,CA,N/A,2022-7-5,True,False
Katherine Clark,Democrat,House,MA,KBH,2022-7-6,False,True
Kurt Schrader,Democrat,House,OR,CPRT,2022-7-18,True,False
Kurt Schrader,Democrat,House,OR,HWM,2022-7-25,True,False
Kurt Schrader,Democrat,House,OR,TTWO,2022-7-25,True,False
Kurt Schrader,Democrat,House,OR,CTAS,2022-7-18,False,True
Kurt Schrader,Democrat,House,OR,NKE,2022-7-25,False,True
Kurt Schrader,Democrat,House,OR,SAFRY,2022-7-26,False,True
Kevin Hern,Republican,House,OK,N/A,2022-7-21,True,False
Kevin Hern,Republican,House,OK,FSEN,2022-7-12,True,False
Kevin Hern,Republican,House,OK,TIP,2022-7-7,True,False
Kevin Hern,Republican,House,OK,JPM,2022-7-30,True,False
Chuck Fleischmann,Republican,House,TN,PDBC,2022-7-20,False,True
Chuck Fleischmann,Republican,House,TN,IAU,2022-7-20,False,True
Chuck Fleischmann,Republican,House,TN,IBDP,2022-7-20,True,False
Chuck Fleischmann,Republican,House,TN,HYBB,2022-7-20,True,False
Chuck Fleischmann,Republican,House,TN,IBDU,2022-7-20,True,False
Chuck Fleischmann,Republican,House,TN,IBTK,2022-7-20,True,False
Chuck Fleischmann,Republican,House,TN,SPDW,2022-7-20,False,True
Chuck Fleischmann,Republican,House,TN,SLYG,2022-7-20,False,True
Chuck Fleischmann,Republican,House,TN,SLYV,2022-7-20,False,True
Debbie Dingell,Democrat,House,MI,PG,2022-8-2,True,False
John Curtis,Republican,House,UT,AZO,2022-8-11,True,False
John Curtis,Republican,House,UT,SCHF,2022-7-27,True,False
John Curtis,Republican,House,UT,SBUX,2022-8-11,True,False
John Curtis,Republican,House,UT,SYY,2022-8-11,True,False
John Curtis,Republican,House,UT,ULTA,2022-8-4,False,True
Steve Cohen,Democrat,House,TN,MS,2022-8-9,True,False
Cindy Axne,Democrat,House,IA,LBRDA,2022-8-11,False,True
Rick Scott,Republican,Senate,FL,N/A,2022-7-31,True,False
Rick Scott,Republican,Senate,FL,N/A,2022-7-31,True,False
Tommy Tuberville,Republican,Senate,AL,CLF,2022-7-17,True,False
Tommy Tuberville,Republican,Senate,AL,ECOM,2022-7-13,True,False
Tommy Tuberville,Republican,Senate,AL,N/A,2022-7-26,True,False
Tommy Tuberville,Republican,Senate,AL,N/A,2022-7-26,False,True
Tommy Tuberville,Republican,Senate,AL,N/A,2022-7-24,True,False
Tommy Tuberville,Republican,Senate,AL,N/A,2022-7-7,False,True
Tommy Tuberville,Republican,Senate,AL,N/A,2022-7-6,False,True
Tommy Tuberville,Republican,Senate,AL,N/A,2022-6-30,True,False
Ro Khanna,Democrat,House,CA,GOOGL,2022-7-28,True,False
Ro Khanna,Democrat,House,CA,SSNC,2022-7-28,True,False
Ro Khanna,Democrat,House,CA,GOOGL,2022-7-4,True,False
Ro Khanna,Democrat,House,CA,TXN,2022-7-4,True,False
Ro Khanna,Democrat,House,CA,MS,2022-7-27,True,False
Ro Khanna,Democrat,House,CA,MSFT,2022-7-28,True,False
Ro Khanna,Democrat,House,CA,VRTX,2022-7-17,True,False
Ro Khanna,Democrat,House,CA,COST,2022-7-17,True,False
Ro Khanna,Democrat,House,CA,META,2022-7-28,False,True
Ro Khanna,Democrat,House,CA,PEP,2022-7-12,False,True
Ro Khanna,Democrat,House,CA,HUM,2022-7-13,False,True
Ro Khanna,Democrat,House,CA,MDLZ,2022-7-13,False,True
Ro Khanna,Democrat,House,CA,ADBE,2022-7-17,False,True
Ro Khanna,Democrat,House,CA,APTV,2022-6-30,False,True
Ro Khanna,Democrat,House,CA,ISRG,2022-7-24,False,True
Ro Khanna,Democrat,House,CA,TSLA,2022-7-26,False,True
Ro Khanna,Democrat,House,CA,AMZN,2022-7-11,False,True
Ro Khanna,Democrat,House,CA,DD,2022-7-7,True,False
Ro Khanna,Democrat,House,CA,GOOGL,2022-7-28,True,False
Ro Khanna,Democrat,House,CA,META,2022-7-28,False,True
Ro Khanna,Democrat,House,CA,HUM,2022-7-13,False,True
Ro Khanna,Democrat,House,CA,PEP,2022-7-12,False,True
Ro Khanna,Democrat,House,CA,WBA,2022-7-7,False,True
Ro Khanna,Democrat,House,CA,N/A,2022-7-4,True,False
Ro Khanna,Democrat,House,CA,N/A,2022-7-4,True,False
Ro Khanna,Democrat,House,CA,N/A,2022-7-5,True,False
Ro Khanna,Democrat,House,CA,N/A,2022-7-5,True,False
Ro Khanna,Democrat,House,CA,N/A,2022-7-4,True,False
Ro Khanna,Democrat,House,CA,N/A,2022-7-4,True,False
Ro Khanna,Democrat,House,CA,N/A,2022-7-5,True,False
Ro Khanna,Democrat,House,CA,TSLA,2022-7-18,True,False
Ro Khanna,Democrat,House,CA,COST,2022-7-18,True,False
Ro Khanna,Democrat,House,CA,META,2022-7-18,True,False
Ro Khanna,Democrat,House,CA,JPM,2022-7-18,True,False
Ro Khanna,Democrat,House,CA,V,2022-7-18,True,False
Ro Khanna,Democrat,House,CA,AAPL,2022-7-18,True,False
Ro Khanna,Democrat,House,CA,INTC,2022-7-18,True,False
Ro Khanna,Democrat,House,CA,BRK/B,2022-7-18,True,False
Ro Khanna,Democrat,House,CA,MA,2022-7-18,True,False
Ro Khanna,Democrat,House,CA,UNP,2022-7-18,True,False
Ro Khanna,Democrat,House,CA,ADBE,2022-7-18,True,False
Ro Khanna,Democrat,House,CA,ACN,2022-7-18,True,False
Ro Khanna,Democrat,House,CA,PFE,2022-7-18,True,False
Ro Khanna,Democrat,House,CA,MCD,2022-7-18,True,False
Ro Khanna,Democrat,House,CA,NVDA,2022-7-18,True,False
Ro Khanna,Democrat,House,CA,DIS,2022-7-18,True,False
Ro Khanna,Democrat,House,CA,PG,2022-7-18,True,False
Ro Khanna,Democrat,House,CA,INTU,2022-7-18,True,False
Ro Khanna,Democrat,House,CA,MDT,2022-7-18,True,False
Ro Khanna,Democrat,House,CA,CME,2022-7-18,True,False
Ro Khanna,Democrat,House,CA,PLD,2022-7-18,True,False
Ro Khanna,Democrat,House,CA,CVS,2022-7-18,True,False
Ro Khanna,Democrat,House,CA,PEP,2022-7-18,True,False
Ro Khanna,Democrat,House,CA,ITW,2022-7-18,True,False
Ro Khanna,Democrat,House,CA,CMCSA,2022-7-18,True,False
Ro Khanna,Democrat,House,CA,PRU,2022-7-18,True,False
Ro Khanna,Democrat,House,CA,VZ,2022-7-18,True,False
Ro Khanna,Democrat,House,CA,ICE,2022-7-18,True,False
Ro Khanna,Democrat,House,CA,CSX,2022-7-18,True,False
Ro Khanna,Democrat,House,CA,AFL,2022-7-18,True,False
Ro Khanna,Democrat,House,CA,DD,2022-7-7,True,False
Ro Khanna,Democrat,House,CA,ETN,2022-7-18,True,False
Ro Khanna,Democrat,House,CA,NFLX,2022-7-18,True,False
Ro Khanna,Democrat,House,CA,CRI,2022-7-25,True,False
Ro Khanna,Democrat,House,CA,ATVI,2022-7-18,True,False
Ro Khanna,Democrat,House,CA,TROW,2022-7-18,True,False
Ro Khanna,Democrat,House,CA,RF,2022-7-21,True,False
Ro Khanna,Democrat,House,CA,AMP,2022-7-18,True,False
Ro Khanna,Democrat,House,CA,ALL,2022-7-18,True,False
Ro Khanna,Democrat,House,CA,DHR,2022-7-18,True,False
Ro Khanna,Democrat,House,CA,EW,2022-7-18,True,False
Ro Khanna,Democrat,House,CA,AME,2022-7-18,True,False
Ro Khanna,Democrat,House,CA,BRO,2022-7-18,True,False
Ro Khanna,Democrat,House,CA,STT,2022-7-18,True,False
Ro Khanna,Democrat,House,CA,PNC,2022-7-18,True,False
Ro Khanna,Democrat,House,CA,WBA,2022-7-18,True,False
Ro Khanna,Democrat,House,CA,AXP,2022-7-18,True,False
Ro Khanna,Democrat,House,CA,ROP,2022-7-18,True,False
Ro Khanna,Democrat,House,CA,RJF,2022-7-18,True,False
Ro Khanna,Democrat,House,CA,WTW,2022-7-18,True,False
Ro Khanna,Democrat,House,CA,SYK,2022-7-18,True,False
Ro Khanna,Democrat,House,CA,PFG,2022-7-17,True,False
Ro Khanna,Democrat,House,CA,XYL,2022-7-18,True,False
Ro Khanna,Democrat,House,CA,ADSK,2022-7-18,True,False
Ro Khanna,Democrat,House,CA,ORLY,2022-7-18,True,False
Ro Khanna,Democrat,House,CA,SWK,2022-7-18,True,False
Ro Khanna,Democrat,House,CA,LRCX,2022-7-18,True,False
Ro Khanna,Democrat,House,CA,BLK,2022-7-18,True,False
Ro Khanna,Democrat,House,CA,CRI,2022-7-19,True,False
Ro Khanna,Democrat,House,CA,IR,2022-7-18,True,False
Ro Khanna,Democrat,House,CA,ILMN,2022-7-18,True,False
Ro Khanna,Democrat,House,CA,CTAS,2022-7-18,True,False
Ro Khanna,Democrat,House,CA,ROST,2022-7-18,True,False
Ro Khanna,Democrat,House,CA,FTV,2022-7-18,True,False
Ro Khanna,Democrat,House,CA,ECL,2022-7-18,True,False
Ro Khanna,Democrat,House,CA,PCAR,2022-7-18,True,False
Ro Khanna,Democrat,House,CA,URI,2022-7-18,True,False
Ro Khanna,Democrat,House,CA,TT,2022-7-18,True,False
Ro Khanna,Democrat,House,CA,USB,2022-7-18,True,False
Ro Khanna,Democrat,House,CA,GNRC,2022-7-18,True,False
Ro Khanna,Democrat,House,CA,HCA,2022-7-18,True,False
Ro Khanna,Democrat,House,CA,BALL,2022-7-18,True,False
Ro Khanna,Democrat,House,CA,DD,2022-7-18,True,False
Ro Khanna,Democrat,House,CA,XSP,2022-7-13,True,False
Ro Khanna,Democrat,House,CA,XSP,2022-7-13,True,False
Ro Khanna,Democrat,House,CA,XSP,2022-7-25,True,False
Ro Khanna,Democrat,House,CA,XSP,2022-7-13,False,True
Ro Khanna,Democrat,House,CA,XSP,2022-7-13,False,True
Ro Khanna,Democrat,House,CA,XSP,2022-7-25,False,True
Ro Khanna,Democrat,House,CA,WMT,2022-7-18,False,True
Ro Khanna,Democrat,House,CA,MSFT,2022-7-18,False,True
Ro Khanna,Democrat,House,CA,MS,2022-7-18,False,True
Ro Khanna,Democrat,House,CA,GOOGL,2022-7-18,False,True
Ro Khanna,Democrat,House,CA,MET,2022-7-18,False,True
Ro Khanna,Democrat,House,CA,TJX,2022-7-18,False,True
Ro Khanna,Democrat,House,CA,WBA,2022-7-7,False,True
Ro Khanna,Democrat,House,CA,TXN,2022-7-17,False,True
Ro Khanna,Democrat,House,CA,CAT,2022-7-18,False,True
Ro Khanna,Democrat,House,CA,MMC,2022-7-18,False,True
Ro Khanna,Democrat,House,CA,CB,2022-7-18,False,True
Ro Khanna,Democrat,House,CA,EMR,2022-7-18,False,True
Ro Khanna,Democrat,House,CA,BK,2022-7-18,False,True
Ro Khanna,Democrat,House,CA,C,2022-7-18,False,True
Ro Khanna,Democrat,House,CA,PAYX,2022-7-18,False,True
Ro Khanna,Democrat,House,CA,FI,2022-7-18,False,True
Ro Khanna,Democrat,House,CA,NXPI,2022-7-18,False,True
Ro Khanna,Democrat,House,CA,MRK,2022-7-6,False,True
Ro Khanna,Democrat,House,CA,F,2022-7-18,False,True
Ro Khanna,Democrat,House,CA,AMZN,2022-7-18,False,True
Ro Khanna,Democrat,House,CA,CCI,2022-7-18,False,True
Ro Khanna,Democrat,House,CA,DXCM,2022-7-18,False,True
Ro Khanna,Democrat,House,CA,EQIX,2022-7-18,False,True
Ro Khanna,Democrat,House,CA,AMD,2022-7-18,False,True
Ro Khanna,Democrat,House,CA,PH,2022-7-18,False,True
Ro Khanna,Democrat,House,CA,KKR,2022-7-18,False,True
Ro Khanna,Democrat,House,CA,NOW,2022-7-18,False,True
Ro Khanna,Democrat,House,CA,MSCI,2022-7-18,False,True
Ro Khanna,Democrat,House,CA,MMM,2022-7-18,False,True
Ro Khanna,Democrat,House,CA,SHW,2022-7-18,False,True
Ro Khanna,Democrat,House,CA,TEL,2022-7-18,False,True
Ro Khanna,Democrat,House,CA,OTIS,2022-7-18,False,True
Ro Khanna,Democrat,House,CA,MUFG,2022-7-18,False,True
Ro Khanna,Democrat,House,CA,AIG,2022-7-18,False,True
Ro Khanna,Democrat,House,CA,MTCH,2022-7-18,False,True
Ro Khanna,Democrat,House,CA,FAST,2022-7-18,False,True
Ro Khanna,Democrat,House,CA,FLT,2022-7-18,False,True
Ro Khanna,Democrat,House,CA,NSC,2022-7-18,False,True
Ro Khanna,Democrat,House,CA,AON,2022-7-18,False,True
Ro Khanna,Democrat,House,CA,JBHT,2022-7-18,False,True
Ro Khanna,Democrat,House,CA,COO,2022-7-18,False,True
Ro Khanna,Democrat,House,CA,MSI,2022-7-18,False,True
Ro Khanna,Democrat,House,CA,T,2022-6-30,False,True
Ro Khanna,Democrat,House,CA,T,2022-7-4,False,True
Ro Khanna,Democrat,House,CA,ADP,2022-7-18,False,True
Ro Khanna,Democrat,House,CA,IAC,2022-7-18,False,True
Ro Khanna,Democrat,House,CA,TRV,2022-7-18,False,True
Ro Khanna,Democrat,House,CA,KR,2022-7-18,False,True
Ro Khanna,Democrat,House,CA,NWSA,2022-7-18,False,True
Ro Khanna,Democrat,House,CA,T,2022-7-7,False,True
Ro Khanna,Democrat,House,CA,GPK,2022-7-5,False,True
Ro Khanna,Democrat,House,CA,CG,2022-7-18,False,True
Ro Khanna,Democrat,House,CA,TTWO,2022-7-18,False,True
Ro Khanna,Democrat,House,CA,UAL,2022-7-18,False,True
Ro Khanna,Democrat,House,CA,MRK,2022-7-10,False,True
Ro Khanna,Democrat,House,CA,MRK,2022-7-6,False,True
Ro Khanna,Democrat,House,CA,APD,2022-7-18,False,True
Ro Khanna,Democrat,House,CA,WAB,2022-7-18,False,True
Ro Khanna,Democrat,House,CA,PPG,2022-7-18,False,True
Ro Khanna,Democrat,House,CA,WAB,2022-6-30,False,True
Ro Khanna,Democrat,House,CA,LYB,2022-7-18,False,True
Ro Khanna,Democrat,House,CA,PEAK,2022-7-18,False,True
Ro Khanna,Democrat,House,CA,DT,2022-7-18,False,True
Ro Khanna,Democrat,House,CA,BAX,2022-7-18,False,True
Ro Khanna,Democrat,House,CA,LSXMA,2022-7-18,False,True
Ro Khanna,Democrat,House,CA,GLOB,2022-7-18,False,True
Ro Khanna,Democrat,House,CA,MTB,2022-7-18,False,True
Ro Khanna,Democrat,House,CA,PINS,2022-7-18,False,True
Ro Khanna,Democrat,House,CA,REGN,2022-7-18,False,True
Ro Khanna,Democrat,House,CA,DHI,2022-7-18,False,True
Ro Khanna,Democrat,House,CA,SNAP,2022-7-18,False,True
Ro Khanna,Democrat,House,CA,LOW,2022-7-18,False,True
Ro Khanna,Democrat,House,CA,TRMB,2022-7-18,False,True
Ro Khanna,Democrat,House,CA,APO,2022-7-18,False,True
Ro Khanna,Democrat,House,CA,DOW,2022-7-18,False,True
Ro Khanna,Democrat,House,CA,KLAC,2022-7-18,False,True
Ro Khanna,Democrat,House,CA,QRVO,2022-7-18,False,True
Ro Khanna,Democrat,House,CA,GM,2022-7-18,False,True
Ro Khanna,Democrat,House,CA,ST,2022-7-18,False,True
Ro Khanna,Democrat,House,CA,LSXMA,2022-7-18,False,True
Ro Khanna,Democrat,House,CA,BEN,2022-7-18,False,True
Ro Khanna,Democrat,House,CA,UI,2022-7-18,False,True
Ro Khanna,Democrat,House,CA,JBL,2022-7-18,False,True
Ro Khanna,Democrat,House,CA,DRI,2022-7-18,False,True
Ro Khanna,Democrat,House,CA,RVTY,2022-7-18,False,True
Ro Khanna,Democrat,House,CA,APTV,2022-7-18,False,True
Ro Khanna,Democrat,House,CA,PEGA,2022-7-18,False,True
Ro Khanna,Democrat,House,CA,MASI,2022-7-18,False,True
Ro Khanna,Democrat,House,CA,N/A,2022-7-18,False,True
Ro Khanna,Democrat,House,CA,MAR,2022-7-18,False,True
Ro Khanna,Democrat,House,CA,N/A,2022-7-4,True,False
Ro Khanna,Democrat,House,CA,N/A,2022-7-4,True,False
Ro Khanna,Democrat,House,CA,N/A,2022-7-4,True,False
Ro Khanna,Democrat,House,CA,N/A,2022-7-7,True,False
Ro Khanna,Democrat,House,CA,N/A,2022-7-4,True,False
Ro Khanna,Democrat,House,CA,N/A,2022-7-4,True,False
Ro Khanna,Democrat,House,CA,N/A,2022-7-4,True,False
Ro Khanna,Democrat,House,CA,N/A,2022-7-14,True,False
Ro Khanna,Democrat,House,CA,N/A,2022-7-18,True,False
Ro Khanna,Democrat,House,CA,SSNC,2022-7-28,True,False
Ro Khanna,Democrat,House,CA,GOOGL,2022-7-28,True,False
Ro Khanna,Democrat,House,CA,GOOGL,2022-7-4,True,False
Ro Khanna,Democrat,House,CA,TXN,2022-7-4,True,False
Ro Khanna,Democrat,House,CA,MSFT,2022-7-28,True,False
Ro Khanna,Democrat,House,CA,META,2022-7-28,False,True
Ro Khanna,Democrat,House,CA,MDLZ,2022-7-13,False,True
Ro Khanna,Democrat,House,CA,MS,2022-7-5,True,False
Ro Khanna,Democrat,House,CA,JPM,2022-7-5,False,True
Ro Khanna,Democrat,House,CA,MS,2022-7-5,True,False
Ro Khanna,Democrat,House,CA,JPM,2022-7-5,False,True
Ro Khanna,Democrat,House,CA,MS,2022-7-5,True,False
Ro Khanna,Democrat,House,CA,JPM,2022-7-5,False,True
Mike Kelly,Republican,House,PA,N/A,2022-7-12,True,False
Rob Wittman,Republican,House,VA,ABT,2022-7-14,True,False
Rob Wittman,Republican,House,VA,BAX,2022-7-14,True,False
Rob Wittman,Republican,House,VA,WMT,2022-7-14,True,False
Kathy Manning,Democrat,House,NC,ABT,2022-7-26,True,False
Kathy Manning,Democrat,House,NC,ABT,2022-7-26,True,False
Kathy Manning,Democrat,House,NC,ABT,2022-7-26,True,False
Kathy Manning,Democrat,House,NC,ABT,2022-7-14,True,False
Kathy Manning,Democrat,House,NC,ABBV,2022-7-14,True,False
Kathy Manning,Democrat,House,NC,ABBV,2022-7-26,True,False
Kathy Manning,Democrat,House,NC,ABBV,2022-7-26,False,True
Kathy Manning,Democrat,House,NC,ABBV,2022-7-26,False,True
Kathy Manning,Democrat,House,NC,ACN,2022-7-26,True,False
Kathy Manning,Democrat,House,NC,ACN,2022-7-26,True,False
Kathy Manning,Democrat,House,NC,ACN,2022-7-26,True,False
Kathy Manning,Democrat,House,NC,ACN,2022-7-14,True,False
Kathy Manning,Democrat,House,NC,ADBE,2022-7-14,True,False
Kathy Manning,Democrat,House,NC,APD,2022-7-26,True,False
Kathy Manning,Democrat,House,NC,APD,2022-7-26,True,False
Kathy Manning,Democrat,House,NC,APD,2022-7-26,True,False
Kathy Manning,Democrat,House,NC,ALLY,2022-7-19,True,False
Kathy Manning,Democrat,House,NC,GOOGL,2022-7-26,False,True
Kathy Manning,Democrat,House,NC,GOOGL,2022-7-26,False,True
Kathy Manning,Democrat,House,NC,GOOGL,2022-7-26,True,False
Kathy Manning,Democrat,House,NC,GOOGL,2022-7-14,True,False
Kathy Manning,Democrat,House,NC,GOOGL,2022-7-26,True,False
Kathy Manning,Democrat,House,NC,GOOGL,2022-7-14,True,False
Kathy Manning,Democrat,House,NC,GOOGL,2022-7-26,True,False
Kathy Manning,Democrat,House,NC,MO,2022-7-19,True,False
Kathy Manning,Democrat,House,NC,AMZN,2022-7-14,True,False
Kathy Manning,Democrat,House,NC,AMZN,2022-7-13,True,False
Kathy Manning,Democrat,House,NC,AMCR,2022-7-19,True,False
Kathy Manning,Democrat,House,NC,AIG,2022-7-19,True,False
Kathy Manning,Democrat,House,NC,AMP,2022-7-19,True,False
Kathy Manning,Democrat,House,NC,AMGN,2022-7-19,True,False
Kathy Manning,Democrat,House,NC,AMGN,2022-7-26,False,True
Kathy Manning,Democrat,House,NC,AMGN,2022-7-26,True,False
Kathy Manning,Democrat,House,NC,AMGN,2022-7-26,False,True
Kathy Manning,Democrat,House,NC,AON,2022-7-26,True,False
Kathy Manning,Democrat,House,NC,AON,2022-7-26,False,True
Kathy Manning,Democrat,House,NC,APA,2022-7-19,True,False
Kathy Manning,Democrat,House,NC,AAPL,2022-7-14,True,False
Kathy Manning,Democrat,House,NC,AAPL,2022-7-26,False,True
Kathy Manning,Democrat,House,NC,AAPL,2022-7-26,True,False
Kathy Manning,Democrat,House,NC,AAPL,2022-7-26,False,True
Kathy Manning,Democrat,House,NC,T,2022-7-14,True,False
Kathy Manning,Democrat,House,NC,T,2022-7-19,True,False
Kathy Manning,Democrat,House,NC,AZO,2022-7-19,True,False
Kathy Manning,Democrat,House,NC,BAC,2022-7-19,True,False
Kathy Manning,Democrat,House,NC,BAC,2022-7-14,True,False
Kathy Manning,Democrat,House,NC,BRK/B,2022-7-14,True,False
Kathy Manning,Democrat,House,NC,BBY,2022-7-19,True,False
Kathy Manning,Democrat,House,NC,BIIB,2022-7-19,True,False
Kathy Manning,Democrat,House,NC,BMY,2022-7-14,True,False
Kathy Manning,Democrat,House,NC,AVGO,2022-7-14,True,False
Kathy Manning,Democrat,House,NC,BLDR,2022-7-19,True,False
Kathy Manning,Democrat,House,NC,COF,2022-7-19,True,False
Kathy Manning,Democrat,House,NC,CAH,2022-7-19,True,False
Kathy Manning,Democrat,House,NC,CAT,2022-7-26,True,False
Kathy Manning,Democrat,House,NC,CE,2022-7-19,True,False
Kathy Manning,Democrat,House,NC,CNC,2022-7-26,True,False
Kathy Manning,Democrat,House,NC,CNC,2022-7-26,False,True
Kathy Manning,Democrat,House,NC,CNC,2022-7-26,False,True
Kathy Manning,Democrat,House,NC,CHTR,2022-7-19,True,False
Kathy Manning,Democrat,House,NC,CVX,2022-7-14,True,False
Kathy Manning,Democrat,House,NC,CB,2022-7-26,True,False
Kathy Manning,Democrat,House,NC,CSCO,2022-7-14,True,False
Kathy Manning,Democrat,House,NC,C,2022-7-19,True,False
Kathy Manning,Democrat,House,NC,CFG,2022-7-26,True,False
Kathy Manning,Democrat,House,NC,CFG,2022-7-26,True,False
Kathy Manning,Democrat,House,NC,CFG,2022-7-26,True,False
Kathy Manning,Democrat,House,NC,CME,2022-7-26,True,False
Kathy Manning,Democrat,House,NC,KO,2022-7-14,True,False
Kathy Manning,Democrat,House,NC,CMCSA,2022-7-14,True,False
Kathy Manning,Democrat,House,NC,CMA,2022-7-19,True,False
Kathy Manning,Democrat,House,NC,COST,2022-7-14,True,False
Kathy Manning,Democrat,House,NC,CCK,2022-7-19,True,False
Kathy Manning,Democrat,House,NC,CVS,2022-7-14,True,False
Kathy Manning,Democrat,House,NC,DHR,2022-7-14,True,False
Kathy Manning,Democrat,House,NC,DVN,2022-7-19,True,False
Kathy Manning,Democrat,House,NC,DFS,2022-7-19,True,False
Kathy Manning,Democrat,House,NC,DPZ,2022-7-19,True,False
Kathy Manning,Democrat,House,NC,EMN,2022-7-19,True,False
Kathy Manning,Democrat,House,NC,LLY,2022-7-14,True,False
Kathy Manning,Democrat,House,NC,EL,2022-7-26,True,False
Kathy Manning,Democrat,House,NC,EL,2022-7-26,False,True
Kathy Manning,Democrat,House,NC,EL,2022-7-26,False,True
Kathy Manning,Democrat,House,NC,EXPD,2022-7-26,True,False
Kathy Manning,Democrat,House,NC,XOM,2022-7-14,True,False
Kathy Manning,Democrat,House,NC,FICO,2022-7-19,True,False
Kathy Manning,Democrat,House,NC,IT,2022-7-19,True,False
Kathy Manning,Democrat,House,NC,GIS,2022-7-26,True,False
Kathy Manning,Democrat,House,NC,GIS,2022-7-26,False,True
Kathy Manning,Democrat,House,NC,GIS,2022-7-26,False,True
Kathy Manning,Democrat,House,NC,HCA,2022-7-19,True,False
Kathy Manning,Democrat,House,NC,HD,2022-7-14,True,False
Kathy Manning,Democrat,House,NC,HD,2022-7-26,False,True
Kathy Manning,Democrat,House,NC,HD,2022-7-26,True,False
Kathy Manning,Democrat,House,NC,HST,2022-7-19,True,False
Kathy Manning,Democrat,House,NC,HPQ,2022-7-19,True,False
Kathy Manning,Democrat,House,NC,INTC,2022-7-14,True,False
Kathy Manning,Democrat,House,NC,IP,2022-7-19,True,False
Kathy Manning,Democrat,House,NC,INTU,2022-7-26,True,False
Kathy Manning,Democrat,House,NC,INTU,2022-7-26,True,False
Kathy Manning,Democrat,House,NC,INTU,2022-7-26,True,False
Kathy Manning,Democrat,House,NC,JNJ,2022-7-26,True,False
Kathy Manning,Democrat,House,NC,JNJ,2022-7-14,True,False
Kathy Manning,Democrat,House,NC,JPM,2022-7-14,True,False
Kathy Manning,Democrat,House,NC,JPM,2022-7-26,True,False
Kathy Manning,Democrat,House,NC,JPM,2022-7-26,True,False
Kathy Manning,Democrat,House,NC,JPM,2022-7-26,True,False
Kathy Manning,Democrat,House,NC,KEY,2022-7-19,True,False
Kathy Manning,Democrat,House,NC,KMI,2022-7-19,True,False
Kathy Manning,Democrat,House,NC,LHX,2022-7-19,True,False
Kathy Manning,Democrat,House,NC,LRCX,2022-7-26,True,False
Kathy Manning,Democrat,House,NC,LRCX,2022-7-26,True,False
Kathy Manning,Democrat,House,NC,LRCX,2022-7-26,True,False
Kathy Manning,Democrat,House,NC,LBYAV,2022-7-19,True,False
Kathy Manning,Democrat,House,NC,LIN,2022-7-14,True,False
Kathy Manning,Democrat,House,NC,LMT,2022-7-26,True,False
Kathy Manning,Democrat,House,NC,LMT,2022-7-26,False,True
Kathy Manning,Democrat,House,NC,L,2022-7-19,True,False
Kathy Manning,Democrat,House,NC,LOW,2022-7-19,True,False
Kathy Manning,Democrat,House,NC,LOW,2022-7-14,True,False
Kathy Manning,Democrat,House,NC,LUMN,2022-7-19,True,False
Kathy Manning,Democrat,House,NC,MRO,2022-7-19,True,False
Kathy Manning,Democrat,House,NC,MPC,2022-7-19,True,False
Kathy Manning,Democrat,House,NC,MAS,2022-7-19,True,False
Kathy Manning,Democrat,House,NC,MA,2022-7-14,True,False
Kathy Manning,Democrat,House,NC,MCD,2022-7-14,True,False
Kathy Manning,Democrat,House,NC,MCK,2022-7-19,True,False
Kathy Manning,Democrat,House,NC,MDT,2022-7-26,True,False
Kathy Manning,Democrat,House,NC,MDT,2022-7-26,True,False
Kathy Manning,Democrat,House,NC,MDT,2022-7-26,True,False
Kathy Manning,Democrat,House,NC,MRK,2022-7-14,True,False
Kathy Manning,Democrat,House,NC,META,2022-7-14,True,False
Kathy Manning,Democrat,House,NC,MET,2022-7-19,True,False
Kathy Manning,Democrat,House,NC,MU,2022-7-26,True,False
Kathy Manning,Democrat,House,NC,MU,2022-7-26,True,False
Kathy Manning,Democrat,House,NC,MSFT,2022-7-26,True,False
Kathy Manning,Democrat,House,NC,MSFT,2022-7-26,True,False
Kathy Manning,Democrat,House,NC,MSFT,2022-7-26,True,False
Kathy Manning,Democrat,House,NC,MSFT,2022-7-14,True,False
Kathy Manning,Democrat,House,NC,MSFT,2022-7-26,True,False
Kathy Manning,Democrat,House,NC,NEE,2022-7-14,True,False
Kathy Manning,Democrat,House,NC,NKE,2022-7-14,True,False
Kathy Manning,Democrat,House,NC,NKE,2022-7-26,True,False
Kathy Manning,Democrat,House,NC,NKE,2022-7-26,False,True
Kathy Manning,Democrat,House,NC,NKE,2022-7-26,False,True
Kathy Manning,Democrat,House,NC,NOC,2022-7-19,True,False
Kathy Manning,Democrat,House,NC,NVDA,2022-7-26,True,False
Kathy Manning,Democrat,House,NC,NVDA,2022-7-26,True,False
Kathy Manning,Democrat,House,NC,NVDA,2022-7-26,True,False
Kathy Manning,Democrat,House,NC,NVDA,2022-7-14,True,False
Kathy Manning,Democrat,House,NC,NVR,2022-7-19,True,False
Kathy Manning,Democrat,House,NC,ORCL,2022-7-19,True,False
Kathy Manning,Democrat,House,NC,PKG,2022-7-26,True,False
Kathy Manning,Democrat,House,NC,PKG,2022-7-26,True,False
Kathy Manning,Democrat,House,NC,PYPL,2022-7-26,True,False
Kathy Manning,Democrat,House,NC,PYPL,2022-7-26,True,False
Kathy Manning,Democrat,House,NC,PYPL,2022-7-26,True,False
Kathy Manning,Democrat,House,NC,PEP,2022-7-14,True,False
Kathy Manning,Democrat,House,NC,PFE,2022-7-14,True,False
Kathy Manning,Democrat,House,NC,PFE,2022-7-26,True,False
Kathy Manning,Democrat,House,NC,PM,2022-7-14,True,False
Kathy Manning,Democrat,House,NC,PG,2022-7-14,True,False
Kathy Manning,Democrat,House,NC,PG,2022-7-26,True,False
Kathy Manning,Democrat,House,NC,PG,2022-7-26,True,False
Kathy Manning,Democrat,House,NC,PRU,2022-7-19,True,False
Kathy Manning,Democrat,House,NC,PHM,2022-7-19,True,False
Kathy Manning,Democrat,House,NC,QCOM,2022-7-26,True,False
Kathy Manning,Democrat,House,NC,QCOM,2022-7-14,True,False
Kathy Manning,Democrat,House,NC,DGX,2022-7-19,True,False
Kathy Manning,Democrat,House,NC,RTX,2022-7-14,True,False
Kathy Manning,Democrat,House,NC,SPGI,2022-7-14,True,False
Kathy Manning,Democrat,House,NC,CRM,2022-7-14,True,False
Kathy Manning,Democrat,House,NC,SBUX,2022-7-26,True,False
Kathy Manning,Democrat,House,NC,SBUX,2022-7-26,False,True
Kathy Manning,Democrat,House,NC,SBUX,2022-7-26,False,True
Kathy Manning,Democrat,House,NC,SYF,2022-7-19,True,False
Kathy Manning,Democrat,House,NC,SYY,2022-7-26,False,True
Kathy Manning,Democrat,House,NC,SYY,2022-7-26,True,False
Kathy Manning,Democrat,House,NC,TSLA,2022-7-14,True,False
Kathy Manning,Democrat,House,NC,BK,2022-7-19,True,False
Kathy Manning,Democrat,House,NC,TMO,2022-7-14,True,False
Kathy Manning,Democrat,House,NC,TJX,2022-7-26,True,False
Kathy Manning,Democrat,House,NC,TJX,2022-7-26,True,False
Kathy Manning,Democrat,House,NC,TJX,2022-7-26,True,False
Kathy Manning,Democrat,House,NC,UNP,2022-7-19,True,False
Kathy Manning,Democrat,House,NC,UNH,2022-7-14,True,False
Kathy Manning,Democrat,House,NC,VZ,2022-7-14,True,False
Kathy Manning,Democrat,House,NC,V,2022-7-14,True,False
Kathy Manning,Democrat,House,NC,V,2022-7-26,True,False
Kathy Manning,Democrat,House,NC,WMT,2022-7-26,True,False
Kathy Manning,Democrat,House,NC,WMT,2022-7-26,False,True
Kathy Manning,Democrat,House,NC,WMT,2022-7-14,True,False
Kathy Manning,Democrat,House,NC,DIS,2022-7-14,True,False
Kathy Manning,Democrat,House,NC,DIS,2022-7-26,True,False
Kathy Manning,Democrat,House,NC,DIS,2022-7-26,True,False
Kathy Manning,Democrat,House,NC,DIS,2022-7-26,True,False
Kathy Manning,Democrat,House,NC,WFC,2022-7-14,True,False
Kathy Manning,Democrat,House,NC,WFC,2022-7-19,True,False
Kathy Manning,Democrat,House,NC,WHR,2022-7-19,True,False
Steve Cohen,Democrat,House,TN,FHN,2022-7-26,True,False
Shelley Moore Capito,Republican,Senate,WV,GWW,2022-7-10,True,False
Shelley Moore Capito,Republican,Senate,WV,COST,2022-6-30,True,False
Suzan DelBene,Democrat,House,WA,N/A,2022-7-21,True,False
Steve Cohen,Democrat,House,TN,OZK,2022-8-2,True,False
Steve Cohen,Democrat,House,TN,DURA,2022-8-2,True,False
Earl Blumenauer,Democrat,House,OR,PHG,2022-7-26,True,False
Alan Lowenthal,Democrat,House,CA,MDT,2022-7-28,False,True
Bob Gibbs,Republican,House,OH,DD,2022-8-3,False,True
Bob Gibbs,Republican,House,OH,LLY,2022-8-3,False,True
Bob Gibbs,Republican,House,OH,WBD,2022-8-3,False,True
Virginia Foxx,Republican,House,NC,ARLP,2022-7-21,True,False
Virginia Foxx,Republican,House,NC,ARLP,2022-7-27,True,False
Virginia Foxx,Republican,House,NC,BTI,2022-7-13,True,False
Virginia Foxx,Republican,House,NC,BTI,2022-7-28,True,False
Virginia Foxx,Republican,House,NC,GSK,2022-7-5,True,False
Virginia Foxx,Republican,House,NC,GSK,2022-7-11,False,True
Virginia Foxx,Republican,House,NC,K,2022-7-20,True,False
Virginia Foxx,Republican,House,NC,MMP,2022-7-4,False,True
Virginia Foxx,Republican,House,NC,MOS,2022-7-27,True,False
Virginia Foxx,Republican,House,NC,MOS,2022-7-28,True,False
Virginia Foxx,Republican,House,NC,PBA,2022-7-13,True,False
Virginia Foxx,Republican,House,NC,PG,2022-7-19,True,False
Virginia Foxx,Republican,House,NC,PG,2022-7-28,True,False
Virginia Foxx,Republican,House,NC,TD,2022-7-12,True,False
Virginia Foxx,Republican,House,NC,UVV,2022-7-4,True,False
Virginia Foxx,Republican,House,NC,UVV,2022-7-13,False,True
Virginia Foxx,Republican,House,NC,VIA,2022-7-4,True,False
Lloyd Doggett,Democrat,House,TX,KO,2022-6-30,True,False
Steve Cohen,Democrat,House,TN,SCHD,2022-7-28,True,False
Michael Burgess,Republican,House,TX,AMZN,2022-7-14,False,True
Michael Burgess,Republican,House,TX,SYK,2022-7-21,False,True
Michael Burgess,Republican,House,TX,SYK,2022-7-21,False,True
Alan Lowenthal,Democrat,House,CA,MDT,2022-7-27,False,True
David McKinley,Republican,House,WV,COST,2022-7-6,False,True
David McKinley,Republican,House,WV,J,2022-7-6,False,True
David McKinley,Republican,House,WV,ORLY,2022-7-6,False,True
David McKinley,Republican,House,WV,UNH,2022-7-6,False,True
Jim Langevin,Democrat,House,RI,ABNB,2022-7-28,False,True
Jim Langevin,Democrat,House,RI,SQ,2022-7-21,False,True
Jim Langevin,Democrat,House,RI,DASH,2022-7-4,False,True
Steve Cohen,Democrat,House,TN,FHN,2022-7-26,True,False
Doug Lamborn,Republican,House,CO,NTAP,2022-7-17,False,True
Doug Lamborn,Republican,House,CO,NTAP,2022-7-18,True,False
Doug Lamborn,Republican,House,CO,NTAP,2022-7-24,False,True
Doug Lamborn,Republican,House,CO,NTAP,2022-7-17,False,True
Doug Lamborn,Republican,House,CO,NTAP,2022-7-18,True,False
Doug Lamborn,Republican,House,CO,NTAP,2022-7-24,False,True
Doug Lamborn,Republican,House,CO,NTAP,2022-7-17,False,True
Doug Lamborn,Republican,House,CO,NTAP,2022-7-18,True,False
Doug Lamborn,Republican,House,CO,NTAP,2022-7-18,True,False
Doug Lamborn,Republican,House,CO,NTAP,2022-7-24,False,True
Diana Harshbarger,Republican,House,TN,ABBV,2022-6-20,True,False
Diana Harshbarger,Republican,House,TN,ABBV,2022-6-20,True,False
Diana Harshbarger,Republican,House,TN,DOX,2022-6-20,True,False
Diana Harshbarger,Republican,House,TN,DOX,2022-6-20,True,False
Diana Harshbarger,Republican,House,TN,DOX,2022-6-20,True,False
Diana Harshbarger,Republican,House,TN,DOX,2022-6-20,True,False
Diana Harshbarger,Republican,House,TN,ADP,2022-6-20,True,False
Diana Harshbarger,Republican,House,TN,ADP,2022-6-20,True,False
Diana Harshbarger,Republican,House,TN,ADP,2022-6-20,True,False
Diana Harshbarger,Republican,House,TN,ADP,2022-6-20,True,False
Diana Harshbarger,Republican,House,TN,BKNG,2022-6-20,True,False
Diana Harshbarger,Republican,House,TN,BKNG,2022-6-20,True,False
Diana Harshbarger,Republican,House,TN,BKNG,2022-6-20,True,False
Diana Harshbarger,Republican,House,TN,BKNG,2022-6-20,True,False
Diana Harshbarger,Republican,House,TN,BAH,2022-6-20,True,False
Diana Harshbarger,Republican,House,TN,BAH,2022-6-20,True,False
Diana Harshbarger,Republican,House,TN,BAH,2022-6-20,True,False
Diana Harshbarger,Republican,House,TN,BAH,2022-6-20,True,False
Diana Harshbarger,Republican,House,TN,AVGO,2022-6-20,True,False
Diana Harshbarger,Republican,House,TN,AVGO,2022-6-20,True,False
Diana Harshbarger,Republican,House,TN,AVGO,2022-6-20,True,False
Diana Harshbarger,Republican,House,TN,AVGO,2022-6-20,True,False
Diana Harshbarger,Republican,House,TN,CVS,2022-6-20,True,False
Diana Harshbarger,Republican,House,TN,CVS,2022-6-20,True,False
Diana Harshbarger,Republican,House,TN,CVS,2022-6-20,True,False
Diana Harshbarger,Republican,House,TN,CVS,2022-6-20,True,False
Diana Harshbarger,Republican,House,TN,KDP,2022-6-20,True,False
Diana Harshbarger,Republican,House,TN,KDP,2022-6-20,True,False
Diana Harshbarger,Republican,House,TN,KDP,2022-6-20,True,False
Diana Harshbarger,Republican,House,TN,KDP,2022-6-20,True,False
Diana Harshbarger,Republican,House,TN,LMT,2022-6-20,True,False
Diana Harshbarger,Republican,House,TN,MCK,2022-6-20,True,False
Diana Harshbarger,Republican,House,TN,MCK,2022-6-20,True,False
Diana Harshbarger,Republican,House,TN,MCK,2022-6-20,True,False
Diana Harshbarger,Republican,House,TN,MCK,2022-6-20,True,False
Diana Harshbarger,Republican,House,TN,MRK,2022-6-20,True,False
Diana Harshbarger,Republican,House,TN,MRK,2022-6-20,True,False
Diana Harshbarger,Republican,House,TN,VRSN,2022-6-20,True,False
Diana Harshbarger,Republican,House,TN,VRSN,2022-6-20,True,False
Diana Harshbarger,Republican,House,TN,VRSN,2022-6-20,True,False
Diana Harshbarger,Republican,House,TN,VRSN,2022-6-20,True,False
Diana Harshbarger,Republican,House,TN,ALLE,2022-6-20,False,True
Diana Harshbarger,Republican,House,TN,AMZN,2022-6-20,False,True
Diana Harshbarger,Republican,House,TN,AMZN,2022-6-20,False,True
Diana Harshbarger,Republican,House,TN,AMZN,2022-6-20,False,True
Diana Harshbarger,Republican,House,TN,AMZN,2022-6-20,False,True
Diana Harshbarger,Republican,House,TN,HD,2022-6-20,False,True
Diana Harshbarger,Republican,House,TN,HD,2022-6-20,False,True
Diana Harshbarger,Republican,House,TN,HD,2022-6-20,False,True
Diana Harshbarger,Republican,House,TN,HD,2022-6-20,False,True
Diana Harshbarger,Republican,House,TN,SPGI,2022-6-20,False,True
Diana Harshbarger,Republican,House,TN,SPGI,2022-6-20,False,True
Diana Harshbarger,Republican,House,TN,SPGI,2022-6-20,False,True
Diana Harshbarger,Republican,House,TN,TMO,2022-6-20,False,True
Diana Harshbarger,Republican,House,TN,TMO,2022-6-20,False,True
Diana Harshbarger,Republican,House,TN,TMO,2022-6-20,False,True
Diana Harshbarger,Republican,House,TN,TMO,2022-6-20,False,True
Diana Harshbarger,Republican,House,TN,VMW,2022-6-20,False,True
Diana Harshbarger,Republican,House,TN,VMW,2022-6-20,False,True
Diana Harshbarger,Republican,House,TN,VMW,2022-6-20,False,True
Diana Harshbarger,Republican,House,TN,VMW,2022-6-20,False,True
Diana Harshbarger,Republican,House,TN,WMT,2022-6-20,False,True
Diana Harshbarger,Republican,House,TN,WMT,2022-6-20,False,True
Diana Harshbarger,Republican,House,TN,WMT,2022-6-20,False,True
Diana Harshbarger,Republican,House,TN,VMW,2022-6-21,False,True
Diana Harshbarger,Republican,House,TN,BKNG,2022-6-22,True,False
Diana Harshbarger,Republican,House,TN,ORCL,2022-6-22,True,False
Diana Harshbarger,Republican,House,TN,ORCL,2022-6-22,True,False
Diana Harshbarger,Republican,House,TN,VMW,2022-6-22,False,True
Diana Harshbarger,Republican,House,TN,VMW,2022-6-22,False,True
Diana Harshbarger,Republican,House,TN,VMW,2022-6-22,False,True
Diana Harshbarger,Republican,House,TN,VMW,2022-6-22,False,True
Diana Harshbarger,Republican,House,TN,ADSK,2022-6-23,True,False
Diana Harshbarger,Republican,House,TN,ADSK,2022-6-23,True,False
Diana Harshbarger,Republican,House,TN,ADSK,2022-6-23,True,False
Diana Harshbarger,Republican,House,TN,ADBE,2022-6-23,False,True
Diana Harshbarger,Republican,House,TN,ADBE,2022-6-23,False,True
Diana Harshbarger,Republican,House,TN,ADBE,2022-6-23,False,True
Diana Harshbarger,Republican,House,TN,ADBE,2022-6-23,False,True
Diana Harshbarger,Republican,House,TN,ADBE,2022-6-23,False,True
Diana Harshbarger,Republican,House,TN,ADBE,2022-6-23,False,True
Diana Harshbarger,Republican,House,TN,ADBE,2022-6-23,False,True
Diana Harshbarger,Republican,House,TN,ADBE,2022-6-23,False,True
Diana Harshbarger,Republican,House,TN,ADBE,2022-6-23,False,True
Diana Harshbarger,Republican,House,TN,ADBE,2022-6-23,False,True
Diana Harshbarger,Republican,House,TN,DECK,2022-6-23,False,True
Diana Harshbarger,Republican,House,TN,DECK,2022-6-23,False,True
Diana Harshbarger,Republican,House,TN,DECK,2022-6-23,False,True
Diana Harshbarger,Republican,House,TN,DECK,2022-6-23,False,True
Diana Harshbarger,Republican,House,TN,ZBH,2022-6-23,False,True
Diana Harshbarger,Republican,House,TN,ZBH,2022-6-23,False,True
Diana Harshbarger,Republican,House,TN,ZBH,2022-6-23,False,True
Diana Harshbarger,Republican,House,TN,ZBH,2022-6-23,False,True
Diana Harshbarger,Republican,House,TN,ADSK,2022-6-26,True,False
Diana Harshbarger,Republican,House,TN,NOW,2022-6-26,True,False
Diana Harshbarger,Republican,House,TN,MDT,2022-6-27,True,False
Diana Harshbarger,Republican,House,TN,MDT,2022-6-27,True,False
Diana Harshbarger,Republican,House,TN,MDT,2022-6-27,True,False
Diana Harshbarger,Republican,House,TN,MDT,2022-6-27,True,False
Diana Harshbarger,Republican,House,TN,N/A,2022-6-27,True,False
Diana Harshbarger,Republican,House,TN,N/A,2022-6-27,False,True
Diana Harshbarger,Republican,House,TN,N/A,2022-6-27,False,True
Diana Harshbarger,Republican,House,TN,N/A,2022-6-27,False,True
Diana Harshbarger,Republican,House,TN,N/A,2022-6-27,False,True
Diana Harshbarger,Republican,House,TN,N/A,2022-6-27,False,True
Diana Harshbarger,Republican,House,TN,MISHX,2022-6-28,True,False
Diana Harshbarger,Republican,House,TN,GOOGL,2022-6-28,True,False
Diana Harshbarger,Republican,House,TN,N/A,2022-6-29,True,False
Diana Harshbarger,Republican,House,TN,N/A,2022-6-29,False,True
Diana Harshbarger,Republican,House,TN,N/A,2022-6-30,False,True
Diana Harshbarger,Republican,House,TN,DIS,2022-7-4,True,False
Diana Harshbarger,Republican,House,TN,DIS,2022-7-4,True,False
Diana Harshbarger,Republican,House,TN,N/A,2022-7-4,False,True
Diana Harshbarger,Republican,House,TN,N/A,2022-7-4,False,True
Diana Harshbarger,Republican,House,TN,N/A,2022-7-4,False,True
Diana Harshbarger,Republican,House,TN,N/A,2022-7-4,False,True
Diana Harshbarger,Republican,House,TN,TTWO,2022-7-4,False,True
Diana Harshbarger,Republican,House,TN,TTWO,2022-7-4,False,True
Diana Harshbarger,Republican,House,TN,TTWO,2022-7-4,False,True
Diana Harshbarger,Republican,House,TN,TTWO,2022-7-4,False,True
Diana Harshbarger,Republican,House,TN,TJX,2022-7-4,False,True
Diana Harshbarger,Republican,House,TN,TJX,2022-7-4,False,True
Diana Harshbarger,Republican,House,TN,TJX,2022-7-4,False,True
Diana Harshbarger,Republican,House,TN,TJX,2022-7-4,False,True
Diana Harshbarger,Republican,House,TN,BKNG,2022-7-5,True,False
Diana Harshbarger,Republican,House,TN,BKNG,2022-7-5,True,False
Diana Harshbarger,Republican,House,TN,BKNG,2022-7-5,True,False
Diana Harshbarger,Republican,House,TN,IQV,2022-7-5,True,False
Diana Harshbarger,Republican,House,TN,IQV,2022-7-5,True,False
Diana Harshbarger,Republican,House,TN,IQV,2022-7-5,True,False
Diana Harshbarger,Republican,House,TN,IQV,2022-7-5,True,False
Diana Harshbarger,Republican,House,TN,DIS,2022-7-5,True,False
Diana Harshbarger,Republican,House,TN,DIS,2022-7-5,True,False
Diana Harshbarger,Republican,House,TN,DIS,2022-7-5,True,False
Diana Harshbarger,Republican,House,TN,OTIS,2022-7-6,True,False
Diana Harshbarger,Republican,House,TN,N/A,2022-7-6,False,True
Diana Harshbarger,Republican,House,TN,N/A,2022-7-6,False,True
Diana Harshbarger,Republican,House,TN,N/A,2022-7-7,True,False
Diana Harshbarger,Republican,House,TN,N/A,2022-7-7,True,False
Diana Harshbarger,Republican,House,TN,IQV,2022-7-11,True,False
Diana Harshbarger,Republican,House,TN,IQV,2022-7-11,True,False
Diana Harshbarger,Republican,House,TN,IQV,2022-7-11,True,False
Diana Harshbarger,Republican,House,TN,IQV,2022-7-11,True,False
Diana Harshbarger,Republican,House,TN,N/A,2022-7-12,True,False
Diana Harshbarger,Republican,House,TN,N/A,2022-7-12,True,False
Diana Harshbarger,Republican,House,TN,N/A,2022-7-12,True,False
Diana Harshbarger,Republican,House,TN,N/A,2022-7-12,False,True
Diana Harshbarger,Republican,House,TN,N/A,2022-7-12,False,True
Diana Harshbarger,Republican,House,TN,IQV,2022-7-13,True,False
Diana Harshbarger,Republican,House,TN,IQV,2022-7-13,True,False
Diana Harshbarger,Republican,House,TN,DIS,2022-7-13,True,False
Diana Harshbarger,Republican,House,TN,ALLE,2022-7-17,False,True
Diana Harshbarger,Republican,House,TN,ALLE,2022-7-17,False,True
Diana Harshbarger,Republican,House,TN,ALLE,2022-7-17,False,True
Diana Harshbarger,Republican,House,TN,ALLE,2022-7-17,False,True
Diana Harshbarger,Republican,House,TN,MO,2022-7-17,False,True
Diana Harshbarger,Republican,House,TN,N/A,2022-7-17,False,True
Diana Harshbarger,Republican,House,TN,N/A,2022-7-17,False,True
Diana Harshbarger,Republican,House,TN,SPGI,2022-7-17,False,True
Diana Harshbarger,Republican,House,TN,SPGI,2022-7-17,False,True
Diana Harshbarger,Republican,House,TN,SPGI,2022-7-17,False,True
Diana Harshbarger,Republican,House,TN,SPGI,2022-7-17,False,True
Diana Harshbarger,Republican,House,TN,PGR,2022-7-18,True,False
Diana Harshbarger,Republican,House,TN,PGR,2022-7-18,True,False
Diana Harshbarger,Republican,House,TN,DIS,2022-7-18,True,False
Diana Harshbarger,Republican,House,TN,DIS,2022-7-18,True,False
Diana Harshbarger,Republican,House,TN,DIS,2022-7-18,True,False
Diana Harshbarger,Republican,House,TN,FLT,2022-7-18,False,True
Diana Harshbarger,Republican,House,TN,FLT,2022-7-18,False,True
Diana Harshbarger,Republican,House,TN,PG,2022-7-18,False,True
Diana Harshbarger,Republican,House,TN,TTWO,2022-7-18,False,True
Diana Harshbarger,Republican,House,TN,TTWO,2022-7-18,False,True
Diana Harshbarger,Republican,House,TN,IQV,2022-7-19,True,False
Diana Harshbarger,Republican,House,TN,DIS,2022-7-19,True,False
Mark Green,Republican,House,TN,ET,2022-6-20,False,True
Mark Green,Republican,House,TN,ET,2022-7-11,False,True
Mark Green,Republican,House,TN,ET,2022-7-17,False,True
Mark Green,Republican,House,TN,ET,2022-7-24,False,True
Mark Green,Republican,House,TN,NGL,2022-6-1,True,False
Ron Estes,Republican,House,KS,CVX,2022-7-18,False,True
Ron Estes,Republican,House,KS,SPR,2022-7-4,False,True
Ron Estes,Republican,House,KS,N/A,2022-7-31,True,False
Ron Estes,Republican,House,KS,VZ,2022-7-11,False,True
Ron Estes,Republican,House,KS,WFC,2022-7-4,False,True
Don Beyer,Democrat,House,VA,N/A,2022-7-27,True,False
Chris Jacobs,Republican,House,NY,ACAD,2022-6-15,False,True
Chris Jacobs,Republican,House,NY,AGNC,2022-6-20,True,False
Chris Jacobs,Republican,House,NY,ALLK,2022-6-15,True,False
Chris Jacobs,Republican,House,NY,PLAN,2022-6-15,False,True
Chris Jacobs,Republican,House,NY,ASB,2022-6-15,True,False
Chris Jacobs,Republican,House,NY,BCEL,2022-6-15,True,False
Chris Jacobs,Republican,House,NY,AXSM,2022-6-15,True,False
Chris Jacobs,Republican,House,NY,SQ,2022-6-15,False,True
Chris Jacobs,Republican,House,NY,BRMK,2022-6-20,True,False
Chris Jacobs,Republican,House,NY,CPE,2022-6-15,False,True
Chris Jacobs,Republican,House,NY,SAVA,2022-6-20,True,False
Chris Jacobs,Republican,House,NY,PR,2022-6-15,False,True
Chris Jacobs,Republican,House,NY,CIVI,2022-6-20,True,False
Chris Jacobs,Republican,House,NY,CTRA,2022-6-20,True,False
Chris Jacobs,Republican,House,NY,UUUU,2022-6-15,False,True
Chris Jacobs,Republican,House,NY,EXPE,2022-6-15,False,True
Chris Jacobs,Republican,House,NY,FNB,2022-6-20,True,False
Chris Jacobs,Republican,House,NY,FHN,2022-6-20,True,False
Chris Jacobs,Republican,House,NY,GNK,2022-6-20,True,False
Chris Jacobs,Republican,House,NY,GNK,2022-6-15,True,False
Chris Jacobs,Republican,House,NY,GEVO,2022-6-15,True,False
Chris Jacobs,Republican,House,NY,HD,2022-6-15,False,True
Chris Jacobs,Republican,House,NY,IIPR,2022-6-20,True,False
Chris Jacobs,Republican,House,NY,KRG,2022-6-20,True,False
Chris Jacobs,Republican,House,NY,KOS,2022-6-15,False,True
Chris Jacobs,Republican,House,NY,MAC,2022-6-15,True,False
Chris Jacobs,Republican,House,NY,NBR,2022-6-15,False,True
Chris Jacobs,Republican,House,NY,N/A,2022-6-29,True,False
Chris Jacobs,Republican,House,NY,NEX,2022-6-15,False,True
Chris Jacobs,Republican,House,NY,NAT,2022-6-15,True,False
Chris Jacobs,Republican,House,NY,NWBI,2022-6-20,True,False
Chris Jacobs,Republican,House,NY,OCFC,2022-6-20,True,False
Chris Jacobs,Republican,House,NY,OCGN,2022-6-15,True,False
Chris Jacobs,Republican,House,NY,PTEN,2022-6-15,False,True
Chris Jacobs,Republican,House,NY,DOC,2022-6-20,True,False
Chris Jacobs,Republican,House,NY,RC,2022-6-15,True,False
Chris Jacobs,Republican,House,NY,RC,2022-6-15,True,False
Chris Jacobs,Republican,House,NY,RWT,2022-6-15,True,False
Chris Jacobs,Republican,House,NY,SBRA,2022-6-20,True,False
Chris Jacobs,Republican,House,NY,STNG,2022-6-20,True,False
Chris Jacobs,Republican,House,NY,TELL,2022-6-15,False,True
Chris Jacobs,Republican,House,NY,RTL,2022-6-20,True,False
Chris Jacobs,Republican,House,NY,UBSI,2022-6-20,True,False
Chris Jacobs,Republican,House,NY,UEC,2022-6-15,False,True
Chris Jacobs,Republican,House,NY,VTRS,2022-6-20,True,False
Chris Jacobs,Republican,House,NY,VTRS,2022-6-15,True,False
Richard Blumenthal,Democrat,Senate,CT,APG,2022-6-22,True,False
Richard Blumenthal,Democrat,Senate,CT,N/A,2022-6-14,False,True
Richard Blumenthal,Democrat,Senate,CT,N/A,2022-6-14,False,True
Richard Blumenthal,Democrat,Senate,CT,KHC,2022-6-16,False,True
Richard Blumenthal,Democrat,Senate,CT,KHC,2022-6-16,False,True
Richard Blumenthal,Democrat,Senate,CT,KHC,2022-6-16,False,True
Richard Blumenthal,Democrat,Senate,CT,KHC,2022-6-16,False,True
Richard Blumenthal,Democrat,Senate,CT,KHC,2022-6-16,False,True
Richard Blumenthal,Democrat,Senate,CT,KHC,2022-6-16,False,True
Nancy Pelosi,Democrat,House,CA,NVDA,2022-7-25,False,True
Kathy Manning,Democrat,House,NC,N/A,2022-6-30,False,True
Kathy Manning,Democrat,House,NC,N/A,2022-7-24,True,False
Michael Guest,Republican,House,MS,N/A,2022-6-26,True,False
Suzan DelBene,Democrat,House,WA,N/A,2022-7-7,False,True
Michael San Nicolas,Democrat,House,GU,SHOP,2022-6-2,False,True
Michael San Nicolas,Democrat,House,GU,SHOP,2022-6-2,True,False
Michael San Nicolas,Democrat,House,GU,SHOP,2022-6-6,False,True
Michael San Nicolas,Democrat,House,GU,SHOP,2022-6-2,True,False
Maria Elvira Salazar,Republican,House,FL,N/A,2022-6-20,False,True
Michael McCaul,Republican,House,TX,N/A,2022-6-7,True,False
Michael McCaul,Republican,House,TX,N/A,2022-6-21,True,False
Michael McCaul,Republican,House,TX,N/A,2022-6-7,True,False
Michael McCaul,Republican,House,TX,N/A,2022-6-7,True,False
Michael McCaul,Republican,House,TX,N/A,2022-6-22,True,False
Michael McCaul,Republican,House,TX,LYB,2022-6-1,True,False
Michael McCaul,Republican,House,TX,FIVE,2022-6-12,True,False
Michael McCaul,Republican,House,TX,ACN,2022-6-27,True,False
Michael McCaul,Republican,House,TX,N/A,2022-6-22,True,False
Michael McCaul,Republican,House,TX,N/A,2022-6-22,True,False
Michael McCaul,Republican,House,TX,N/A,2022-6-27,True,False
Michael McCaul,Republican,House,TX,AVY,2022-6-2,True,False
