Name,Party,Chamber,State,Ticker,Date,Buy,Sell
Michael McCaul,Republican,House,TX,MNST,2022-12-15,False,True
Michael McCaul,Republican,House,TX,N/A,2022-12-15,False,True
Michael McCaul,Republican,House,TX,PYPL,2022-12-15,False,True
Michael McCaul,Republican,House,TX,IJR,2022-12-13,False,True
Michael McCaul,Republican,House,TX,MA,2022-12-15,False,True
Michael McCaul,Republican,House,TX,ADP,2022-12-15,False,True
Michael McCaul,Republican,House,TX,BSX,2022-12-15,False,True
Michael McCaul,Republican,House,TX,ADBE,2022-12-15,False,True
Michael McCaul,Republican,House,TX,INTU,2022-12-15,False,True
Michael McCaul,Republican,House,TX,FI,2022-12-15,False,True
Michael McCaul,Republican,House,TX,ACN,2022-12-15,False,True
Michael McCaul,Republican,House,TX,MS,2022-12-13,False,True
Michael McCaul,Republican,House,TX,EPAM,2022-12-15,False,True
Michael McCaul,Republican,House,TX,SAFRY,2022-12-13,False,True
Michael McCaul,Republican,House,TX,LBRDA,2022-12-13,False,True
Michael McCaul,Republican,House,TX,FLT,2022-12-15,False,True
Michael McCaul,Republican,House,TX,VWLUX,2022-12-13,False,True
Michael McCaul,Republican,House,TX,NBIX,2022-12-15,False,True
Michael McCaul,Republican,House,TX,AMZN,2022-12-15,False,True
Michael McCaul,Republican,House,TX,CMCSA,2022-12-13,False,True
Michael McCaul,Republican,House,TX,C,2022-12-13,False,True
Michael McCaul,Republican,House,TX,N/A,2022-12-18,False,True
Michael McCaul,Republican,House,TX,META,2022-12-13,False,True
Michael McCaul,Republican,House,TX,SHEL,2022-12-13,False,True
Michael McCaul,Republican,House,TX,GE,2022-12-13,False,True
Michael McCaul,Republican,House,TX,AMZN,2022-12-13,False,True
Michael McCaul,Republican,House,TX,N/A,2022-12-29,False,True
Michael McCaul,Republican,House,TX,GOOGL,2022-12-15,False,True
Michael McCaul,Republican,House,TX,GS,2022-12-13,False,True
Michael McCaul,Republican,House,TX,VWLUX,2022-12-13,False,True
Michael McCaul,Republican,House,TX,V,2022-12-15,False,True
Michael McCaul,Republican,House,TX,N/A,2022-12-18,False,True
Michael McCaul,Republican,House,TX,N/A,2022-12-18,False,True
Michael McCaul,Republican,House,TX,NFLX,2022-12-13,False,True
Michael McCaul,Republican,House,TX,KDP,2022-12-14,False,True
Michael McCaul,Republican,House,TX,MSFT,2022-12-15,False,True
Michael McCaul,Republican,House,TX,BSX,2022-12-6,False,True
Michael McCaul,Republican,House,TX,VOO,2022-12-13,False,True
Michael McCaul,Republican,House,TX,AON,2022-12-14,False,True
Michael McCaul,Republican,House,TX,MAR,2022-12-1,False,True
Michael McCaul,Republican,House,TX,IJR,2022-12-13,False,True
Michael McCaul,Republican,House,TX,SCHW,2022-12-4,False,True
Michael McCaul,Republican,House,TX,HLT,2022-11-30,False,True
Michael McCaul,Republican,House,TX,SCHW,2022-12-14,False,True
Michael McCaul,Republican,House,TX,ORLY,2022-12-14,False,True
Michael McCaul,Republican,House,TX,AON,2022-12-12,False,True
Michael McCaul,Republican,House,TX,N/A,2022-12-14,False,True
Michael McCaul,Republican,House,TX,N/A,2022-12-15,False,True
Michael McCaul,Republican,House,TX,N/A,2022-11-30,False,True
Michael McCaul,Republican,House,TX,N/A,2022-11-30,False,True
Michael McCaul,Republican,House,TX,KDP,2022-12-19,False,True
Michael McCaul,Republican,House,TX,N/A,2022-11-30,False,True
Michael McCaul,Republican,House,TX,N/A,2022-11-30,False,True
Michael McCaul,Republican,House,TX,N/A,2022-12-18,False,True
Michael McCaul,Republican,House,TX,VOO,2022-12-13,False,True
Michael McCaul,Republican,House,TX,N/A,2022-12-18,True,False
Michael McCaul,Republican,House,TX,N/A,2022-12-27,True,False
Michael McCaul,Republican,House,TX,INTC,2022-12-13,True,False
Michael McCaul,Republican,House,TX,FDX,2022-12-26,True,False
Michael McCaul,Republican,House,TX,FIS,2022-12-1,True,False
Michael McCaul,Republican,House,TX,FIS,2022-11-30,True,False
Michael McCaul,Republican,House,TX,AAP,2022-12-4,True,False
Michael McCaul,Republican,House,TX,WBD,2022-12-13,True,False
Michael McCaul,Republican,House,TX,WBD,2022-12-14,True,False
Michael McCaul,Republican,House,TX,WBD,2022-12-15,True,False
Michael McCaul,Republican,House,TX,AAP,2022-12-5,True,False
Michael McCaul,Republican,House,TX,NWL,2022-12-4,False,True
Michael McCaul,Republican,House,TX,NWL,2022-12-22,False,True
Michael McCaul,Republican,House,TX,NWL,2022-12-27,False,True
Michael McCaul,Republican,House,TX,NWL,2022-12-5,False,True
Michael McCaul,Republican,House,TX,MUR,2022-12-13,False,True
Michael McCaul,Republican,House,TX,MUR,2022-12-15,False,True
Michael McCaul,Republican,House,TX,MUR,2022-12-14,False,True
Michael McCaul,Republican,House,TX,NWL,2022-12-26,False,True
Michael McCaul,Republican,House,TX,CAG,2022-11-30,False,True
Michael McCaul,Republican,House,TX,CAG,2022-12-1,False,True
Michael McCaul,Republican,House,TX,CVX,2022-12-13,False,True
Michael McCaul,Republican,House,TX,ITOT,2022-12-27,True,False
Michael McCaul,Republican,House,TX,VWO,2022-12-28,True,False
Michael McCaul,Republican,House,TX,HLMIX,2022-12-13,True,False
Michael McCaul,Republican,House,TX,DFCEX,2022-12-13,True,False
Michael McCaul,Republican,House,TX,VTI,2022-12-22,True,False
Michael McCaul,Republican,House,TX,ITOT,2022-12-28,True,False
Michael McCaul,Republican,House,TX,VTI,2022-12-28,False,True
Michael McCaul,Republican,House,TX,DFCEX,2022-12-26,False,True
Michael McCaul,Republican,House,TX,DFCEX,2022-12-26,False,True
Michael McCaul,Republican,House,TX,DFCEX,2022-12-26,False,True
Michael McCaul,Republican,House,TX,DFCEX,2022-12-26,False,True
Michael McCaul,Republican,House,TX,DFCEX,2022-12-26,False,True
Michael McCaul,Republican,House,TX,DFCEX,2022-12-26,False,True
Michael McCaul,Republican,House,TX,DFCEX,2022-12-26,False,True
Michael McCaul,Republican,House,TX,DFCEX,2022-12-26,False,True
Michael McCaul,Republican,House,TX,DFCEX,2022-12-26,False,True
Michael McCaul,Republican,House,TX,DFCEX,2022-12-26,False,True
Michael McCaul,Republican,House,TX,VTI,2022-12-27,False,True
Michael Guest,Republican,House,MS,N/A,2022-12-20,True,False
Michael Guest,Republican,House,MS,N/A,2022-12-20,True,False
Michael Guest,Republican,House,MS,N/A,2022-12-20,True,False
Michael Guest,Republican,House,MS,N/A,2022-12-20,True,False
Michael Guest,Republican,House,MS,N/A,2022-12-20,True,False
Michael Guest,Republican,House,MS,N/A,2022-12-20,True,False
Michael Guest,Republican,House,MS,N/A,2022-12-20,True,False
Michael Guest,Republican,House,MS,N/A,2022-12-20,True,False
Michael Guest,Republican,House,MS,WBD,2022-12-20,False,True
Michael Guest,Republican,House,MS,WDS,2022-12-20,False,True
Debbie Dingell,Democrat,House,MI,AMT,2023-1-11,True,False
Rick Scott,Republican,Senate,FL,N/A,2022-12-27,False,True
Rick Scott,Republican,Senate,FL,N/A,2022-12-27,False,True
Rick Scott,Republican,Senate,FL,N/A,2022-12-27,False,True
Rick Scott,Republican,Senate,FL,N/A,2022-12-18,True,False
Rick Scott,Republican,Senate,FL,N/A,2022-12-19,True,False
Rick Scott,Republican,Senate,FL,N/A,2022-12-19,True,False
Rick Scott,Republican,Senate,FL,N/A,2022-12-19,True,False
Roy Blunt,Republican,Senate,MO,KHC,2022-12-22,False,True
Angus King,Other,Senate,ME,ADBE,2022-12-18,False,True
Angus King,Other,Senate,ME,EA,2022-12-20,True,False
Shelley Moore Capito,Republican,Senate,WV,VFC,2022-12-14,False,True
Shelley Moore Capito,Republican,Senate,WV,AXAHY,2022-12-28,False,True
Shelley Moore Capito,Republican,Senate,WV,WFC,2022-12-28,False,True
Pete Sessions,Republican,House,TX,N/A,2023-1-16,True,False
Pete Sessions,Republican,House,TX,N/A,2023-1-16,True,False
Debbie Lesko,Republican,House,AZ,N/A,2023-1-2,True,False
Maria Elvira Salazar,Republican,House,FL,N/A,2022-12-14,False,True
Maria Elvira Salazar,Republican,House,FL,N/A,2022-12-21,True,False
Kevin Hern,Republican,House,OK,ADBE,2022-12-18,False,True
Kevin Hern,Republican,House,OK,ARCB,2022-12-18,False,True
Kevin Hern,Republican,House,OK,BALL,2022-12-18,False,True
Kevin Hern,Republican,House,OK,MTBC,2022-12-18,False,True
Kevin Hern,Republican,House,OK,DVN,2022-12-29,True,False
Kevin Hern,Republican,House,OK,DVN,2022-12-29,True,False
Kevin Hern,Republican,House,OK,ECL,2022-12-18,False,True
Kevin Hern,Republican,House,OK,EMR,2022-12-8,True,False
Kevin Hern,Republican,House,OK,EXAS,2022-12-18,False,True
Kevin Hern,Republican,House,OK,XOM,2022-12-8,True,False
Kevin Hern,Republican,House,OK,HLT,2022-12-18,False,True
Kevin Hern,Republican,House,OK,HD,2022-12-14,True,False
Kevin Hern,Republican,House,OK,INTC,2022-11-30,True,False
Kevin Hern,Republican,House,OK,JNJ,2022-12-5,True,False
Kevin Hern,Republican,House,OK,LMT,2022-12-29,True,False
Kevin Hern,Republican,House,OK,MASI,2022-12-18,False,True
Kevin Hern,Republican,House,OK,MSFT,2022-12-7,True,False
Kevin Hern,Republican,House,OK,NEE,2022-12-14,True,False
Kevin Hern,Republican,House,OK,PXD,2022-12-14,True,False
Kevin Hern,Republican,House,OK,PXD,2022-12-14,True,False
Kevin Hern,Republican,House,OK,RTX,2022-12-14,True,False
Kevin Hern,Republican,House,OK,ROK,2022-12-11,True,False
Kevin Hern,Republican,House,OK,UNH,2022-12-12,True,False
Kevin Hern,Republican,House,OK,WMB,2022-12-25,True,False
Kevin Hern,Republican,House,OK,N/A,2022-12-18,False,True
Josh Gottheimer,Democrat,House,NJ,AMGN,2022-12-8,True,False
Josh Gottheimer,Democrat,House,NJ,ADP,2022-12-19,True,False
Josh Gottheimer,Democrat,House,NJ,BX,2022-12-4,False,True
Josh Gottheimer,Democrat,House,NJ,LLY,2022-12-6,True,False
Josh Gottheimer,Democrat,House,NJ,FIS,2022-11-30,True,False
Josh Gottheimer,Democrat,House,NJ,HALO,2022-12-5,False,True
Josh Gottheimer,Democrat,House,NJ,INSM,2022-12-5,True,False
Josh Gottheimer,Democrat,House,NJ,1093,2022-12-29,False,True
Josh Gottheimer,Democrat,House,NJ,RBA,2022-12-5,False,True
Josh Gottheimer,Democrat,House,NJ,SHLS,2022-12-5,True,False
Josh Gottheimer,Democrat,House,NJ,SUPN,2022-12-22,False,True
Josh Gottheimer,Democrat,House,NJ,SYNH,2022-12-5,False,True
Maria Cantwell,Democrat,Senate,WA,RNWK,2022-12-27,False,True
Tommy Tuberville,Republican,Senate,AL,GOLD,2022-12-22,True,False
Tommy Tuberville,Republican,Senate,AL,NU,2022-12-18,True,False
Tommy Tuberville,Republican,Senate,AL,DIS,2022-12-14,False,True
Tommy Tuberville,Republican,Senate,AL,PG,2022-12-8,False,True
Tommy Tuberville,Republican,Senate,AL,KMB,2022-12-8,False,True
Tommy Tuberville,Republican,Senate,AL,PYPL,2022-12-8,False,True
Tommy Tuberville,Republican,Senate,AL,PG,2022-12-8,False,True
Tommy Tuberville,Republican,Senate,AL,CLX,2022-12-8,False,True
Tommy Tuberville,Republican,Senate,AL,PYPL,2022-12-8,False,True
Tommy Tuberville,Republican,Senate,AL,PYPL,2022-12-8,False,True
Tommy Tuberville,Republican,Senate,AL,PYPL,2022-12-8,False,True
Tommy Tuberville,Republican,Senate,AL,PYPL,2022-12-8,False,True
Tommy Tuberville,Republican,Senate,AL,PYPL,2022-12-8,False,True
Tommy Tuberville,Republican,Senate,AL,PYPL,2022-12-8,False,True
Tommy Tuberville,Republican,Senate,AL,PYPL,2022-12-7,True,False
Tommy Tuberville,Republican,Senate,AL,GOLD,2022-12-5,True,False
Tommy Tuberville,Republican,Senate,AL,PYPL,2022-12-4,True,False
Tommy Tuberville,Republican,Senate,AL,QCOM,2022-12-1,False,True
Tommy Tuberville,Republican,Senate,AL,QCOM,2022-12-1,False,True
Tommy Tuberville,Republican,Senate,AL,QCOM,2022-11-30,True,False
Tommy Tuberville,Republican,Senate,AL,GOLD,2022-11-30,True,False
Tommy Tuberville,Republican,Senate,AL,N/A,2022-12-27,False,True
Tommy Tuberville,Republican,Senate,AL,N/A,2022-12-22,False,True
Tommy Tuberville,Republican,Senate,AL,N/A,2022-12-5,True,False
Nancy Pelosi,Democrat,House,CA,AB,2022-12-27,False,True
Nancy Pelosi,Democrat,House,CA,GOOGL,2022-12-27,False,True
Nancy Pelosi,Democrat,House,CA,GOOGL,2022-12-19,False,True
Nancy Pelosi,Democrat,House,CA,GOOGL,2022-12-20,False,True
Nancy Pelosi,Democrat,House,CA,NFLX,2022-12-28,False,True
Nancy Pelosi,Democrat,House,CA,NFLX,2022-12-29,False,True
Nancy Pelosi,Democrat,House,CA,PYPL,2022-12-20,False,True
Nancy Pelosi,Democrat,House,CA,PYPL,2022-12-27,False,True
Nancy Pelosi,Democrat,House,CA,N/A,2022-12-26,True,False
Nancy Pelosi,Democrat,House,CA,RBLX,2022-12-27,False,True
Nancy Pelosi,Democrat,House,CA,CRM,2022-12-19,False,True
Nancy Pelosi,Democrat,House,CA,TSLA,2022-12-19,False,True
Nancy Pelosi,Democrat,House,CA,DIS,2022-12-20,False,True
Victoria Spartz,Republican,House,IN,SPG,2023-1-9,True,False
Earl Blumenauer,Democrat,House,OR,N/A,2023-1-2,True,False
Earl Blumenauer,Democrat,House,OR,N/A,2023-1-2,True,False
John Boozman,Republican,Senate,AR,HAS,2022-11-30,False,True
John Boozman,Republican,Senate,AR,QSR,2022-11-30,True,False
Jacklyn Rosen,Democrat,Senate,NV,GE,2023-1-2,False,False
Jacklyn Rosen,Democrat,Senate,NV,GE,2023-1-2,False,False
Jacklyn Rosen,Democrat,Senate,NV,GE,2023-1-2,False,False
Jacklyn Rosen,Democrat,Senate,NV,GE,2023-1-2,False,False
Jacklyn Rosen,Democrat,Senate,NV,GEHC,2023-1-2,False,False
Jacklyn Rosen,Democrat,Senate,NV,GEHC,2023-1-2,False,False
Jacklyn Rosen,Democrat,Senate,NV,GEHC,2023-1-2,False,False
Jacklyn Rosen,Democrat,Senate,NV,GEHC,2023-1-2,False,False
Kathy Manning,Democrat,House,NC,N/A,2022-12-29,False,True
Kathy Manning,Democrat,House,NC,N/A,2022-12-29,False,True
Kathy Manning,Democrat,House,NC,N/A,2022-12-29,False,True
Kathy Manning,Democrat,House,NC,N/A,2022-12-29,False,True
Kathy Manning,Democrat,House,NC,N/A,2022-12-29,True,False
Kathy Manning,Democrat,House,NC,N/A,2022-12-29,True,False
Kathy Manning,Democrat,House,NC,N/A,2022-12-29,True,False
Kathy Manning,Democrat,House,NC,N/A,2022-12-29,True,False
John Curtis,Republican,House,UT,AMD,2022-12-19,True,False
John Curtis,Republican,House,UT,BAC,2022-12-19,False,True
John Curtis,Republican,House,UT,ELV,2022-12-19,False,True
John Curtis,Republican,House,UT,FRC,2022-12-19,True,False
John Curtis,Republican,House,UT,FI,2022-12-19,False,True
John Curtis,Republican,House,UT,JPM,2022-12-19,False,True
John Curtis,Republican,House,UT,UNH,2022-12-19,False,True
John Curtis,Republican,House,UT,ZTS,2022-12-19,True,False
Gary Peters,Democrat,Senate,MI,WBD,2022-12-11,False,True
Susan Collins,Republican,Senate,ME,AKAM,2022-12-19,False,True
Susan Collins,Republican,Senate,ME,N/A,2022-12-12,True,False
Jim Langevin,Democrat,House,RI,GNRC,2022-12-4,True,False
Jim Langevin,Democrat,House,RI,GNRC,2022-12-11,False,True
Jim Langevin,Democrat,House,RI,GNRC,2022-12-19,False,True
Mark Green,Republican,House,TN,ET,2022-12-28,False,True
Mark Green,Republican,House,TN,NGL,2023-1-2,False,True
Lois Frankel,Democrat,House,FL,BLK,2022-11-29,False,True
Lois Frankel,Democrat,House,FL,BLK,2022-12-6,False,True
Lois Frankel,Democrat,House,FL,CARG,2022-11-21,False,True
Lois Frankel,Democrat,House,FL,D,2022-11-29,True,False
Lois Frankel,Democrat,House,FL,D,2022-11-30,True,False
Lois Frankel,Democrat,House,FL,DD,2022-11-29,False,True
Lois Frankel,Democrat,House,FL,HPP,2022-12-7,False,True
Lois Frankel,Democrat,House,FL,PLD,2022-11-29,True,False
Lois Frankel,Democrat,House,FL,PLD,2022-12-6,True,False
Lois Frankel,Democrat,House,FL,PLD,2022-12-7,True,False
Lois Frankel,Democrat,House,FL,UNP,2022-11-29,True,False
Kurt Schrader,Democrat,House,OR,COR,2022-11-30,True,False
Kurt Schrader,Democrat,House,OR,SPY,2022-12-5,True,False
Kurt Schrader,Democrat,House,OR,TRU,2022-12-8,True,False
Kurt Schrader,Democrat,House,OR,DHR,2022-11-30,False,True
Kurt Schrader,Democrat,House,OR,MSCI,2022-12-5,False,True
Kurt Schrader,Democrat,House,OR,ETN,2022-12-8,False,True
Kurt Schrader,Democrat,House,OR,APH,2022-12-11,False,True
Kurt Schrader,Democrat,House,OR,VNQ,2022-12-21,False,True
Rob Wittman,Republican,House,VA,ANAGX,2022-12-13,False,True
Rob Wittman,Republican,House,VA,CMCSA,2022-12-6,True,False
Rob Wittman,Republican,House,VA,DG,2022-12-20,True,False
Rob Wittman,Republican,House,VA,MA,2022-12-6,True,False
Rob Wittman,Republican,House,VA,MCD,2022-12-20,False,True
Rob Wittman,Republican,House,VA,MWTIX,2022-12-13,False,True
Rob Wittman,Republican,House,VA,BND,2022-12-13,True,False
Rob Wittman,Republican,House,VA,BND,2022-12-20,True,False
Rob Wittman,Republican,House,VA,BNDX,2022-12-20,True,False
Rob Wittman,Republican,House,VA,BNDX,2022-12-13,True,False
Lloyd Doggett,Democrat,House,TX,KO,2022-12-15,True,False
Lloyd Doggett,Democrat,House,TX,HD,2022-12-15,True,False
Lloyd Doggett,Democrat,House,TX,IBM,2022-12-12,True,False
Lloyd Doggett,Democrat,House,TX,JNJ,2022-12-6,True,False
Lloyd Doggett,Democrat,House,TX,PPG,2022-12-12,True,False
Tom Carper,Democrat,Senate,DE,JPM,2022-12-28,False,True
Tom Carper,Democrat,Senate,DE,N/A,2022-12-19,True,False
Carol Miller,Republican,House,WV,SGENX,2022-12-1,True,False
Carol Miller,Republican,House,WV,SHY,2022-12-21,True,False
Carol Miller,Republican,House,WV,SCHP,2022-12-1,False,True
Pete Sessions,Republican,House,TX,N/A,2022-12-21,True,False
Virginia Foxx,Republican,House,NC,ARLP,2022-12-8,True,False
Virginia Foxx,Republican,House,NC,MO,2022-12-5,True,False
Virginia Foxx,Republican,House,NC,DUK,2022-12-28,True,False
Virginia Foxx,Republican,House,NC,HES,2022-12-29,False,True
Virginia Foxx,Republican,House,NC,PFF,2022-12-7,True,False
Virginia Foxx,Republican,House,NC,PFF,2022-12-8,True,False
Virginia Foxx,Republican,House,NC,MRO,2022-12-4,True,False
Virginia Foxx,Republican,House,NC,VGR,2022-12-29,True,False
Virginia Foxx,Republican,House,NC,VIA,2022-12-8,True,False
Virginia Foxx,Republican,House,NC,AAIC,2022-3-30,True,False
Virginia Foxx,Republican,House,NC,BTI,2022-3-30,True,False
Virginia Foxx,Republican,House,NC,BTI,2022-3-28,True,False
Virginia Foxx,Republican,House,NC,CAG,2022-3-27,False,True
Virginia Foxx,Republican,House,NC,FLO,2022-3-27,False,True
Virginia Foxx,Republican,House,NC,R,2022-3-27,True,False
Virginia Foxx,Republican,House,NC,SIRE,2022-3-29,True,False
Virginia Foxx,Republican,House,NC,TSN,2022-3-27,False,True
Suzan DelBene,Democrat,House,WA,N/A,2022-12-15,True,False
Suzan DelBene,Democrat,House,WA,N/A,2022-12-15,False,True
Suzan DelBene,Democrat,House,WA,N/A,2022-12-15,False,True
Suzan DelBene,Democrat,House,WA,N/A,2022-12-14,True,False
Suzan DelBene,Democrat,House,WA,N/A,2022-12-18,False,True
Debbie Dingell,Democrat,House,MI,META,2022-12-18,False,True
Debbie Dingell,Democrat,House,MI,SWK,2022-12-18,False,True
Earl Blumenauer,Democrat,House,OR,AMZN,2022-12-21,True,False
Earl Blumenauer,Democrat,House,OR,INTC,2022-12-14,False,True
Cindy Axne,Democrat,House,IA,JEF,2022-12-22,False,True
Cindy Axne,Democrat,House,IA,JEF,2022-12-22,False,True
Cindy Axne,Democrat,House,IA,JEF,2022-12-22,False,True
Diana Harshbarger,Republican,House,TN,GEN,2022-11-20,True,False
Diana Harshbarger,Republican,House,TN,GEN,2022-11-20,True,False
Diana Harshbarger,Republican,House,TN,ADI,2022-11-20,False,True
Diana Harshbarger,Republican,House,TN,ADI,2022-11-20,False,True
Diana Harshbarger,Republican,House,TN,ADI,2022-11-20,False,True
Diana Harshbarger,Republican,House,TN,ADI,2022-11-20,False,True
Diana Harshbarger,Republican,House,TN,ADBE,2022-11-21,True,False
Diana Harshbarger,Republican,House,TN,ADBE,2022-11-21,True,False
Diana Harshbarger,Republican,House,TN,ADBE,2022-11-21,True,False
Diana Harshbarger,Republican,House,TN,ADBE,2022-11-21,True,False
Diana Harshbarger,Republican,House,TN,N/A,2022-11-21,True,False
Diana Harshbarger,Republican,House,TN,N/A,2022-11-21,True,False
Diana Harshbarger,Republican,House,TN,ADSK,2022-11-21,False,True
Diana Harshbarger,Republican,House,TN,ADSK,2022-11-21,False,True
Diana Harshbarger,Republican,House,TN,ADSK,2022-11-21,False,True
Diana Harshbarger,Republican,House,TN,ADSK,2022-11-21,False,True
Diana Harshbarger,Republican,House,TN,N/A,2022-11-27,True,False
Diana Harshbarger,Republican,House,TN,MAA,2022-11-27,False,True
Diana Harshbarger,Republican,House,TN,MAA,2022-11-27,False,True
Diana Harshbarger,Republican,House,TN,GOOGL,2022-11-28,True,False
Diana Harshbarger,Republican,House,TN,GOOGL,2022-11-28,True,False
Diana Harshbarger,Republican,House,TN,VZ,2022-11-28,False,True
Diana Harshbarger,Republican,House,TN,VZ,2022-11-28,False,True
Diana Harshbarger,Republican,House,TN,V,2022-11-28,False,True
Diana Harshbarger,Republican,House,TN,CNC,2022-11-29,True,False
Diana Harshbarger,Republican,House,TN,GEN,2022-11-29,True,False
Diana Harshbarger,Republican,House,TN,GEN,2022-11-29,True,False
Diana Harshbarger,Republican,House,TN,N/A,2022-11-29,True,False
Diana Harshbarger,Republican,House,TN,ADI,2022-11-29,False,True
Diana Harshbarger,Republican,House,TN,MSI,2022-11-29,False,True
Diana Harshbarger,Republican,House,TN,MSI,2022-11-29,False,True
Diana Harshbarger,Republican,House,TN,SUI,2022-11-29,False,True
Diana Harshbarger,Republican,House,TN,N/A,2022-12-1,True,False
Diana Harshbarger,Republican,House,TN,N/A,2022-12-1,True,False
Diana Harshbarger,Republican,House,TN,N/A,2022-12-4,True,False
Diana Harshbarger,Republican,House,TN,AZO,2022-12-4,False,True
Diana Harshbarger,Republican,House,TN,TMUS,2022-12-4,False,True
Diana Harshbarger,Republican,House,TN,GOOGL,2022-12-6,True,False
Diana Harshbarger,Republican,House,TN,N/A,2022-12-6,True,False
Diana Harshbarger,Republican,House,TN,LYB,2022-12-6,True,False
Diana Harshbarger,Republican,House,TN,QSR,2022-12-6,True,False
Diana Harshbarger,Republican,House,TN,QSR,2022-12-6,True,False
Diana Harshbarger,Republican,House,TN,QSR,2022-12-6,True,False
Diana Harshbarger,Republican,House,TN,QSR,2022-12-6,True,False
Diana Harshbarger,Republican,House,TN,JPM,2022-12-6,False,True
Diana Harshbarger,Republican,House,TN,JPM,2022-12-6,False,True
Diana Harshbarger,Republican,House,TN,N/A,2022-12-6,False,True
Diana Harshbarger,Republican,House,TN,STEYX,2022-12-8,True,False
Diana Harshbarger,Republican,House,TN,STEYX,2022-12-8,True,False
Diana Harshbarger,Republican,House,TN,STEYX,2022-12-8,True,False
Diana Harshbarger,Republican,House,TN,STEYX,2022-12-8,True,False
Diana Harshbarger,Republican,House,TN,N/A,2022-12-8,True,False
Diana Harshbarger,Republican,House,TN,LYB,2022-12-15,True,False
Diana Harshbarger,Republican,House,TN,LYB,2022-12-15,True,False
Diana Harshbarger,Republican,House,TN,LYB,2022-12-15,True,False
Diana Harshbarger,Republican,House,TN,LYB,2022-12-15,True,False
Diana Harshbarger,Republican,House,TN,N/A,2022-12-15,True,False
Diana Harshbarger,Republican,House,TN,SCHW,2022-12-15,True,False
Diana Harshbarger,Republican,House,TN,SCHW,2022-12-15,True,False
Diana Harshbarger,Republican,House,TN,NOW,2022-12-15,True,False
Diana Harshbarger,Republican,House,TN,KNX,2022-12-15,False,True
Diana Harshbarger,Republican,House,TN,KNX,2022-12-15,False,True
Diana Harshbarger,Republican,House,TN,CNC,2022-12-18,True,False
Diana Harshbarger,Republican,House,TN,CNC,2022-12-18,True,False
Diana Harshbarger,Republican,House,TN,CNC,2022-12-18,True,False
Diana Harshbarger,Republican,House,TN,CNC,2022-12-18,True,False
Diana Harshbarger,Republican,House,TN,KNX,2022-12-18,False,True
Diana Harshbarger,Republican,House,TN,KNX,2022-12-18,False,True
Diana Harshbarger,Republican,House,TN,PGR,2022-12-18,False,True
Diana Harshbarger,Republican,House,TN,PGR,2022-12-18,False,True
Diana Harshbarger,Republican,House,TN,ACM,2022-12-19,False,True
Ro Khanna,Democrat,House,CA,MRVL,2022-12-13,True,False
Ro Khanna,Democrat,House,CA,ADI,2022-12-13,False,True
Ro Khanna,Democrat,House,CA,PFF,2022-12-5,True,False
Ro Khanna,Democrat,House,CA,IWF,2022-12-5,True,False
Ro Khanna,Democrat,House,CA,PYPL,2022-12-1,True,False
Ro Khanna,Democrat,House,CA,KMX,2022-12-21,True,False
Ro Khanna,Democrat,House,CA,APTV,2022-12-1,True,False
Ro Khanna,Democrat,House,CA,N/A,2022-12-21,True,False
Ro Khanna,Democrat,House,CA,WFC,2022-12-14,True,False
Ro Khanna,Democrat,House,CA,LIN,2022-12-1,False,True
Ro Khanna,Democrat,House,CA,PG,2022-12-1,False,True
Ro Khanna,Democrat,House,CA,DE,2022-12-1,False,True
Ro Khanna,Democrat,House,CA,AAPL,2022-12-4,False,True
Ro Khanna,Democrat,House,CA,MSFT,2022-12-4,False,True
Ro Khanna,Democrat,House,CA,TSLA,2022-12-4,False,True
Ro Khanna,Democrat,House,CA,AMZN,2022-12-4,False,True
Ro Khanna,Democrat,House,CA,WFC,2022-12-5,False,True
Ro Khanna,Democrat,House,CA,C,2022-12-5,False,True
Ro Khanna,Democrat,House,CA,WDAY,2022-12-1,False,True
Ro Khanna,Democrat,House,CA,BAC,2022-12-5,False,True
Ro Khanna,Democrat,House,CA,C,2022-12-5,False,True
Ro Khanna,Democrat,House,CA,V,2022-12-4,False,True
Ro Khanna,Democrat,House,CA,NVDA,2022-12-4,False,True
Ro Khanna,Democrat,House,CA,COF,2022-12-5,False,True
Ro Khanna,Democrat,House,CA,N/A,2022-12-5,False,True
Ro Khanna,Democrat,House,CA,LLY,2022-12-4,False,True
Ro Khanna,Democrat,House,CA,ADBE,2022-12-1,False,True
Ro Khanna,Democrat,House,CA,N/A,2022-12-5,False,True
Ro Khanna,Democrat,House,CA,MET,2022-12-5,False,True
Ro Khanna,Democrat,House,CA,MA,2022-12-4,False,True
Ro Khanna,Democrat,House,CA,BNS,2022-12-5,False,True
Ro Khanna,Democrat,House,CA,C,2022-12-5,False,True
Ro Khanna,Democrat,House,CA,LVMHF,2022-12-4,False,True
Ro Khanna,Democrat,House,CA,CFG,2022-12-5,False,True
Ro Khanna,Democrat,House,CA,GOOGL,2022-12-4,False,True
Ro Khanna,Democrat,House,CA,GOOGL,2022-12-4,False,True
Ro Khanna,Democrat,House,CA,BAC,2022-12-13,False,True
Ro Khanna,Democrat,House,CA,BK,2022-12-5,False,True
Ro Khanna,Democrat,House,CA,UNH,2022-12-4,False,True
Ro Khanna,Democrat,House,CA,ALLY,2022-12-5,False,True
Ro Khanna,Democrat,House,CA,MTB,2022-12-5,False,True
Ro Khanna,Democrat,House,CA,DFS,2022-12-5,False,True
Ro Khanna,Democrat,House,CA,SCHW,2022-12-5,False,True
Ro Khanna,Democrat,House,CA,JPM,2022-12-5,False,True
Ro Khanna,Democrat,House,CA,WFC,2022-12-5,False,True
Ro Khanna,Democrat,House,CA,JPM,2022-12-5,False,True
Ro Khanna,Democrat,House,CA,SCHW,2022-12-5,False,True
Ro Khanna,Democrat,House,CA,MKL,2022-12-5,False,True
Ro Khanna,Democrat,House,CA,CFG,2022-12-5,False,True
Ro Khanna,Democrat,House,CA,COST,2022-12-4,False,True
Ro Khanna,Democrat,House,CA,AXP,2022-12-5,False,True
Ro Khanna,Democrat,House,CA,SCHW,2022-12-5,False,True
Ro Khanna,Democrat,House,CA,BK,2022-12-5,False,True
Ro Khanna,Democrat,House,CA,USB,2022-12-5,False,True
Ro Khanna,Democrat,House,CA,PNC,2022-12-5,False,True
Ro Khanna,Democrat,House,CA,MTB,2022-12-5,False,True
Ro Khanna,Democrat,House,CA,BAC,2022-12-5,False,True
Ro Khanna,Democrat,House,CA,VOYA,2022-12-5,False,True
Ro Khanna,Democrat,House,CA,C,2022-12-5,False,True
Ro Khanna,Democrat,House,CA,UBER,2022-12-4,False,True
Ro Khanna,Democrat,House,CA,TJX,2022-12-4,False,True
Ro Khanna,Democrat,House,CA,CRM,2022-12-4,False,True
Ro Khanna,Democrat,House,CA,CMG,2022-12-4,False,True
Ro Khanna,Democrat,House,CA,ALLY,2022-12-5,False,True
Ro Khanna,Democrat,House,CA,MS,2022-12-5,False,True
Ro Khanna,Democrat,House,CA,JPM,2022-12-5,False,True
Ro Khanna,Democrat,House,CA,NFLX,2022-12-4,False,True
Ro Khanna,Democrat,House,CA,LULU,2022-12-4,False,True
Ro Khanna,Democrat,House,CA,VOD,2022-12-5,False,True
Ro Khanna,Democrat,House,CA,DHR,2022-12-4,False,True
Ro Khanna,Democrat,House,CA,AMT,2022-12-4,False,True
Ro Khanna,Democrat,House,CA,RF,2022-12-5,False,True
Ro Khanna,Democrat,House,CA,NVO,2022-12-4,False,True
Ro Khanna,Democrat,House,CA,VRTX,2022-12-4,False,True
Ro Khanna,Democrat,House,CA,CMA,2022-12-5,False,True
Ro Khanna,Democrat,House,CA,VFC,2022-12-21,False,True
Ro Khanna,Democrat,House,CA,PFE,2022-12-26,False,True
Ro Khanna,Democrat,House,CA,FITB,2022-12-5,False,True
Ro Khanna,Democrat,House,CA,COF,2022-12-5,False,True
Ro Khanna,Democrat,House,CA,HBAN,2022-12-5,False,True
Ro Khanna,Democrat,House,CA,PG,2022-12-1,False,True
Ro Khanna,Democrat,House,CA,HBAN,2022-12-5,False,True
Ro Khanna,Democrat,House,CA,ADBE,2022-12-4,False,True
Ro Khanna,Democrat,House,CA,AVGO,2022-12-4,False,True
Ro Khanna,Democrat,House,CA,T,2022-12-5,False,True
Ro Khanna,Democrat,House,CA,SYF,2022-12-5,False,True
Ro Khanna,Democrat,House,CA,AL,2022-12-5,False,True
Ro Khanna,Democrat,House,CA,ABT,2022-12-4,False,True
Ro Khanna,Democrat,House,CA,SPGI,2022-12-4,False,True
Ro Khanna,Democrat,House,CA,N/A,2022-12-5,False,True
Ro Khanna,Democrat,House,CA,DXCM,2022-12-4,False,True
Ro Khanna,Democrat,House,CA,MELI,2022-12-4,False,True
Ro Khanna,Democrat,House,CA,ADYEY,2022-12-4,False,True
Ro Khanna,Democrat,House,CA,N/A,2022-12-5,False,True
Ro Khanna,Democrat,House,CA,NKE,2022-12-4,False,True
Ro Khanna,Democrat,House,CA,VOYA,2022-12-5,False,True
Ro Khanna,Democrat,House,CA,TMUS,2022-12-4,False,True
Ro Khanna,Democrat,House,CA,LNC,2022-12-5,False,True
Ro Khanna,Democrat,House,CA,EL,2022-12-4,False,True
Ro Khanna,Democrat,House,CA,ABNB,2022-12-4,False,True
Ro Khanna,Democrat,House,CA,BAC,2022-12-5,False,True
Ro Khanna,Democrat,House,CA,TEAM,2022-12-4,False,True
Ro Khanna,Democrat,House,CA,MAR,2022-12-4,False,True
Ro Khanna,Democrat,House,CA,HD,2022-12-4,False,True
Ro Khanna,Democrat,House,CA,LIN,2022-12-13,False,True
Ro Khanna,Democrat,House,CA,N/A,2022-12-4,False,True
Ro Khanna,Democrat,House,CA,SIVBQ,2022-12-5,False,True
Ro Khanna,Democrat,House,CA,PRU,2022-12-5,False,True
Ro Khanna,Democrat,House,CA,VFC,2022-12-26,False,True
Ro Khanna,Democrat,House,CA,MS,2022-12-5,False,True
Ro Khanna,Democrat,House,CA,ISRG,2022-12-4,False,True
Ro Khanna,Democrat,House,CA,TTD,2022-12-4,False,True
Ro Khanna,Democrat,House,CA,VFC,2022-12-21,False,True
Ro Khanna,Democrat,House,CA,BK,2022-12-5,False,True
Ro Khanna,Democrat,House,CA,FCNCA,2022-12-5,False,True
Ro Khanna,Democrat,House,CA,MS,2022-12-5,False,True
Ro Khanna,Democrat,House,CA,EQH,2022-12-5,False,True
Ro Khanna,Democrat,House,CA,VFC,2022-12-26,False,True
Ro Khanna,Democrat,House,CA,N/A,2022-12-4,False,True
Ro Khanna,Democrat,House,CA,SNOW,2022-12-4,False,True
Ro Khanna,Democrat,House,CA,SCHW,2022-12-5,False,True
Ro Khanna,Democrat,House,CA,AL,2022-12-5,False,True
Ro Khanna,Democrat,House,CA,SIVBQ,2022-12-5,False,True
Ro Khanna,Democrat,House,CA,KKR,2022-12-4,False,True
Ro Khanna,Democrat,House,CA,PNC,2022-12-5,False,True
Ro Khanna,Democrat,House,CA,MMC,2022-12-22,False,True
Ro Khanna,Democrat,House,CA,SPOT,2022-12-4,False,True
Ro Khanna,Democrat,House,CA,PARA,2022-12-5,False,True
Ro Khanna,Democrat,House,CA,SSNC,2022-12-14,True,False
Ro Khanna,Democrat,House,CA,ST,2022-12-8,True,False
Ro Khanna,Democrat,House,CA,ST,2022-12-21,True,False
Ro Khanna,Democrat,House,CA,FDX,2022-12-20,False,True
Ro Khanna,Democrat,House,CA,T,2022-12-13,False,True
Ro Khanna,Democrat,House,CA,VFC,2022-12-21,False,True
Ro Khanna,Democrat,House,CA,N/A,2022-12-11,True,False
Ro Khanna,Democrat,House,CA,N/A,2022-12-1,True,False
Ro Khanna,Democrat,House,CA,N/A,2022-12-5,True,False
Ro Khanna,Democrat,House,CA,DEI,2022-12-5,True,False
Ro Khanna,Democrat,House,CA,AMT,2022-12-5,True,False
Ro Khanna,Democrat,House,CA,DLR,2022-12-5,True,False
Ro Khanna,Democrat,House,CA,PLD,2022-12-5,True,False
Ro Khanna,Democrat,House,CA,N/A,2022-12-5,True,False
Ro Khanna,Democrat,House,CA,N/A,2022-12-8,True,False
Ro Khanna,Democrat,House,CA,N/A,2022-12-11,True,False
Ro Khanna,Democrat,House,CA,SPOT,2022-12-5,True,False
Ro Khanna,Democrat,House,CA,STX,2022-12-5,True,False
Ro Khanna,Democrat,House,CA,IAC,2022-12-5,True,False
Ro Khanna,Democrat,House,CA,VNO,2022-12-5,True,False
Ro Khanna,Democrat,House,CA,CHTR,2022-12-5,True,False
Ro Khanna,Democrat,House,CA,SNAP,2022-12-5,True,False
Ro Khanna,Democrat,House,CA,DOCU,2022-12-5,True,False
Ro Khanna,Democrat,House,CA,ROKU,2022-12-5,True,False
Ro Khanna,Democrat,House,CA,JLL,2022-12-5,True,False
Ro Khanna,Democrat,House,CA,QS,2022-12-5,True,False
Ro Khanna,Democrat,House,CA,U,2022-12-5,True,False
Ro Khanna,Democrat,House,CA,AMD,2022-12-5,True,False
Ro Khanna,Democrat,House,CA,RNG,2022-12-5,True,False
Ro Khanna,Democrat,House,CA,AAPL,2022-12-5,False,True
Ro Khanna,Democrat,House,CA,MDT,2022-12-5,False,True
Ro Khanna,Democrat,House,CA,MCD,2022-12-5,False,True
Ro Khanna,Democrat,House,CA,DIS,2022-12-5,False,True
Ro Khanna,Democrat,House,CA,MS,2022-12-5,False,True
Ro Khanna,Democrat,House,CA,CCI,2022-12-5,False,True
Ro Khanna,Democrat,House,CA,BRK/B,2022-12-5,False,True
Ro Khanna,Democrat,House,CA,TSLA,2022-12-5,False,True
Ro Khanna,Democrat,House,CA,EQR,2022-12-5,False,True
Ro Khanna,Democrat,House,CA,VRTX,2022-12-5,False,True
Ro Khanna,Democrat,House,CA,GOOGL,2022-12-5,False,True
Ro Khanna,Democrat,House,CA,PYPL,2022-12-5,False,True
Ro Khanna,Democrat,House,CA,AMZN,2022-12-5,False,True
Ro Khanna,Democrat,House,CA,AVGO,2022-12-5,False,True
Ro Khanna,Democrat,House,CA,CRM,2022-12-5,False,True
Ro Khanna,Democrat,House,CA,TGT,2022-12-5,False,True
Ro Khanna,Democrat,House,CA,TEL,2022-12-5,False,True
Ro Khanna,Democrat,House,CA,GM,2022-12-5,False,True
Ro Khanna,Democrat,House,CA,TXN,2022-12-5,False,True
Ro Khanna,Democrat,House,CA,WFC,2022-12-5,False,True
Ro Khanna,Democrat,House,CA,UNH,2022-12-5,False,True
Ro Khanna,Democrat,House,CA,NOW,2022-12-5,False,True
Ro Khanna,Democrat,House,CA,MU,2022-12-5,False,True
Ro Khanna,Democrat,House,CA,VZ,2022-12-5,False,True
Ro Khanna,Democrat,House,CA,CVS,2022-12-5,False,True
Ro Khanna,Democrat,House,CA,MA,2022-12-5,False,True
Ro Khanna,Democrat,House,CA,DHR,2022-12-5,False,True
Ro Khanna,Democrat,House,CA,MSFT,2022-12-5,False,True
Ro Khanna,Democrat,House,CA,GPN,2022-12-5,False,True
Ro Khanna,Democrat,House,CA,WMT,2022-12-5,False,True
Ro Khanna,Democrat,House,CA,EXR,2022-12-5,False,True
Ro Khanna,Democrat,House,CA,FITB,2022-12-5,False,True
Ro Khanna,Democrat,House,CA,TMO,2022-12-5,False,True
Ro Khanna,Democrat,House,CA,WBD,2022-12-5,False,True
Ro Khanna,Democrat,House,CA,TSN,2022-12-5,False,True
Ro Khanna,Democrat,House,CA,NVDA,2022-12-5,False,True
Ro Khanna,Democrat,House,CA,UDR,2022-12-5,False,True
Ro Khanna,Democrat,House,CA,META,2022-12-5,False,True
Ro Khanna,Democrat,House,CA,RSG,2022-12-5,False,True
Ro Khanna,Democrat,House,CA,MAA,2022-12-5,False,True
Ro Khanna,Democrat,House,CA,WDC,2022-12-5,False,True
Ro Khanna,Democrat,House,CA,DG,2022-12-5,False,True
Ro Khanna,Democrat,House,CA,DLTR,2022-12-5,False,True
Ro Khanna,Democrat,House,CA,VRSK,2022-12-5,False,True
Ro Khanna,Democrat,House,CA,AGO,2022-12-5,False,True
Ro Khanna,Democrat,House,CA,ZTS,2022-12-5,False,True
Ro Khanna,Democrat,House,CA,ADSK,2022-12-5,False,True
Ro Khanna,Democrat,House,CA,PARA,2022-12-5,False,True
Ro Khanna,Democrat,House,CA,FAST,2022-12-5,False,True
Ro Khanna,Democrat,House,CA,VFC,2022-12-5,False,True
Ro Khanna,Democrat,House,CA,MCK,2022-12-5,False,True
Ro Khanna,Democrat,House,CA,EL,2022-12-5,False,True
Ro Khanna,Democrat,House,CA,KR,2022-12-5,False,True
Ro Khanna,Democrat,House,CA,LRCX,2022-12-5,False,True
Ro Khanna,Democrat,House,CA,SNOW,2022-12-5,False,True
Ro Khanna,Democrat,House,CA,UNM,2022-12-5,False,True
Ro Khanna,Democrat,House,CA,PEP,2022-12-5,False,True
Ro Khanna,Democrat,House,CA,IT,2022-12-5,False,True
Ro Khanna,Democrat,House,CA,BILL,2022-12-5,False,True
Ro Khanna,Democrat,House,CA,INTC,2022-12-5,False,True
Ro Khanna,Democrat,House,CA,FTNT,2022-12-5,False,True
Ro Khanna,Democrat,House,CA,ZI,2022-12-5,False,True
Ro Khanna,Democrat,House,CA,DDOG,2022-12-5,False,True
Ro Khanna,Democrat,House,CA,WMS,2022-12-5,False,True
Ro Khanna,Democrat,House,CA,ALB,2022-12-5,False,True
Ro Khanna,Democrat,House,CA,PSTG,2022-12-5,False,True
Ro Khanna,Democrat,House,CA,CHPT,2022-12-5,False,True
Ro Khanna,Democrat,House,CA,NET,2022-12-5,False,True
Ro Khanna,Democrat,House,CA,IWM,2022-12-4,True,False
Ro Khanna,Democrat,House,CA,N/A,2022-12-1,True,False
Ro Khanna,Democrat,House,CA,IWM,2022-12-5,True,False
Ro Khanna,Democrat,House,CA,CIPNX,2022-12-4,False,True
Ro Khanna,Democrat,House,CA,SPY,2022-12-5,True,False
Ro Khanna,Democrat,House,CA,MSFT,2022-12-5,True,False
Ro Khanna,Democrat,House,CA,PM,2022-12-5,True,False
Ro Khanna,Democrat,House,CA,AAPL,2022-12-5,True,False
Ro Khanna,Democrat,House,CA,BRK/B,2022-12-5,True,False
Ro Khanna,Democrat,House,CA,JNJ,2022-12-5,True,False
Ro Khanna,Democrat,House,CA,LIN,2022-12-5,True,False
Ro Khanna,Democrat,House,CA,TSLA,2022-12-5,True,False
Ro Khanna,Democrat,House,CA,MO,2022-12-5,True,False
Ro Khanna,Democrat,House,CA,ST,2022-12-13,True,False
Ro Khanna,Democrat,House,CA,MDT,2022-12-5,True,False
Ro Khanna,Democrat,House,CA,TMO,2022-12-5,True,False
Ro Khanna,Democrat,House,CA,ST,2022-12-15,True,False
Ro Khanna,Democrat,House,CA,PFE,2022-12-5,True,False
Ro Khanna,Democrat,House,CA,AMZN,2022-12-5,True,False
Ro Khanna,Democrat,House,CA,REGN,2022-12-5,True,False
Ro Khanna,Democrat,House,CA,ADBE,2022-12-5,True,False
Ro Khanna,Democrat,House,CA,N/A,2022-12-14,True,False
Ro Khanna,Democrat,House,CA,N/A,2022-12-8,True,False
Ro Khanna,Democrat,House,CA,N/A,2022-12-4,True,False
Ro Khanna,Democrat,House,CA,ATVI,2022-12-5,True,False
Ro Khanna,Democrat,House,CA,ST,2022-12-18,True,False
Ro Khanna,Democrat,House,CA,SSNC,2022-12-14,True,False
Ro Khanna,Democrat,House,CA,ABBV,2022-12-5,True,False
Ro Khanna,Democrat,House,CA,ELAN,2022-12-27,True,False
Ro Khanna,Democrat,House,CA,CME,2022-12-5,True,False
Ro Khanna,Democrat,House,CA,BAC,2022-12-11,True,False
Ro Khanna,Democrat,House,CA,ROP,2022-12-5,True,False
Ro Khanna,Democrat,House,CA,ELAN,2022-12-8,True,False
Ro Khanna,Democrat,House,CA,STZ,2022-12-5,True,False
Ro Khanna,Democrat,House,CA,ELAN,2022-12-20,True,False
Ro Khanna,Democrat,House,CA,ELAN,2022-12-12,True,False
Ro Khanna,Democrat,House,CA,KO,2022-12-29,True,False
Ro Khanna,Democrat,House,CA,HUM,2022-12-5,True,False
Ro Khanna,Democrat,House,CA,ELAN,2022-12-22,True,False
Ro Khanna,Democrat,House,CA,SSNC,2022-12-8,True,False
Ro Khanna,Democrat,House,CA,SSNC,2022-12-11,True,False
Ro Khanna,Democrat,House,CA,ELAN,2022-12-13,True,False
Ro Khanna,Democrat,House,CA,SSNC,2022-12-26,True,False
Ro Khanna,Democrat,House,CA,CVS,2022-12-5,True,False
Ro Khanna,Democrat,House,CA,SSNC,2022-12-19,True,False
Ro Khanna,Democrat,House,CA,MRK,2022-12-5,True,False
Ro Khanna,Democrat,House,CA,MCK,2022-12-5,True,False
Ro Khanna,Democrat,House,CA,UNP,2022-12-5,True,False
Ro Khanna,Democrat,House,CA,C,2022-12-5,True,False
Ro Khanna,Democrat,House,CA,ST,2022-11-30,True,False
Ro Khanna,Democrat,House,CA,ST,2022-12-8,True,False
Ro Khanna,Democrat,House,CA,CAH,2022-12-5,True,False
Ro Khanna,Democrat,House,CA,WELL,2022-12-5,True,False
Ro Khanna,Democrat,House,CA,USB,2022-12-5,True,False
Ro Khanna,Democrat,House,CA,BDX,2022-12-5,True,False
Ro Khanna,Democrat,House,CA,AMT,2022-12-5,True,False
Ro Khanna,Democrat,House,CA,KDP,2022-12-5,True,False
Ro Khanna,Democrat,House,CA,ST,2022-12-19,True,False
Ro Khanna,Democrat,House,CA,ELAN,2022-12-26,True,False
Ro Khanna,Democrat,House,CA,ELV,2022-12-5,True,False
Ro Khanna,Democrat,House,CA,ADSK,2022-12-5,True,False
Ro Khanna,Democrat,House,CA,BAX,2022-12-5,True,False
Ro Khanna,Democrat,House,CA,ELAN,2022-12-6,True,False
Ro Khanna,Democrat,House,CA,INTC,2022-12-5,True,False
Ro Khanna,Democrat,House,CA,CHTR,2022-12-5,True,False
Ro Khanna,Democrat,House,CA,CDNS,2022-12-5,True,False
Ro Khanna,Democrat,House,CA,ELAN,2022-12-14,True,False
Ro Khanna,Democrat,House,CA,BIIB,2022-12-5,True,False
Ro Khanna,Democrat,House,CA,SBAC,2022-12-5,True,False
Ro Khanna,Democrat,House,CA,ELAN,2022-12-15,True,False
Ro Khanna,Democrat,House,CA,EQIX,2022-12-5,True,False
Ro Khanna,Democrat,House,CA,HSIC,2022-12-5,True,False
Ro Khanna,Democrat,House,CA,AVB,2022-12-5,True,False
Ro Khanna,Democrat,House,CA,TSLA,2022-12-29,True,False
Ro Khanna,Democrat,House,CA,CL,2022-12-5,True,False
Ro Khanna,Democrat,House,CA,AMGN,2022-12-29,True,False
Ro Khanna,Democrat,House,CA,LYV,2022-12-5,True,False
Ro Khanna,Democrat,House,CA,ZTS,2022-12-5,True,False
Ro Khanna,Democrat,House,CA,CMCSA,2022-12-5,True,False
Ro Khanna,Democrat,House,CA,NOW,2022-12-5,True,False
Ro Khanna,Democrat,House,CA,WBD,2022-12-5,True,False
Ro Khanna,Democrat,House,CA,META,2022-12-5,True,False
Ro Khanna,Democrat,House,CA,BMRN,2022-12-5,True,False
Ro Khanna,Democrat,House,CA,T,2022-12-5,True,False
Ro Khanna,Democrat,House,CA,SSNC,2022-12-13,True,False
Ro Khanna,Democrat,House,CA,SSNC,2022-12-29,True,False
Ro Khanna,Democrat,House,CA,N/A,2022-12-4,True,False
Ro Khanna,Democrat,House,CA,VRSN,2022-12-5,True,False
Ro Khanna,Democrat,House,CA,ELAN,2022-12-29,True,False
Ro Khanna,Democrat,House,CA,ANSS,2022-12-5,True,False
Ro Khanna,Democrat,House,CA,COST,2022-12-5,True,False
Ro Khanna,Democrat,House,CA,TSN,2022-12-5,True,False
Ro Khanna,Democrat,House,CA,LH,2022-12-5,True,False
Ro Khanna,Democrat,House,CA,ELAN,2022-12-21,True,False
Ro Khanna,Democrat,House,CA,VMW,2022-12-5,True,False
Ro Khanna,Democrat,House,CA,FCX,2022-12-29,True,False
Ro Khanna,Democrat,House,CA,ST,2022-12-27,True,False
Ro Khanna,Democrat,House,CA,FIS,2022-12-5,True,False
Ro Khanna,Democrat,House,CA,UHS,2022-12-5,True,False
Ro Khanna,Democrat,House,CA,EXEL,2022-12-5,True,False
Ro Khanna,Democrat,House,CA,EQR,2022-12-5,True,False
Ro Khanna,Democrat,House,CA,HCA,2022-12-5,True,False
Ro Khanna,Democrat,House,CA,EL,2022-12-5,True,False
Ro Khanna,Democrat,House,CA,FDX,2022-12-5,True,False
Ro Khanna,Democrat,House,CA,MOH,2022-12-5,True,False
Ro Khanna,Democrat,House,CA,NEM,2022-12-5,True,False
Ro Khanna,Democrat,House,CA,SNPS,2022-12-5,True,False
Ro Khanna,Democrat,House,CA,IQV,2022-12-5,True,False
Ro Khanna,Democrat,House,CA,TYL,2022-12-5,True,False
Ro Khanna,Democrat,House,CA,CSX,2022-12-5,True,False
Ro Khanna,Democrat,House,CA,CPT,2022-12-5,True,False
Ro Khanna,Democrat,House,CA,CNC,2022-12-29,True,False
Ro Khanna,Democrat,House,CA,INVH,2022-12-5,True,False
Ro Khanna,Democrat,House,CA,PEP,2022-12-5,True,False
Ro Khanna,Democrat,House,CA,UNH,2022-12-29,True,False
Ro Khanna,Democrat,House,CA,TTWO,2022-12-5,True,False
Ro Khanna,Democrat,House,CA,VNO,2022-12-5,True,False
Ro Khanna,Democrat,House,CA,MTCH,2022-12-5,True,False
Ro Khanna,Democrat,House,CA,EA,2022-12-5,True,False
Ro Khanna,Democrat,House,CA,NBIX,2022-12-5,True,False
Ro Khanna,Democrat,House,CA,SGEN,2022-12-5,True,False
Ro Khanna,Democrat,House,CA,REXR,2022-12-5,True,False
Ro Khanna,Democrat,House,CA,ESS,2022-12-5,True,False
Ro Khanna,Democrat,House,CA,KMB,2022-12-5,True,False
Ro Khanna,Democrat,House,CA,DOW,2022-12-5,True,False
Ro Khanna,Democrat,House,CA,UDR,2022-12-5,True,False
Ro Khanna,Democrat,House,CA,EHC,2022-12-5,True,False
Ro Khanna,Democrat,House,CA,WAT,2022-12-5,True,False
Ro Khanna,Democrat,House,CA,FCX,2022-12-5,True,False
Ro Khanna,Democrat,House,CA,BF/A,2022-12-5,True,False
Ro Khanna,Democrat,House,CA,HHC,2022-12-5,True,False
Ro Khanna,Democrat,House,CA,KIM,2022-12-5,True,False
Ro Khanna,Democrat,House,CA,IONS,2022-12-5,True,False
Ro Khanna,Democrat,House,CA,SPLK,2022-12-5,True,False
Ro Khanna,Democrat,House,CA,ORCL,2022-12-5,True,False
Ro Khanna,Democrat,House,CA,CBRE,2022-12-5,True,False
Ro Khanna,Democrat,House,CA,GWRE,2022-12-5,True,False
Ro Khanna,Democrat,House,CA,GDDY,2022-12-5,True,False
Ro Khanna,Democrat,House,CA,ALNY,2022-12-5,True,False
Ro Khanna,Democrat,House,CA,XSP,2022-12-7,False,True
Ro Khanna,Democrat,House,CA,XSP,2022-12-14,False,True
Ro Khanna,Democrat,House,CA,XSP,2022-12-1,False,True
Ro Khanna,Democrat,House,CA,KO,2022-12-5,False,True
Ro Khanna,Democrat,House,CA,UNH,2022-12-5,False,True
Ro Khanna,Democrat,House,CA,AMGN,2022-12-5,False,True
Ro Khanna,Democrat,House,CA,DIS,2022-12-5,False,True
Ro Khanna,Democrat,House,CA,CI,2022-12-5,False,True
Ro Khanna,Democrat,House,CA,INTU,2022-12-5,False,True
Ro Khanna,Democrat,House,CA,T,2022-12-13,False,True
Ro Khanna,Democrat,House,CA,AMZN,2022-12-4,False,True
Ro Khanna,Democrat,House,CA,FDX,2022-12-19,False,True
Ro Khanna,Democrat,House,CA,GOOGL,2022-12-5,False,True
Ro Khanna,Democrat,House,CA,GOOGL,2022-12-4,False,True
Ro Khanna,Democrat,House,CA,FDX,2022-12-20,False,True
Ro Khanna,Democrat,House,CA,CRM,2022-12-5,False,True
Ro Khanna,Democrat,House,CA,NFLX,2022-12-4,False,True
Ro Khanna,Democrat,House,CA,VRTX,2022-12-5,False,True
Ro Khanna,Democrat,House,CA,MSFT,2022-12-4,False,True
Ro Khanna,Democrat,House,CA,ADBE,2022-12-4,False,True
Ro Khanna,Democrat,House,CA,PLD,2022-12-5,False,True
Ro Khanna,Democrat,House,CA,MA,2022-12-4,False,True
Ro Khanna,Democrat,House,CA,CCI,2022-12-5,False,True
Ro Khanna,Democrat,House,CA,NOW,2022-12-4,False,True
Ro Khanna,Democrat,House,CA,V,2022-12-4,False,True
Ro Khanna,Democrat,House,CA,DHR,2022-12-5,False,True
Ro Khanna,Democrat,House,CA,T,2022-12-8,False,True
Ro Khanna,Democrat,House,CA,ADM,2022-12-5,False,True
Ro Khanna,Democrat,House,CA,CRM,2022-12-4,False,True
Ro Khanna,Democrat,House,CA,UNH,2022-12-4,False,True
Ro Khanna,Democrat,House,CA,ADSK,2022-12-4,False,True
Ro Khanna,Democrat,House,CA,LOW,2022-12-5,False,True
Ro Khanna,Democrat,House,CA,ACN,2022-12-4,False,True
Ro Khanna,Democrat,House,CA,ABT,2022-12-4,False,True
Ro Khanna,Democrat,House,CA,WAB,2022-12-12,False,True
Ro Khanna,Democrat,House,CA,ABNB,2022-12-4,False,True
Ro Khanna,Democrat,House,CA,TMO,2022-12-4,False,True
Ro Khanna,Democrat,House,CA,PNC,2022-12-5,False,True
Ro Khanna,Democrat,House,CA,CNC,2022-12-5,False,True
Ro Khanna,Democrat,House,CA,ILMN,2022-12-4,False,True
Ro Khanna,Democrat,House,CA,IT,2022-12-4,False,True
Ro Khanna,Democrat,House,CA,N/A,2022-12-5,False,True
Ro Khanna,Democrat,House,CA,PYPL,2022-12-4,False,True
Ro Khanna,Democrat,House,CA,LEN,2022-12-26,False,True
Ro Khanna,Democrat,House,CA,ZTS,2022-12-4,False,True
Ro Khanna,Democrat,House,CA,T,2022-12-5,False,True
Ro Khanna,Democrat,House,CA,ECL,2022-12-5,False,True
Ro Khanna,Democrat,House,CA,T,2022-12-11,False,True
Ro Khanna,Democrat,House,CA,NKE,2022-12-4,False,True
Ro Khanna,Democrat,House,CA,FTNT,2022-12-5,False,True
Ro Khanna,Democrat,House,CA,AVGO,2022-12-5,False,True
Ro Khanna,Democrat,House,CA,COR,2022-12-5,False,True
Ro Khanna,Democrat,House,CA,LNC,2022-12-5,False,True
Ro Khanna,Democrat,House,CA,MELI,2022-12-5,False,True
Ro Khanna,Democrat,House,CA,ALGN,2022-12-5,False,True
Ro Khanna,Democrat,House,CA,AMD,2022-12-5,False,True
Ro Khanna,Democrat,House,CA,IFF,2022-12-5,False,True
Ro Khanna,Democrat,House,CA,ALB,2022-12-5,False,True
Ro Khanna,Democrat,House,CA,NXPI,2022-12-5,False,True
Ro Khanna,Democrat,House,CA,GPN,2022-12-5,False,True
Ro Khanna,Democrat,House,CA,INCY,2022-12-5,False,True
Ro Khanna,Democrat,House,CA,LRCX,2022-12-5,False,True
Ro Khanna,Democrat,House,CA,JKHY,2022-12-5,False,True
Ro Khanna,Democrat,House,CA,VZ,2022-12-5,False,True
Ro Khanna,Democrat,House,CA,DOCU,2022-12-4,False,True
Ro Khanna,Democrat,House,CA,SBNY,2022-12-5,False,True
Ro Khanna,Democrat,House,CA,PSA,2022-12-5,False,True
Ro Khanna,Democrat,House,CA,BXP,2022-12-5,False,True
Ro Khanna,Democrat,House,CA,NTAP,2022-12-5,False,True
Ro Khanna,Democrat,House,CA,LLY,2022-12-5,False,True
Ro Khanna,Democrat,House,CA,ARE,2022-12-5,False,True
Ro Khanna,Democrat,House,CA,DDOG,2022-12-5,False,True
Ro Khanna,Democrat,House,CA,HPQ,2022-12-5,False,True
Ro Khanna,Democrat,House,CA,ALGN,2022-12-4,False,True
Ro Khanna,Democrat,House,CA,MRVL,2022-12-5,False,True
Ro Khanna,Democrat,House,CA,ZS,2022-12-5,False,True
Ro Khanna,Democrat,House,CA,VTR,2022-12-5,False,True
Ro Khanna,Democrat,House,CA,SNOW,2022-12-5,False,True
Ro Khanna,Democrat,House,CA,BILL,2022-12-5,False,True
Ro Khanna,Democrat,House,CA,W,2022-12-5,False,True
Ro Khanna,Democrat,House,CA,KRC,2022-12-5,False,True
Ro Khanna,Democrat,House,CA,N/A,2022-12-5,False,True
Ro Khanna,Democrat,House,CA,RIVN,2022-12-5,False,True
Ro Khanna,Democrat,House,CA,CHPT,2022-12-5,False,True
Ro Khanna,Democrat,House,CA,ESTC,2022-12-5,False,True
Ro Khanna,Democrat,House,CA,AYX,2022-12-5,False,True
Ro Khanna,Democrat,House,CA,HUBS,2022-12-5,False,True
Ro Khanna,Democrat,House,CA,SF,2022-12-5,False,True
Ro Khanna,Democrat,House,CA,NET,2022-12-5,False,True
Ro Khanna,Democrat,House,CA,N/A,2022-12-5,True,False
Ro Khanna,Democrat,House,CA,N/A,2022-12-12,True,False
Ro Khanna,Democrat,House,CA,N/A,2022-12-4,True,False
Ro Khanna,Democrat,House,CA,N/A,2022-12-14,True,False
Ro Khanna,Democrat,House,CA,N/A,2022-12-7,True,False
Ro Khanna,Democrat,House,CA,N/A,2022-12-13,True,False
Ro Khanna,Democrat,House,CA,N/A,2022-12-12,True,False
Ro Khanna,Democrat,House,CA,N/A,2022-12-4,True,False
Ro Khanna,Democrat,House,CA,N/A,2022-12-13,True,False
Ro Khanna,Democrat,House,CA,KMX,2022-12-21,True,False
Ro Khanna,Democrat,House,CA,N/A,2022-12-21,True,False
Ro Khanna,Democrat,House,CA,WFC,2022-12-14,True,False
Ro Khanna,Democrat,House,CA,VFC,2022-12-21,False,True
Ro Khanna,Democrat,House,CA,PFE,2022-12-26,False,True
Ro Khanna,Democrat,House,CA,LIN,2022-12-13,False,True
Ro Khanna,Democrat,House,CA,VFC,2022-12-26,False,True
Ro Khanna,Democrat,House,CA,VFC,2022-12-21,False,True
Ro Khanna,Democrat,House,CA,VFC,2022-12-26,False,True
Ro Khanna,Democrat,House,CA,APD,2022-11-30,False,True
Ro Khanna,Democrat,House,CA,APD,2022-11-30,False,True
Ro Khanna,Democrat,House,CA,APD,2022-11-30,False,True
Chuck Fleischmann,Republican,House,TN,TRBCX,2022-12-13,True,False
Chuck Fleischmann,Republican,House,TN,YACKX,2022-12-15,True,False
Chuck Fleischmann,Republican,House,TN,RPBAX,2022-12-19,True,False
Chuck Fleischmann,Republican,House,TN,DODWX,2022-12-20,True,False
Mo Brooks,Republican,House,AL,N/A,2022-12-7,True,False
Mo Brooks,Republican,House,AL,DUK,2022-8-29,True,False
Mo Brooks,Republican,House,AL,N/A,2022-11-28,True,False
John Rose,Republican,House,TN,CLR,2022-11-28,False,True
Sheldon Whitehouse,Democrat,Senate,RI,C,2022-11-28,False,True
Sheldon Whitehouse,Democrat,Senate,RI,C,2022-11-28,False,True
Susie Lee,Democrat,House,NV,ACHC,2022-11-29,False,True
Susie Lee,Democrat,House,NV,AHCO,2022-11-29,False,True
Susie Lee,Democrat,House,NV,ALLY,2022-11-29,False,True
Susie Lee,Democrat,House,NV,AWK,2022-11-29,False,True
Susie Lee,Democrat,House,NV,AME,2022-11-29,False,True
Susie Lee,Democrat,House,NV,APTV,2022-11-29,False,True
Susie Lee,Democrat,House,NV,AVTR,2022-11-29,False,True
Susie Lee,Democrat,House,NV,BALL,2022-11-29,False,True
Susie Lee,Democrat,House,NV,BBWI,2022-11-29,False,True
Susie Lee,Democrat,House,NV,BERY,2022-11-29,False,True
Susie Lee,Democrat,House,NV,BIO,2022-11-29,False,True
Susie Lee,Democrat,House,NV,BKI,2022-11-29,False,True
Susie Lee,Democrat,House,NV,BAH,2022-11-29,False,True
Susie Lee,Democrat,House,NV,BFAM,2022-11-29,False,True
Susie Lee,Democrat,House,NV,BR,2022-11-29,False,True
Susie Lee,Democrat,House,NV,BRO,2022-11-29,False,True
Susie Lee,Democrat,House,NV,BLDR,2022-11-29,False,True
Susie Lee,Democrat,House,NV,CZR,2022-11-29,False,True
Susie Lee,Democrat,House,NV,CTLT,2022-11-29,False,True
Susie Lee,Democrat,House,NV,CDW,2022-11-29,False,True
Susie Lee,Democrat,House,NV,CHX,2022-11-29,False,True
Susie Lee,Democrat,House,NV,CHDN,2022-11-29,False,True
Susie Lee,Democrat,House,NV,CLVT,2022-11-29,False,True
Susie Lee,Democrat,House,NV,CCK,2022-11-29,False,True
Susie Lee,Democrat,House,NV,CWK,2022-11-29,False,True
Susie Lee,Democrat,House,NV,DFS,2022-11-29,False,True
Susie Lee,Democrat,House,NV,DSEY,2022-11-29,False,True
Susie Lee,Democrat,House,NV,ELAN,2022-11-29,False,True
Susie Lee,Democrat,House,NV,ESI,2022-11-29,False,True
Susie Lee,Democrat,House,NV,ENTG,2022-11-29,False,True
Susie Lee,Democrat,House,NV,GFL,2022-11-29,False,True
Susie Lee,Democrat,House,NV,GPN,2022-11-29,False,True
Susie Lee,Democrat,House,NV,HCA,2022-11-29,False,True
Susie Lee,Democrat,House,NV,HOLX,2022-11-29,False,True
Susie Lee,Democrat,House,NV,LESL,2022-11-29,False,True
Susie Lee,Democrat,House,NV,LYV,2022-11-29,False,True
Susie Lee,Democrat,House,NV,LKQ,2022-11-29,False,True
Susie Lee,Democrat,House,NV,MRVL,2022-11-29,False,True
Susie Lee,Democrat,House,NV,MAT,2022-11-29,False,True
Susie Lee,Democrat,House,NV,TAP,2022-11-29,False,True
Susie Lee,Democrat,House,NV,PANW,2022-11-29,False,True
Susie Lee,Democrat,House,NV,PFGC,2022-11-29,False,True
Susie Lee,Democrat,House,NV,PLNT,2022-11-29,False,True
Susie Lee,Democrat,House,NV,QRVO,2022-11-29,False,True
Susie Lee,Democrat,House,NV,RSG,2022-11-29,False,True
Susie Lee,Democrat,House,NV,REZI,2022-11-29,False,True
Susie Lee,Democrat,House,NV,SMG,2022-11-29,False,True
Susie Lee,Democrat,House,NV,SCI,2022-11-29,False,True
Susie Lee,Democrat,House,NV,FOUR,2022-11-29,False,True
Susie Lee,Democrat,House,NV,SSNC,2022-11-29,False,True
Susie Lee,Democrat,House,NV,SWK,2022-11-29,False,True
Susie Lee,Democrat,House,NV,SYNH,2022-11-29,False,True
Susie Lee,Democrat,House,NV,TDY,2022-11-29,False,True
Susie Lee,Democrat,House,NV,TFX,2022-11-29,False,True
Susie Lee,Democrat,House,NV,AZEK,2022-11-29,False,True
Susie Lee,Democrat,House,NV,GT,2022-11-29,False,True
Susie Lee,Democrat,House,NV,TRU,2022-11-29,False,True
Susie Lee,Democrat,House,NV,USFD,2022-11-29,False,True
Susie Lee,Democrat,House,NV,VRSK,2022-11-29,False,True
Susie Lee,Democrat,House,NV,VRT,2022-11-29,False,True
Susie Lee,Democrat,House,NV,VICI,2022-11-29,False,True
Susie Lee,Democrat,House,NV,WCC,2022-11-29,False,True
Susie Lee,Democrat,House,NV,XYL,2022-11-29,False,True
Susie Lee,Democrat,House,NV,ZBRA,2022-11-29,False,True
Mitch McConnell,Republican,Senate,KY,KR,2022-11-28,True,False
Mitch McConnell,Republican,Senate,KY,WFC,2022-12-4,True,False
Rudy Yakym,Republican,House,IN,N/A,2022-11-24,True,False
Van Taylor,Republican,House,TX,BMY,2022-11-27,False,True
Van Taylor,Republican,House,TX,CVX,2022-11-27,False,True
Van Taylor,Republican,House,TX,LLY,2022-11-27,False,True
Van Taylor,Republican,House,TX,XOM,2022-11-27,False,True
Van Taylor,Republican,House,TX,MCO,2022-11-27,False,True
Van Taylor,Republican,House,TX,OXY,2022-11-27,False,True
Van Taylor,Republican,House,TX,SSLZY,2022-11-27,False,True
Van Taylor,Republican,House,TX,ZBH,2022-11-27,False,True
Van Taylor,Republican,House,TX,ZIMV,2022-11-27,False,True
Marie Newman,Democrat,House,IL,COIN,2022-11-20,False,True
Michael McCaul,Republican,House,TX,N/A,2022-11-15,True,False
Michael McCaul,Republican,House,TX,SAFRY,2022-11-15,True,False
Michael McCaul,Republican,House,TX,COF,2022-11-3,True,False
Michael McCaul,Republican,House,TX,N/A,2022-11-2,True,False
Michael McCaul,Republican,House,TX,N/A,2022-11-2,True,False
Michael McCaul,Republican,House,TX,N/A,2022-11-3,True,False
Michael McCaul,Republican,House,TX,ADSK,2022-11-16,True,False
Michael McCaul,Republican,House,TX,AMZN,2022-11-14,True,False
Michael McCaul,Republican,House,TX,META,2022-11-13,True,False
Michael McCaul,Republican,House,TX,META,2022-11-7,True,False
Michael McCaul,Republican,House,TX,ADBE,2022-11-16,True,False
Michael McCaul,Republican,House,TX,SEDG,2022-11-14,True,False
Michael McCaul,Republican,House,TX,N/A,2022-11-6,True,False
Michael McCaul,Republican,House,TX,BURL,2022-11-24,True,False
Michael McCaul,Republican,House,TX,ADSK,2022-11-14,True,False
Michael McCaul,Republican,House,TX,BURL,2022-11-21,True,False
Michael McCaul,Republican,House,TX,INTU,2022-11-3,True,False
Michael McCaul,Republican,House,TX,FBIN,2022-11-21,True,False
Michael McCaul,Republican,House,TX,EPAM,2022-11-14,True,False
Michael McCaul,Republican,House,TX,INTU,2022-11-14,True,False
Michael McCaul,Republican,House,TX,ACN,2022-11-14,True,False
Michael McCaul,Republican,House,TX,ENTG,2022-11-16,True,False
Michael McCaul,Republican,House,TX,EPAM,2022-11-6,True,False
Michael McCaul,Republican,House,TX,BURL,2022-11-16,True,False
Michael McCaul,Republican,House,TX,SKX,2022-11-3,True,False
Michael McCaul,Republican,House,TX,UNH,2022-11-24,False,True
Michael McCaul,Republican,House,TX,N/A,2022-10-31,False,True
Michael McCaul,Republican,House,TX,N/A,2022-10-31,False,True
Michael McCaul,Republican,House,TX,FCFS,2022-11-3,False,True
Michael McCaul,Republican,House,TX,KW,2022-11-21,False,True
Michael McCaul,Republican,House,TX,ORLY,2022-11-21,False,True
Michael McCaul,Republican,House,TX,KDP,2022-11-14,False,True
Michael McCaul,Republican,House,TX,SCHW,2022-11-16,False,True
Michael McCaul,Republican,House,TX,N/A,2022-11-22,False,True
Michael McCaul,Republican,House,TX,META,2022-11-3,False,True
Michael McCaul,Republican,House,TX,SCHW,2022-11-24,False,True
Michael McCaul,Republican,House,TX,N/A,2022-10-31,False,True
Michael McCaul,Republican,House,TX,GPN,2022-11-14,False,True
Michael McCaul,Republican,House,TX,N/A,2022-11-22,False,True
Michael McCaul,Republican,House,TX,GM,2022-11-3,False,True
Michael McCaul,Republican,House,TX,SCHW,2022-11-14,False,True
Michael McCaul,Republican,House,TX,ELV,2022-11-29,False,True
Michael McCaul,Republican,House,TX,N/A,2022-11-14,False,True
Michael McCaul,Republican,House,TX,N/A,2022-11-15,False,True
Michael McCaul,Republican,House,TX,MS,2022-11-3,False,True
Michael McCaul,Republican,House,TX,GPN,2022-11-14,False,True
Michael McCaul,Republican,House,TX,N/A,2022-11-27,False,True
Michael McCaul,Republican,House,TX,N/A,2022-11-20,False,True
Michael McCaul,Republican,House,TX,MAR,2022-11-1,False,True
Michael McCaul,Republican,House,TX,SCHW,2022-11-15,False,True
Michael McCaul,Republican,House,TX,UNH,2022-11-14,False,True
Michael McCaul,Republican,House,TX,LYB,2022-11-14,False,True
Michael McCaul,Republican,House,TX,N/A,2022-10-31,False,True
Michael McCaul,Republican,House,TX,N/A,2022-11-15,True,False
Michael McCaul,Republican,House,TX,SAFRY,2022-11-15,True,False
Michael McCaul,Republican,House,TX,COF,2022-11-3,True,False
Michael McCaul,Republican,House,TX,N/A,2022-11-2,True,False
Michael McCaul,Republican,House,TX,N/A,2022-11-2,True,False
Michael McCaul,Republican,House,TX,ADSK,2022-11-16,True,False
Michael McCaul,Republican,House,TX,N/A,2022-11-3,True,False
Michael McCaul,Republican,House,TX,AMZN,2022-11-14,True,False
Michael McCaul,Republican,House,TX,META,2022-11-13,True,False
Michael McCaul,Republican,House,TX,META,2022-11-7,True,False
Michael McCaul,Republican,House,TX,ADBE,2022-11-16,True,False
Michael McCaul,Republican,House,TX,SEDG,2022-11-14,True,False
Michael McCaul,Republican,House,TX,BURL,2022-11-24,True,False
Michael McCaul,Republican,House,TX,N/A,2022-11-6,True,False
Michael McCaul,Republican,House,TX,ADSK,2022-11-14,True,False
Michael McCaul,Republican,House,TX,BURL,2022-11-21,True,False
Michael McCaul,Republican,House,TX,FBIN,2022-11-21,True,False
Michael McCaul,Republican,House,TX,INTU,2022-11-3,True,False
Michael McCaul,Republican,House,TX,EPAM,2022-11-14,True,False
Michael McCaul,Republican,House,TX,INTU,2022-11-14,True,False
Michael McCaul,Republican,House,TX,ACN,2022-11-14,True,False
Michael McCaul,Republican,House,TX,ENTG,2022-11-16,True,False
Michael McCaul,Republican,House,TX,EPAM,2022-11-6,True,False
Michael McCaul,Republican,House,TX,BURL,2022-11-16,True,False
Michael McCaul,Republican,House,TX,SKX,2022-11-3,True,False
Michael McCaul,Republican,House,TX,UNH,2022-11-24,False,True
Michael McCaul,Republican,House,TX,N/A,2022-10-31,False,True
Michael McCaul,Republican,House,TX,N/A,2022-10-31,False,True
Michael McCaul,Republican,House,TX,FCFS,2022-11-3,False,True
Michael McCaul,Republican,House,TX,KW,2022-11-21,False,True
Michael McCaul,Republican,House,TX,ORLY,2022-11-21,False,True
Michael McCaul,Republican,House,TX,KDP,2022-11-14,False,True
Michael McCaul,Republican,House,TX,SCHW,2022-11-16,False,True
Michael McCaul,Republican,House,TX,N/A,2022-11-22,False,True
Michael McCaul,Republican,House,TX,META,2022-11-3,False,True
Michael McCaul,Republican,House,TX,SCHW,2022-11-24,False,True
Michael McCaul,Republican,House,TX,N/A,2022-10-31,False,True
Michael McCaul,Republican,House,TX,GPN,2022-11-14,False,True
Michael McCaul,Republican,House,TX,N/A,2022-11-22,False,True
Michael McCaul,Republican,House,TX,GM,2022-11-3,False,True
Michael McCaul,Republican,House,TX,SCHW,2022-11-14,False,True
Michael McCaul,Republican,House,TX,ELV,2022-11-29,False,True
Michael McCaul,Republican,House,TX,N/A,2022-11-14,False,True
Michael McCaul,Republican,House,TX,N/A,2022-11-15,False,True
Michael McCaul,Republican,House,TX,N/A,2022-11-27,False,True
Michael McCaul,Republican,House,TX,N/A,2022-11-20,False,True
Michael McCaul,Republican,House,TX,GPN,2022-11-14,False,True
Michael McCaul,Republican,House,TX,MS,2022-11-3,False,True
Michael McCaul,Republican,House,TX,SCHW,2022-11-15,False,True
Michael McCaul,Republican,House,TX,MAR,2022-11-1,False,True
Michael McCaul,Republican,House,TX,UNH,2022-11-14,False,True
Michael McCaul,Republican,House,TX,LYB,2022-11-14,False,True
Michael McCaul,Republican,House,TX,N/A,2022-10-31,False,True
Michael McCaul,Republican,House,TX,DOW,2022-11-14,True,False
Michael McCaul,Republican,House,TX,DOW,2022-11-8,True,False
Michael McCaul,Republican,House,TX,PM,2022-11-2,True,False
Michael McCaul,Republican,House,TX,PM,2022-11-7,True,False
Michael McCaul,Republican,House,TX,MUR,2022-11-14,False,True
Michael McCaul,Republican,House,TX,MRK,2022-11-8,False,True
Michael McCaul,Republican,House,TX,CAG,2022-11-7,False,True
Michael McCaul,Republican,House,TX,CAG,2022-11-8,False,True
Michael McCaul,Republican,House,TX,CAG,2022-11-2,False,True
Michael McCaul,Republican,House,TX,FDX,2022-11-14,False,True
Michael McCaul,Republican,House,TX,DOW,2022-11-14,True,False
Michael McCaul,Republican,House,TX,DOW,2022-11-8,True,False
Michael McCaul,Republican,House,TX,PM,2022-11-2,True,False
Michael McCaul,Republican,House,TX,PM,2022-11-7,True,False
Michael McCaul,Republican,House,TX,MUR,2022-11-14,False,True
Michael McCaul,Republican,House,TX,MRK,2022-11-8,False,True
Michael McCaul,Republican,House,TX,CAG,2022-11-7,False,True
Michael McCaul,Republican,House,TX,CAG,2022-11-8,False,True
Michael McCaul,Republican,House,TX,CAG,2022-11-2,False,True
Michael McCaul,Republican,House,TX,FDX,2022-11-14,False,True
Rick Scott,Republican,Senate,FL,N/A,2022-12-5,True,False
Rick Scott,Republican,Senate,FL,N/A,2022-12-5,True,False
Rick Scott,Republican,Senate,FL,N/A,2022-12-5,False,True
Rick Scott,Republican,Senate,FL,N/A,2022-12-5,False,True
Rick Scott,Republican,Senate,FL,N/A,2022-12-5,False,True
Rick Scott,Republican,Senate,FL,N/A,2022-12-5,False,True
Rick Scott,Republican,Senate,FL,N/A,2022-12-5,False,True
Rick Scott,Republican,Senate,FL,N/A,2022-11-28,False,True
Bob Gibbs,Republican,House,OH,COHR,2022-12-20,False,True
Bob Gibbs,Republican,House,OH,INTC,2022-12-20,False,True
Bob Gibbs,Republican,House,OH,MDT,2022-12-20,False,True
John Hickenlooper,Democrat,Senate,CO,FWONK,2022-12-13,True,False
John Hickenlooper,Democrat,Senate,CO,LSXMA,2022-12-4,False,True
John Hickenlooper,Democrat,Senate,CO,LSXMA,2022-12-4,True,False
John Hickenlooper,Democrat,Senate,CO,LBRDA,2022-11-28,False,True
John Hickenlooper,Democrat,Senate,CO,LBRDA,2022-11-28,True,False
Victoria Spartz,Republican,House,IN,SPG,2022-11-27,True,False
Alan Lowenthal,Democrat,House,CA,ATVI,2022-12-11,True,False
Alan Lowenthal,Democrat,House,CA,GTLS,2022-12-8,True,False
Alan Lowenthal,Democrat,House,CA,CRM,2022-12-7,False,True
Tom O'Halleran,Democrat,House,AZ,N/A,2022-10-30,True,False
Tom O'Halleran,Democrat,House,AZ,N/A,2022-10-27,True,False
Alan Lowenthal,Democrat,House,CA,ATVI,2022-12-11,True,False
Alan Lowenthal,Democrat,House,CA,ATVI,2022-12-13,True,False
Alan Lowenthal,Democrat,House,CA,GTLS,2022-12-8,True,False
Alan Lowenthal,Democrat,House,CA,CRM,2022-12-7,False,True
Bill Keating,Democrat,House,MA,BAX,2022-12-4,False,True
Bill Keating,Democrat,House,MA,COF,2022-12-1,True,False
Dan Sullivan,Republican,Senate,AK,DIS,2022-11-21,True,False
Dan Sullivan,Republican,Senate,AK,NVDA,2022-11-21,True,False
Dan Sullivan,Republican,Senate,AK,MSFT,2022-11-21,True,False
Dan Sullivan,Republican,Senate,AK,META,2022-11-21,True,False
Dan Sullivan,Republican,Senate,AK,AAPL,2022-11-21,True,False
Dan Sullivan,Republican,Senate,AK,AMZN,2022-11-21,True,False
Dan Sullivan,Republican,Senate,AK,GOOGL,2022-11-21,True,False
Dan Sullivan,Republican,Senate,AK,ADBE,2022-11-21,True,False
Dan Sullivan,Republican,Senate,AK,DIS,2022-11-21,True,False
Dan Sullivan,Republican,Senate,AK,NVDA,2022-11-21,True,False
Dan Sullivan,Republican,Senate,AK,MSFT,2022-11-21,True,False
Dan Sullivan,Republican,Senate,AK,META,2022-11-21,True,False
Dan Sullivan,Republican,Senate,AK,AAPL,2022-11-21,True,False
Dan Sullivan,Republican,Senate,AK,AMZN,2022-11-21,True,False
Dan Sullivan,Republican,Senate,AK,GOOGL,2022-11-21,True,False
Dan Sullivan,Republican,Senate,AK,ADBE,2022-11-21,True,False
Dan Sullivan,Republican,Senate,AK,DIS,2022-11-21,True,False
Dan Sullivan,Republican,Senate,AK,NVDA,2022-11-21,True,False
Dan Sullivan,Republican,Senate,AK,MSFT,2022-11-21,True,False
Dan Sullivan,Republican,Senate,AK,META,2022-11-21,True,False
Dan Sullivan,Republican,Senate,AK,AAPL,2022-11-21,True,False
Dan Sullivan,Republican,Senate,AK,AMZN,2022-11-21,True,False
Dan Sullivan,Republican,Senate,AK,GOOGL,2022-11-21,True,False
Dan Sullivan,Republican,Senate,AK,ADBE,2022-11-21,True,False
Tom Suozzi,Democrat,House,NY,ALL,2022-11-28,False,True
Tom Suozzi,Democrat,House,NY,CVS,2022-11-28,False,True
Tom Suozzi,Democrat,House,NY,GNRC,2022-11-14,False,True
Tom Suozzi,Democrat,House,NY,VZ,2022-11-9,False,True
Ed Perlmutter,Democrat,House,CO,AMZN,2022-11-9,True,False
Ed Perlmutter,Democrat,House,CO,AAPL,2022-11-9,True,False
Ed Perlmutter,Democrat,House,CO,CHPT,2022-11-9,True,False
Ed Perlmutter,Democrat,House,CO,CHPT,2022-10-31,False,True
Ed Perlmutter,Democrat,House,CO,COST,2022-11-9,True,False
Josh Gottheimer,Democrat,House,NJ,GOOGL,2022-11-3,False,True
Josh Gottheimer,Democrat,House,NJ,GOOGL,2022-11-1,False,True
Josh Gottheimer,Democrat,House,NJ,AZO,2022-11-10,False,True
Josh Gottheimer,Democrat,House,NJ,EL,2022-11-6,False,True
Josh Gottheimer,Democrat,House,NJ,FLYW,2022-11-13,True,False
Josh Gottheimer,Democrat,House,NJ,IBM,2022-11-1,True,False
Josh Gottheimer,Democrat,House,NJ,MAR,2022-11-15,True,False
Josh Gottheimer,Democrat,House,NJ,MNST,2022-11-6,True,False
Josh Gottheimer,Democrat,House,NJ,NVDA,2022-11-7,False,True
Josh Gottheimer,Democrat,House,NJ,TSLA,2022-11-8,False,True
Josh Gottheimer,Democrat,House,NJ,TSLA,2022-11-1,False,True
Josh Gottheimer,Democrat,House,NJ,TWKS,2022-11-20,True,False
Josh Gottheimer,Democrat,House,NJ,UNH,2022-11-7,True,False
Maria Elvira Salazar,Republican,House,FL,N/A,2022-11-14,True,False
Susan Collins,Republican,Senate,ME,BIIB,2022-11-2,True,False
John Boozman,Republican,Senate,AR,QSR,2022-11-7,True,False
Tommy Tuberville,Republican,Senate,AL,N/A,2022-11-14,False,True
Tommy Tuberville,Republican,Senate,AL,N/A,2022-11-21,True,False
Tommy Tuberville,Republican,Senate,AL,N/A,2022-11-22,True,False
Tommy Tuberville,Republican,Senate,AL,X,2022-11-7,False,True
Tommy Tuberville,Republican,Senate,AL,CLF,2022-10-31,True,False
Tommy Tuberville,Republican,Senate,AL,NU,2022-10-31,True,False
Tommy Tuberville,Republican,Senate,AL,CLF,2022-11-2,True,False
Tommy Tuberville,Republican,Senate,AL,PYPL,2022-11-6,True,False
Tommy Tuberville,Republican,Senate,AL,ATVI,2022-11-7,True,False
Tommy Tuberville,Republican,Senate,AL,PYPL,2022-11-7,False,True
Tommy Tuberville,Republican,Senate,AL,PYPL,2022-11-7,False,True
Tommy Tuberville,Republican,Senate,AL,PYPL,2022-11-7,False,True
Tommy Tuberville,Republican,Senate,AL,PYPL,2022-11-7,False,True
Tommy Tuberville,Republican,Senate,AL,INTC,2022-11-8,True,False
Tommy Tuberville,Republican,Senate,AL,F,2022-11-16,True,False
Tommy Tuberville,Republican,Senate,AL,F,2022-11-21,False,True
Tommy Tuberville,Republican,Senate,AL,MSFT,2022-11-21,False,True
Tommy Tuberville,Republican,Senate,AL,INTC,2022-11-21,False,True
Tommy Tuberville,Republican,Senate,AL,MSFT,2022-11-22,True,False
Tommy Tuberville,Republican,Senate,AL,MSFT,2022-11-22,False,True
Tommy Tuberville,Republican,Senate,AL,TSM,2022-11-22,False,True
Tommy Tuberville,Republican,Senate,AL,TSM,2022-11-22,False,True
Carol Miller,Republican,House,WV,BAGIX,2022-11-1,True,False
Carol Miller,Republican,House,WV,FHYS,2022-11-1,True,False
Carol Miller,Republican,House,WV,FDEV,2022-11-1,True,False
Carol Miller,Republican,House,WV,FSMDX,2022-11-1,True,False
Carol Miller,Republican,House,WV,FSMDX,2022-11-13,True,False
Carol Miller,Republican,House,WV,SGENX,2022-11-1,True,False
Carol Miller,Republican,House,WV,IJR,2022-10-31,True,False
Carol Miller,Republican,House,WV,EFA,2022-11-13,True,False
Carol Miller,Republican,House,WV,MAIIX,2022-11-1,True,False
Carol Miller,Republican,House,WV,CORP,2022-11-1,True,False
Carol Miller,Republican,House,WV,DGX,2022-11-13,True,False
Carol Miller,Republican,House,WV,SCHP,2022-10-31,True,False
Carol Miller,Republican,House,WV,TGT,2022-11-10,True,False
Carol Miller,Republican,House,WV,TXN,2022-11-10,True,False
Carol Miller,Republican,House,WV,VUG,2022-11-1,True,False
Carol Miller,Republican,House,WV,VYM,2022-11-1,True,False
Suzan DelBene,Democrat,House,WA,N/A,2022-11-30,True,False
Robert Aderholt,Republican,House,AL,TSLA,2022-12-4,False,True
Hal Rogers,Republican,House,KY,APDKX,2022-11-21,False,True
Hal Rogers,Republican,House,KY,BBVLX,2022-11-21,False,True
Hal Rogers,Republican,House,KY,BBCPX,2022-11-21,False,True
Hal Rogers,Republican,House,KY,FGTXX,2022-11-21,True,False
Hal Rogers,Republican,House,KY,BBGLX,2022-11-21,True,False
Hal Rogers,Republican,House,KY,BBIEX,2022-11-21,True,False
Hal Rogers,Republican,House,KY,VEA,2022-11-21,True,False
Chris Jacobs,Republican,House,NY,AGNC,2022-11-7,True,False
Chris Jacobs,Republican,House,NY,AKRO,2022-11-7,True,False
Chris Jacobs,Republican,House,NY,ATHA,2022-11-7,False,True
Chris Jacobs,Republican,House,NY,BCEL,2022-11-7,False,True
Chris Jacobs,Republican,House,NY,BAC,2022-11-7,True,False
Chris Jacobs,Republican,House,NY,BRK/B,2022-11-7,True,False
Chris Jacobs,Republican,House,NY,BLFS,2022-11-7,True,False
Chris Jacobs,Republican,House,NY,SAVA,2022-11-7,False,True
Chris Jacobs,Republican,House,NY,CVX,2022-11-7,True,False
Chris Jacobs,Republican,House,NY,ENOB,2022-11-7,False,True
Chris Jacobs,Republican,House,NY,XOM,2022-11-7,True,False
Chris Jacobs,Republican,House,NY,FLNG,2022-11-7,True,False
Chris Jacobs,Republican,House,NY,GEVO,2022-11-7,False,True
Chris Jacobs,Republican,House,NY,IMVT,2022-11-7,True,False
Chris Jacobs,Republican,House,NY,HLX,2022-11-7,True,False
Chris Jacobs,Republican,House,NY,HP,2022-11-7,True,False
Chris Jacobs,Republican,House,NY,HD,2022-11-7,False,True
Chris Jacobs,Republican,House,NY,JNJ,2022-11-7,True,False
Chris Jacobs,Republican,House,NY,JPM,2022-11-7,True,False
Chris Jacobs,Republican,House,NY,KOD,2022-11-7,False,True
Chris Jacobs,Republican,House,NY,OCGN,2022-11-7,False,True
Chris Jacobs,Republican,House,NY,DOC,2022-11-7,False,True
Chris Jacobs,Republican,House,NY,PLUG,2022-11-7,False,True
Chris Jacobs,Republican,House,NY,RLMD,2022-11-7,True,False
Chris Jacobs,Republican,House,NY,SBRA,2022-11-7,False,True
