Name,Party,Chamber,State,Ticker,Date,Buy,Sell
Ro Khanna,Democrat,House,CA,TROW,2024-9-8,False,True
Ro Khanna,Democrat,House,CA,BIIB,2024-9-8,False,True
Ro Khanna,Democrat,House,CA,WBA,2024-9-8,False,True
Ro Khanna,Democrat,House,CA,ADM,2024-9-8,False,True
Ro Khanna,Democrat,House,CA,PANW,2024-9-8,False,True
Ro Khanna,Democrat,House,CA,MLM,2024-9-5,True,False
Ro Khanna,Democrat,House,CA,AON,2024-9-18,True,False
Ro Khanna,Democrat,House,CA,ACN,2024-9-19,True,False
Ro Khanna,Democrat,House,CA,AL,2024-9-16,True,False
Ro Khanna,Democrat,House,CA,AON,2024-9-4,True,False
Ro Khanna,Democrat,House,CA,AON,2024-9-23,True,False
Ro Khanna,Democrat,House,CA,AON,2024-9-19,True,False
Ro Khanna,Democrat,House,CA,AON,2024-9-29,True,False
Ro Khanna,Democrat,House,CA,AON,2024-9-10,True,False
Ro Khanna,Democrat,House,CA,ACN,2024-9-19,True,False
Ro Khanna,Democrat,House,CA,AON,2024-9-3,True,False
Ro Khanna,Democrat,House,CA,NVR,2024-9-12,False,True
Ro Khanna,Democrat,House,CA,ALL,2024-9-8,False,True
Ro Khanna,Democrat,House,CA,PEP,2024-9-22,False,True
Ro Khanna,Democrat,House,CA,SYK,2024-9-12,False,True
Ro Khanna,Democrat,House,CA,PEP,2024-9-19,False,True
Ro Khanna,Democrat,House,CA,PEP,2024-9-29,False,True
Ro Khanna,Democrat,House,CA,PEP,2024-9-26,False,True
Ro Khanna,Democrat,House,CA,N/A,2024-9-15,True,False
Ro Khanna,Democrat,House,CA,N/A,2024-9-2,True,False
Ro Khanna,Democrat,House,CA,N/A,2024-9-3,True,False
Ro Khanna,Democrat,House,CA,N/A,2024-9-2,True,False
Ro Khanna,Democrat,House,CA,N/A,2024-9-16,True,False
Ro Khanna,Democrat,House,CA,N/A,2024-9-17,True,False
Ro Khanna,Democrat,House,CA,N/A,2024-9-2,True,False
Ro Khanna,Democrat,House,CA,N/A,2024-9-2,True,False
Ro Khanna,Democrat,House,CA,N/A,2024-9-3,True,False
Ro Khanna,Democrat,House,CA,MLM,2024-9-17,True,False
Ro Khanna,Democrat,House,CA,N/A,2024-9-2,True,False
Ro Khanna,Democrat,House,CA,N/A,2024-9-22,True,False
Ro Khanna,Democrat,House,CA,MDB,2024-9-16,True,False
Ro Khanna,Democrat,House,CA,ZS,2024-9-16,True,False
Ro Khanna,Democrat,House,CA,DDOG,2024-9-16,True,False
Ro Khanna,Democrat,House,CA,N/A,2024-9-16,True,False
Ro Khanna,Democrat,House,CA,LIN,2024-9-17,False,True
Ro Khanna,Democrat,House,CA,N/A,2024-9-16,False,True
Ro Khanna,Democrat,House,CA,MU,2024-9-16,False,True
Ro Khanna,Democrat,House,CA,N/A,2024-9-11,True,False
Ro Khanna,Democrat,House,CA,N/A,2024-9-11,True,False
Mark Green,Republican,House,TN,NGL,2024-9-16,False,True
Mark Green,Republican,House,TN,NGL,2024-9-29,False,True
Kathy Manning,Democrat,House,NC,N/A,2024-9-2,True,False
Suzan DelBene,Democrat,House,WA,N/A,2024-9-17,True,False
Shelley Moore Capito,Republican,Senate,WV,NSC,2024-9-24,False,True
Shelley Moore Capito,Republican,Senate,WV,NKE,2024-9-19,False,True
Shelley Moore Capito,Republican,Senate,WV,MSFT,2024-9-19,False,True
Shelley Moore Capito,Republican,Senate,WV,GWW,2024-9-19,False,True
Shelley Moore Capito,Republican,Senate,WV,AAPL,2024-9-19,False,True
Shelley Moore Capito,Republican,Senate,WV,ACN,2024-9-19,False,True
Josh Gottheimer,Democrat,House,NJ,ALG,2024-9-24,False,True
Josh Gottheimer,Democrat,House,NJ,ALGM,2024-9-15,False,True
Josh Gottheimer,Democrat,House,NJ,GOOGL,2024-9-15,False,True
Josh Gottheimer,Democrat,House,NJ,APH,2024-9-26,False,True
Josh Gottheimer,Democrat,House,NJ,AAPL,2024-9-11,True,False
Josh Gottheimer,Democrat,House,NJ,N/A,2024-9-22,False,True
Josh Gottheimer,Democrat,House,NJ,BNTX,2024-9-2,False,True
Josh Gottheimer,Democrat,House,NJ,BX,2024-9-19,True,False
Josh Gottheimer,Democrat,House,NJ,BOOT,2024-9-24,False,True
Josh Gottheimer,Democrat,House,NJ,AVGO,2024-9-11,False,True
Josh Gottheimer,Democrat,House,NJ,AVGO,2024-9-10,False,True
Josh Gottheimer,Democrat,House,NJ,AVGO,2024-9-8,False,True
Josh Gottheimer,Democrat,House,NJ,CELH,2024-9-15,False,True
Josh Gottheimer,Democrat,House,NJ,CHRD,2024-9-15,False,True
Josh Gottheimer,Democrat,House,NJ,CNS,2024-9-24,False,True
Josh Gottheimer,Democrat,House,NJ,N/A,2024-9-24,True,False
Josh Gottheimer,Democrat,House,NJ,ETN,2024-9-11,False,True
Josh Gottheimer,Democrat,House,NJ,ETN,2024-9-15,False,True
Josh Gottheimer,Democrat,House,NJ,XNGSY,2024-9-15,False,True
Josh Gottheimer,Democrat,House,NJ,FCX,2024-9-23,False,True
Josh Gottheimer,Democrat,House,NJ,HALO,2024-9-8,False,True
Josh Gottheimer,Democrat,House,NJ,HDB,2024-9-23,True,False
Josh Gottheimer,Democrat,House,NJ,HDB,2024-9-22,True,False
Josh Gottheimer,Democrat,House,NJ,HDB,2024-9-19,True,False
Josh Gottheimer,Democrat,House,NJ,ICFI,2024-9-24,False,True
Josh Gottheimer,Democrat,House,NJ,IBN,2024-9-19,False,True
Josh Gottheimer,Democrat,House,NJ,IBN,2024-9-22,False,True
Josh Gottheimer,Democrat,House,NJ,IRT,2024-9-8,True,False
Josh Gottheimer,Democrat,House,NJ,IBM,2024-9-16,True,False
Josh Gottheimer,Democrat,House,NJ,IBM,2024-9-12,True,False
Josh Gottheimer,Democrat,House,NJ,IBM,2024-9-22,True,False
Josh Gottheimer,Democrat,House,NJ,LRCX,2024-9-22,False,True
Josh Gottheimer,Democrat,House,NJ,MA,2024-9-17,True,False
Josh Gottheimer,Democrat,House,NJ,MCD,2024-9-9,True,False
Josh Gottheimer,Democrat,House,NJ,MCK,2024-9-11,False,True
Josh Gottheimer,Democrat,House,NJ,META,2024-9-24,False,True
Josh Gottheimer,Democrat,House,NJ,MSFT,2024-9-11,False,True
Josh Gottheimer,Democrat,House,NJ,NSRGY,2024-9-4,True,False
Josh Gottheimer,Democrat,House,NJ,PPBI,2024-9-15,False,True
Josh Gottheimer,Democrat,House,NJ,PYPL,2024-9-25,True,False
Josh Gottheimer,Democrat,House,NJ,RHP,2024-9-8,False,True
Josh Gottheimer,Democrat,House,NJ,SAP,2024-9-5,False,True
Josh Gottheimer,Democrat,House,NJ,SAP,2024-9-4,False,True
Josh Gottheimer,Democrat,House,NJ,NOW,2024-9-22,True,False
Josh Gottheimer,Democrat,House,NJ,SNPS,2024-9-23,False,True
Josh Gottheimer,Democrat,House,NJ,SSMXY,2024-9-2,True,False
Josh Gottheimer,Democrat,House,NJ,SSMXY,2024-9-8,True,False
Josh Gottheimer,Democrat,House,NJ,TSM,2024-9-22,False,True
Josh Gottheimer,Democrat,House,NJ,TMO,2024-9-9,True,False
Josh Gottheimer,Democrat,House,NJ,TT,2024-9-26,False,True
Josh Gottheimer,Democrat,House,NJ,USPH,2024-9-15,False,True
Josh Gottheimer,Democrat,House,NJ,VRT,2024-9-15,False,True
Richard Blumenthal,Democrat,Senate,CT,N/A,2024-8-20,True,False
Richard Blumenthal,Democrat,Senate,CT,N/A,2024-8-20,True,False
Richard Blumenthal,Democrat,Senate,CT,N/A,2024-8-20,True,False
Richard Blumenthal,Democrat,Senate,CT,N/A,2024-8-20,True,False
Richard Blumenthal,Democrat,Senate,CT,N/A,2024-8-20,True,False
Richard Blumenthal,Democrat,Senate,CT,N/A,2024-8-20,True,False
Richard Blumenthal,Democrat,Senate,CT,N/A,2024-8-20,True,False
Richard Blumenthal,Democrat,Senate,CT,N/A,2024-8-20,True,False
Michael Burgess,Republican,House,TX,ILMN,2024-8-29,False,True
Darin LaHood,Republican,House,IL,N/A,2022-11-16,False,True
Rudy Yakym,Republican,House,IN,N/A,2024-9-25,True,False
Darrell Issa,Republican,House,CA,N/A,2024-2-4,False,True
Darrell Issa,Republican,House,CA,N/A,2024-2-12,False,True
Darrell Issa,Republican,House,CA,N/A,2024-2-26,False,True
Darrell Issa,Republican,House,CA,N/A,2024-3-5,False,True
Darrell Issa,Republican,House,CA,N/A,2024-3-5,False,True
Darrell Issa,Republican,House,CA,N/A,2024-3-13,False,True
Darrell Issa,Republican,House,CA,N/A,2024-3-13,False,True
Darrell Issa,Republican,House,CA,N/A,2024-1-23,False,True
Darrell Issa,Republican,House,CA,N/A,2024-5-19,False,True
Darrell Issa,Republican,House,CA,N/A,2024-8-4,False,True
Darrell Issa,Republican,House,CA,N/A,2024-6-4,False,True
Darrell Issa,Republican,House,CA,N/A,2024-3-5,False,True
Morgan McGarvey,Democrat,House,KY,AAPL,2024-8-12,True,False
Morgan McGarvey,Democrat,House,KY,AAPL,2024-8-18,False,True
Darrell Issa,Republican,House,CA,N/A,2023-2-8,False,True
Darrell Issa,Republican,House,CA,N/A,2023-2-22,False,True
Darrell Issa,Republican,House,CA,N/A,2023-3-9,False,True
Darrell Issa,Republican,House,CA,N/A,2023-3-14,False,True
Darrell Issa,Republican,House,CA,N/A,2023-3-23,False,True
Darrell Issa,Republican,House,CA,N/A,2023-5-1,False,True
Darrell Issa,Republican,House,CA,N/A,2023-5-1,False,True
Bill Keating,Democrat,House,MA,BAC,2024-9-10,False,True
Bill Keating,Democrat,House,MA,BDX,2024-9-10,False,True
Bill Keating,Democrat,House,MA,CAT,2024-9-10,False,True
Bill Keating,Democrat,House,MA,CMCSA,2024-9-10,False,True
Bill Keating,Democrat,House,MA,ELV,2024-9-10,False,True
Bill Keating,Democrat,House,MA,GM,2024-9-10,False,True
Bill Keating,Democrat,House,MA,JPM,2024-9-10,False,True
Bill Keating,Democrat,House,MA,LOW,2024-9-10,False,True
Bill Keating,Democrat,House,MA,META,2024-9-10,False,True
Bill Keating,Democrat,House,MA,MSFT,2024-9-10,False,True
Bill Keating,Democrat,House,MA,NXPI,2024-9-10,False,True
Bill Keating,Democrat,House,MA,PEP,2024-9-10,False,True
Bill Keating,Democrat,House,MA,TMUS,2024-9-10,False,True
Bill Keating,Democrat,House,MA,UNP,2024-9-10,False,True
Bill Keating,Democrat,House,MA,N/A,2024-9-10,False,True
Bill Keating,Democrat,House,MA,VZ,2024-9-10,False,True
Michael Burgess,Republican,House,TX,ILMN,2024-9-2,False,True
Greg Landsman,Democrat,House,OH,ADBE,2024-8-13,False,True
Greg Landsman,Democrat,House,OH,AMZN,2024-8-20,False,True
Greg Landsman,Democrat,House,OH,ANET,2024-8-13,True,False
Greg Landsman,Democrat,House,OH,ANET,2024-8-20,True,False
Greg Landsman,Democrat,House,OH,ULTA,2024-8-13,False,True
Jonathan Jackson,Democrat,House,IL,LRCX,2024-8-25,False,True
Jonathan Jackson,Democrat,House,IL,SPG,2024-8-25,True,False
Thomas Kean Jr,Republican,House,NJ,FTV,2024-8-1,True,False
Marjorie Taylor Greene,Republican,House,GA,GOOGL,2024-9-19,True,False
Marjorie Taylor Greene,Republican,House,GA,BRK/B,2024-9-19,True,False
Marjorie Taylor Greene,Republican,House,GA,BX,2024-9-19,True,False
Marjorie Taylor Greene,Republican,House,GA,CAH,2024-9-19,True,False
Marjorie Taylor Greene,Republican,House,GA,N/A,2024-9-19,True,False
Marjorie Taylor Greene,Republican,House,GA,INTC,2024-9-19,True,False
Marjorie Taylor Greene,Republican,House,GA,LRCX,2024-9-19,True,False
Marjorie Taylor Greene,Republican,House,GA,MSFT,2024-9-19,True,False
Marjorie Taylor Greene,Republican,House,GA,SCCO,2024-9-19,True,False
Marjorie Taylor Greene,Republican,House,GA,UPS,2024-9-19,True,False
Rick Allen,Republican,House,GA,DE,2024-8-13,False,True
Rick Allen,Republican,House,GA,N/A,2024-8-25,False,True
Markwayne Mullin,Republican,Senate,OK,EW,2024-8-19,False,True
Markwayne Mullin,Republican,Senate,OK,IQV,2024-8-19,True,False
Markwayne Mullin,Republican,Senate,OK,SBUX,2024-8-19,False,True
Markwayne Mullin,Republican,Senate,OK,TJX,2024-8-19,True,False
John Hickenlooper,Democrat,Senate,CO,BATRA,2024-8-29,False,True
John Hickenlooper,Democrat,Senate,CO,BATRA,2024-8-27,False,True
John Hickenlooper,Democrat,Senate,CO,BATRA,2024-8-27,True,False
Michael McCaul,Republican,House,TX,VMFXX,2024-8-26,True,False
Michael McCaul,Republican,House,TX,VMFXX,2024-8-28,True,False
Michael McCaul,Republican,House,TX,VMFXX,2024-8-8,True,False
Michael McCaul,Republican,House,TX,VMFXX,2024-8-26,True,False
Michael McCaul,Republican,House,TX,N/A,2024-8-12,True,False
Michael McCaul,Republican,House,TX,N/A,2024-8-18,True,False
Michael McCaul,Republican,House,TX,N/A,2024-8-20,True,False
Michael McCaul,Republican,House,TX,LDNXF,2024-8-20,True,False
Michael McCaul,Republican,House,TX,N/A,2024-8-18,True,False
Michael McCaul,Republican,House,TX,N/A,2024-8-27,True,False
Michael McCaul,Republican,House,TX,N/A,2024-8-5,True,False
Michael McCaul,Republican,House,TX,META,2024-8-1,True,False
Michael McCaul,Republican,House,TX,N/A,2024-8-18,True,False
Michael McCaul,Republican,House,TX,ABT,2024-8-8,True,False
Michael McCaul,Republican,House,TX,SNPS,2024-8-7,True,False
Michael McCaul,Republican,House,TX,CDNS,2024-8-7,True,False
Michael McCaul,Republican,House,TX,N/A,2024-8-15,True,False
Michael McCaul,Republican,House,TX,NVO,2024-8-8,True,False
Michael McCaul,Republican,House,TX,BAYRY,2024-8-1,True,False
Michael McCaul,Republican,House,TX,VMFXX,2024-8-26,True,False
Michael McCaul,Republican,House,TX,WWD,2024-8-6,True,False
Michael McCaul,Republican,House,TX,CDNS,2024-8-8,True,False
Michael McCaul,Republican,House,TX,SNPS,2024-8-8,True,False
Michael McCaul,Republican,House,TX,DT,2024-8-8,True,False
Michael McCaul,Republican,House,TX,ARW,2024-8-5,True,False
Michael McCaul,Republican,House,TX,SNPS,2024-8-22,True,False
Michael McCaul,Republican,House,TX,CDNS,2024-8-22,True,False
Michael McCaul,Republican,House,TX,N/A,2024-8-19,True,False
Michael McCaul,Republican,House,TX,N/A,2024-8-19,True,False
Michael McCaul,Republican,House,TX,FCFS,2024-8-25,False,True
Michael McCaul,Republican,House,TX,WTM,2024-8-25,False,True
Michael McCaul,Republican,House,TX,TRS,2024-8-27,False,True
Michael McCaul,Republican,House,TX,GTES,2024-8-25,False,True
Michael McCaul,Republican,House,TX,ATR,2024-8-25,False,True
Michael McCaul,Republican,House,TX,ARW,2024-8-25,False,True
Michael McCaul,Republican,House,TX,GOOGL,2024-8-25,False,True
Michael McCaul,Republican,House,TX,BECN,2024-8-24,False,True
Michael McCaul,Republican,House,TX,FBIN,2024-8-25,False,True
Michael McCaul,Republican,House,TX,OMF,2024-8-25,False,True
Michael McCaul,Republican,House,TX,IPG,2024-8-25,False,True
Michael McCaul,Republican,House,TX,CSL,2024-8-25,False,True
Michael McCaul,Republican,House,TX,HLI,2024-8-25,False,True
Michael McCaul,Republican,House,TX,PLXS,2024-8-19,False,True
Michael McCaul,Republican,House,TX,ZION,2024-8-25,False,True
Michael McCaul,Republican,House,TX,HSIC,2024-8-25,False,True
Michael McCaul,Republican,House,TX,PRI,2024-8-25,False,True
Michael McCaul,Republican,House,TX,NVT,2024-8-25,False,True
Michael McCaul,Republican,House,TX,CNM,2024-8-25,False,True
Michael McCaul,Republican,House,TX,DCI,2024-8-25,False,True
Michael McCaul,Republican,House,TX,MSFT,2024-8-25,False,True
Michael McCaul,Republican,House,TX,VVV,2024-8-27,False,True
Michael McCaul,Republican,House,TX,CTS,2024-8-27,False,True
Michael McCaul,Republican,House,TX,DT,2024-8-25,False,True
Michael McCaul,Republican,House,TX,SKX,2024-8-25,False,True
Michael McCaul,Republican,House,TX,NSIT,2024-8-25,False,True
Michael McCaul,Republican,House,TX,AIT,2024-8-25,False,True
Michael McCaul,Republican,House,TX,PROSY,2024-8-26,False,True
Michael McCaul,Republican,House,TX,MA,2024-8-25,False,True
Michael McCaul,Republican,House,TX,RHI,2024-8-25,False,True
Michael McCaul,Republican,House,TX,G,2024-8-27,False,True
Michael McCaul,Republican,House,TX,SSD,2024-8-25,False,True
Michael McCaul,Republican,House,TX,TKR,2024-8-25,False,True
Michael McCaul,Republican,House,TX,FTNT,2024-8-25,False,True
Michael McCaul,Republican,House,TX,ADBE,2024-8-25,False,True
Michael McCaul,Republican,House,TX,ADSK,2024-8-25,False,True
Michael McCaul,Republican,House,TX,BJ,2024-8-25,False,True
Michael McCaul,Republican,House,TX,FI,2024-8-25,False,True
Michael McCaul,Republican,House,TX,UBER,2024-8-25,False,True
Michael McCaul,Republican,House,TX,NBIX,2024-8-25,False,True
Michael McCaul,Republican,House,TX,AMD,2024-8-25,False,True
Michael McCaul,Republican,House,TX,V,2024-8-25,False,True
Michael McCaul,Republican,House,TX,NFLX,2024-8-25,False,True
Michael McCaul,Republican,House,TX,N/A,2024-8-25,False,True
Michael McCaul,Republican,House,TX,NVO,2024-8-25,False,True
Michael McCaul,Republican,House,TX,INTU,2024-8-25,False,True
Michael McCaul,Republican,House,TX,N/A,2024-7-31,False,True
Michael McCaul,Republican,House,TX,BAYRY,2024-8-26,False,True
Michael McCaul,Republican,House,TX,GOOGL,2024-8-25,False,True
Michael McCaul,Republican,House,TX,META,2024-8-15,False,True
Michael McCaul,Republican,House,TX,DFS,2024-8-25,False,True
Michael McCaul,Republican,House,TX,HLT,2024-8-25,False,True
Michael McCaul,Republican,House,TX,N/A,2024-8-14,False,True
Michael McCaul,Republican,House,TX,ENTG,2024-8-8,False,True
Michael McCaul,Republican,House,TX,META,2024-8-25,False,True
Michael McCaul,Republican,House,TX,SAFRY,2024-8-25,False,True
Michael McCaul,Republican,House,TX,ANET,2024-8-25,False,True
Michael McCaul,Republican,House,TX,AMZN,2024-8-27,False,True
Michael McCaul,Republican,House,TX,GOOGL,2024-8-25,False,True
Michael McCaul,Republican,House,TX,BECN,2024-8-4,False,True
Michael McCaul,Republican,House,TX,AAPL,2024-8-25,False,True
Michael McCaul,Republican,House,TX,IJR,2024-8-25,False,True
Michael McCaul,Republican,House,TX,SCHW,2024-8-8,False,True
Michael McCaul,Republican,House,TX,SCHW,2024-8-1,False,True
Michael McCaul,Republican,House,TX,PROSY,2024-8-25,False,True
Michael McCaul,Republican,House,TX,WFC,2024-8-25,False,True
Michael McCaul,Republican,House,TX,DFAS,2024-8-25,False,True
Michael McCaul,Republican,House,TX,META,2024-8-25,False,True
Michael McCaul,Republican,House,TX,MSFT,2024-8-25,False,True
Michael McCaul,Republican,House,TX,V,2024-8-25,False,True
Michael McCaul,Republican,House,TX,NVDA,2024-8-25,False,True
Michael McCaul,Republican,House,TX,ATKR,2024-8-15,False,True
Michael McCaul,Republican,House,TX,AA,2024-8-25,False,True
Michael McCaul,Republican,House,TX,WDAY,2024-8-25,False,True
Michael McCaul,Republican,House,TX,WWD,2024-8-25,False,True
Michael McCaul,Republican,House,TX,COF,2024-8-25,False,True
Michael McCaul,Republican,House,TX,CMCSA,2024-8-27,False,True
Michael McCaul,Republican,House,TX,N/A,2024-8-28,False,True
Michael McCaul,Republican,House,TX,BAYRY,2024-8-25,False,True
Michael McCaul,Republican,House,TX,HUM,2024-8-25,False,True
Michael McCaul,Republican,House,TX,GEV,2024-8-25,False,True
Michael McCaul,Republican,House,TX,COP,2024-8-25,False,True
Michael McCaul,Republican,House,TX,TSM,2024-8-25,False,True
Michael McCaul,Republican,House,TX,UNH,2024-8-25,False,True
Michael McCaul,Republican,House,TX,ENTG,2024-8-7,False,True
Michael McCaul,Republican,House,TX,SCHW,2024-8-7,False,True
Michael McCaul,Republican,House,TX,FN,2024-8-26,False,True
Michael McCaul,Republican,House,TX,ENTG,2024-8-1,False,True
Michael McCaul,Republican,House,TX,OXY,2024-8-25,False,True
Michael McCaul,Republican,House,TX,ELV,2024-8-24,False,True
Michael McCaul,Republican,House,TX,AON,2024-8-25,False,True
Michael McCaul,Republican,House,TX,N/A,2024-8-12,False,True
Michael McCaul,Republican,House,TX,AER,2024-8-25,False,True
Michael McCaul,Republican,House,TX,N/A,2024-8-25,False,True
Michael McCaul,Republican,House,TX,N/A,2024-8-15,False,True
Michael McCaul,Republican,House,TX,SAP,2024-8-14,False,True
Michael McCaul,Republican,House,TX,CHTR,2024-8-25,False,True
Michael McCaul,Republican,House,TX,AMZN,2024-8-25,False,True
Michael McCaul,Republican,House,TX,MNST,2024-8-8,False,True
Michael McCaul,Republican,House,TX,N/A,2024-7-31,False,True
Michael McCaul,Republican,House,TX,SHEL,2024-8-25,False,True
Michael McCaul,Republican,House,TX,VOO,2024-8-25,False,True
Michael McCaul,Republican,House,TX,IJR,2024-8-25,False,True
Michael McCaul,Republican,House,TX,VOO,2024-9-15,False,True
Michael McCaul,Republican,House,TX,GPN,2024-8-15,False,True
Michael McCaul,Republican,House,TX,LPLA,2024-8-11,False,True
Michael McCaul,Republican,House,TX,CVS,2024-8-18,False,True
Michael McCaul,Republican,House,TX,DOW,2024-8-18,False,True
Michael McCaul,Republican,House,TX,TPR,2024-8-18,False,True
Michael McCaul,Republican,House,TX,DLTR,2024-8-1,False,True
Michael McCaul,Republican,House,TX,MRK,2024-8-8,False,True
Michael McCaul,Republican,House,TX,CVX,2024-8-18,False,True
Michael McCaul,Republican,House,TX,VSH,2024-8-19,False,True
Michael McCaul,Republican,House,TX,VSH,2024-8-19,False,True
Michael McCaul,Republican,House,TX,SF,2024-8-1,True,False
Michael McCaul,Republican,House,TX,AIG,2024-8-18,True,False
Michael McCaul,Republican,House,TX,SF,2024-8-15,True,False
Michael McCaul,Republican,House,TX,SF,2024-8-15,True,False
Michael McCaul,Republican,House,TX,FIS,2024-8-5,True,False
Michael McCaul,Republican,House,TX,SF,2024-8-18,True,False
Michael McCaul,Republican,House,TX,INTC,2024-7-31,True,False
Michael McCaul,Republican,House,TX,VWLUX,2024-8-26,False,True
Michael McCaul,Republican,House,TX,VMFXX,2024-8-28,False,True
Michael McCaul,Republican,House,TX,VMFXX,2024-8-8,False,True
Michael McCaul,Republican,House,TX,VMFXX,2024-8-12,False,True
Michael McCaul,Republican,House,TX,N/A,2024-8-12,False,True
Michael McCaul,Republican,House,TX,VMFXX,2024-8-26,False,True
Michael McCaul,Republican,House,TX,N/A,2024-8-18,False,True
Michael McCaul,Republican,House,TX,LDNXF,2024-8-20,True,False
Michael McCaul,Republican,House,TX,N/A,2024-8-18,True,False
Michael McCaul,Republican,House,TX,N/A,2024-8-27,True,False
Michael McCaul,Republican,House,TX,N/A,2024-8-5,True,False
Michael McCaul,Republican,House,TX,N/A,2024-8-1,True,False
Michael McCaul,Republican,House,TX,META,2024-8-18,True,False
Michael McCaul,Republican,House,TX,N/A,2024-8-8,True,False
Michael McCaul,Republican,House,TX,ABT,2024-8-7,True,False
Michael McCaul,Republican,House,TX,SNPS,2024-8-7,True,False
Michael McCaul,Republican,House,TX,CDNS,2024-8-15,True,False
Michael McCaul,Republican,House,TX,N/A,2024-8-1,True,False
Michael McCaul,Republican,House,TX,BAYRY,2024-8-8,True,False
Michael McCaul,Republican,House,TX,NVO,2024-8-6,True,False
Michael McCaul,Republican,House,TX,WWD,2022-8-26,True,False
Michael McCaul,Republican,House,TX,VMFXX,2024-8-8,True,False
Michael McCaul,Republican,House,TX,CDNS,2024-8-8,True,False
Michael McCaul,Republican,House,TX,SNPS,2024-8-8,True,False
Michael McCaul,Republican,House,TX,DT,2024-8-5,True,False
Michael McCaul,Republican,House,TX,ARW,2024-8-22,True,False
Michael McCaul,Republican,House,TX,SNPS,2024-8-27,True,False
Michael McCaul,Republican,House,TX,CDNS,2024-8-19,True,False
Michael McCaul,Republican,House,TX,N/A,2024-8-6,True,False
Michael McCaul,Republican,House,TX,N/A,2024-8-25,True,False
Michael McCaul,Republican,House,TX,FCFS,2024-8-24,False,True
Michael McCaul,Republican,House,TX,WTM,2024-8-25,False,True
Michael McCaul,Republican,House,TX,TRS,2024-8-25,False,True
Michael McCaul,Republican,House,TX,GTES,2024-8-25,False,True
Michael McCaul,Republican,House,TX,ATR,2024-8-25,False,True
Michael McCaul,Republican,House,TX,ARW,2024-8-25,False,True
Michael McCaul,Republican,House,TX,GOOGL,2024-8-25,False,True
Michael McCaul,Republican,House,TX,BECN,2024-8-25,False,True
Michael McCaul,Republican,House,TX,FBIN,2024-8-27,False,True
Michael McCaul,Republican,House,TX,OMF,2024-8-25,False,True
Michael McCaul,Republican,House,TX,IPG,2024-8-24,False,True
Michael McCaul,Republican,House,TX,DT,2024-8-25,False,True
Michael McCaul,Republican,House,TX,CSL,2024-8-27,False,True
Michael McCaul,Republican,House,TX,HLI,2024-8-24,False,True
Michael McCaul,Republican,House,TX,PLXS,2024-8-24,False,True
Michael McCaul,Republican,House,TX,ZION,2024-8-25,False,True
Michael McCaul,Republican,House,TX,HSIC,2024-8-25,False,True
Michael McCaul,Republican,House,TX,PRI,2024-8-25,False,True
Michael McCaul,Republican,House,TX,NVT,2024-8-24,False,True
Michael McCaul,Republican,House,TX,MA,2024-8-25,False,True
Michael McCaul,Republican,House,TX,CNM,2024-8-25,False,True
Michael McCaul,Republican,House,TX,DCI,2024-8-25,False,True
Michael McCaul,Republican,House,TX,MSFT,2024-8-25,False,True
Michael McCaul,Republican,House,TX,VVV,2024-8-25,False,True
Michael McCaul,Republican,House,TX,CTS,2024-8-25,False,True
Michael McCaul,Republican,House,TX,SKX,2024-8-25,False,True
Michael McCaul,Republican,House,TX,NSIT,2024-8-25,False,True
Michael McCaul,Republican,House,TX,AIT,2024-8-26,False,True
Michael McCaul,Republican,House,TX,PROSY,2024-8-27,False,True
Michael McCaul,Republican,House,TX,RHI,2024-8-25,False,True
Michael McCaul,Republican,House,TX,G,2024-8-25,False,True
Michael McCaul,Republican,House,TX,FTNT,2024-8-25,False,True
Michael McCaul,Republican,House,TX,ADBE,2024-8-25,False,True
Michael McCaul,Republican,House,TX,ADSK,2024-8-25,False,True
Michael McCaul,Republican,House,TX,FI,2024-8-25,False,True
Michael McCaul,Republican,House,TX,UBER,2024-8-25,False,True
Michael McCaul,Republican,House,TX,NBIX,2024-8-25,False,True
Michael McCaul,Republican,House,TX,AMD,2024-8-25,False,True
Michael McCaul,Republican,House,TX,SSD,2024-8-25,False,True
Michael McCaul,Republican,House,TX,TKR,2024-8-25,False,True
Michael McCaul,Republican,House,TX,V,2024-8-25,False,True
Michael McCaul,Republican,House,TX,BJ,2024-8-25,False,True
Michael McCaul,Republican,House,TX,N/A,2024-8-25,False,True
Michael McCaul,Republican,House,TX,NVO,2024-8-25,False,True
Michael McCaul,Republican,House,TX,INTU,2024-8-25,False,True
Michael McCaul,Republican,House,TX,NFLX,2024-7-31,False,True
Michael McCaul,Republican,House,TX,N/A,2024-8-25,False,True
Michael McCaul,Republican,House,TX,IJR,2024-8-26,False,True
Michael McCaul,Republican,House,TX,BAYRY,2024-8-25,False,True
Michael McCaul,Republican,House,TX,GOOGL,2024-8-15,False,True
Michael McCaul,Republican,House,TX,META,2024-8-14,False,True
Michael McCaul,Republican,House,TX,N/A,2024-8-8,False,True
Michael McCaul,Republican,House,TX,ENTG,2024-8-25,False,True
Michael McCaul,Republican,House,TX,DFS,2024-8-25,False,True
Michael McCaul,Republican,House,TX,HLT,2024-8-25,False,True
Michael McCaul,Republican,House,TX,META,2024-8-25,False,True
Michael McCaul,Republican,House,TX,ANET,2024-8-25,False,True
Michael McCaul,Republican,House,TX,AMZN,2024-8-25,False,True
Michael McCaul,Republican,House,TX,GOOGL,2024-8-25,False,True
Michael McCaul,Republican,House,TX,AAPL,2024-8-7,False,True
Michael McCaul,Republican,House,TX,SCHW,2024-8-25,False,True
Michael McCaul,Republican,House,TX,SAFRY,2024-8-1,False,True
Michael McCaul,Republican,House,TX,SCHW,2024-8-4,False,True
Michael McCaul,Republican,House,TX,BECN,2024-8-27,False,True
Michael McCaul,Republican,House,TX,PROSY,2024-8-25,False,True
Michael McCaul,Republican,House,TX,DFAS,2024-8-25,False,True
Michael McCaul,Republican,House,TX,WFC,2024-8-25,False,True
Michael McCaul,Republican,House,TX,MSFT,2024-8-25,False,True
Michael McCaul,Republican,House,TX,NVDA,2024-8-25,False,True
Michael McCaul,Republican,House,TX,META,2024-8-25,False,True
Michael McCaul,Republican,House,TX,V,2024-8-22,False,True
Michael McCaul,Republican,House,TX,N/A,2024-8-15,False,True
Michael McCaul,Republican,House,TX,ATKR,2024-8-25,False,True
Michael McCaul,Republican,House,TX,AA,2024-8-25,False,True
Michael McCaul,Republican,House,TX,WDAY,2024-8-24,False,True
Michael McCaul,Republican,House,TX,WWD,2024-8-25,False,True
Michael McCaul,Republican,House,TX,COF,2024-8-25,False,True
Michael McCaul,Republican,House,TX,CMCSA,2024-8-7,False,True
Michael McCaul,Republican,House,TX,ENTG,2024-8-7,False,True
Michael McCaul,Republican,House,TX,SCHW,2024-8-1,False,True
Michael McCaul,Republican,House,TX,ENTG,2024-8-25,False,True
Michael McCaul,Republican,House,TX,BAYRY,2024-8-25,False,True
Michael McCaul,Republican,House,TX,HUM,2024-8-25,False,True
Michael McCaul,Republican,House,TX,GEV,2024-8-25,False,True
Michael McCaul,Republican,House,TX,COP,2024-8-25,False,True
Michael McCaul,Republican,House,TX,TSM,2024-8-24,False,True
Michael McCaul,Republican,House,TX,UNH,2024-8-26,False,True
Michael McCaul,Republican,House,TX,FN,2024-8-25,False,True
Michael McCaul,Republican,House,TX,OXY,2024-8-14,False,True
Michael McCaul,Republican,House,TX,N/A,2024-8-25,False,True
Michael McCaul,Republican,House,TX,ELV,2024-8-25,False,True
Michael McCaul,Republican,House,TX,AON,2024-8-15,False,True
Michael McCaul,Republican,House,TX,N/A,2024-8-14,False,True
Michael McCaul,Republican,House,TX,N/A,2024-8-25,False,True
Michael McCaul,Republican,House,TX,AER,2024-8-25,False,True
Michael McCaul,Republican,House,TX,SAP,2024-8-25,False,True
Michael McCaul,Republican,House,TX,VOO,2024-8-25,False,True
Michael McCaul,Republican,House,TX,CHTR,2024-8-8,False,True
Michael McCaul,Republican,House,TX,MNST,2024-8-25,False,True
Michael McCaul,Republican,House,TX,AMZN,2024-7-31,False,True
Michael McCaul,Republican,House,TX,N/A,2024-8-25,False,True
Michael McCaul,Republican,House,TX,IJR,2024-8-25,False,True
Michael McCaul,Republican,House,TX,SHEL,2024-8-25,False,True
Michael McCaul,Republican,House,TX,VOO,2024-8-15,False,True
Michael McCaul,Republican,House,TX,GPN,2024-8-15,True,False
Michael McCaul,Republican,House,TX,LPLA,2024-8-11,True,False
Michael McCaul,Republican,House,TX,CVS,2024-8-18,True,False
Michael McCaul,Republican,House,TX,DOW,2024-8-18,True,False
Michael McCaul,Republican,House,TX,TPR,2024-8-18,True,False
Michael McCaul,Republican,House,TX,DLTR,2024-8-1,True,False
Michael McCaul,Republican,House,TX,MRK,2024-8-8,True,False
Michael McCaul,Republican,House,TX,MUR,2024-8-8,True,False
Michael McCaul,Republican,House,TX,CVX,2024-8-18,True,False
Michael McCaul,Republican,House,TX,VSH,2024-8-18,True,False
Michael McCaul,Republican,House,TX,VSH,2024-8-19,True,False
Michael McCaul,Republican,House,TX,SF,2024-8-19,False,True
Michael McCaul,Republican,House,TX,AIG,2024-8-1,False,True
Michael McCaul,Republican,House,TX,SF,2024-8-18,False,True
Michael McCaul,Republican,House,TX,SF,2024-8-15,False,True
Michael McCaul,Republican,House,TX,FIS,2024-8-15,False,True
Michael McCaul,Republican,House,TX,SF,2024-8-5,False,True
Michael McCaul,Republican,House,TX,INTC,2024-8-18,False,True
Michael McCaul,Republican,House,TX,VWLUX,2024-7-31,True,False
Michael McCaul,Republican,House,TX,LYV,2024-8-29,False,True
Michael McCaul,Republican,House,TX,LYV,2024-8-29,False,True
Michael McCaul,Republican,House,TX,LYV,2024-8-29,False,True
Pete Sessions,Republican,House,TX,NVDA,2024-9-15,True,False
Mark Warner,Democrat,Senate,VA,EUN,2024-8-28,False,True
Mitch McConnell,Republican,Senate,KY,WFC,2024-8-31,True,False
Carol Miller,Republican,House,WV,WBD,2024-8-11,False,True
Laurel Lee,Republican,House,FL,AAPL,2024-7-30,True,False
Laurel Lee,Republican,House,FL,JPM,2024-9-9,True,False
Susan Collins,Republican,Senate,ME,GL,2024-8-4,False,True
Susan Collins,Republican,Senate,ME,N/A,2024-8-20,True,False
Susan Collins,Republican,Senate,ME,WFC,2024-8-5,True,False
Susan Collins,Republican,Senate,ME,N/A,2024-8-4,True,False
Tommy Tuberville,Republican,Senate,AL,AAPL,2024-8-25,False,True
Tommy Tuberville,Republican,Senate,AL,MDT,2024-8-25,False,True
Tommy Tuberville,Republican,Senate,AL,CVS,2024-8-25,False,True
Tommy Tuberville,Republican,Senate,AL,UPS,2024-8-25,False,True
Tommy Tuberville,Republican,Senate,AL,EIBLX,2024-8-25,False,True
Tommy Tuberville,Republican,Senate,AL,ABNDX,2024-8-25,True,False
Pete Sessions,Republican,House,TX,MO,2024-9-9,False,True
Pete Sessions,Republican,House,TX,MSFT,2024-9-8,True,False
Pete Sessions,Republican,House,TX,NVDA,2024-9-9,True,False
Scott Peters,Democrat,House,CA,N/A,2024-8-28,True,False
Scott Peters,Democrat,House,CA,N/A,2024-7-31,False,True
Scott Peters,Democrat,House,CA,N/A,2024-8-14,True,False
Scott Peters,Democrat,House,CA,N/A,2024-8-6,True,False
Scott Peters,Democrat,House,CA,N/A,2024-8-7,True,False
Scott Peters,Democrat,House,CA,N/A,2024-7-31,False,True
Scott Peters,Democrat,House,CA,N/A,2024-8-19,True,False
Scott Peters,Democrat,House,CA,N/A,2024-8-7,False,True
Maria Elvira Salazar,Republican,House,FL,AR,2024-8-1,True,False
Mark Green,Republican,House,TN,NGL,2024-8-27,False,True
Nancy Pelosi,Democrat,House,CA,N/A,2024-8-12,True,False
Josh Gottheimer,Democrat,House,NJ,ABT,2024-8-18,True,False
Josh Gottheimer,Democrat,House,NJ,AMD,2024-8-5,False,True
Josh Gottheimer,Democrat,House,NJ,AMD,2024-7-31,False,True
Josh Gottheimer,Democrat,House,NJ,APD,2024-8-29,False,True
Josh Gottheimer,Democrat,House,NJ,AAPL,2024-7-31,True,False
Josh Gottheimer,Democrat,House,NJ,BRK/B,2024-8-29,True,False
Josh Gottheimer,Democrat,House,NJ,BNTX,2024-8-29,False,True
Josh Gottheimer,Democrat,House,NJ,BKNG,2024-8-1,False,True
Josh Gottheimer,Democrat,House,NJ,CHUY,2024-8-5,False,True
Josh Gottheimer,Democrat,House,NJ,KO,2024-8-1,True,False
Josh Gottheimer,Democrat,House,NJ,KO,2024-8-4,True,False
Josh Gottheimer,Democrat,House,NJ,ETN,2024-8-29,False,True
Josh Gottheimer,Democrat,House,NJ,FWRG,2024-8-5,True,False
Josh Gottheimer,Democrat,House,NJ,GS,2024-8-1,True,False
Josh Gottheimer,Democrat,House,NJ,GS,2024-7-31,True,False
Josh Gottheimer,Democrat,House,NJ,HSHCY,2024-8-7,False,True
Josh Gottheimer,Democrat,House,NJ,JBL,2024-8-1,False,True
Josh Gottheimer,Democrat,House,NJ,LOW,2024-8-29,False,True
Josh Gottheimer,Democrat,House,NJ,MAR,2024-8-1,False,True
Josh Gottheimer,Democrat,House,NJ,MSFT,2024-8-11,True,False
Josh Gottheimer,Democrat,House,NJ,MSFT,2024-8-11,False,True
Josh Gottheimer,Democrat,House,NJ,NSC,2024-8-29,False,True
Josh Gottheimer,Democrat,House,NJ,ORCL,2024-8-1,False,True
Josh Gottheimer,Democrat,House,NJ,NOW,2024-8-4,True,False
Josh Gottheimer,Democrat,House,NJ,SHOP,2024-7-31,False,True
Josh Gottheimer,Democrat,House,NJ,SPOT,2024-8-4,True,False
Josh Gottheimer,Democrat,House,NJ,SBUX,2024-8-13,True,False
Josh Gottheimer,Democrat,House,NJ,SNPS,2024-8-29,False,True
Josh Gottheimer,Democrat,House,NJ,TNDM,2024-8-4,True,False
Josh Gottheimer,Democrat,House,NJ,TSLA,2024-8-27,False,True
Josh Gottheimer,Democrat,House,NJ,TXN,2024-8-29,False,True
Josh Gottheimer,Democrat,House,NJ,UBER,2024-7-31,False,True
Rudy Yakym,Republican,House,IN,N/A,2024-9-9,True,False
Rudy Yakym,Republican,House,IN,N/A,2024-9-4,True,False
Max Miller,Republican,House,OH,N/A,2024-9-9,True,False
Doris Matsui,Democrat,House,CA,N/A,2024-9-2,True,False
Lloyd Doggett,Democrat,House,TX,PG,2024-8-14,True,False
Marjorie Taylor Greene,Republican,House,GA,N/A,2024-9-5,True,False
Ro Khanna,Democrat,House,CA,UBS,2024-8-14,True,False
Ro Khanna,Democrat,House,CA,UNH,2024-8-1,True,False
Ro Khanna,Democrat,House,CA,N/A,2024-8-29,True,False
Ro Khanna,Democrat,House,CA,BRK/B,2024-8-6,True,False
Ro Khanna,Democrat,House,CA,AMT,2024-8-1,True,False
Ro Khanna,Democrat,House,CA,AAPL,2024-8-1,True,False
Ro Khanna,Democrat,House,CA,UPS,2024-8-1,True,False
Ro Khanna,Democrat,House,CA,WM,2024-8-13,True,False
Ro Khanna,Democrat,House,CA,AMZN,2024-8-4,True,False
Ro Khanna,Democrat,House,CA,BLDR,2024-8-1,True,False
Ro Khanna,Democrat,House,CA,WM,2024-8-6,True,False
Ro Khanna,Democrat,House,CA,IP,2024-8-6,True,False
Ro Khanna,Democrat,House,CA,BRK/B,2024-8-20,True,False
Ro Khanna,Democrat,House,CA,BLDR,2024-8-6,True,False
Ro Khanna,Democrat,House,CA,BLDR,2024-8-4,True,False
Ro Khanna,Democrat,House,CA,BRK/B,2024-8-20,True,False
Ro Khanna,Democrat,House,CA,AAPL,2024-8-1,True,False
Ro Khanna,Democrat,House,CA,CVS,2024-8-1,False,True
Ro Khanna,Democrat,House,CA,NVDA,2024-8-1,False,True
Ro Khanna,Democrat,House,CA,GOOGL,2024-8-5,False,True
Ro Khanna,Democrat,House,CA,NVR,2024-8-21,False,True
Ro Khanna,Democrat,House,CA,GOOGL,2024-8-5,False,True
Ro Khanna,Democrat,House,CA,ALL,2024-8-6,False,True
Ro Khanna,Democrat,House,CA,SBAC,2024-8-4,False,True
Ro Khanna,Democrat,House,CA,HON,2024-8-5,False,True
Ro Khanna,Democrat,House,CA,HON,2024-8-14,False,True
Ro Khanna,Democrat,House,CA,HON,2024-8-15,False,True
Ro Khanna,Democrat,House,CA,HON,2024-8-13,False,True
Ro Khanna,Democrat,House,CA,HON,2024-8-12,False,True
Ro Khanna,Democrat,House,CA,GOOGL,2024-8-1,False,True
Ro Khanna,Democrat,House,CA,MSFT,2024-8-1,False,True
Ro Khanna,Democrat,House,CA,SBUX,2024-7-31,False,True
Ro Khanna,Democrat,House,CA,MU,2024-8-4,True,False
Ro Khanna,Democrat,House,CA,PEP,2024-8-26,True,False
Ro Khanna,Democrat,House,CA,PENN,2022-8-4,True,False
Ro Khanna,Democrat,House,CA,BRK/B,2024-8-6,True,False
Ro Khanna,Democrat,House,CA,LH,2024-8-26,True,False
Ro Khanna,Democrat,House,CA,NVR,2024-8-21,False,True
Ro Khanna,Democrat,House,CA,AVTR,2024-8-28,False,True
Ro Khanna,Democrat,House,CA,AVTR,2024-8-27,False,True
Ro Khanna,Democrat,House,CA,AVTR,2024-8-12,False,True
Ro Khanna,Democrat,House,CA,PEP,2024-8-4,True,False
Ro Khanna,Democrat,House,CA,N/A,2024-8-29,True,False
Ro Khanna,Democrat,House,CA,TSLA,2024-8-4,True,False
Ro Khanna,Democrat,House,CA,SBUX,2024-8-4,True,False
Ro Khanna,Democrat,House,CA,PGR,2024-8-4,True,False
Ro Khanna,Democrat,House,CA,CME,2024-8-4,True,False
Ro Khanna,Democrat,House,CA,CSCO,2024-8-4,True,False
Ro Khanna,Democrat,House,CA,FCX,2024-8-4,True,False
Ro Khanna,Democrat,House,CA,KLAC,2024-8-4,True,False
Ro Khanna,Democrat,House,CA,SHW,2024-8-4,True,False
Ro Khanna,Democrat,House,CA,ACN,2024-8-4,True,False
Ro Khanna,Democrat,House,CA,INTU,2024-8-4,True,False
Ro Khanna,Democrat,House,CA,PANW,2024-8-4,True,False
Ro Khanna,Democrat,House,CA,LULU,2024-8-4,True,False
Ro Khanna,Democrat,House,CA,CNC,2024-8-4,True,False
Ro Khanna,Democrat,House,CA,TMO,2024-8-4,True,False
Ro Khanna,Democrat,House,CA,MCHP,2024-8-4,True,False
Ro Khanna,Democrat,House,CA,CSGP,2024-8-4,True,False
Ro Khanna,Democrat,House,CA,PH,2024-8-4,True,False
Ro Khanna,Democrat,House,CA,LEN,2024-8-4,True,False
Ro Khanna,Democrat,House,CA,PTC,2024-8-4,True,False
Ro Khanna,Democrat,House,CA,NXPI,2024-8-4,True,False
Ro Khanna,Democrat,House,CA,IDXX,2024-8-4,True,False
Ro Khanna,Democrat,House,CA,MAR,2024-8-4,True,False
Ro Khanna,Democrat,House,CA,FDS,2024-8-4,True,False
Ro Khanna,Democrat,House,CA,EQIX,2024-8-4,True,False
Ro Khanna,Democrat,House,CA,POOL,2024-8-4,True,False
Ro Khanna,Democrat,House,CA,ON,2024-8-4,True,False
Ro Khanna,Democrat,House,CA,DE,2024-8-4,True,False
Ro Khanna,Democrat,House,CA,BKNG,2024-8-4,True,False
Ro Khanna,Democrat,House,CA,CAT,2024-8-4,True,False
Ro Khanna,Democrat,House,CA,FSLR,2024-8-4,True,False
Ro Khanna,Democrat,House,CA,CDW,2024-8-4,True,False
Ro Khanna,Democrat,House,CA,EPAM,2024-8-4,True,False
Ro Khanna,Democrat,House,CA,WST,2024-8-4,True,False
Ro Khanna,Democrat,House,CA,JBL,2024-8-4,True,False
Ro Khanna,Democrat,House,CA,ODFL,2024-8-4,True,False
Ro Khanna,Democrat,House,CA,IEX,2024-8-4,True,False
Ro Khanna,Democrat,House,CA,LVS,2024-8-4,True,False
Ro Khanna,Democrat,House,CA,DOW,2024-8-4,True,False
Ro Khanna,Democrat,House,CA,GPN,2024-8-4,True,False
Ro Khanna,Democrat,House,CA,AIG,2024-8-4,True,False
Ro Khanna,Democrat,House,CA,GPC,2024-8-4,True,False
Ro Khanna,Democrat,House,CA,AKAM,2024-8-4,True,False
Ro Khanna,Democrat,House,CA,EL,2024-8-4,True,False
Ro Khanna,Democrat,House,CA,AAPL,2024-8-4,True,False
Ro Khanna,Democrat,House,CA,MET,2024-8-4,True,False
Ro Khanna,Democrat,House,CA,MCD,2024-8-4,True,False
Ro Khanna,Democrat,House,CA,NCLH,2024-8-4,True,False
Ro Khanna,Democrat,House,CA,FAST,2024-8-4,True,False
Ro Khanna,Democrat,House,CA,CDAY,2024-8-4,True,False
Ro Khanna,Democrat,House,CA,RJF,2024-8-4,True,False
Ro Khanna,Democrat,House,CA,RF,2024-8-4,True,False
Ro Khanna,Democrat,House,CA,WBD,2024-8-4,True,False
Ro Khanna,Democrat,House,CA,ROP,2024-8-4,True,False
Ro Khanna,Democrat,House,CA,ENPH,2024-8-4,True,False
Ro Khanna,Democrat,House,CA,BMY,2024-8-4,True,False
Ro Khanna,Democrat,House,CA,VRSK,2024-8-4,True,False
Ro Khanna,Democrat,House,CA,MSCI,2024-8-4,True,False
Ro Khanna,Democrat,House,CA,NEM,2024-8-4,True,False
Ro Khanna,Democrat,House,CA,N/A,2024-8-4,True,False
Ro Khanna,Democrat,House,CA,ALB,2024-8-4,True,False
Ro Khanna,Democrat,House,CA,KEYS,2024-8-4,True,False
Ro Khanna,Democrat,House,CA,NDSN,2024-8-4,True,False
Ro Khanna,Democrat,House,CA,AMD,2024-8-4,True,False
Ro Khanna,Democrat,House,CA,SBAC,2024-8-4,True,False
Ro Khanna,Democrat,House,CA,META,2024-8-4,True,False
Ro Khanna,Democrat,House,CA,ABBV,2024-8-4,True,False
Ro Khanna,Democrat,House,CA,MRK,2024-8-4,False,True
Ro Khanna,Democrat,House,CA,LRCX,2024-8-4,False,True
Ro Khanna,Democrat,House,CA,ADBE,2024-8-4,False,True
Ro Khanna,Democrat,House,CA,SCHW,2024-8-4,False,True
Ro Khanna,Democrat,House,CA,NKE,2024-8-4,False,True
Ro Khanna,Democrat,House,CA,UPS,2024-8-4,False,True
Ro Khanna,Democrat,House,CA,CDNS,2024-8-4,False,True
Ro Khanna,Democrat,House,CA,MS,2024-8-4,False,True
Ro Khanna,Democrat,House,CA,INTC,2024-8-4,False,True
Ro Khanna,Democrat,House,CA,SNPS,2024-8-4,False,True
Ro Khanna,Democrat,House,CA,FTV,2024-8-4,False,True
Ro Khanna,Democrat,House,CA,ZBH,2024-8-4,False,True
Ro Khanna,Democrat,House,CA,PFG,2024-8-4,False,True
Ro Khanna,Democrat,House,CA,CRM,2024-8-4,False,True
Ro Khanna,Democrat,House,CA,ADI,2024-8-4,False,True
Ro Khanna,Democrat,House,CA,N/A,2024-8-4,False,True
Ro Khanna,Democrat,House,CA,F,2024-8-4,False,True
Ro Khanna,Democrat,House,CA,UBER,2024-8-4,False,True
Ro Khanna,Democrat,House,CA,HPE,2024-8-4,False,True
Ro Khanna,Democrat,House,CA,KVUE,2024-8-4,False,True
Ro Khanna,Democrat,House,CA,BEN,2024-8-4,False,True
Ro Khanna,Democrat,House,CA,ABNB,2024-8-4,False,True
Ro Khanna,Democrat,House,CA,STLD,2024-8-4,False,True
Ro Khanna,Democrat,House,CA,STZ,2024-8-4,False,True
Ro Khanna,Democrat,House,CA,N/A,2024-8-4,False,True
Ro Khanna,Democrat,House,CA,EW,2024-8-4,False,True
Ro Khanna,Democrat,House,CA,BLK,2024-8-4,False,True
Ro Khanna,Democrat,House,CA,MGM,2024-8-4,False,True
Ro Khanna,Democrat,House,CA,CTAS,2024-8-4,False,True
Ro Khanna,Democrat,House,CA,DXCM,2024-8-4,False,True
Ro Khanna,Democrat,House,CA,DIS,2024-8-4,False,True
Ro Khanna,Democrat,House,CA,NUE,2024-8-4,False,True
Ro Khanna,Democrat,House,CA,QCOM,2024-8-4,False,True
Ro Khanna,Democrat,House,CA,BIIB,2024-8-4,False,True
Ro Khanna,Democrat,House,CA,ANSS,2024-8-4,False,True
Ro Khanna,Democrat,House,CA,DLR,2024-8-4,False,True
Ro Khanna,Democrat,House,CA,ACGL,2024-8-4,False,True
Ro Khanna,Democrat,House,CA,ARE,2024-8-4,False,True
Ro Khanna,Democrat,House,CA,TTWO,2024-8-4,False,True
Ro Khanna,Democrat,House,CA,LYB,2024-8-4,False,True
Ro Khanna,Democrat,House,CA,PCAR,2024-8-4,False,True
Ro Khanna,Democrat,House,CA,PRU,2024-8-4,False,True
Ro Khanna,Democrat,House,CA,ADM,2024-8-4,False,True
Ro Khanna,Democrat,House,CA,TROW,2024-8-4,False,True
Ro Khanna,Democrat,House,CA,LKQ,2024-8-4,False,True
Ro Khanna,Democrat,House,CA,TAP,2024-8-4,False,True
Ro Khanna,Democrat,House,CA,LUV,2024-8-4,False,True
Ro Khanna,Democrat,House,CA,ROK,2024-8-4,False,True
Ro Khanna,Democrat,House,CA,DLTR,2024-8-4,False,True
Ro Khanna,Democrat,House,CA,TER,2024-8-4,False,True
Ro Khanna,Democrat,House,CA,AME,2024-8-4,False,True
Ro Khanna,Democrat,House,CA,CCL,2024-8-4,False,True
Ro Khanna,Democrat,House,CA,HST,2024-8-4,False,True
Ro Khanna,Democrat,House,CA,ALGN,2024-8-4,False,True
Ro Khanna,Democrat,House,CA,UBS,2024-8-24,True,False
Ro Khanna,Democrat,House,CA,JNJ,2024-8-1,True,False
Ro Khanna,Democrat,House,CA,N/A,2024-8-29,True,False
Ro Khanna,Democrat,House,CA,HD,2024-8-1,True,False
Ro Khanna,Democrat,House,CA,ADBE,2024-8-1,True,False
Ro Khanna,Democrat,House,CA,N/A,2024-8-19,True,False
Ro Khanna,Democrat,House,CA,MCD,2024-8-1,True,False
Ro Khanna,Democrat,House,CA,BAC,2024-8-1,True,False
Ro Khanna,Democrat,House,CA,NEE,2024-8-1,True,False
Ro Khanna,Democrat,House,CA,MU,2024-8-4,True,False
Ro Khanna,Democrat,House,CA,ORCL,2024-8-1,True,False
Ro Khanna,Democrat,House,CA,NKE,2024-8-1,True,False
Ro Khanna,Democrat,House,CA,BKNG,2024-8-1,True,False
Ro Khanna,Democrat,House,CA,GILD,2024-8-1,True,False
Ro Khanna,Democrat,House,CA,CSCO,2024-8-1,True,False
Ro Khanna,Democrat,House,CA,NCR,2024-8-20,True,False
Ro Khanna,Democrat,House,CA,HON,2024-8-1,True,False
Ro Khanna,Democrat,House,CA,COST,2024-8-1,True,False
Ro Khanna,Democrat,House,CA,DTE,2024-8-1,True,False
Ro Khanna,Democrat,House,CA,SRE,2024-8-1,True,False
Ro Khanna,Democrat,House,CA,ABBV,2024-8-1,True,False
Ro Khanna,Democrat,House,CA,ADSK,2024-8-1,True,False
Ro Khanna,Democrat,House,CA,DIS,2024-8-20,True,False
Ro Khanna,Democrat,House,CA,MAR,2024-8-1,True,False
Ro Khanna,Democrat,House,CA,UPS,2024-8-1,True,False
Ro Khanna,Democrat,House,CA,CHTR,2024-8-1,True,False
Ro Khanna,Democrat,House,CA,BDX,2024-8-1,True,False
Ro Khanna,Democrat,House,CA,DNB,2024-8-15,True,False
Ro Khanna,Democrat,House,CA,DNB,2024-8-20,True,False
Ro Khanna,Democrat,House,CA,CMS,2024-8-1,True,False
Ro Khanna,Democrat,House,CA,CCI,2024-8-1,True,False
Ro Khanna,Democrat,House,CA,PENN,2024-8-4,True,False
Ro Khanna,Democrat,House,CA,DLR,2024-8-1,True,False
Ro Khanna,Democrat,House,CA,SO,2024-8-1,True,False
Ro Khanna,Democrat,House,CA,MSCI,2024-8-1,True,False
Ro Khanna,Democrat,House,CA,MOH,2024-8-1,True,False
Ro Khanna,Democrat,House,CA,PTC,2024-8-1,True,False
Ro Khanna,Democrat,House,CA,CEG,2024-8-1,True,False
Ro Khanna,Democrat,House,CA,MMM,2024-8-1,True,False
Ro Khanna,Democrat,House,CA,EIX,2024-8-1,True,False
Ro Khanna,Democrat,House,CA,APTV,2024-8-1,True,False
Ro Khanna,Democrat,House,CA,NSC,2024-8-1,True,False
Ro Khanna,Democrat,House,CA,SPGI,2024-8-1,True,False
Ro Khanna,Democrat,House,CA,ETR,2024-8-1,True,False
Ro Khanna,Democrat,House,CA,GPN,2024-8-1,True,False
Ro Khanna,Democrat,House,CA,CNC,2024-8-1,True,False
Ro Khanna,Democrat,House,CA,PEG,2024-8-1,True,False
Ro Khanna,Democrat,House,CA,PCAR,2024-8-1,True,False
Ro Khanna,Democrat,House,CA,EXC,2024-8-1,True,False
Ro Khanna,Democrat,House,CA,AES,2024-8-1,True,False
Ro Khanna,Democrat,House,CA,BWA,2024-8-1,True,False
Ro Khanna,Democrat,House,CA,PCG,2024-8-1,True,False
Ro Khanna,Democrat,House,CA,KDP,2024-8-1,True,False
Ro Khanna,Democrat,House,CA,DUK,2024-8-1,True,False
Ro Khanna,Democrat,House,CA,PEAK,2024-8-1,True,False
Ro Khanna,Democrat,House,CA,D,2024-8-1,True,False
Ro Khanna,Democrat,House,CA,CARR,2024-8-1,True,False
Ro Khanna,Democrat,House,CA,HAS,2024-8-1,True,False
Ro Khanna,Democrat,House,CA,CBRE,2024-8-1,True,False
Ro Khanna,Democrat,House,CA,IR,2024-8-1,True,False
Ro Khanna,Democrat,House,CA,N/A,2024-8-1,True,False
Ro Khanna,Democrat,House,CA,EPAM,2024-8-1,True,False
Ro Khanna,Democrat,House,CA,DHR,2024-8-1,True,False
Ro Khanna,Democrat,House,CA,FTNT,2024-8-1,True,False
Ro Khanna,Democrat,House,CA,URI,2024-8-1,True,False
Ro Khanna,Democrat,House,CA,MCK,2024-8-1,True,False
Ro Khanna,Democrat,House,CA,INTU,2024-8-1,True,False
Ro Khanna,Democrat,House,CA,WST,2024-8-1,True,False
Ro Khanna,Democrat,House,CA,DLTR,2024-8-1,True,False
Ro Khanna,Democrat,House,CA,CMI,2024-8-1,True,False
Ro Khanna,Democrat,House,CA,MLM,2024-8-1,True,False
Ro Khanna,Democrat,House,CA,TXN,2024-8-1,True,False
Ro Khanna,Democrat,House,CA,FLT,2024-8-1,True,False
Ro Khanna,Democrat,House,CA,AMAT,2024-8-1,True,False
Ro Khanna,Democrat,House,CA,VMC,2024-8-1,True,False
Ro Khanna,Democrat,House,CA,CE,2024-8-1,True,False
Ro Khanna,Democrat,House,CA,ATO,2024-8-1,True,False
Ro Khanna,Democrat,House,CA,AEP,2024-8-1,True,False
Ro Khanna,Democrat,House,CA,CAH,2024-8-1,True,False
Ro Khanna,Democrat,House,CA,AFL,2024-8-1,True,False
Ro Khanna,Democrat,House,CA,COR,2024-8-1,True,False
Ro Khanna,Democrat,House,CA,BG,2024-8-1,True,False
Ro Khanna,Democrat,House,CA,WMT,2024-8-1,True,False
Ro Khanna,Democrat,House,CA,DNB,2024-8-27,True,False
Ro Khanna,Democrat,House,CA,XEL,2024-8-1,True,False
Ro Khanna,Democrat,House,CA,ON,2024-8-1,True,False
Ro Khanna,Democrat,House,CA,ETSY,2024-8-1,True,False
Ro Khanna,Democrat,House,CA,FITB,2024-8-1,True,False
Ro Khanna,Democrat,House,CA,AKAM,2024-8-1,True,False
Ro Khanna,Democrat,House,CA,VICI,2024-8-1,True,False
Ro Khanna,Democrat,House,CA,LH,2024-8-1,True,False
Ro Khanna,Democrat,House,CA,LYB,2024-8-1,True,False
Ro Khanna,Democrat,House,CA,C,2024-8-1,True,False
Ro Khanna,Democrat,House,CA,ES,2024-8-1,True,False
Ro Khanna,Democrat,House,CA,FE,2024-8-1,True,False
Ro Khanna,Democrat,House,CA,KHC,2024-8-1,True,False
Ro Khanna,Democrat,House,CA,MOS,2024-8-1,True,False
Ro Khanna,Democrat,House,CA,BBWI,2024-8-1,True,False
Ro Khanna,Democrat,House,CA,CZR,2024-8-1,True,False
Ro Khanna,Democrat,House,CA,VTRS,2024-8-1,True,False
Ro Khanna,Democrat,House,CA,EXPE,2024-8-1,True,False
Ro Khanna,Democrat,House,CA,NCLH,2024-8-1,True,False
Ro Khanna,Democrat,House,CA,FCX,2024-8-1,True,False
Ro Khanna,Democrat,House,CA,KIM,2024-8-1,True,False
Ro Khanna,Democrat,House,CA,CNP,2024-8-1,True,False
Ro Khanna,Democrat,House,CA,HRL,2024-8-1,True,False
Ro Khanna,Democrat,House,CA,PPL,2024-8-1,True,False
Ro Khanna,Democrat,House,CA,SBAC,2024-8-1,True,False
Ro Khanna,Democrat,House,CA,WBA,2024-8-1,True,False
Ro Khanna,Democrat,House,CA,CCL,2024-8-1,True,False
Ro Khanna,Democrat,House,CA,LW,2024-8-1,True,False
Ro Khanna,Democrat,House,CA,BF/A,2024-8-1,True,False
Ro Khanna,Democrat,House,CA,HST,2024-8-1,True,False
Ro Khanna,Democrat,House,CA,BALL,2024-8-1,True,False
Ro Khanna,Democrat,House,CA,INCY,2024-8-1,True,False
Ro Khanna,Democrat,House,CA,WELL,2024-8-1,True,False
Ro Khanna,Democrat,House,CA,WEC,2024-8-1,True,False
Ro Khanna,Democrat,House,CA,MAA,2024-8-1,True,False
Ro Khanna,Democrat,House,CA,EBAY,2024-8-1,True,False
Ro Khanna,Democrat,House,CA,KEY,2024-8-1,True,False
Ro Khanna,Democrat,House,CA,FOXA,2024-8-1,True,False
Ro Khanna,Democrat,House,CA,AWK,2024-8-1,True,False
Ro Khanna,Democrat,House,CA,ALB,2024-8-1,True,False
Ro Khanna,Democrat,House,CA,KKR,2024-8-1,True,False
Ro Khanna,Democrat,House,CA,CLX,2024-8-1,True,False
Ro Khanna,Democrat,House,CA,AIG,2024-8-1,True,False
Ro Khanna,Democrat,House,CA,IRM,2024-8-1,True,False
Ro Khanna,Democrat,House,CA,AVB,2024-8-1,True,False
Ro Khanna,Democrat,House,CA,CDW,2024-8-1,True,False
Ro Khanna,Democrat,House,CA,DOW,2024-8-1,True,False
Ro Khanna,Democrat,House,CA,ADM,2024-8-1,True,False
Ro Khanna,Democrat,House,CA,BIIB,2024-8-1,True,False
Ro Khanna,Democrat,House,CA,MA,2024-8-1,True,False
Ro Khanna,Democrat,House,CA,POOL,2024-8-1,True,False
Ro Khanna,Democrat,House,CA,WAT,2024-8-1,True,False
Ro Khanna,Democrat,House,CA,PLD,2024-8-1,True,False
Ro Khanna,Democrat,House,CA,ELAN,2024-8-8,True,False
Ro Khanna,Democrat,House,CA,AMZN,2024-8-1,False,True
Ro Khanna,Democrat,House,CA,AMGN,2024-8-1,False,True
Ro Khanna,Democrat,House,CA,IBM,2024-8-1,False,True
Ro Khanna,Democrat,House,CA,BXP,2024-8-1,False,True
Ro Khanna,Democrat,House,CA,NVDA,2024-8-1,False,True
Ro Khanna,Democrat,House,CA,ROP,2024-8-1,False,True
Ro Khanna,Democrat,House,CA,CI,2024-8-1,False,True
Ro Khanna,Democrat,House,CA,TSLA,2024-8-1,False,True
Ro Khanna,Democrat,House,CA,USB,2024-8-1,False,True
Ro Khanna,Democrat,House,CA,CVS,2024-8-1,False,True
Ro Khanna,Democrat,House,CA,MRK,2024-8-1,False,True
Ro Khanna,Democrat,House,CA,CRM,2024-8-1,False,True
Ro Khanna,Democrat,House,CA,VRTX,2024-8-1,False,True
Ro Khanna,Democrat,House,CA,PNC,2024-8-1,False,True
Ro Khanna,Democrat,House,CA,SBUX,2024-8-1,False,True
Ro Khanna,Democrat,House,CA,AVTR,2024-8-8,False,True
Ro Khanna,Democrat,House,CA,MSFT,2024-8-1,False,True
Ro Khanna,Democrat,House,CA,SMFKY,2024-8-1,False,True
Ro Khanna,Democrat,House,CA,REGN,2024-8-1,False,True
Ro Khanna,Democrat,House,CA,DG,2024-8-1,False,True
Ro Khanna,Democrat,House,CA,N/A,2024-8-18,False,True
Ro Khanna,Democrat,House,CA,SNPS,2024-8-1,False,True
Ro Khanna,Democrat,House,CA,INTC,2024-8-1,False,True
Ro Khanna,Democrat,House,CA,CDNS,2024-8-1,False,True
Ro Khanna,Democrat,House,CA,DIS,2024-8-1,False,True
Ro Khanna,Democrat,House,CA,JPM,2024-8-1,False,True
Ro Khanna,Democrat,House,CA,DE,2024-8-1,False,True
Ro Khanna,Democrat,House,CA,INFN,2024-8-14,False,True
Ro Khanna,Democrat,House,CA,CMG,2024-8-1,False,True
Ro Khanna,Democrat,House,CA,AVTR,2024-8-27,False,True
Ro Khanna,Democrat,House,CA,ANSS,2024-8-1,False,True
Ro Khanna,Democrat,House,CA,MDLZ,2024-8-1,False,True
Ro Khanna,Democrat,House,CA,CTSH,2024-8-1,False,True
Ro Khanna,Democrat,House,CA,CHD,2024-8-1,False,True
Ro Khanna,Democrat,House,CA,VZ,2024-8-1,False,True
Ro Khanna,Democrat,House,CA,STZ,2024-8-1,False,True
Ro Khanna,Democrat,House,CA,CMA,2024-8-1,False,True
Ro Khanna,Democrat,House,CA,CME,2024-8-1,False,True
Ro Khanna,Democrat,House,CA,CTVA,2024-8-1,False,True
Ro Khanna,Democrat,House,CA,GEN,2024-8-1,False,True
Ro Khanna,Democrat,House,CA,F,2024-8-1,False,True
Ro Khanna,Democrat,House,CA,DRI,2024-8-1,False,True
Ro Khanna,Democrat,House,CA,AVTR,2024-8-28,False,True
Ro Khanna,Democrat,House,CA,AMD,2024-8-1,False,True
Ro Khanna,Democrat,House,CA,EL,2024-8-1,False,True
Ro Khanna,Democrat,House,CA,AME,2024-8-1,False,True
Ro Khanna,Democrat,House,CA,IP,2024-8-1,False,True
Ro Khanna,Democrat,House,CA,DXCM,2024-8-1,False,True
Ro Khanna,Democrat,House,CA,SMCI,2024-8-1,False,True
Ro Khanna,Democrat,House,CA,EW,2024-8-1,False,True
Ro Khanna,Democrat,House,CA,LNC,2024-8-1,False,True
Ro Khanna,Democrat,House,CA,COF,2024-8-1,False,True
Ro Khanna,Democrat,House,CA,PANW,2024-8-1,False,True
Ro Khanna,Democrat,House,CA,ELV,2024-8-1,False,True
Ro Khanna,Democrat,House,CA,PH,2024-8-1,False,True
Ro Khanna,Democrat,House,CA,SPG,2024-8-1,False,True
Ro Khanna,Democrat,House,CA,AVTR,2024-8-25,False,True
Ro Khanna,Democrat,House,CA,L,2024-8-1,False,True
Ro Khanna,Democrat,House,CA,AVTR,2024-8-12,False,True
Ro Khanna,Democrat,House,CA,MU,2024-8-1,False,True
Ro Khanna,Democrat,House,CA,CINF,2024-8-1,False,True
Ro Khanna,Democrat,House,CA,CF,2024-8-1,False,True
Ro Khanna,Democrat,House,CA,LULU,2024-8-1,False,True
Ro Khanna,Democrat,House,CA,CRL,2024-8-1,False,True
Ro Khanna,Democrat,House,CA,GIS,2024-8-1,False,True
Ro Khanna,Democrat,House,CA,CMCSA,2024-8-1,False,True
Ro Khanna,Democrat,House,CA,PARA,2024-8-1,False,True
Ro Khanna,Democrat,House,CA,WBD,2024-8-1,False,True
Ro Khanna,Democrat,House,CA,TROW,2024-8-1,False,True
Ro Khanna,Democrat,House,CA,KR,2024-8-1,False,True
Ro Khanna,Democrat,House,CA,ENPH,2024-8-1,False,True
Ro Khanna,Democrat,House,CA,TPR,2024-8-1,False,True
Ro Khanna,Democrat,House,CA,MCHP,2024-8-1,False,True
Ro Khanna,Democrat,House,CA,ROK,2024-8-1,False,True
Ro Khanna,Democrat,House,CA,GPC,2024-8-1,False,True
Ro Khanna,Democrat,House,CA,PAYC,2024-8-1,False,True
Ro Khanna,Democrat,House,CA,ODFL,2024-8-1,False,True
Ro Khanna,Democrat,House,CA,CDAY,2024-8-1,False,True
Ro Khanna,Democrat,House,CA,BAX,2024-8-1,False,True
Ro Khanna,Democrat,House,CA,FTV,2024-8-1,False,True
Ro Khanna,Democrat,House,CA,UBER,2024-8-1,False,True
Ro Khanna,Democrat,House,CA,MGM,2024-8-1,False,True
Ro Khanna,Democrat,House,CA,CSGP,2024-8-1,False,True
Ro Khanna,Democrat,House,CA,ABNB,2024-8-1,False,True
Ro Khanna,Democrat,House,CA,LKQ,2024-8-1,False,True
Ro Khanna,Democrat,House,CA,LVS,2024-8-1,False,True
Ro Khanna,Democrat,House,CA,MRNA,2024-8-1,False,True
Ro Khanna,Democrat,House,CA,ALGN,2024-8-1,False,True
Ro Khanna,Democrat,House,CA,ULTA,2024-8-1,False,True
Ro Khanna,Democrat,House,CA,UAL,2024-8-1,True,False
Ro Khanna,Democrat,House,CA,UBS,2024-8-29,True,False
Ro Khanna,Democrat,House,CA,MU,2024-8-4,True,False
Ro Khanna,Democrat,House,CA,ACN,2024-8-1,True,False
Ro Khanna,Democrat,House,CA,PEP,2024-8-1,True,False
Ro Khanna,Democrat,House,CA,ABBV,2024-8-1,True,False
Ro Khanna,Democrat,House,CA,MRK,2024-8-1,True,False
Ro Khanna,Democrat,House,CA,MA,2024-8-1,True,False
Ro Khanna,Democrat,House,CA,MCD,2024-8-1,True,False
Ro Khanna,Democrat,House,CA,SBUX,2024-8-1,True,False
Ro Khanna,Democrat,House,CA,CRM,2024-8-1,True,False
Ro Khanna,Democrat,House,CA,INTC,2024-8-1,True,False
Ro Khanna,Democrat,House,CA,BRK/B,2024-8-1,True,False
Ro Khanna,Democrat,House,CA,MDLZ,2024-8-1,True,False
Ro Khanna,Democrat,House,CA,CSCO,2024-8-1,True,False
Ro Khanna,Democrat,House,CA,SBUX,2024-8-1,True,False
Ro Khanna,Democrat,House,CA,SBUX,2024-7-31,True,False
Ro Khanna,Democrat,House,CA,PYPL,2024-8-1,True,False
Ro Khanna,Democrat,House,CA,PENN,2024-8-4,True,False
Ro Khanna,Democrat,House,CA,DNB,2024-8-15,True,False
Ro Khanna,Democrat,House,CA,AXTA,2024-8-4,True,False
Ro Khanna,Democrat,House,CA,CI,2024-8-1,True,False
Ro Khanna,Democrat,House,CA,JNJ,2024-8-1,True,False
Ro Khanna,Democrat,House,CA,DHR,2024-8-1,True,False
Ro Khanna,Democrat,House,CA,MCK,2024-8-1,True,False
Ro Khanna,Democrat,House,CA,TMO,2024-8-1,True,False
Ro Khanna,Democrat,House,CA,TXN,2024-8-1,True,False
Ro Khanna,Democrat,House,CA,SBUX,2024-8-4,True,False
Ro Khanna,Democrat,House,CA,PH,2024-8-1,True,False
Ro Khanna,Democrat,House,CA,INCY,2024-8-1,True,False
Ro Khanna,Democrat,House,CA,USB,2024-8-1,True,False
Ro Khanna,Democrat,House,CA,CL,2024-8-1,True,False
Ro Khanna,Democrat,House,CA,MMM,2024-8-1,True,False
Ro Khanna,Democrat,House,CA,KR,2024-8-1,True,False
Ro Khanna,Democrat,House,CA,COR,2024-8-1,True,False
Ro Khanna,Democrat,House,CA,NSC,2024-8-1,True,False
Ro Khanna,Democrat,House,CA,BDX,2024-8-1,True,False
Ro Khanna,Democrat,House,CA,C,2024-8-1,True,False
Ro Khanna,Democrat,House,CA,PCAR,2024-8-1,True,False
Ro Khanna,Democrat,House,CA,NCR,2024-8-7,True,False
Ro Khanna,Democrat,House,CA,DECK,2024-8-1,True,False
Ro Khanna,Democrat,House,CA,DIS,2024-8-1,True,False
Ro Khanna,Democrat,House,CA,COST,2024-8-1,True,False
Ro Khanna,Democrat,House,CA,NCR,2024-8-5,True,False
Ro Khanna,Democrat,House,CA,DNB,2024-8-20,True,False
Ro Khanna,Democrat,House,CA,DNB,2024-8-18,True,False
Ro Khanna,Democrat,House,CA,MOH,2024-8-1,True,False
Ro Khanna,Democrat,House,CA,V,2024-8-1,True,False
Ro Khanna,Democrat,House,CA,ADSK,2024-8-1,True,False
Ro Khanna,Democrat,House,CA,ANSS,2024-8-1,True,False
Ro Khanna,Democrat,House,CA,TMUS,2024-8-1,True,False
Ro Khanna,Democrat,House,CA,CNC,2024-8-1,True,False
Ro Khanna,Democrat,House,CA,ABNB,2024-8-1,True,False
Ro Khanna,Democrat,House,CA,MSCI,2024-8-1,True,False
Ro Khanna,Democrat,House,CA,DHI,2024-8-1,True,False
Ro Khanna,Democrat,House,CA,VRSK,2024-8-1,True,False
Ro Khanna,Democrat,House,CA,VMC,2024-8-1,True,False
Ro Khanna,Democrat,House,CA,KDP,2024-8-1,True,False
Ro Khanna,Democrat,House,CA,IR,2024-8-1,True,False
Ro Khanna,Democrat,House,CA,CMCSA,2024-8-1,True,False
Ro Khanna,Democrat,House,CA,LEN,2024-8-1,True,False
Ro Khanna,Democrat,House,CA,PTC,2024-8-1,True,False
Ro Khanna,Democrat,House,CA,CF,2024-8-1,True,False
Ro Khanna,Democrat,House,CA,HAS,2024-8-1,True,False
Ro Khanna,Democrat,House,CA,CAH,2024-8-1,True,False
Ro Khanna,Democrat,House,CA,KHC,2024-8-1,True,False
Ro Khanna,Democrat,House,CA,EBAY,2024-8-1,True,False
Ro Khanna,Democrat,House,CA,FCX,2024-8-1,True,False
Ro Khanna,Democrat,House,CA,VTRS,2024-8-1,True,False
Ro Khanna,Democrat,House,CA,PPG,2024-8-1,True,False
Ro Khanna,Democrat,House,CA,INTU,2024-8-1,True,False
Ro Khanna,Democrat,House,CA,LVS,2024-8-1,True,False
Ro Khanna,Democrat,House,CA,RL,2024-8-1,True,False
Ro Khanna,Democrat,House,CA,FTV,2024-8-1,True,False
Ro Khanna,Democrat,House,CA,DNB,2024-8-27,True,False
Ro Khanna,Democrat,House,CA,LOW,2024-8-1,True,False
Ro Khanna,Democrat,House,CA,IQV,2024-8-1,True,False
Ro Khanna,Democrat,House,CA,AKAM,2024-8-1,True,False
Ro Khanna,Democrat,House,CA,ECL,2024-8-1,True,False
Ro Khanna,Democrat,House,CA,NXPI,2024-8-1,True,False
Ro Khanna,Democrat,House,CA,ETSY,2024-8-1,True,False
Ro Khanna,Democrat,House,CA,DOW,2024-8-1,True,False
Ro Khanna,Democrat,House,CA,NOW,2024-8-1,True,False
Ro Khanna,Democrat,House,CA,CPRT,2024-8-1,True,False
Ro Khanna,Democrat,House,CA,WAB,2024-8-1,True,False
Ro Khanna,Democrat,House,CA,MU,2024-8-5,True,False
Ro Khanna,Democrat,House,CA,DLR,2024-8-1,True,False
Ro Khanna,Democrat,House,CA,KKR,2024-8-1,True,False
Ro Khanna,Democrat,House,CA,EA,2024-8-1,True,False
Ro Khanna,Democrat,House,CA,TTWO,2024-8-1,True,False
Ro Khanna,Democrat,House,CA,CDW,2024-8-1,True,False
Ro Khanna,Democrat,House,CA,AVY,2024-8-1,True,False
Ro Khanna,Democrat,House,CA,BIIB,2024-8-1,True,False
Ro Khanna,Democrat,House,CA,POOL,2024-8-1,True,False
Ro Khanna,Democrat,House,CA,KVUE,2024-8-1,True,False
Ro Khanna,Democrat,House,CA,CDNS,2024-8-1,True,False
Ro Khanna,Democrat,House,CA,ELAN,2024-8-8,True,False
Ro Khanna,Democrat,House,CA,NCR,2024-8-4,True,False
Ro Khanna,Democrat,House,CA,XSP,2024-8-7,False,True
Ro Khanna,Democrat,House,CA,XSP,2024-8-7,False,True
Ro Khanna,Democrat,House,CA,XSP,2024-8-19,False,True
Ro Khanna,Democrat,House,CA,XSP,2024-8-29,False,True
Ro Khanna,Democrat,House,CA,XSP,2024-8-13,False,True
Ro Khanna,Democrat,House,CA,XSP,2024-8-25,False,True
Ro Khanna,Democrat,House,CA,AMGN,2024-8-1,False,True
Ro Khanna,Democrat,House,CA,IBM,2024-8-1,False,True
Ro Khanna,Democrat,House,CA,ROP,2024-8-1,False,True
Ro Khanna,Democrat,House,CA,VRTX,2024-8-1,False,True
Ro Khanna,Democrat,House,CA,ADP,2024-8-1,False,True
Ro Khanna,Democrat,House,CA,NKE,2024-8-1,False,True
Ro Khanna,Democrat,House,CA,REGN,2024-8-1,False,True
Ro Khanna,Democrat,House,CA,UPS,2024-8-1,False,True
Ro Khanna,Democrat,House,CA,BKNG,2024-8-1,False,True
Ro Khanna,Democrat,House,CA,AMZN,2024-8-1,False,True
Ro Khanna,Democrat,House,CA,JPM,2024-8-1,False,True
Ro Khanna,Democrat,House,CA,DE,2024-8-1,False,True
Ro Khanna,Democrat,House,CA,AVTR,2024-8-27,False,True
Ro Khanna,Democrat,House,CA,MSFT,2024-8-1,False,True
Ro Khanna,Democrat,House,CA,CTSH,2024-8-1,False,True
Ro Khanna,Democrat,House,CA,CHD,2024-8-1,False,True
Ro Khanna,Democrat,House,CA,VZ,2024-8-1,False,True
Ro Khanna,Democrat,House,CA,GOOGL,2024-8-1,False,True
Ro Khanna,Democrat,House,CA,GEN,2024-8-1,False,True
Ro Khanna,Democrat,House,CA,CME,2024-8-1,False,True
Ro Khanna,Democrat,House,CA,FTNT,2024-8-1,False,True
Ro Khanna,Democrat,House,CA,AMAT,2024-8-1,False,True
Ro Khanna,Democrat,House,CA,CMG,2024-8-1,False,True
Ro Khanna,Democrat,House,CA,AVTR,2024-8-12,False,True
Ro Khanna,Democrat,House,CA,STZ,2024-8-1,False,True
Ro Khanna,Democrat,House,CA,LULU,2024-8-1,False,True
Ro Khanna,Democrat,House,CA,GPN,2024-8-1,False,True
Ro Khanna,Democrat,House,CA,EL,2024-8-1,False,True
Ro Khanna,Democrat,House,CA,BWA,2024-8-1,False,True
Ro Khanna,Democrat,House,CA,AMD,2024-8-1,False,True
Ro Khanna,Democrat,House,CA,MAR,2024-8-1,False,True
Ro Khanna,Democrat,House,CA,CTVA,2024-8-1,False,True
Ro Khanna,Democrat,House,CA,AME,2024-8-1,False,True
Ro Khanna,Democrat,House,CA,LRCX,2024-8-1,False,True
Ro Khanna,Democrat,House,CA,DLTR,2024-8-1,False,True
Ro Khanna,Democrat,House,CA,INFN,2024-8-14,False,True
Ro Khanna,Democrat,House,CA,ALB,2024-8-1,False,True
Ro Khanna,Democrat,House,CA,INFN,2024-8-8,False,True
Ro Khanna,Democrat,House,CA,DXCM,2024-8-1,False,True
Ro Khanna,Democrat,House,CA,EW,2024-8-1,False,True
Ro Khanna,Democrat,House,CA,DG,2024-8-1,False,True
Ro Khanna,Democrat,House,CA,WST,2024-8-1,False,True
Ro Khanna,Democrat,House,CA,DRI,2024-8-1,False,True
Ro Khanna,Democrat,House,CA,ADM,2024-8-1,False,True
Ro Khanna,Democrat,House,CA,CINF,2024-8-1,False,True
Ro Khanna,Democrat,House,CA,AVTR,2024-8-28,False,True
Ro Khanna,Democrat,House,CA,L,2024-8-1,False,True
Ro Khanna,Democrat,House,CA,AVTR,2024-8-25,False,True
Ro Khanna,Democrat,House,CA,AVTR,2024-8-8,False,True
Ro Khanna,Democrat,House,CA,ON,2024-8-1,False,True
Ro Khanna,Democrat,House,CA,LKQ,2024-8-1,False,True
Ro Khanna,Democrat,House,CA,TAP,2024-8-1,False,True
Ro Khanna,Democrat,House,CA,LYB,2024-8-1,False,True
Ro Khanna,Democrat,House,CA,BALL,2024-8-1,False,True
Ro Khanna,Democrat,House,CA,N/A,2024-8-1,False,True
Ro Khanna,Democrat,House,CA,MCHP,2024-8-1,False,True
Ro Khanna,Democrat,House,CA,CSGP,2024-8-1,False,True
Ro Khanna,Democrat,House,CA,ALGN,2024-8-1,False,True
Ro Khanna,Democrat,House,CA,TPR,2024-8-1,False,True
Ro Khanna,Democrat,House,CA,UBER,2024-8-1,False,True
Ro Khanna,Democrat,House,CA,ROK,2024-8-1,False,True
Ro Khanna,Democrat,House,CA,MRNA,2024-8-1,False,True
Ro Khanna,Democrat,House,CA,ULTA,2024-8-1,False,True
Ro Khanna,Democrat,House,CA,LW,2024-8-1,False,True
Ro Khanna,Democrat,House,CA,BBWI,2024-8-1,False,True
Ro Khanna,Democrat,House,CA,DUK,2024-8-18,True,False
Ro Khanna,Democrat,House,CA,CNP,2024-8-11,True,False
Ro Khanna,Democrat,House,CA,BRK/B,2024-8-6,True,False
Ro Khanna,Democrat,House,CA,WFC,2024-7-31,True,False
Ro Khanna,Democrat,House,CA,STT,2024-7-31,True,False
Ro Khanna,Democrat,House,CA,AMZN,2024-8-4,True,False
Ro Khanna,Democrat,House,CA,BK,2024-7-31,True,False
Ro Khanna,Democrat,House,CA,WM,2024-8-13,True,False
Ro Khanna,Democrat,House,CA,BLDR,2024-8-1,True,False
Ro Khanna,Democrat,House,CA,BRK/B,2024-8-20,True,False
Ro Khanna,Democrat,House,CA,IP,2024-8-6,True,False
Ro Khanna,Democrat,House,CA,BLDR,2024-8-6,True,False
Ro Khanna,Democrat,House,CA,BLDR,2024-8-4,True,False
Ro Khanna,Democrat,House,CA,BRK/B,2024-8-20,True,False
Ro Khanna,Democrat,House,CA,AIG,2024-8-1,True,False
Ro Khanna,Democrat,House,CA,GOOGL,2024-8-5,False,True
Ro Khanna,Democrat,House,CA,GOOGL,2024-8-5,False,True
Ro Khanna,Democrat,House,CA,ALL,2024-8-6,False,True
Ro Khanna,Democrat,House,CA,SBAC,2024-8-4,False,True
Ro Khanna,Democrat,House,CA,HON,2024-8-5,False,True
Ro Khanna,Democrat,House,CA,HON,2024-8-14,False,True
Ro Khanna,Democrat,House,CA,HON,2024-8-15,False,True
Ro Khanna,Democrat,House,CA,HON,2024-8-13,False,True
Ro Khanna,Democrat,House,CA,HON,2024-8-12,False,True
Ro Khanna,Democrat,House,CA,CAT,2024-8-19,True,False
Ro Khanna,Democrat,House,CA,N/A,2024-8-14,True,False
Ro Khanna,Democrat,House,CA,N/A,2024-7-31,True,False
Ro Khanna,Democrat,House,CA,N/A,2024-7-31,True,False
Ro Khanna,Democrat,House,CA,ETN,2024-8-19,True,False
Ro Khanna,Democrat,House,CA,MLM,2024-8-19,True,False
Ro Khanna,Democrat,House,CA,VRT,2024-8-19,True,False
Ro Khanna,Democrat,House,CA,N/A,2024-8-22,True,False
Ro Khanna,Democrat,House,CA,N/A,2024-8-14,True,False
Ro Khanna,Democrat,House,CA,GTLS,2024-8-19,True,False
Ro Khanna,Democrat,House,CA,N/A,2024-8-11,False,True
Ro Khanna,Democrat,House,CA,CMI,2024-8-19,False,True
Ro Khanna,Democrat,House,CA,AEE,2024-8-19,False,True
Ro Khanna,Democrat,House,CA,FE,2024-8-19,False,True
Ro Khanna,Democrat,House,CA,XEL,2024-8-19,False,True
Ro Khanna,Democrat,House,CA,N/A,2024-8-22,False,True
Ro Khanna,Democrat,House,CA,CSCO,2024-8-18,False,True
Ro Khanna,Democrat,House,CA,SGOV,2024-8-18,True,False
Ro Khanna,Democrat,House,CA,SGOV,2024-8-12,True,False
Ro Khanna,Democrat,House,CA,JNJ,2024-8-12,False,True
Ro Khanna,Democrat,House,CA,BKNG,2024-8-4,True,False
Ro Khanna,Democrat,House,CA,SGOV,2024-8-4,False,True
Ro Khanna,Democrat,House,CA,ADP,2024-7-31,True,False
Ro Khanna,Democrat,House,CA,SGOV,2024-7-31,False,True
Ro Khanna,Democrat,House,CA,N/A,2024-8-22,False,True
Ro Khanna,Democrat,House,CA,CSCO,2024-8-18,False,True
Ro Khanna,Democrat,House,CA,SGOV,2024-8-18,True,False
Ro Khanna,Democrat,House,CA,SGOV,2024-8-12,True,False
Ro Khanna,Democrat,House,CA,JNJ,2024-8-22,False,True
Ro Khanna,Democrat,House,CA,BKNG,2024-8-4,True,False
Ro Khanna,Democrat,House,CA,SGOV,2024-8-4,False,True
Ro Khanna,Democrat,House,CA,ADP,2024-7-31,True,False
Ro Khanna,Democrat,House,CA,SGOV,2024-7-31,False,True
Ro Khanna,Democrat,House,CA,N/A,2024-8-22,False,True
Ro Khanna,Democrat,House,CA,CSCO,2024-8-18,False,True
Ro Khanna,Democrat,House,CA,SGOV,2024-8-18,True,False
Ro Khanna,Democrat,House,CA,SGOV,2024-8-12,True,False
Ro Khanna,Democrat,House,CA,JNJ,2024-8-12,False,True
Ro Khanna,Democrat,House,CA,BKNG,2024-8-4,True,False
Ro Khanna,Democrat,House,CA,SGOV,2024-8-4,False,True
Ro Khanna,Democrat,House,CA,ADP,2024-7-31,True,False
Ro Khanna,Democrat,House,CA,SGOV,2024-7-31,False,True
John James,Republican,House,MI,ABT,2024-9-3,False,True
John James,Republican,House,MI,ABBV,2024-9-3,False,True
John James,Republican,House,MI,ACN,2024-9-3,False,True
John James,Republican,House,MI,AMD,2024-9-3,False,True
John James,Republican,House,MI,APD,2024-9-3,False,True
John James,Republican,House,MI,GOOGL,2024-9-3,False,True
John James,Republican,House,MI,GOOGL,2024-8-27,False,True
John James,Republican,House,MI,GOOGL,2024-9-3,False,True
John James,Republican,House,MI,AMZN,2024-9-3,False,True
John James,Republican,House,MI,AEE,2024-9-3,False,True
John James,Republican,House,MI,AEP,2024-9-3,False,True
John James,Republican,House,MI,ADI,2024-9-3,False,True
John James,Republican,House,MI,AAPL,2024-9-3,False,True
John James,Republican,House,MI,AMAT,2024-9-3,False,True
John James,Republican,House,MI,APTV,2024-9-3,False,True
John James,Republican,House,MI,T,2024-9-3,False,True
John James,Republican,House,MI,ADP,2024-9-3,False,True
John James,Republican,House,MI,AVB,2024-9-3,False,True
John James,Republican,House,MI,AVTR,2024-9-3,False,True
John James,Republican,House,MI,AVY,2024-9-3,False,True
John James,Republican,House,MI,BAC,2024-9-3,False,True
John James,Republican,House,MI,BDX,2024-9-3,False,True
John James,Republican,House,MI,BRK/B,2024-9-3,False,True
John James,Republican,House,MI,BLK,2024-9-3,False,True
John James,Republican,House,MI,BX,2024-9-3,False,True
John James,Republican,House,MI,BAH,2024-9-3,False,True
John James,Republican,House,MI,BP,2024-9-3,False,True
John James,Republican,House,MI,AVGO,2024-9-3,False,True
John James,Republican,House,MI,CAH,2024-9-3,False,True
John James,Republican,House,MI,CDW,2024-9-3,False,True
John James,Republican,House,MI,CVX,2024-9-3,False,True
John James,Republican,House,MI,CB,2024-9-3,False,True
