Name,Party,Chamber,State,Ticker,Date,Buy,Sell
Ro Khanna,Democrat,House,CA,EBAY,2022-4-12,True,False
Ro Khanna,Democrat,House,CA,BIIB,2022-4-20,True,False
Ro Khanna,Democrat,House,CA,KKR,2022-4-20,True,False
Ro Khanna,Democrat,House,CA,FTNT,2022-4-20,True,False
Ro Khanna,Democrat,House,CA,WDAY,2022-4-20,True,False
Ro Khanna,Democrat,House,CA,JCI,2022-4-12,True,False
Ro Khanna,Democrat,House,CA,WAL,2022-4-12,True,False
Ro Khanna,Democrat,House,CA,TT,2022-4-20,True,False
Ro Khanna,Democrat,House,CA,ETSY,2022-4-20,True,False
Ro Khanna,Democrat,House,CA,DLR,2022-4-20,True,False
Ro Khanna,Democrat,House,CA,ADSK,2022-4-20,True,False
Ro Khanna,Democrat,House,CA,TMO,2022-4-20,True,False
Ro Khanna,Democrat,House,CA,MRNA,2022-4-20,True,False
Ro Khanna,Democrat,House,CA,SWK,2022-4-20,True,False
Ro Khanna,Democrat,House,CA,CL,2022-4-20,True,False
Ro Khanna,Democrat,House,CA,CSGP,2022-4-12,True,False
Ro Khanna,Democrat,House,CA,EWBC,2022-4-20,True,False
Ro Khanna,Democrat,House,CA,USB,2022-4-12,True,False
Ro Khanna,Democrat,House,CA,CARR,2022-4-12,True,False
Ro Khanna,Democrat,House,CA,EL,2022-4-20,True,False
Ro Khanna,Democrat,House,CA,SBNY,2022-4-20,True,False
Ro Khanna,Democrat,House,CA,TRV,2022-4-20,True,False
Ro Khanna,Democrat,House,CA,KHC,2022-4-20,True,False
Ro Khanna,Democrat,House,CA,DOCU,2022-4-20,True,False
Ro Khanna,Democrat,House,CA,SIVBQ,2022-4-12,True,False
Ro Khanna,Democrat,House,CA,FAST,2022-4-20,True,False
Ro Khanna,Democrat,House,CA,DHI,2022-4-12,True,False
Ro Khanna,Democrat,House,CA,UAL,2022-4-20,True,False
Ro Khanna,Democrat,House,CA,TEAM,2022-4-20,True,False
Ro Khanna,Democrat,House,CA,SIVBQ,2022-4-20,True,False
Ro Khanna,Democrat,House,CA,VICI,2022-4-20,True,False
Ro Khanna,Democrat,House,CA,MTCH,2022-4-20,True,False
Ro Khanna,Democrat,House,CA,HUBS,2022-4-12,True,False
Ro Khanna,Democrat,House,CA,ZM,2022-4-12,True,False
Ro Khanna,Democrat,House,CA,NTRS,2022-4-20,True,False
Ro Khanna,Democrat,House,CA,CCL,2022-4-20,True,False
Ro Khanna,Democrat,House,CA,MRVL,2022-4-20,True,False
Ro Khanna,Democrat,House,CA,WRK,2022-4-20,True,False
Ro Khanna,Democrat,House,CA,RCL,2022-4-20,True,False
Ro Khanna,Democrat,House,CA,FIS,2022-4-20,True,False
Ro Khanna,Democrat,House,CA,GM,2022-4-12,True,False
Ro Khanna,Democrat,House,CA,LKQ,2022-4-20,True,False
Ro Khanna,Democrat,House,CA,DT,2022-4-12,True,False
Ro Khanna,Democrat,House,CA,MDLZ,2022-4-20,True,False
Ro Khanna,Democrat,House,CA,BBWI,2022-4-20,True,False
Ro Khanna,Democrat,House,CA,CHWY,2022-4-20,True,False
Ro Khanna,Democrat,House,CA,SBAC,2022-4-20,True,False
Ro Khanna,Democrat,House,CA,EW,2022-4-20,True,False
Ro Khanna,Democrat,House,CA,DDOG,2022-4-20,True,False
Ro Khanna,Democrat,House,CA,MTB,2022-4-20,True,False
Ro Khanna,Democrat,House,CA,AVY,2022-4-20,True,False
Ro Khanna,Democrat,House,CA,BF/A,2022-4-20,True,False
Ro Khanna,Democrat,House,CA,AON,2022-4-20,True,False
Ro Khanna,Democrat,House,CA,DASH,2022-4-12,True,False
Ro Khanna,Democrat,House,CA,PAYC,2022-4-12,True,False
Ro Khanna,Democrat,House,CA,SYF,2022-4-20,True,False
Ro Khanna,Democrat,House,CA,U,2022-4-20,True,False
Ro Khanna,Democrat,House,CA,WAL,2022-4-20,True,False
Ro Khanna,Democrat,House,CA,KEYS,2022-4-20,True,False
Ro Khanna,Democrat,House,CA,SNPS,2022-4-20,True,False
Ro Khanna,Democrat,House,CA,BEN,2022-4-20,True,False
Ro Khanna,Democrat,House,CA,AVLR,2022-4-20,True,False
Ro Khanna,Democrat,House,CA,SWK,2022-4-12,True,False
Ro Khanna,Democrat,House,CA,AAL,2022-4-20,True,False
Ro Khanna,Democrat,House,CA,TEAM,2022-4-12,True,False
Ro Khanna,Democrat,House,CA,DASH,2022-4-20,True,False
Ro Khanna,Democrat,House,CA,LNC,2022-4-20,True,False
Ro Khanna,Democrat,House,CA,SYY,2022-4-20,True,False
Ro Khanna,Democrat,House,CA,TTD,2022-4-12,True,False
Ro Khanna,Democrat,House,CA,HST,2022-4-20,True,False
Ro Khanna,Democrat,House,CA,PYPL,2022-4-20,True,False
Ro Khanna,Democrat,House,CA,ANET,2022-4-12,True,False
Ro Khanna,Democrat,House,CA,DG,2022-4-20,True,False
Ro Khanna,Democrat,House,CA,STZ,2022-4-20,True,False
Ro Khanna,Democrat,House,CA,TGT,2022-4-20,True,False
Ro Khanna,Democrat,House,CA,VTR,2022-4-20,True,False
Ro Khanna,Democrat,House,CA,CCL,2022-4-12,True,False
Ro Khanna,Democrat,House,CA,W,2022-4-12,True,False
Ro Khanna,Democrat,House,CA,SNV,2022-4-20,True,False
Ro Khanna,Democrat,House,CA,PLTK,2022-4-20,True,False
Ro Khanna,Democrat,House,CA,RNG,2022-4-12,True,False
Ro Khanna,Democrat,House,CA,SCHW,2022-4-20,True,False
Ro Khanna,Democrat,House,CA,HIG,2022-4-20,True,False
Ro Khanna,Democrat,House,CA,APTV,2022-4-20,True,False
Ro Khanna,Democrat,House,CA,COUP,2022-4-12,True,False
Ro Khanna,Democrat,House,CA,XRAY,2022-4-20,True,False
Ro Khanna,Democrat,House,CA,LEN,2022-4-20,True,False
Ro Khanna,Democrat,House,CA,AMZN,2022-4-12,False,True
Ro Khanna,Democrat,House,CA,CRM,2022-4-12,False,True
Ro Khanna,Democrat,House,CA,SBUX,2022-4-12,False,True
Ro Khanna,Democrat,House,CA,MMM,2022-4-12,False,True
Ro Khanna,Democrat,House,CA,ADBE,2022-4-12,False,True
Ro Khanna,Democrat,House,CA,BAC,2022-4-12,False,True
Ro Khanna,Democrat,House,CA,PNC,2022-4-12,False,True
Ro Khanna,Democrat,House,CA,NOW,2022-4-12,False,True
Ro Khanna,Democrat,House,CA,PH,2022-4-12,False,True
Ro Khanna,Democrat,House,CA,C,2022-4-12,False,True
Ro Khanna,Democrat,House,CA,N/A,2022-4-12,False,True
Ro Khanna,Democrat,House,CA,EMR,2022-4-12,False,True
Ro Khanna,Democrat,House,CA,QCOM,2022-4-20,False,True
Ro Khanna,Democrat,House,CA,AMD,2022-4-12,False,True
Ro Khanna,Democrat,House,CA,FBIN,2022-4-20,False,True
Ro Khanna,Democrat,House,CA,TJX,2022-4-12,False,True
Ro Khanna,Democrat,House,CA,PM,2022-4-12,False,True
Ro Khanna,Democrat,House,CA,WFC,2022-4-12,False,True
Ro Khanna,Democrat,House,CA,UPS,2022-4-12,False,True
Ro Khanna,Democrat,House,CA,APH,2022-4-12,False,True
Ro Khanna,Democrat,House,CA,LEN,2022-4-12,False,True
Ro Khanna,Democrat,House,CA,DIS,2022-4-20,False,True
Ro Khanna,Democrat,House,CA,CPRT,2022-4-12,False,True
Ro Khanna,Democrat,House,CA,WEX,2022-4-12,False,True
Ro Khanna,Democrat,House,CA,TWTR,2022-4-20,False,True
Ro Khanna,Democrat,House,CA,TWTR,2022-4-20,False,True
Ro Khanna,Democrat,House,CA,LYV,2022-4-12,False,True
Ro Khanna,Democrat,House,CA,LEA,2022-4-12,False,True
Ro Khanna,Democrat,House,CA,ADBE,2022-4-20,False,True
Ro Khanna,Democrat,House,CA,WBA,2022-4-12,False,True
Ro Khanna,Democrat,House,CA,ZTS,2022-4-12,False,True
Ro Khanna,Democrat,House,CA,TWLO,2022-4-20,False,True
Ro Khanna,Democrat,House,CA,CIEN,2022-4-12,False,True
Ro Khanna,Democrat,House,CA,NFLX,2022-4-20,False,True
Ro Khanna,Democrat,House,CA,PINS,2022-4-12,False,True
Ro Khanna,Democrat,House,CA,CBRE,2022-4-12,False,True
Ro Khanna,Democrat,House,CA,TRU,2022-4-20,False,True
Ro Khanna,Democrat,House,CA,ADI,2022-4-20,False,True
Ro Khanna,Democrat,House,CA,TEL,2022-4-20,False,True
Ro Khanna,Democrat,House,CA,TPR,2022-4-12,False,True
Ro Khanna,Democrat,House,CA,SNAP,2022-4-20,False,True
Ro Khanna,Democrat,House,CA,FRC,2022-4-12,False,True
Ro Khanna,Democrat,House,CA,ANSS,2022-4-12,False,True
Ro Khanna,Democrat,House,CA,SWKS,2022-4-20,False,True
Ro Khanna,Democrat,House,CA,AMP,2022-4-12,False,True
Ro Khanna,Democrat,House,CA,BIO,2022-4-12,False,True
Ro Khanna,Democrat,House,CA,VMC,2022-4-12,False,True
Ro Khanna,Democrat,House,CA,CSGP,2022-4-20,False,True
Ro Khanna,Democrat,House,CA,EMN,2022-4-12,False,True
Ro Khanna,Democrat,House,CA,OLED,2022-4-20,False,True
Ro Khanna,Democrat,House,CA,ODFL,2022-4-12,False,True
Ro Khanna,Democrat,House,CA,APO,2022-4-12,False,True
Ro Khanna,Democrat,House,CA,STNE,2022-4-20,False,True
Ro Khanna,Democrat,House,CA,IQV,2022-4-12,False,True
Ro Khanna,Democrat,House,CA,SPOT,2022-4-20,False,True
Ro Khanna,Democrat,House,CA,OC,2022-4-20,False,True
Ro Khanna,Democrat,House,CA,DOCU,2022-4-20,False,True
Ro Khanna,Democrat,House,CA,TYL,2022-4-12,False,True
Ro Khanna,Democrat,House,CA,ALGN,2022-4-12,False,True
Ro Khanna,Democrat,House,CA,HUBS,2022-4-20,False,True
Ro Khanna,Democrat,House,CA,ZM,2022-4-20,False,True
Ro Khanna,Democrat,House,CA,COO,2022-4-12,False,True
Ro Khanna,Democrat,House,CA,KMX,2022-4-12,False,True
Ro Khanna,Democrat,House,CA,DT,2022-4-20,False,True
Ro Khanna,Democrat,House,CA,WBD,2022-4-20,False,True
Ro Khanna,Democrat,House,CA,IR,2022-4-12,False,True
Ro Khanna,Democrat,House,CA,URI,2022-4-12,False,True
Ro Khanna,Democrat,House,CA,CMG,2022-4-12,False,True
Ro Khanna,Democrat,House,CA,NWSA,2022-4-12,False,True
Ro Khanna,Democrat,House,CA,ABMD,2022-4-12,False,True
Ro Khanna,Democrat,House,CA,MU,2022-4-12,False,True
Ro Khanna,Democrat,House,CA,BBY,2022-4-12,False,True
Ro Khanna,Democrat,House,CA,VFC,2022-4-20,False,True
Ro Khanna,Democrat,House,CA,SPOT,2022-4-12,False,True
Ro Khanna,Democrat,House,CA,ESTC,2022-4-12,False,True
Ro Khanna,Democrat,House,CA,GNRC,2022-4-12,False,True
Ro Khanna,Democrat,House,CA,PENN,2022-4-12,False,True
Ro Khanna,Democrat,House,CA,NSC,2022-4-12,False,True
Ro Khanna,Democrat,House,CA,AVLR,2022-4-20,False,True
Ro Khanna,Democrat,House,CA,TTD,2022-4-20,False,True
Ro Khanna,Democrat,House,CA,MS,2022-4-12,False,True
Ro Khanna,Democrat,House,CA,MRVL,2022-4-12,False,True
Ro Khanna,Democrat,House,CA,QGEN,2022-4-12,False,True
Ro Khanna,Democrat,House,CA,BAX,2022-4-12,False,True
Ro Khanna,Democrat,House,CA,ROKU,2022-4-12,False,True
Ro Khanna,Democrat,House,CA,XRX,2022-4-12,False,True
Ro Khanna,Democrat,House,CA,PEGA,2022-4-18,False,True
Ro Khanna,Democrat,House,CA,OTIS,2022-4-20,False,True
Ro Khanna,Democrat,House,CA,MPW,2022-4-22,False,True
Ro Khanna,Democrat,House,CA,TER,2022-4-22,False,True
Ro Khanna,Democrat,House,CA,LOW,2022-4-22,False,True
Ro Khanna,Democrat,House,CA,HBAN,2022-4-22,False,True
Ro Khanna,Democrat,House,CA,JPM,2022-4-20,True,False
Ro Khanna,Democrat,House,CA,CMCSA,2022-4-20,True,False
Ro Khanna,Democrat,House,CA,TJX,2022-4-10,True,False
Ro Khanna,Democrat,House,CA,INTU,2022-4-10,True,False
Ro Khanna,Democrat,House,CA,ACN,2022-4-10,True,False
Ro Khanna,Democrat,House,CA,LRCX,2022-4-10,True,False
Ro Khanna,Democrat,House,CA,C,2022-4-10,True,False
Ro Khanna,Democrat,House,CA,ITW,2022-4-10,True,False
Ro Khanna,Democrat,House,CA,GOOGL,2022-4-26,True,False
Ro Khanna,Democrat,House,CA,POOL,2022-4-10,True,False
Ro Khanna,Democrat,House,CA,ATVI,2022-4-10,True,False
Ro Khanna,Democrat,House,CA,JNJ,2022-4-10,True,False
Ro Khanna,Democrat,House,CA,ADSK,2022-4-10,True,False
Ro Khanna,Democrat,House,CA,AME,2022-4-10,True,False
Ro Khanna,Democrat,House,CA,AXP,2022-4-10,True,False
Ro Khanna,Democrat,House,CA,MCHP,2022-4-10,True,False
Ro Khanna,Democrat,House,CA,AVY,2022-4-10,True,False
Ro Khanna,Democrat,House,CA,MTCH,2022-4-10,True,False
Ro Khanna,Democrat,House,CA,WDAY,2022-4-10,True,False
Ro Khanna,Democrat,House,CA,GM,2022-4-5,True,False
Ro Khanna,Democrat,House,CA,NXPI,2022-4-10,True,False
Ro Khanna,Democrat,House,CA,ANET,2022-4-10,True,False
Ro Khanna,Democrat,House,CA,MS,2022-4-10,True,False
Ro Khanna,Democrat,House,CA,ADBE,2022-4-7,True,False
Ro Khanna,Democrat,House,CA,PH,2022-4-10,True,False
Ro Khanna,Democrat,House,CA,ROST,2022-4-10,True,False
Ro Khanna,Democrat,House,CA,CDNS,2022-4-10,True,False
Ro Khanna,Democrat,House,CA,MHK,2022-4-17,True,False
Ro Khanna,Democrat,House,CA,DOCU,2022-4-3,True,False
Ro Khanna,Democrat,House,CA,TRU,2022-4-10,True,False
Ro Khanna,Democrat,House,CA,CPRT,2022-4-10,True,False
Ro Khanna,Democrat,House,CA,BLK,2022-4-10,True,False
Ro Khanna,Democrat,House,CA,GLW,2022-4-25,True,False
Ro Khanna,Democrat,House,CA,KEYS,2022-4-10,True,False
Ro Khanna,Democrat,House,CA,ADP,2022-4-10,True,False
Ro Khanna,Democrat,House,CA,OTIS,2022-4-10,True,False
Ro Khanna,Democrat,House,CA,TWTR,2022-4-10,True,False
Ro Khanna,Democrat,House,CA,DD,2022-4-10,True,False
Ro Khanna,Democrat,House,CA,SNPS,2022-4-10,True,False
Ro Khanna,Democrat,House,CA,KMX,2022-4-10,True,False
Ro Khanna,Democrat,House,CA,MHK,2022-4-13,True,False
Ro Khanna,Democrat,House,CA,DHI,2022-4-10,True,False
Ro Khanna,Democrat,House,CA,GLW,2022-4-10,True,False
Ro Khanna,Democrat,House,CA,LEN,2022-4-10,True,False
Ro Khanna,Democrat,House,CA,GM,2022-4-27,True,False
Ro Khanna,Democrat,House,CA,WRK,2022-4-14,True,False
Ro Khanna,Democrat,House,CA,TPR,2022-4-10,True,False
Ro Khanna,Democrat,House,CA,INFN,2022-4-6,True,False
Ro Khanna,Democrat,House,CA,MELI,2022-4-10,True,False
Ro Khanna,Democrat,House,CA,BAC,2022-4-24,True,False
Ro Khanna,Democrat,House,CA,LIN,2022-4-10,True,False
Ro Khanna,Democrat,House,CA,BAC,2022-4-27,True,False
Ro Khanna,Democrat,House,CA,SPOT,2022-4-10,True,False
Ro Khanna,Democrat,House,CA,MRVL,2022-4-10,True,False
Ro Khanna,Democrat,House,CA,ANSS,2022-4-10,True,False
Ro Khanna,Democrat,House,CA,ZBRA,2022-4-10,True,False
Ro Khanna,Democrat,House,CA,N/A,2022-4-17,True,False
Ro Khanna,Democrat,House,CA,GLW,2022-4-17,True,False
Ro Khanna,Democrat,House,CA,MPWR,2022-4-10,True,False
Ro Khanna,Democrat,House,CA,APTV,2022-4-10,True,False
Ro Khanna,Democrat,House,CA,N/A,2022-4-10,True,False
Ro Khanna,Democrat,House,CA,YUM,2022-4-10,True,False
Ro Khanna,Democrat,House,CA,CIEN,2022-4-10,True,False
Ro Khanna,Democrat,House,CA,DAL,2022-4-10,True,False
Ro Khanna,Democrat,House,CA,BAC,2022-4-7,True,False
Ro Khanna,Democrat,House,CA,UAL,2022-4-10,True,False
Ro Khanna,Democrat,House,CA,GM,2022-4-27,True,False
Ro Khanna,Democrat,House,CA,MU,2022-4-3,True,False
Ro Khanna,Democrat,House,CA,CDW,2022-4-10,True,False
Ro Khanna,Democrat,House,CA,JBHT,2022-4-10,True,False
Ro Khanna,Democrat,House,CA,CMG,2022-4-10,True,False
Ro Khanna,Democrat,House,CA,APD,2022-4-10,True,False
Ro Khanna,Democrat,House,CA,FFIV,2022-4-10,True,False
Ro Khanna,Democrat,House,CA,MU,2022-4-17,True,False
Ro Khanna,Democrat,House,CA,TRMB,2022-4-10,True,False
Ro Khanna,Democrat,House,CA,HUBS,2022-4-10,True,False
Ro Khanna,Democrat,House,CA,LUV,2022-4-10,True,False
Ro Khanna,Democrat,House,CA,UBER,2022-4-21,True,False
Ro Khanna,Democrat,House,CA,TWLO,2022-4-10,True,False
Ro Khanna,Democrat,House,CA,CBRE,2022-4-10,True,False
Ro Khanna,Democrat,House,CA,MHK,2022-4-20,True,False
Ro Khanna,Democrat,House,CA,TTWO,2022-4-10,True,False
Ro Khanna,Democrat,House,CA,IBM,2022-4-10,True,False
Ro Khanna,Democrat,House,CA,KKR,2022-4-12,True,False
Ro Khanna,Democrat,House,CA,IPG,2022-4-10,True,False
Ro Khanna,Democrat,House,CA,SWKS,2022-4-10,True,False
Ro Khanna,Democrat,House,CA,MSI,2022-4-10,True,False
Ro Khanna,Democrat,House,CA,FAST,2022-4-10,True,False
Ro Khanna,Democrat,House,CA,CCL,2022-4-10,True,False
Ro Khanna,Democrat,House,CA,CDAY,2022-4-10,True,False
Ro Khanna,Democrat,House,CA,LULU,2022-4-10,True,False
Ro Khanna,Democrat,House,CA,TEAM,2022-4-10,True,False
Ro Khanna,Democrat,House,CA,N/A,2022-4-17,True,False
Ro Khanna,Democrat,House,CA,MRNA,2022-4-12,True,False
Ro Khanna,Democrat,House,CA,GOOGL,2022-4-26,True,False
Ro Khanna,Democrat,House,CA,ZM,2022-4-10,True,False
Ro Khanna,Democrat,House,CA,RL,2022-4-10,True,False
Ro Khanna,Democrat,House,CA,SNAP,2022-4-10,True,False
Ro Khanna,Democrat,House,CA,BBWI,2022-4-10,True,False
Ro Khanna,Democrat,House,CA,UAA,2022-4-10,True,False
Ro Khanna,Democrat,House,CA,SHW,2022-4-10,True,False
Ro Khanna,Democrat,House,CA,AMD,2022-4-10,True,False
Ro Khanna,Democrat,House,CA,PEGA,2022-4-10,True,False
Ro Khanna,Democrat,House,CA,CZR,2022-4-10,True,False
Ro Khanna,Democrat,House,CA,SKX,2022-4-10,True,False
Ro Khanna,Democrat,House,CA,XPO,2022-4-10,True,False
Ro Khanna,Democrat,House,CA,EXPE,2022-4-10,True,False
Ro Khanna,Democrat,House,CA,BRK/B,2022-4-10,True,False
Ro Khanna,Democrat,House,CA,KLAC,2022-4-10,True,False
Ro Khanna,Democrat,House,CA,GPC,2022-4-10,True,False
Ro Khanna,Democrat,House,CA,UAA,2022-4-10,True,False
Ro Khanna,Democrat,House,CA,URI,2022-4-10,True,False
Ro Khanna,Democrat,House,CA,AAL,2022-4-10,True,False
Ro Khanna,Democrat,House,CA,DT,2022-4-10,True,False
Ro Khanna,Democrat,House,CA,EPAM,2022-4-10,True,False
Ro Khanna,Democrat,House,CA,BRCM,2022-4-10,True,False
Ro Khanna,Democrat,House,CA,ROKU,2022-4-10,True,False
Ro Khanna,Democrat,House,CA,UHAL,2022-4-10,True,False
Ro Khanna,Democrat,House,CA,ZI,2022-4-10,True,False
Ro Khanna,Democrat,House,CA,TTD,2022-4-10,True,False
Ro Khanna,Democrat,House,CA,SIVBQ,2022-4-10,True,False
Ro Khanna,Democrat,House,CA,MU,2022-4-10,True,False
Ro Khanna,Democrat,House,CA,ITT,2022-4-10,True,False
Ro Khanna,Democrat,House,CA,MAR,2022-4-10,True,False
Ro Khanna,Democrat,House,CA,AVLR,2022-4-10,True,False
Ro Khanna,Democrat,House,CA,QRVO,2022-4-10,True,False
Ro Khanna,Democrat,House,CA,U,2022-4-10,True,False
Ro Khanna,Democrat,House,CA,ZS,2022-4-10,True,False
Ro Khanna,Democrat,House,CA,WAB,2022-4-10,True,False
Ro Khanna,Democrat,House,CA,PYPL,2022-4-10,True,False
Ro Khanna,Democrat,House,CA,DDOG,2022-4-10,True,False
Ro Khanna,Democrat,House,CA,BILL,2022-4-10,True,False
Ro Khanna,Democrat,House,CA,PPG,2022-4-10,True,False
Ro Khanna,Democrat,House,CA,IAC,2022-4-10,True,False
Ro Khanna,Democrat,House,CA,CSGP,2022-4-10,True,False
Ro Khanna,Democrat,House,CA,NWSA,2022-4-10,True,False
Ro Khanna,Democrat,House,CA,FBIN,2022-4-10,True,False
Ro Khanna,Democrat,House,CA,FIVE,2022-4-10,True,False
Ro Khanna,Democrat,House,CA,SEE,2022-4-10,True,False
Ro Khanna,Democrat,House,CA,FTNT,2022-4-10,True,False
Ro Khanna,Democrat,House,CA,UI,2022-4-10,True,False
Ro Khanna,Democrat,House,CA,DRI,2022-4-10,True,False
Ro Khanna,Democrat,House,CA,CL,2022-4-10,True,False
Ro Khanna,Democrat,House,CA,CSL,2022-4-10,True,False
Ro Khanna,Democrat,House,CA,TSCO,2022-4-10,True,False
Ro Khanna,Democrat,House,CA,IP,2022-4-10,True,False
Ro Khanna,Democrat,House,CA,LYFT,2022-4-10,True,False
Ro Khanna,Democrat,House,CA,BERY,2022-4-10,True,False
Ro Khanna,Democrat,House,CA,VRSK,2022-4-10,True,False
Ro Khanna,Democrat,House,CA,ALB,2022-4-10,True,False
Ro Khanna,Democrat,House,CA,XSP,2022-4-11,False,True
Ro Khanna,Democrat,House,CA,XSP,2022-3-31,False,True
Ro Khanna,Democrat,House,CA,XSP,2022-4-7,False,True
Ro Khanna,Democrat,House,CA,XSP,2022-3-31,False,True
Ro Khanna,Democrat,House,CA,MSFT,2022-4-10,False,True
Ro Khanna,Democrat,House,CA,HD,2022-4-10,False,True
Ro Khanna,Democrat,House,CA,GOOGL,2022-4-10,False,True
Ro Khanna,Democrat,House,CA,CSCO,2022-4-10,False,True
Ro Khanna,Democrat,House,CA,PNC,2022-4-10,False,True
Ro Khanna,Democrat,House,CA,AAPL,2022-4-10,False,True
Ro Khanna,Democrat,House,CA,MLM,2022-4-10,False,True
Ro Khanna,Democrat,House,CA,CRM,2022-4-10,False,True
Ro Khanna,Democrat,House,CA,AMZN,2022-4-10,False,True
Ro Khanna,Democrat,House,CA,ADBE,2022-4-10,False,True
Ro Khanna,Democrat,House,CA,SBUX,2022-4-10,False,True
Ro Khanna,Democrat,House,CA,V,2022-4-10,False,True
Ro Khanna,Democrat,House,CA,DIS,2022-4-10,False,True
Ro Khanna,Democrat,House,CA,UPS,2022-4-10,False,True
Ro Khanna,Democrat,House,CA,TXN,2022-4-10,False,True
Ro Khanna,Democrat,House,CA,QCOM,2022-4-10,False,True
Ro Khanna,Democrat,House,CA,MMM,2022-4-10,False,True
Ro Khanna,Democrat,House,CA,ADI,2022-4-10,False,True
Ro Khanna,Democrat,House,CA,NFLX,2022-4-10,False,True
Ro Khanna,Democrat,House,CA,NOW,2022-4-10,False,True
Ro Khanna,Democrat,House,CA,APH,2022-4-10,False,True
Ro Khanna,Democrat,House,CA,BX,2022-4-10,False,True
Ro Khanna,Democrat,House,CA,CAT,2022-4-10,False,True
Ro Khanna,Democrat,House,CA,ISRG,2022-4-10,False,True
Ro Khanna,Democrat,House,CA,INTC,2022-4-10,False,True
Ro Khanna,Democrat,House,CA,KO,2022-4-7,False,True
Ro Khanna,Democrat,House,CA,NVDA,2022-4-10,False,True
Ro Khanna,Democrat,House,CA,SONY,2022-4-10,False,True
Ro Khanna,Democrat,House,CA,BAC,2022-4-10,False,True
Ro Khanna,Democrat,House,CA,GM,2022-4-10,False,True
Ro Khanna,Democrat,House,CA,GPK,2022-4-17,False,True
Ro Khanna,Democrat,House,CA,EL,2022-4-10,False,True
Ro Khanna,Democrat,House,CA,KO,2022-4-17,False,True
Ro Khanna,Democrat,House,CA,ORCL,2022-4-10,False,True
Ro Khanna,Democrat,House,CA,MSCI,2022-3-31,False,True
Ro Khanna,Democrat,House,CA,TYL,2022-4-10,False,True
Ro Khanna,Democrat,House,CA,NSC,2022-4-10,False,True
Ro Khanna,Democrat,House,CA,WFC,2022-4-10,False,True
Ro Khanna,Democrat,House,CA,ZTS,2022-4-4,False,True
Ro Khanna,Democrat,House,CA,FDX,2022-4-10,False,True
Ro Khanna,Democrat,House,CA,AMAT,2022-4-10,False,True
Ro Khanna,Democrat,House,CA,SWK,2022-4-10,False,True
Ro Khanna,Democrat,House,CA,TEL,2022-4-10,False,True
Ro Khanna,Democrat,House,CA,FRC,2022-4-10,False,True
Ro Khanna,Democrat,House,CA,TT,2022-4-10,False,True
Ro Khanna,Democrat,House,CA,USB,2022-4-10,False,True
Ro Khanna,Democrat,House,CA,SPG,2022-4-10,False,True
Ro Khanna,Democrat,House,CA,ROK,2022-4-10,False,True
Ro Khanna,Democrat,House,CA,ABT,2022-4-10,False,True
Ro Khanna,Democrat,House,CA,KO,2022-4-20,False,True
Ro Khanna,Democrat,House,CA,KO,2022-4-20,False,True
Ro Khanna,Democrat,House,CA,KO,2022-4-19,False,True
Ro Khanna,Democrat,House,CA,KO,2022-4-25,False,True
Ro Khanna,Democrat,House,CA,KO,2022-4-24,False,True
Ro Khanna,Democrat,House,CA,KO,2022-4-21,False,True
Ro Khanna,Democrat,House,CA,KO,2022-4-13,False,True
Ro Khanna,Democrat,House,CA,WBA,2022-4-10,False,True
Ro Khanna,Democrat,House,CA,PRU,2022-4-10,False,True
Ro Khanna,Democrat,House,CA,KO,2022-4-6,False,True
Ro Khanna,Democrat,House,CA,KO,2022-4-6,False,True
Ro Khanna,Democrat,House,CA,KO,2022-4-5,False,True
Ro Khanna,Democrat,House,CA,VMC,2022-4-10,False,True
Ro Khanna,Democrat,House,CA,ETSY,2022-4-10,False,True
Ro Khanna,Democrat,House,CA,FTV,2022-4-10,False,True
Ro Khanna,Democrat,House,CA,STT,2022-4-10,False,True
Ro Khanna,Democrat,House,CA,HBAN,2022-4-10,False,True
Ro Khanna,Democrat,House,CA,FIS,2022-4-10,False,True
Ro Khanna,Democrat,House,CA,META,2022-4-10,False,True
Ro Khanna,Democrat,House,CA,LVS,2022-4-10,False,True
Ro Khanna,Democrat,House,CA,IT,2022-4-7,False,True
Ro Khanna,Democrat,House,CA,BALL,2022-4-10,False,True
Ro Khanna,Democrat,House,CA,LBRDA,2022-4-10,False,True
Ro Khanna,Democrat,House,CA,EXPD,2022-4-10,False,True
Ro Khanna,Democrat,House,CA,TER,2022-4-10,False,True
Ro Khanna,Democrat,House,CA,ETN,2022-4-10,False,True
Ro Khanna,Democrat,House,CA,EA,2022-4-10,False,True
Ro Khanna,Democrat,House,CA,ODFL,2022-4-10,False,True
Ro Khanna,Democrat,House,CA,GPK,2022-4-22,False,True
Ro Khanna,Democrat,House,CA,HCA,2022-4-10,False,True
Ro Khanna,Democrat,House,CA,IDXX,2022-4-10,False,True
Ro Khanna,Democrat,House,CA,ZTS,2022-4-10,False,True
Ro Khanna,Democrat,House,CA,RVTY,2022-4-10,False,True
Ro Khanna,Democrat,House,CA,MSCI,2022-4-10,False,True
Ro Khanna,Democrat,House,CA,CARR,2022-4-10,False,True
Ro Khanna,Democrat,House,CA,KO,2022-4-26,False,True
Ro Khanna,Democrat,House,CA,CFG,2022-4-10,False,True
Ro Khanna,Democrat,House,CA,PAYC,2022-4-10,False,True
Ro Khanna,Democrat,House,CA,GRMN,2022-4-10,False,True
Ro Khanna,Democrat,House,CA,ABMD,2022-4-10,False,True
Ro Khanna,Democrat,House,CA,T,2022-4-10,False,True
Ro Khanna,Democrat,House,CA,IFF,2022-4-10,False,True
Ro Khanna,Democrat,House,CA,CHTR,2022-4-10,False,True
Ro Khanna,Democrat,House,CA,FITB,2022-4-10,False,True
Ro Khanna,Democrat,House,CA,W,2022-4-10,False,True
Ro Khanna,Democrat,House,CA,PTC,2022-4-10,False,True
Ro Khanna,Democrat,House,CA,GPS,2022-4-10,False,True
Ro Khanna,Democrat,House,CA,TWTR,2022-4-19,False,True
Ro Khanna,Democrat,House,CA,TWTR,2022-4-28,False,True
Ro Khanna,Democrat,House,CA,MTB,2022-4-10,False,True
Ro Khanna,Democrat,House,CA,CPRI,2022-4-10,False,True
Ro Khanna,Democrat,House,CA,MAS,2022-4-10,False,True
Ro Khanna,Democrat,House,CA,RF,2022-4-10,False,True
Ro Khanna,Democrat,House,CA,XRAY,2022-4-10,False,True
Ro Khanna,Democrat,House,CA,GNRC,2022-4-10,False,True
Ro Khanna,Democrat,House,CA,PVH,2022-4-10,False,True
Ro Khanna,Democrat,House,CA,LEN,2022-4-10,False,True
Ro Khanna,Democrat,House,CA,MGM,2022-4-10,False,True
Ro Khanna,Democrat,House,CA,MCO,2022-4-10,False,True
Ro Khanna,Democrat,House,CA,SYF,2022-4-10,False,True
Ro Khanna,Democrat,House,CA,GEN,2022-4-10,False,True
Ro Khanna,Democrat,House,CA,WAT,2022-4-10,False,True
Ro Khanna,Democrat,House,CA,UAA,2022-4-10,False,True
Ro Khanna,Democrat,House,CA,BBY,2022-4-10,False,True
Ro Khanna,Democrat,House,CA,SBNY,2022-4-10,False,True
Ro Khanna,Democrat,House,CA,DASH,2022-4-10,False,True
Ro Khanna,Democrat,House,CA,APO,2022-4-10,False,True
Ro Khanna,Democrat,House,CA,IR,2022-4-10,False,True
Ro Khanna,Democrat,House,CA,F,2022-4-10,False,True
Ro Khanna,Democrat,House,CA,WEX,2022-4-10,False,True
Ro Khanna,Democrat,House,CA,MHK,2022-4-10,False,True
Ro Khanna,Democrat,House,CA,RGEN,2022-4-10,False,True
Ro Khanna,Democrat,House,CA,PINS,2022-4-10,False,True
Ro Khanna,Democrat,House,CA,VFC,2022-4-10,False,True
Ro Khanna,Democrat,House,CA,ZG,2022-4-10,False,True
Ro Khanna,Democrat,House,CA,EFX,2022-4-10,False,True
Ro Khanna,Democrat,House,CA,BLDR,2022-4-10,False,True
Ro Khanna,Democrat,House,CA,TECH,2022-4-10,False,True
Ro Khanna,Democrat,House,CA,BIIB,2022-4-10,False,True
Ro Khanna,Democrat,House,CA,DE,2022-4-10,False,True
Ro Khanna,Democrat,House,CA,ALLY,2022-4-10,False,True
Ro Khanna,Democrat,House,CA,TDOC,2022-4-10,False,True
Ro Khanna,Democrat,House,CA,KEY,2022-4-10,False,True
Ro Khanna,Democrat,House,CA,MASI,2022-4-10,False,True
Ro Khanna,Democrat,House,CA,STX,2022-4-10,False,True
Ro Khanna,Democrat,House,CA,FND,2022-4-10,False,True
Ro Khanna,Democrat,House,CA,NWL,2022-4-10,False,True
Ro Khanna,Democrat,House,CA,YUMC,2022-4-10,False,True
Ro Khanna,Democrat,House,CA,BANC,2022-4-10,False,True
Ro Khanna,Democrat,House,CA,LKQ,2022-4-10,False,True
Ro Khanna,Democrat,House,CA,NDSN,2022-4-10,False,True
Ro Khanna,Democrat,House,CA,PTON,2022-4-10,False,True
Ro Khanna,Democrat,House,CA,CHWY,2022-4-10,False,True
Ro Khanna,Democrat,House,CA,CSX,2022-4-10,False,True
Ro Khanna,Democrat,House,CA,OHI,2022-4-10,False,True
Ro Khanna,Democrat,House,CA,N/A,2022-3-31,True,False
Ro Khanna,Democrat,House,CA,N/A,2022-3-31,True,False
Ro Khanna,Democrat,House,CA,N/A,2022-4-9,True,False
Ro Khanna,Democrat,House,CA,MSFT,2022-4-25,True,False
Ro Khanna,Democrat,House,CA,BAC,2022-4-20,True,False
Ro Khanna,Democrat,House,CA,SIVBQ,2022-4-11,True,False
Ro Khanna,Democrat,House,CA,SIVBQ,2022-4-4,True,False
Ro Khanna,Democrat,House,CA,AMZN,2022-4-6,True,False
Ro Khanna,Democrat,House,CA,AMZN,2022-4-11,True,False
Ro Khanna,Democrat,House,CA,AMZN,2022-4-13,True,False
Ro Khanna,Democrat,House,CA,AMZN,2022-4-10,True,False
Ro Khanna,Democrat,House,CA,MSFT,2022-4-26,True,False
Ro Khanna,Democrat,House,CA,SIVBQ,2022-4-3,True,False
Ro Khanna,Democrat,House,CA,SIVBQ,2022-4-14,True,False
Ro Khanna,Democrat,House,CA,SIVBQ,2022-4-11,True,False
Ro Khanna,Democrat,House,CA,SIVBQ,2022-4-5,True,False
Ro Khanna,Democrat,House,CA,TXN,2022-4-26,True,False
Ro Khanna,Democrat,House,CA,ADM,2022-4-16,False,True
Ro Khanna,Democrat,House,CA,ADM,2022-4-26,False,True
Ro Khanna,Democrat,House,CA,CHTR,2022-4-10,False,True
Ro Khanna,Democrat,House,CA,CHTR,2022-4-11,False,True
Ro Khanna,Democrat,House,CA,CHTR,2022-4-13,False,True
Ro Khanna,Democrat,House,CA,CHTR,2022-4-13,False,True
Ro Khanna,Democrat,House,CA,CHTR,2022-4-11,False,True
Ro Khanna,Democrat,House,CA,HIG,2022-4-26,False,True
Ro Khanna,Democrat,House,CA,ADM,2022-4-25,False,True
Ro Khanna,Democrat,House,CA,HIG,2022-4-23,False,True
Ro Khanna,Democrat,House,CA,N/A,2022-3-31,True,False
Ro Khanna,Democrat,House,CA,N/A,2022-3-31,True,False
Ro Khanna,Democrat,House,CA,VZ,2022-4-4,True,False
Ro Khanna,Democrat,House,CA,N/A,2022-4-4,True,False
Ro Khanna,Democrat,House,CA,JPM,2022-4-4,False,True
Ro Khanna,Democrat,House,CA,V,2022-4-5,False,True
Ro Khanna,Democrat,House,CA,TDG,2022-4-5,False,True
Ro Khanna,Democrat,House,CA,TXN,2022-4-5,False,True
Ro Khanna,Democrat,House,CA,TSM,2022-4-5,False,True
Ro Khanna,Democrat,House,CA,SYK,2022-4-5,False,True
Ro Khanna,Democrat,House,CA,SCHW,2022-4-5,False,True
Ro Khanna,Democrat,House,CA,ROKU,2022-4-5,False,True
Ro Khanna,Democrat,House,CA,OTIS,2022-4-5,False,True
Ro Khanna,Democrat,House,CA,NFLX,2022-4-5,False,True
Ro Khanna,Democrat,House,CA,MSFT,2022-4-5,False,True
Ro Khanna,Democrat,House,CA,MA,2022-4-5,False,True
Ro Khanna,Democrat,House,CA,HD,2022-4-5,False,True
Ro Khanna,Democrat,House,CA,DPZ,2022-4-5,False,True
Ro Khanna,Democrat,House,CA,DG,2022-4-5,False,True
Ro Khanna,Democrat,House,CA,DIS,2022-4-5,False,True
Ro Khanna,Democrat,House,CA,DHR,2022-4-5,False,True
Ro Khanna,Democrat,House,CA,BMY,2022-4-5,False,True
Ro Khanna,Democrat,House,CA,BSX,2022-4-5,False,True
Ro Khanna,Democrat,House,CA,BA,2022-4-5,False,True
Ro Khanna,Democrat,House,CA,AMZN,2022-4-5,False,True
Ro Khanna,Democrat,House,CA,GOOGL,2022-4-5,False,True
Ro Khanna,Democrat,House,CA,APD,2022-4-5,False,True
Ro Khanna,Democrat,House,CA,VZ,2022-4-4,True,False
Ro Khanna,Democrat,House,CA,N/A,2022-4-4,True,False
Ro Khanna,Democrat,House,CA,JPM,2022-4-4,False,True
Ro Khanna,Democrat,House,CA,V,2022-4-5,False,True
Ro Khanna,Democrat,House,CA,TDG,2022-4-5,False,True
Ro Khanna,Democrat,House,CA,TXN,2022-4-5,False,True
Ro Khanna,Democrat,House,CA,TSM,2022-4-5,False,True
Ro Khanna,Democrat,House,CA,SYK,2022-4-5,False,True
Ro Khanna,Democrat,House,CA,SCHW,2022-4-5,False,True
Ro Khanna,Democrat,House,CA,ROKU,2022-4-5,False,True
Ro Khanna,Democrat,House,CA,OTIS,2022-4-5,False,True
Ro Khanna,Democrat,House,CA,NFLX,2022-4-5,False,True
Ro Khanna,Democrat,House,CA,MSFT,2022-4-5,False,True
Ro Khanna,Democrat,House,CA,MA,2022-4-5,False,True
Ro Khanna,Democrat,House,CA,HD,2022-4-5,False,True
Ro Khanna,Democrat,House,CA,DPZ,2022-4-5,False,True
Ro Khanna,Democrat,House,CA,DG,2022-4-5,False,True
Ro Khanna,Democrat,House,CA,DIS,2022-4-5,False,True
Ro Khanna,Democrat,House,CA,DHR,2022-4-5,False,True
Ro Khanna,Democrat,House,CA,BMY,2022-4-5,False,True
Ro Khanna,Democrat,House,CA,BSX,2022-4-5,False,True
Ro Khanna,Democrat,House,CA,BA,2022-4-5,False,True
Ro Khanna,Democrat,House,CA,AMZN,2022-4-5,False,True
Ro Khanna,Democrat,House,CA,GOOGL,2022-4-5,False,True
Ro Khanna,Democrat,House,CA,APD,2022-4-5,False,True
Ro Khanna,Democrat,House,CA,VZ,2022-4-4,True,False
Ro Khanna,Democrat,House,CA,N/A,2022-4-4,True,False
Ro Khanna,Democrat,House,CA,JPM,2022-4-4,False,True
Ro Khanna,Democrat,House,CA,V,2022-4-5,False,True
Ro Khanna,Democrat,House,CA,TDG,2022-4-5,False,True
Ro Khanna,Democrat,House,CA,TXN,2022-4-5,False,True
Ro Khanna,Democrat,House,CA,TSM,2022-4-5,False,True
Ro Khanna,Democrat,House,CA,SYK,2022-4-5,False,True
Ro Khanna,Democrat,House,CA,SCHW,2022-4-5,False,True
Ro Khanna,Democrat,House,CA,ROKU,2022-4-5,False,True
Ro Khanna,Democrat,House,CA,OTIS,2022-4-5,False,True
Ro Khanna,Democrat,House,CA,NFLX,2022-4-5,False,True
Ro Khanna,Democrat,House,CA,MSFT,2022-4-5,False,True
Ro Khanna,Democrat,House,CA,MA,2022-4-5,False,True
Ro Khanna,Democrat,House,CA,HD,2022-4-5,False,True
Ro Khanna,Democrat,House,CA,DPZ,2022-4-5,False,True
Ro Khanna,Democrat,House,CA,DG,2022-4-5,False,True
Ro Khanna,Democrat,House,CA,DIS,2022-4-5,False,True
Ro Khanna,Democrat,House,CA,DHR,2022-4-5,False,True
Ro Khanna,Democrat,House,CA,BMY,2022-4-5,False,True
Ro Khanna,Democrat,House,CA,BSX,2022-4-5,False,True
Ro Khanna,Democrat,House,CA,BA,2022-4-5,False,True
Ro Khanna,Democrat,House,CA,AMZN,2022-4-5,False,True
Ro Khanna,Democrat,House,CA,GOOGL,2022-4-5,False,True
Ro Khanna,Democrat,House,CA,APD,2022-4-5,False,True
Kevin Hern,Republican,House,OK,AHCO,2022-3-31,False,True
Kevin Hern,Republican,House,OK,AHCO,2022-4-21,False,True
Kevin Hern,Republican,House,OK,BMO,2022-4-11,True,False
Kevin Hern,Republican,House,OK,FSEN,2022-4-13,True,False
Kevin Hern,Republican,House,OK,HON,2022-4-7,False,True
Kevin Hern,Republican,House,OK,INRE,2022-4-6,True,False
Kevin Hern,Republican,House,OK,IQV,2022-4-21,False,True
Kevin Hern,Republican,House,OK,JPM,2022-4-29,True,False
Kevin Hern,Republican,House,OK,MDLZ,2022-4-11,False,True
Gary Peters,Democrat,Senate,MI,N/A,2022-4-7,False,False
Gary Peters,Democrat,Senate,MI,WBD,2022-4-7,False,False
Ed Perlmutter,Democrat,House,CO,COST,2022-4-21,False,True
Zoe Lofgren,Democrat,House,CA,SYF,2022-4-27,False,True
Brian Mast,Republican,House,FL,IWM,2022-4-17,False,True
Brian Mast,Republican,House,FL,SDC,2022-4-17,False,True
Brian Mast,Republican,House,FL,TLRY,2022-4-17,False,True
Brian Mast,Republican,House,FL,UGRO,2022-4-17,False,True
Brian Mast,Republican,House,FL,SPCE,2022-4-17,False,True
Brian Mast,Republican,House,FL,SPCE,2022-4-17,False,True
Jim Langevin,Democrat,House,RI,SQ,2022-4-5,True,False
Jim Langevin,Democrat,House,RI,GNRC,2022-4-10,True,False
Jim Langevin,Democrat,House,RI,GNRC,2022-4-13,True,False
Jim Langevin,Democrat,House,RI,GNRC,2022-4-20,True,False
Jim Langevin,Democrat,House,RI,META,2022-4-26,True,False
Jim Langevin,Democrat,House,RI,META,2022-4-26,True,False
Jim Langevin,Democrat,House,RI,META,2022-4-5,True,False
Jim Langevin,Democrat,House,RI,META,2022-4-3,False,True
Jim Langevin,Democrat,House,RI,PYPL,2022-4-17,False,True
Lloyd Doggett,Democrat,House,TX,KO,2022-3-31,True,False
Suzan DelBene,Democrat,House,WA,N/A,2022-4-25,True,False
Suzan DelBene,Democrat,House,WA,N/A,2022-5-3,False,True
Suzan DelBene,Democrat,House,WA,N/A,2022-4-17,True,False
Bill Keating,Democrat,House,MA,AMH,2022-3-28,True,False
Bill Keating,Democrat,House,MA,CCI,2022-3-28,False,True
Bill Keating,Democrat,House,MA,MDT,2022-3-28,False,True
Bill Keating,Democrat,House,MA,VRTX,2022-3-28,True,False
Earl Blumenauer,Democrat,House,OR,Y,2022-4-21,False,True
Earl Blumenauer,Democrat,House,OR,5672A,2022-3-30,True,False
Earl Blumenauer,Democrat,House,OR,N/A,2022-4-19,True,False
Earl Blumenauer,Democrat,House,OR,VOD,2022-4-26,False,True
Rick Scott,Republican,Senate,FL,N/A,2022-4-11,True,False
Rick Scott,Republican,Senate,FL,N/A,2022-4-5,True,False
Rick Scott,Republican,Senate,FL,N/A,2022-4-5,True,False
Kathy Manning,Democrat,House,NC,N/A,2022-4-28,True,False
Kathy Manning,Democrat,House,NC,C,2022-4-18,False,True
Kathy Manning,Democrat,House,NC,C,2022-4-18,False,True
Kathy Manning,Democrat,House,NC,NOW,2022-4-26,True,False
Kathy Manning,Democrat,House,NC,V,2022-4-26,False,True
Kathy Manning,Democrat,House,NC,V,2022-4-28,False,True
Virginia Foxx,Republican,House,NC,APO,2022-4-18,True,False
Virginia Foxx,Republican,House,NC,APO,2022-4-21,True,False
Virginia Foxx,Republican,House,NC,AAIC,2022-3-31,True,False
Virginia Foxx,Republican,House,NC,AAIC,2022-4-5,True,False
Virginia Foxx,Republican,House,NC,T,2022-4-5,True,False
Virginia Foxx,Republican,House,NC,T,2022-4-7,True,False
Virginia Foxx,Republican,House,NC,T,2022-4-10,True,False
Virginia Foxx,Republican,House,NC,BTI,2022-4-6,True,False
Virginia Foxx,Republican,House,NC,BTI,2022-4-25,True,False
Virginia Foxx,Republican,House,NC,AVGO,2022-4-7,False,True
Virginia Foxx,Republican,House,NC,CWEN.A,2022-3-31,True,False
Virginia Foxx,Republican,House,NC,GSK,2022-4-7,True,False
Virginia Foxx,Republican,House,NC,GPP,2022-4-10,True,False
Virginia Foxx,Republican,House,NC,GPP,2022-4-21,True,False
Virginia Foxx,Republican,House,NC,KNOP,2022-4-21,True,False
Virginia Foxx,Republican,House,NC,KNOP,2022-4-10,True,False
Virginia Foxx,Republican,House,NC,MMP,2022-4-6,True,False
Virginia Foxx,Republican,House,NC,MMP,2022-4-21,True,False
Virginia Foxx,Republican,House,NC,MMP,2022-4-20,True,False
Virginia Foxx,Republican,House,NC,MMP,2022-4-27,True,False
Virginia Foxx,Republican,House,NC,NEE,2022-4-20,True,False
Virginia Foxx,Republican,House,NC,NEE,2022-4-21,True,False
Virginia Foxx,Republican,House,NC,NEE,2022-4-17,True,False
Virginia Foxx,Republican,House,NC,NEE,2022-4-24,True,False
Virginia Foxx,Republican,House,NC,ORI,2022-4-5,True,False
Virginia Foxx,Republican,House,NC,PSX,2022-4-24,False,True
Virginia Foxx,Republican,House,NC,RIO,2022-4-10,True,False
Virginia Foxx,Republican,House,NC,RIO,2022-4-19,True,False
Virginia Foxx,Republican,House,NC,RIO,2022-4-20,True,False
Virginia Foxx,Republican,House,NC,R,2022-4-7,False,True
Virginia Foxx,Republican,House,NC,SCHH,2022-4-18,False,True
Virginia Foxx,Republican,House,NC,SIRE,2022-4-24,True,False
Virginia Foxx,Republican,House,NC,SIRE,2022-4-6,True,False
Virginia Foxx,Republican,House,NC,TTE,2022-4-6,True,False
Virginia Foxx,Republican,House,NC,TTE,2022-4-20,True,False
Virginia Foxx,Republican,House,NC,TTE,2022-4-28,True,False
Virginia Foxx,Republican,House,NC,USDP,2022-4-25,True,False
Virginia Foxx,Republican,House,NC,USDP,2022-4-21,True,False
Nancy Pelosi,Democrat,House,CA,WBD,2022-4-10,False,False
Nancy Pelosi,Democrat,House,CA,T,2022-4-10,False,False
Lois Frankel,Democrat,House,FL,CB,2022-4-12,False,True
Lois Frankel,Democrat,House,FL,C,2022-3-29,False,True
Lois Frankel,Democrat,House,FL,FIS,2022-4-12,False,True
Lois Frankel,Democrat,House,FL,FIS,2022-4-5,False,True
Lois Frankel,Democrat,House,FL,NXPI,2022-4-5,True,False
Lois Frankel,Democrat,House,FL,PXD,2022-3-29,True,False
Lois Frankel,Democrat,House,FL,SHW,2022-4-12,True,False
Richard Blumenthal,Democrat,Senate,CT,N/A,2022-3-27,False,True
Richard Blumenthal,Democrat,Senate,CT,N/A,2022-3-27,False,True
Richard Blumenthal,Democrat,Senate,CT,N/A,2022-3-29,True,False
Richard Blumenthal,Democrat,Senate,CT,N/A,2022-3-27,False,True
Richard Blumenthal,Democrat,Senate,CT,N/A,2022-3-29,True,False
Richard Blumenthal,Democrat,Senate,CT,N/A,2022-3-29,True,False
Richard Blumenthal,Democrat,Senate,CT,N/A,2022-3-29,True,False
Chris Coons,Democrat,Senate,DE,N/A,2022-5-2,False,True
Tom Carper,Democrat,Senate,DE,MS,2022-3-31,False,True
Alan Lowenthal,Democrat,House,CA,N/A,2022-4-26,True,False
David Kustoff,Republican,House,TN,T,2022-4-10,False,False
David Kustoff,Republican,House,TN,WBD,2022-4-10,False,False
Michael Guest,Republican,House,MS,WBD,2022-4-10,False,False
Michael Guest,Republican,House,MS,WBD,2022-4-10,False,False
Michael Guest,Republican,House,MS,T,2022-4-10,False,False
Michael Guest,Republican,House,MS,T,2022-4-10,False,False
Katherine Clark,Democrat,House,MA,N/A,2022-4-4,True,False
Michael Burgess,Republican,House,TX,SYK,2022-4-17,False,True
Michael Burgess,Republican,House,TX,SYK,2022-4-17,False,True
Don Beyer,Democrat,House,VA,N/A,2022-4-10,False,True
Don Beyer,Democrat,House,VA,N/A,2022-4-6,False,True
Alan Lowenthal,Democrat,House,CA,BAC,2022-4-20,True,False
Trey Hollingsworth,Republican,House,IN,EPD,2022-4-18,False,True
Diana Harshbarger,Republican,House,TN,ADSK,2022-3-27,True,False
Diana Harshbarger,Republican,House,TN,ADSK,2022-3-27,True,False
Diana Harshbarger,Republican,House,TN,ADSK,2022-3-27,True,False
Diana Harshbarger,Republican,House,TN,ADSK,2022-3-27,True,False
Diana Harshbarger,Republican,House,TN,BKR,2022-3-27,True,False
Diana Harshbarger,Republican,House,TN,OTIS,2022-3-27,True,False
Diana Harshbarger,Republican,House,TN,OTIS,2022-3-27,True,False
Diana Harshbarger,Republican,House,TN,OTIS,2022-3-27,True,False
Diana Harshbarger,Republican,House,TN,TMUS,2022-3-27,True,False
Diana Harshbarger,Republican,House,TN,OTIS,2022-3-28,True,False
Diana Harshbarger,Republican,House,TN,BKR,2022-3-30,True,False
Diana Harshbarger,Republican,House,TN,BKR,2022-3-30,True,False
Diana Harshbarger,Republican,House,TN,OTIS,2022-3-30,True,False
Diana Harshbarger,Republican,House,TN,OTIS,2022-3-30,True,False
Diana Harshbarger,Republican,House,TN,OTIS,2022-3-30,True,False
Diana Harshbarger,Republican,House,TN,MAA,2022-3-30,False,True
Diana Harshbarger,Republican,House,TN,OTIS,2022-4-3,True,False
Diana Harshbarger,Republican,House,TN,OTIS,2022-4-3,True,False
Diana Harshbarger,Republican,House,TN,OTIS,2022-4-3,True,False
Diana Harshbarger,Republican,House,TN,WFC,2022-4-3,True,False
Diana Harshbarger,Republican,House,TN,QCOM,2022-4-3,False,True
Diana Harshbarger,Republican,House,TN,QCOM,2022-4-3,False,True
Diana Harshbarger,Republican,House,TN,QCOM,2022-4-3,False,True
Diana Harshbarger,Republican,House,TN,MO,2022-4-4,True,False
Diana Harshbarger,Republican,House,TN,MO,2022-4-4,True,False
Diana Harshbarger,Republican,House,TN,MO,2022-4-4,True,False
Diana Harshbarger,Republican,House,TN,MO,2022-4-4,True,False
Diana Harshbarger,Republican,House,TN,ADSK,2022-4-4,True,False
Diana Harshbarger,Republican,House,TN,CVS,2022-4-4,True,False
Diana Harshbarger,Republican,House,TN,CVS,2022-4-4,True,False
Diana Harshbarger,Republican,House,TN,CVS,2022-4-4,True,False
Diana Harshbarger,Republican,House,TN,CVS,2022-4-4,True,False
Diana Harshbarger,Republican,House,TN,FIS,2022-4-4,True,False
Diana Harshbarger,Republican,House,TN,FIS,2022-4-4,True,False
Diana Harshbarger,Republican,House,TN,FIS,2022-4-4,True,False
Diana Harshbarger,Republican,House,TN,FIS,2022-4-4,True,False
Diana Harshbarger,Republican,House,TN,G,2022-4-4,True,False
Diana Harshbarger,Republican,House,TN,G,2022-4-4,True,False
Diana Harshbarger,Republican,House,TN,JPM,2022-4-4,True,False
Diana Harshbarger,Republican,House,TN,JPM,2022-4-4,True,False
Diana Harshbarger,Republican,House,TN,JPM,2022-4-4,True,False
Diana Harshbarger,Republican,House,TN,VMW,2022-4-4,True,False
Diana Harshbarger,Republican,House,TN,VMW,2022-4-4,True,False
Diana Harshbarger,Republican,House,TN,VMW,2022-4-4,True,False
Diana Harshbarger,Republican,House,TN,VMW,2022-4-4,True,False
Diana Harshbarger,Republican,House,TN,WTW,2022-4-4,True,False
Diana Harshbarger,Republican,House,TN,WTW,2022-4-4,True,False
Diana Harshbarger,Republican,House,TN,WTW,2022-4-4,True,False
Diana Harshbarger,Republican,House,TN,WTW,2022-4-4,True,False
Diana Harshbarger,Republican,House,TN,ACC,2022-4-4,False,True
Diana Harshbarger,Republican,House,TN,ACC,2022-4-4,False,True
Diana Harshbarger,Republican,House,TN,ACC,2022-4-4,False,True
Diana Harshbarger,Republican,House,TN,DECK,2022-4-4,False,True
Diana Harshbarger,Republican,House,TN,DECK,2022-4-4,False,True
Diana Harshbarger,Republican,House,TN,DECK,2022-4-4,False,True
Diana Harshbarger,Republican,House,TN,DECK,2022-4-4,False,True
Diana Harshbarger,Republican,House,TN,GNRC,2022-4-4,False,True
Diana Harshbarger,Republican,House,TN,HD,2022-4-4,False,True
Diana Harshbarger,Republican,House,TN,MAA,2022-4-4,False,True
Diana Harshbarger,Republican,House,TN,MAA,2022-4-4,False,True
Diana Harshbarger,Republican,House,TN,MAA,2022-4-4,False,True
Diana Harshbarger,Republican,House,TN,SHW,2022-4-4,False,True
Diana Harshbarger,Republican,House,TN,SHW,2022-4-4,False,True
Diana Harshbarger,Republican,House,TN,SHW,2022-4-4,False,True
Diana Harshbarger,Republican,House,TN,SHW,2022-4-4,False,True
Diana Harshbarger,Republican,House,TN,SUI,2022-4-4,False,True
Diana Harshbarger,Republican,House,TN,SUI,2022-4-4,False,True
Diana Harshbarger,Republican,House,TN,UNH,2022-4-4,False,True
Diana Harshbarger,Republican,House,TN,UNH,2022-4-4,False,True
Diana Harshbarger,Republican,House,TN,UNH,2022-4-4,False,True
Diana Harshbarger,Republican,House,TN,UNH,2022-4-4,False,True
Diana Harshbarger,Republican,House,TN,OTIS,2022-4-6,True,False
Diana Harshbarger,Republican,House,TN,NOW,2022-4-6,False,True
Diana Harshbarger,Republican,House,TN,NOW,2022-4-6,False,True
Diana Harshbarger,Republican,House,TN,EA,2022-4-7,True,False
Diana Harshbarger,Republican,House,TN,EA,2022-4-7,True,False
Diana Harshbarger,Republican,House,TN,MU,2022-4-10,True,False
Diana Harshbarger,Republican,House,TN,MU,2022-4-10,True,False
Diana Harshbarger,Republican,House,TN,MU,2022-4-10,True,False
Diana Harshbarger,Republican,House,TN,MU,2022-4-10,True,False
Tom Cole,Republican,House,OK,EMBC,2022-3-31,False,False
Tom Cole,Republican,House,OK,BDX,2022-3-31,False,False
Debbie Dingell,Democrat,House,MI,AAPL,2022-4-17,False,True
Mo Brooks,Republican,House,AL,VZ,2022-4-10,False,True
Dwight Evans,Democrat,House,PA,ARKK,2022-3-29,False,True
Dwight Evans,Democrat,House,PA,CE,2022-3-29,False,True
Dwight Evans,Democrat,House,PA,GD,2022-3-29,True,False
Dwight Evans,Democrat,House,PA,INTC,2022-3-29,True,False
Dwight Evans,Democrat,House,PA,KMI,2022-3-29,True,False
Dwight Evans,Democrat,House,PA,NEO,2022-3-29,False,True
Dwight Evans,Democrat,House,PA,TWST,2022-3-29,False,True
Jacklyn Rosen,Democrat,Senate,NV,T,2022-4-7,False,False
Jacklyn Rosen,Democrat,Senate,NV,T,2022-4-7,False,False
Jacklyn Rosen,Democrat,Senate,NV,T,2022-4-7,False,False
Jacklyn Rosen,Democrat,Senate,NV,BDX,2022-3-31,False,False
Jacklyn Rosen,Democrat,Senate,NV,EMBC,2022-3-31,False,False
Jacklyn Rosen,Democrat,Senate,NV,WBD,2022-4-7,False,False
Jacklyn Rosen,Democrat,Senate,NV,WBD,2022-4-7,False,False
Jacklyn Rosen,Democrat,Senate,NV,WBD,2022-4-7,False,False
Mark Green,Republican,House,TN,ET,2022-4-18,False,True
Mark Green,Republican,House,TN,USAC,2022-4-17,False,True
Mark Green,Republican,House,TN,USAC,2022-4-13,False,True
Suzan DelBene,Democrat,House,WA,N/A,2022-4-10,True,False
Tina Smith,Democrat,Senate,MN,N/A,2022-4-3,True,False
Michael McCaul,Republican,House,TX,CSL,2022-3-30,True,False
Michael McCaul,Republican,House,TX,AVY,2022-3-30,True,False
Michael McCaul,Republican,House,TX,CDW,2022-3-30,True,False
Michael McCaul,Republican,House,TX,PGR,2022-3-30,False,True
Michael McCaul,Republican,House,TX,CB,2022-3-30,False,True
Michael McCaul,Republican,House,TX,UNH,2022-3-30,False,True
Michael McCaul,Republican,House,TX,DGX,2022-3-30,False,True
Michael McCaul,Republican,House,TX,CSL,2022-3-30,True,False
Michael McCaul,Republican,House,TX,AVY,2022-3-30,True,False
Michael McCaul,Republican,House,TX,CDW,2022-3-30,True,False
Michael McCaul,Republican,House,TX,PGR,2022-3-30,False,True
Michael McCaul,Republican,House,TX,CB,2022-3-30,False,True
Michael McCaul,Republican,House,TX,UNH,2022-3-30,False,True
Michael McCaul,Republican,House,TX,DGX,2022-3-30,False,True
Pete Sessions,Republican,House,TX,MSFT,2022-4-14,True,False
Alan Lowenthal,Democrat,House,CA,IFF,2022-4-6,False,True
Josh Gottheimer,Democrat,House,NJ,CTSH,2022-3-28,True,False
Josh Gottheimer,Democrat,House,NJ,LLY,2022-3-28,True,False
Josh Gottheimer,Democrat,House,NJ,TSM,2022-3-29,False,True
Josh Gottheimer,Democrat,House,NJ,TXN,2022-3-30,True,False
Josh Gottheimer,Democrat,House,NJ,UL,2022-3-29,False,True
Josh Gottheimer,Democrat,House,NJ,UL,2022-3-30,False,True
Pete Sessions,Republican,House,TX,BUI,2022-4-3,False,True
Mark Green,Republican,House,TN,ET,2022-4-5,True,False
Mark Green,Republican,House,TN,ETRN,2022-4-5,False,True
Alan Lowenthal,Democrat,House,CA,IFF,2022-4-4,False,True
Alan Lowenthal,Democrat,House,CA,IFF,2022-4-5,False,True
Alan Lowenthal,Democrat,House,CA,NVDA,2022-4-5,False,True
Alan Lowenthal,Democrat,House,CA,TJX,2022-4-5,False,True
Alan Lowenthal,Democrat,House,CA,IFF,2022-4-5,False,True
Jim Langevin,Democrat,House,RI,GNRC,2022-3-30,True,False
Kevin Hern,Republican,House,OK,DVN,2022-3-30,True,False
Kevin Hern,Republican,House,OK,DVN,2022-3-30,True,False
Kevin Hern,Republican,House,OK,WMB,2022-3-27,True,False
Joe Courtney,Democrat,House,CT,MFC,2022-4-4,False,True
Katherine Clark,Democrat,House,MA,N/A,2022-3-30,True,False
Rob Wittman,Republican,House,VA,CAT,2022-3-28,True,False
Rob Wittman,Republican,House,VA,GE,2022-3-28,True,False
Rob Wittman,Republican,House,VA,HIG,2022-3-28,True,False
Rob Wittman,Republican,House,VA,TLT,2022-3-28,True,False
Rob Wittman,Republican,House,VA,RIO,2022-3-28,True,False
Alan Lowenthal,Democrat,House,CA,IFF,2022-4-3,False,True
Alan Lowenthal,Democrat,House,CA,NFLX,2022-3-28,True,False
Ro Khanna,Democrat,House,CA,EQIX,2022-3-30,False,True
Tommy Tuberville,Republican,Senate,AL,N/A,2022-3-28,True,False
Tommy Tuberville,Republican,Senate,AL,WST,2022-3-29,False,True
Tommy Tuberville,Republican,Senate,AL,VEEV,2022-3-29,False,True
Tommy Tuberville,Republican,Senate,AL,VMW,2022-3-29,False,True
Tommy Tuberville,Republican,Senate,AL,SNA,2022-3-29,False,True
Tommy Tuberville,Republican,Senate,AL,SIVBQ,2022-3-29,False,True
Tommy Tuberville,Republican,Senate,AL,SPGI,2022-3-29,False,True
Tommy Tuberville,Republican,Senate,AL,ROK,2022-3-29,False,True
Tommy Tuberville,Republican,Senate,AL,REGN,2022-3-29,False,True
Tommy Tuberville,Republican,Senate,AL,NFLX,2022-3-29,False,True
Tommy Tuberville,Republican,Senate,AL,LMST,2022-3-29,True,False
Tommy Tuberville,Republican,Senate,AL,KEY,2022-3-29,True,False
Tommy Tuberville,Republican,Senate,AL,INTU,2022-3-29,False,True
Tommy Tuberville,Republican,Senate,AL,GNRC,2022-3-29,False,True
Tommy Tuberville,Republican,Senate,AL,FGBI,2022-3-29,True,False
Tommy Tuberville,Republican,Senate,AL,FITB,2022-3-29,True,False
Tommy Tuberville,Republican,Senate,AL,EXP,2022-3-29,False,True
Tommy Tuberville,Republican,Senate,AL,DEO,2022-3-29,False,True
Tommy Tuberville,Republican,Senate,AL,CFG,2022-3-29,True,False
Tommy Tuberville,Republican,Senate,AL,CE,2022-3-29,False,True
Tommy Tuberville,Republican,Senate,AL,CP,2022-3-29,False,True
Tommy Tuberville,Republican,Senate,AL,CABO,2022-3-29,False,True
Tommy Tuberville,Republican,Senate,AL,BKE,2022-3-29,False,True
Tommy Tuberville,Republican,Senate,AL,BIO,2022-3-29,False,True
Tommy Tuberville,Republican,Senate,AL,BMO,2022-3-29,True,False
Tommy Tuberville,Republican,Senate,AL,TMO,2022-3-29,True,False
Tommy Tuberville,Republican,Senate,AL,RMD,2022-3-29,True,False
Tommy Tuberville,Republican,Senate,AL,RF,2022-3-29,True,False
Tommy Tuberville,Republican,Senate,AL,NOC,2022-3-29,True,False
Tommy Tuberville,Republican,Senate,AL,NDAQ,2022-3-29,True,False
Tommy Tuberville,Republican,Senate,AL,MRK,2022-3-29,True,False
Tommy Tuberville,Republican,Senate,AL,MASI,2022-3-29,True,False
Tommy Tuberville,Republican,Senate,AL,MMC,2022-3-29,True,False
Tommy Tuberville,Republican,Senate,AL,MKSI,2022-3-29,True,False
Tommy Tuberville,Republican,Senate,AL,HUMA,2022-3-29,True,False
Tommy Tuberville,Republican,Senate,AL,HON,2022-3-29,True,False
Tommy Tuberville,Republican,Senate,AL,GFI,2022-3-29,True,False
Tommy Tuberville,Republican,Senate,AL,IT,2022-3-29,True,False
Tommy Tuberville,Republican,Senate,AL,DHI,2022-3-29,True,False
Tommy Tuberville,Republican,Senate,AL,CDNS,2022-3-29,True,False
Tommy Tuberville,Republican,Senate,AL,AME,2022-3-29,True,False
Tommy Tuberville,Republican,Senate,AL,GOOGL,2022-3-29,True,False
Tommy Tuberville,Republican,Senate,AL,ABBV,2022-3-29,True,False
Kathy Manning,Democrat,House,NC,EQIX,2022-3-30,False,True
Suzan DelBene,Democrat,House,WA,N/A,2022-3-31,False,True
