Name,Party,Chamber,State,Ticker,Date,Buy,Sell
Greg Stanton,Democrat,House,AZ,J,2023-10-23,False,True
Greg Stanton,Democrat,House,AZ,JNJ,2023-10-23,False,True
Greg Stanton,Democrat,House,AZ,JNJ,2023-9-25,True,False
Greg Stanton,Democrat,House,AZ,JPM,2023-9-25,True,False
Greg Stanton,Democrat,House,AZ,JPM,2023-10-23,False,True
Greg Stanton,Democrat,House,AZ,LRCX,2023-9-25,True,False
Greg Stanton,Democrat,House,AZ,LRCX,2023-10-23,False,True
Greg Stanton,Democrat,House,AZ,LIN,2023-9-25,True,False
Greg Stanton,Democrat,House,AZ,LIN,2023-10-23,False,True
Greg Stanton,Democrat,House,AZ,LOW,2023-9-25,True,False
Greg Stanton,Democrat,House,AZ,LOW,2023-10-23,False,True
Greg Stanton,Democrat,House,AZ,MMC,2023-10-23,False,True
Greg Stanton,Democrat,House,AZ,MMC,2023-9-25,True,False
Greg Stanton,Democrat,House,AZ,MA,2023-9-25,True,False
Greg Stanton,Democrat,House,AZ,MA,2023-10-23,False,True
Greg Stanton,Democrat,House,AZ,MCD,2023-9-25,True,False
Greg Stanton,Democrat,House,AZ,MCD,2023-10-23,False,True
Greg Stanton,Democrat,House,AZ,MDT,2023-10-23,False,True
Greg Stanton,Democrat,House,AZ,MDT,2023-9-25,True,False
Greg Stanton,Democrat,House,AZ,MRK,2023-9-25,True,False
Greg Stanton,Democrat,House,AZ,MRK,2023-10-23,False,True
Greg Stanton,Democrat,House,AZ,META,2023-9-25,True,False
Greg Stanton,Democrat,House,AZ,META,2023-10-23,False,True
Greg Stanton,Democrat,House,AZ,MSFT,2023-9-25,True,False
Greg Stanton,Democrat,House,AZ,MSFT,2023-10-23,False,True
Greg Stanton,Democrat,House,AZ,MDLZ,2023-9-25,True,False
Greg Stanton,Democrat,House,AZ,MDLZ,2023-10-23,False,True
Greg Stanton,Democrat,House,AZ,MS,2023-9-25,True,False
Greg Stanton,Democrat,House,AZ,MS,2023-10-23,False,True
Greg Stanton,Democrat,House,AZ,NFLX,2023-9-25,True,False
Greg Stanton,Democrat,House,AZ,NFLX,2023-10-23,False,True
Greg Stanton,Democrat,House,AZ,NEE,2023-9-25,True,False
Greg Stanton,Democrat,House,AZ,NEE,2023-10-23,False,True
Greg Stanton,Democrat,House,AZ,NKE,2023-10-23,False,True
Greg Stanton,Democrat,House,AZ,NKE,2023-9-25,True,False
Greg Stanton,Democrat,House,AZ,NVDA,2023-9-25,True,False
Greg Stanton,Democrat,House,AZ,NVDA,2023-10-23,False,True
Greg Stanton,Democrat,House,AZ,ORCL,2023-9-25,True,False
Greg Stanton,Democrat,House,AZ,ORCL,2023-10-23,False,True
Greg Stanton,Democrat,House,AZ,PANW,2023-10-23,False,True
Greg Stanton,Democrat,House,AZ,PH,2023-10-23,False,True
Greg Stanton,Democrat,House,AZ,PH,2023-9-25,True,False
Greg Stanton,Democrat,House,AZ,PEP,2023-9-25,True,False
Greg Stanton,Democrat,House,AZ,PEP,2023-10-23,False,True
Greg Stanton,Democrat,House,AZ,PFE,2023-10-23,False,True
Greg Stanton,Democrat,House,AZ,PFE,2023-9-25,True,False
Greg Stanton,Democrat,House,AZ,PM,2023-9-25,True,False
Greg Stanton,Democrat,House,AZ,PM,2023-10-23,False,True
Greg Stanton,Democrat,House,AZ,PG,2023-10-23,False,True
Greg Stanton,Democrat,House,AZ,PG,2023-9-25,True,False
Greg Stanton,Democrat,House,AZ,PGR,2023-9-25,True,False
Greg Stanton,Democrat,House,AZ,PGR,2023-10-23,False,True
Greg Stanton,Democrat,House,AZ,PLD,2023-10-23,False,True
Greg Stanton,Democrat,House,AZ,PLD,2023-9-25,True,False
Greg Stanton,Democrat,House,AZ,QCOM,2023-9-25,True,False
Greg Stanton,Democrat,House,AZ,QCOM,2023-10-23,False,True
Greg Stanton,Democrat,House,AZ,SPGI,2023-9-25,True,False
Greg Stanton,Democrat,House,AZ,SPGI,2023-10-23,False,True
Greg Stanton,Democrat,House,AZ,CRM,2023-9-25,True,False
Greg Stanton,Democrat,House,AZ,CRM,2023-10-23,False,True
Greg Stanton,Democrat,House,AZ,NOW,2023-10-23,False,True
Greg Stanton,Democrat,House,AZ,NOW,2023-9-25,True,False
Greg Stanton,Democrat,House,AZ,SBUX,2023-9-25,True,False
Greg Stanton,Democrat,House,AZ,SBUX,2023-10-23,False,True
Greg Stanton,Democrat,House,AZ,SYK,2023-10-23,False,True
Greg Stanton,Democrat,House,AZ,SYK,2023-9-25,True,False
Greg Stanton,Democrat,House,AZ,TDY,2023-9-25,True,False
Greg Stanton,Democrat,House,AZ,TSLA,2023-10-23,False,True
Greg Stanton,Democrat,House,AZ,TSLA,2023-9-25,True,False
Greg Stanton,Democrat,House,AZ,TXN,2023-9-25,True,False
Greg Stanton,Democrat,House,AZ,TXN,2023-10-23,False,True
Greg Stanton,Democrat,House,AZ,TMO,2023-10-23,False,True
Greg Stanton,Democrat,House,AZ,TMO,2023-9-25,True,False
Greg Stanton,Democrat,House,AZ,TJX,2023-9-25,True,False
Greg Stanton,Democrat,House,AZ,TJX,2023-10-23,False,True
Greg Stanton,Democrat,House,AZ,TMUS,2023-10-23,False,True
Greg Stanton,Democrat,House,AZ,TMUS,2023-9-25,True,False
Greg Stanton,Democrat,House,AZ,UNP,2023-9-25,True,False
Greg Stanton,Democrat,House,AZ,UNP,2023-10-23,False,True
Greg Stanton,Democrat,House,AZ,UPS,2023-10-23,False,True
Greg Stanton,Democrat,House,AZ,UPS,2023-9-25,True,False
Greg Stanton,Democrat,House,AZ,UNH,2023-9-25,True,False
Greg Stanton,Democrat,House,AZ,UNH,2023-10-23,False,True
Greg Stanton,Democrat,House,AZ,VZ,2023-9-25,True,False
Greg Stanton,Democrat,House,AZ,VZ,2023-10-23,False,True
Greg Stanton,Democrat,House,AZ,VRTX,2023-10-23,False,True
Greg Stanton,Democrat,House,AZ,VRTX,2023-9-25,True,False
Greg Stanton,Democrat,House,AZ,V,2023-9-25,True,False
Greg Stanton,Democrat,House,AZ,V,2023-10-23,False,True
Greg Stanton,Democrat,House,AZ,WMT,2023-10-23,False,True
Greg Stanton,Democrat,House,AZ,WMT,2023-9-25,True,False
Greg Stanton,Democrat,House,AZ,DIS,2023-9-25,True,False
Greg Stanton,Democrat,House,AZ,DIS,2023-10-23,False,True
Greg Stanton,Democrat,House,AZ,WFC,2023-9-25,True,False
Greg Stanton,Democrat,House,AZ,WFC,2023-10-23,False,True
Greg Stanton,Democrat,House,AZ,ZTS,2023-9-25,True,False
Greg Stanton,Democrat,House,AZ,ZTS,2023-10-23,False,True
Maria Elvira Salazar,Republican,House,FL,NFE,2023-10-23,True,False
Maria Elvira Salazar,Republican,House,FL,NEP,2023-10-23,False,True
Maria Elvira Salazar,Republican,House,FL,N/A,2023-10-25,True,False
Chellie Pingree,Democrat,House,ME,N/A,2023-10-9,False,True
Suzan DelBene,Democrat,House,WA,N/A,2023-10-15,True,False
Suzan DelBene,Democrat,House,WA,N/A,2023-10-19,True,False
Pete Sessions,Republican,House,TX,AAPL,2023-10-31,False,True
Pete Sessions,Republican,House,TX,ARCC,2023-10-31,False,True
Pete Sessions,Republican,House,TX,BNS,2023-11-1,False,True
Pete Sessions,Republican,House,TX,CMG,2023-10-30,False,True
Pete Sessions,Republican,House,TX,CMG,2023-10-30,False,True
Pete Sessions,Republican,House,TX,CCI,2023-10-30,False,True
Pete Sessions,Republican,House,TX,LOW,2023-11-1,False,True
Pete Sessions,Republican,House,TX,MPW,2023-11-2,False,True
Pete Sessions,Republican,House,TX,MSFT,2023-10-31,False,True
Pete Sessions,Republican,House,TX,N/A,2023-11-1,True,False
Pete Sessions,Republican,House,TX,VZ,2023-10-30,False,True
Pete Sessions,Republican,House,TX,WBD,2023-10-31,False,True
Pete Sessions,Republican,House,TX,T,2023-10-30,False,True
Pete Sessions,Republican,House,TX,BUI,2023-10-30,False,True
Pete Sessions,Republican,House,TX,BP,2023-10-30,False,True
Pete Sessions,Republican,House,TX,ET,2023-10-30,False,True
Pete Sessions,Republican,House,TX,LMT,2023-10-30,False,True
Pete Sessions,Republican,House,TX,MCD,2023-10-30,False,True
Pete Sessions,Republican,House,TX,PG,2023-10-30,False,True
Pete Sessions,Republican,House,TX,SNOW,2023-10-30,False,True
Pete Sessions,Republican,House,TX,N/A,2023-10-31,True,False
Pete Sessions,Republican,House,TX,WBD,2023-10-30,False,True
Virginia Foxx,Republican,House,NC,MO,2023-10-10,True,False
Virginia Foxx,Republican,House,NC,CRT,2023-10-1,True,False
Virginia Foxx,Republican,House,NC,FLNG,2023-10-1,True,False
Virginia Foxx,Republican,House,NC,HTGC,2023-10-2,True,False
Virginia Foxx,Republican,House,NC,HTGC,2023-10-19,True,False
Virginia Foxx,Republican,House,NC,HTGC,2023-10-22,True,False
Virginia Foxx,Republican,House,NC,HTGC,2023-10-24,True,False
Virginia Foxx,Republican,House,NC,PAA,2023-10-2,False,True
Earl Blumenauer,Democrat,House,OR,5672A,2023-10-1,True,False
Earl Blumenauer,Democrat,House,OR,N/A,2023-9-28,True,False
John Boozman,Republican,Senate,AR,AES,2023-10-4,False,True
Lloyd Doggett,Democrat,House,TX,KO,2023-10-1,True,False
Mike Kelly,Republican,House,PA,N/A,2023-10-1,False,True
Mike Kelly,Republican,House,PA,N/A,2023-10-18,False,True
Katherine Clark,Democrat,House,MA,KO,2023-10-8,False,True
Katherine Clark,Democrat,House,MA,N/A,2023-10-23,True,False
Katherine Clark,Democrat,House,MA,N/A,2023-10-23,True,False
Doris Matsui,Democrat,House,CA,N/A,2023-10-16,True,False
Doris Matsui,Democrat,House,CA,N/A,2023-10-24,False,True
Tom Carper,Democrat,Senate,DE,PSQ,2023-10-19,False,True
Tom Carper,Democrat,Senate,DE,HDGE,2023-10-19,True,False
Tom Carper,Democrat,Senate,DE,PSQ,2023-10-19,False,True
Tom Carper,Democrat,Senate,DE,HDGE,2023-10-19,True,False
Tom Carper,Democrat,Senate,DE,PSQ,2023-10-19,False,True
Tom Carper,Democrat,Senate,DE,HDGE,2023-10-19,True,False
Tom Carper,Democrat,Senate,DE,N/A,2023-10-18,False,True
Tom Carper,Democrat,Senate,DE,N/A,2023-10-18,False,True
Tom Carper,Democrat,Senate,DE,N/A,2023-10-18,False,True
Tom Carper,Democrat,Senate,DE,N/A,2023-10-18,True,False
Tom Carper,Democrat,Senate,DE,N/A,2023-10-18,False,True
Tom Carper,Democrat,Senate,DE,N/A,2023-10-17,True,False
Tom Carper,Democrat,Senate,DE,N/A,2023-10-17,True,False
Tom Carper,Democrat,Senate,DE,N/A,2023-10-17,True,False
Tom Carper,Democrat,Senate,DE,RVNC,2023-10-3,True,False
Tom Carper,Democrat,Senate,DE,GPCR,2023-10-3,False,True
Jonathan Jackson,Democrat,House,IL,CHX,2023-9-18,True,False
Jonathan Jackson,Democrat,House,IL,DTE,2023-9-25,False,True
Jonathan Jackson,Democrat,House,IL,NEE,2023-9-18,False,True
Markwayne Mullin,Republican,Senate,OK,N/A,2023-10-17,True,False
Markwayne Mullin,Republican,Senate,OK,N/A,2023-10-16,True,False
Markwayne Mullin,Republican,Senate,OK,N/A,2023-10-3,True,False
Markwayne Mullin,Republican,Senate,OK,N/A,2023-10-12,True,False
Markwayne Mullin,Republican,Senate,OK,N/A,2023-10-24,True,False
Markwayne Mullin,Republican,Senate,OK,N/A,2023-10-2,True,False
Markwayne Mullin,Republican,Senate,OK,N/A,2023-10-3,True,False
Markwayne Mullin,Republican,Senate,OK,N/A,2023-10-3,True,False
Markwayne Mullin,Republican,Senate,OK,N/A,2023-10-5,True,False
Markwayne Mullin,Republican,Senate,OK,N/A,2023-10-11,True,False
Markwayne Mullin,Republican,Senate,OK,ABT,2023-10-2,True,False
Markwayne Mullin,Republican,Senate,OK,ADBE,2023-10-2,True,False
Markwayne Mullin,Republican,Senate,OK,AMD,2023-10-2,True,False
Markwayne Mullin,Republican,Senate,OK,GOOGL,2023-10-2,True,False
Markwayne Mullin,Republican,Senate,OK,AMZN,2023-10-2,True,False
Markwayne Mullin,Republican,Senate,OK,AXP,2023-10-2,True,False
Markwayne Mullin,Republican,Senate,OK,ELV,2023-10-2,True,False
Markwayne Mullin,Republican,Senate,OK,AAPL,2023-10-2,True,False
Markwayne Mullin,Republican,Senate,OK,AMAT,2023-10-2,True,False
Markwayne Mullin,Republican,Senate,OK,AZO,2023-10-2,True,False
Markwayne Mullin,Republican,Senate,OK,BRK/B,2023-10-2,True,False
Markwayne Mullin,Republican,Senate,OK,BLK,2023-10-2,True,False
Markwayne Mullin,Republican,Senate,OK,BSX,2023-10-2,True,False
Markwayne Mullin,Republican,Senate,OK,CSX,2023-10-2,True,False
Markwayne Mullin,Republican,Senate,OK,CAT,2023-10-2,True,False
Markwayne Mullin,Republican,Senate,OK,CVX,2023-10-2,True,False
Markwayne Mullin,Republican,Senate,OK,CMG,2023-10-2,True,False
Markwayne Mullin,Republican,Senate,OK,KO,2023-10-2,True,False
Markwayne Mullin,Republican,Senate,OK,CMCSA,2023-10-2,True,False
Markwayne Mullin,Republican,Senate,OK,COP,2023-10-2,True,False
Markwayne Mullin,Republican,Senate,OK,STZ,2023-10-2,True,False
Markwayne Mullin,Republican,Senate,OK,COST,2023-10-2,True,False
Markwayne Mullin,Republican,Senate,OK,DE,2023-10-2,True,False
Markwayne Mullin,Republican,Senate,OK,EW,2023-10-2,True,False
Markwayne Mullin,Republican,Senate,OK,EMR,2023-10-2,True,False
Markwayne Mullin,Republican,Senate,OK,META,2023-10-2,True,False
Markwayne Mullin,Republican,Senate,OK,FI,2023-10-2,True,False
Markwayne Mullin,Republican,Senate,OK,GS,2023-10-2,True,False
Markwayne Mullin,Republican,Senate,OK,HLT,2023-10-2,True,False
Markwayne Mullin,Republican,Senate,OK,HD,2023-10-2,True,False
Markwayne Mullin,Republican,Senate,OK,HON,2023-10-2,True,False
Markwayne Mullin,Republican,Senate,OK,ICE,2023-10-2,True,False
Markwayne Mullin,Republican,Senate,OK,JPM,2023-10-2,True,False
Markwayne Mullin,Republican,Senate,OK,LRCX,2023-10-2,True,False
Markwayne Mullin,Republican,Senate,OK,LLY,2023-10-2,True,False
Markwayne Mullin,Republican,Senate,OK,MA,2023-10-2,True,False
Markwayne Mullin,Republican,Senate,OK,MSFT,2023-10-2,True,False
Markwayne Mullin,Republican,Senate,OK,NKE,2023-10-2,True,False
Markwayne Mullin,Republican,Senate,OK,NVDA,2023-10-2,True,False
Markwayne Mullin,Republican,Senate,OK,PANW,2023-10-2,True,False
Markwayne Mullin,Republican,Senate,OK,PEP,2023-10-2,True,False
Markwayne Mullin,Republican,Senate,OK,PG,2023-10-2,True,False
Markwayne Mullin,Republican,Senate,OK,RTX,2023-10-2,True,False
Markwayne Mullin,Republican,Senate,OK,SPGI,2023-10-2,True,False
Markwayne Mullin,Republican,Senate,OK,CRM,2023-10-2,True,False
Markwayne Mullin,Republican,Senate,OK,SHW,2023-10-2,True,False
Markwayne Mullin,Republican,Senate,OK,SBUX,2023-10-2,True,False
Markwayne Mullin,Republican,Senate,OK,TMUS,2023-10-2,True,False
Markwayne Mullin,Republican,Senate,OK,TXN,2023-10-2,True,False
Markwayne Mullin,Republican,Senate,OK,TMO,2023-10-2,True,False
Markwayne Mullin,Republican,Senate,OK,UNP,2023-10-2,True,False
Markwayne Mullin,Republican,Senate,OK,UNH,2023-10-2,True,False
Markwayne Mullin,Republican,Senate,OK,V,2023-10-2,True,False
Markwayne Mullin,Republican,Senate,OK,ZTS,2023-10-2,True,False
Max Miller,Republican,House,OH,N/A,2023-10-29,True,False
Dan Bishop,Republican,House,NC,N/A,2023-10-25,True,False
Dan Bishop,Republican,House,NC,N/A,2023-10-24,True,False
Dan Bishop,Republican,House,NC,N/A,2023-10-24,True,False
Dan Bishop,Republican,House,NC,N/A,2023-10-25,True,False
Dan Bishop,Republican,House,NC,N/A,2023-10-25,True,False
Eleanor Holmes Norton,Democrat,House,WA,N/A,2023-10-12,False,True
James Vance,Republican,Senate,OH,WMT,2023-10-2,False,True
Bob Latta,Republican,House,OH,FMAO,2023-10-19,True,False
Pete Ricketts,Republican,Senate,NE,YUM,2023-9-20,False,True
Pete Ricketts,Republican,Senate,NE,WAL,2023-9-20,False,True
Pete Ricketts,Republican,Senate,NE,VZ,2023-9-20,False,True
Pete Ricketts,Republican,Senate,NE,UNP,2023-9-20,False,True
Pete Ricketts,Republican,Senate,NE,UNH,2023-9-20,False,True
Pete Ricketts,Republican,Senate,NE,PNC,2023-9-20,False,True
Pete Ricketts,Republican,Senate,NE,PM,2023-9-20,False,True
Pete Ricketts,Republican,Senate,NE,PLD,2023-9-20,False,True
Pete Ricketts,Republican,Senate,NE,PG,2023-9-20,False,True
Pete Ricketts,Republican,Senate,NE,NTR,2023-9-20,False,True
Pete Ricketts,Republican,Senate,NE,MRK,2023-9-20,False,True
Pete Ricketts,Republican,Senate,NE,MDT,2023-9-20,False,True
Pete Ricketts,Republican,Senate,NE,MCD,2023-9-20,False,True
Pete Ricketts,Republican,Senate,NE,KO,2023-9-20,False,True
Pete Ricketts,Republican,Senate,NE,JNJ,2023-9-20,False,True
Pete Ricketts,Republican,Senate,NE,GD,2023-9-20,False,True
Pete Ricketts,Republican,Senate,NE,EQNR,2023-9-20,False,True
Pete Ricketts,Republican,Senate,NE,EMR,2023-9-20,False,True
Pete Ricketts,Republican,Senate,NE,CVS,2023-9-20,False,True
Pete Ricketts,Republican,Senate,NE,CUBE,2023-9-20,False,True
Pete Ricketts,Republican,Senate,NE,CF,2023-9-20,False,True
Pete Ricketts,Republican,Senate,NE,BRK/B,2023-9-20,False,True
Pete Ricketts,Republican,Senate,NE,APA,2023-9-20,False,True
Pete Ricketts,Republican,Senate,NE,ADP,2023-9-20,False,True
Pete Ricketts,Republican,Senate,NE,ABT,2023-9-20,False,True
Rob Wittman,Republican,House,VA,ABBV,2023-9-27,False,True
Rob Wittman,Republican,House,VA,GOOGL,2023-9-27,False,True
Rob Wittman,Republican,House,VA,AMZN,2023-9-27,False,True
Rob Wittman,Republican,House,VA,AMT,2023-9-6,True,False
Rob Wittman,Republican,House,VA,AAPL,2023-9-27,False,True
Rob Wittman,Republican,House,VA,CAT,2023-9-27,False,True
Rob Wittman,Republican,House,VA,EOG,2023-9-27,False,True
Rob Wittman,Republican,House,VA,FIS,2023-9-14,False,True
Rob Wittman,Republican,House,VA,HIG,2023-9-27,False,True
Rob Wittman,Republican,House,VA,IFF,2023-9-14,False,True
Rob Wittman,Republican,House,VA,JPM,2023-9-27,False,True
Rob Wittman,Republican,House,VA,KMI,2023-9-27,False,True
Rob Wittman,Republican,House,VA,MSFT,2023-9-27,False,True
Rob Wittman,Republican,House,VA,PLD,2023-9-27,False,True
Rob Wittman,Republican,House,VA,UNH,2023-9-27,False,True
Rob Wittman,Republican,House,VA,WMT,2023-9-27,False,True
Michael McCaul,Republican,House,TX,AER,2023-9-19,True,False
Michael McCaul,Republican,House,TX,AIT,2023-9-25,False,True
Michael McCaul,Republican,House,TX,N/A,2023-9-6,True,False
Michael McCaul,Republican,House,TX,N/A,2023-9-20,True,False
Michael McCaul,Republican,House,TX,BAYRY,2023-9-13,True,False
Michael McCaul,Republican,House,TX,BAYRY,2023-9-12,True,False
Michael McCaul,Republican,House,TX,N/A,2023-9-18,True,False
Michael McCaul,Republican,House,TX,N/A,2023-9-20,True,False
Michael McCaul,Republican,House,TX,N/A,2023-9-24,True,False
Michael McCaul,Republican,House,TX,N/A,2023-9-28,True,False
Michael McCaul,Republican,House,TX,N/A,2023-9-10,True,False
Michael McCaul,Republican,House,TX,C,2023-8-31,False,True
Michael McCaul,Republican,House,TX,C,2023-9-18,False,True
Michael McCaul,Republican,House,TX,N/A,2023-9-18,True,False
Michael McCaul,Republican,House,TX,CMCSA,2023-9-18,False,True
Michael McCaul,Republican,House,TX,N/A,2023-9-20,True,False
Michael McCaul,Republican,House,TX,CTS,2023-9-7,True,False
Michael McCaul,Republican,House,TX,N/A,2023-9-14,True,False
Michael McCaul,Republican,House,TX,N/A,2023-9-7,True,False
Michael McCaul,Republican,House,TX,N/A,2023-9-25,True,False
Michael McCaul,Republican,House,TX,N/A,2023-9-19,True,False
Michael McCaul,Republican,House,TX,ELV,2023-9-14,True,False
Michael McCaul,Republican,House,TX,N/A,2023-9-28,False,True
Michael McCaul,Republican,House,TX,N/A,2023-9-4,True,False
Michael McCaul,Republican,House,TX,N/A,2023-9-20,False,True
Michael McCaul,Republican,House,TX,N/A,2023-9-11,True,False
Michael McCaul,Republican,House,TX,N/A,2023-9-18,True,False
Michael McCaul,Republican,House,TX,N/A,2023-9-11,True,False
Michael McCaul,Republican,House,TX,N/A,2023-9-13,True,False
Michael McCaul,Republican,House,TX,N/A,2023-9-13,True,False
Michael McCaul,Republican,House,TX,N/A,2023-9-27,True,False
Michael McCaul,Republican,House,TX,N/A,2023-9-12,True,False
Michael McCaul,Republican,House,TX,N/A,2023-9-20,True,False
Michael McCaul,Republican,House,TX,N/A,2023-9-6,True,False
Michael McCaul,Republican,House,TX,N/A,2023-9-6,True,False
Michael McCaul,Republican,House,TX,N/A,2023-9-7,True,False
Michael McCaul,Republican,House,TX,N/A,2023-9-10,True,False
Michael McCaul,Republican,House,TX,N/A,2023-9-20,True,False
Michael McCaul,Republican,House,TX,N/A,2023-9-6,True,False
Michael McCaul,Republican,House,TX,N/A,2023-9-25,True,False
Michael McCaul,Republican,House,TX,META,2023-9-24,False,True
Michael McCaul,Republican,House,TX,N/A,2023-9-6,True,False
Michael McCaul,Republican,House,TX,N/A,2023-9-6,True,False
Michael McCaul,Republican,House,TX,N/A,2023-9-6,True,False
Michael McCaul,Republican,House,TX,N/A,2023-9-6,True,False
Michael McCaul,Republican,House,TX,N/A,2023-9-28,False,True
Michael McCaul,Republican,House,TX,N/A,2023-9-19,True,False
Michael McCaul,Republican,House,TX,N/A,2023-9-11,True,False
Michael McCaul,Republican,House,TX,NVT,2023-9-26,False,True
Michael McCaul,Republican,House,TX,N/A,2023-9-11,True,False
Michael McCaul,Republican,House,TX,N/A,2023-9-12,True,False
Michael McCaul,Republican,House,TX,N/A,2023-9-24,True,False
Michael McCaul,Republican,House,TX,N/A,2023-8-31,False,True
Michael McCaul,Republican,House,TX,N/A,2023-9-6,True,False
Michael McCaul,Republican,House,TX,N/A,2023-9-27,True,False
Michael McCaul,Republican,House,TX,N/A,2023-9-18,True,False
Michael McCaul,Republican,House,TX,N/A,2023-9-13,True,False
Michael McCaul,Republican,House,TX,SAP,2023-9-26,True,False
Michael McCaul,Republican,House,TX,SAP,2023-9-17,True,False
Michael McCaul,Republican,House,TX,N/A,2023-9-20,True,False
Michael McCaul,Republican,House,TX,N/A,2023-9-19,True,False
Michael McCaul,Republican,House,TX,N/A,2023-9-6,True,False
Michael McCaul,Republican,House,TX,N/A,2023-9-18,True,False
Michael McCaul,Republican,House,TX,N/A,2023-9-19,True,False
Michael McCaul,Republican,House,TX,N/A,2023-9-5,True,False
Michael McCaul,Republican,House,TX,N/A,2023-9-28,False,True
Michael McCaul,Republican,House,TX,N/A,2023-9-7,False,True
Michael McCaul,Republican,House,TX,N/A,2023-9-24,False,True
Michael McCaul,Republican,House,TX,N/A,2023-9-28,False,True
Michael McCaul,Republican,House,TX,N/A,2023-9-27,False,True
Michael McCaul,Republican,House,TX,N/A,2023-9-10,False,True
Michael McCaul,Republican,House,TX,N/A,2023-9-12,False,True
Michael McCaul,Republican,House,TX,N/A,2023-9-21,False,True
Michael McCaul,Republican,House,TX,N/A,2023-9-13,False,True
Michael McCaul,Republican,House,TX,N/A,2023-9-19,False,True
Michael McCaul,Republican,House,TX,N/A,2023-9-11,False,True
Michael McCaul,Republican,House,TX,N/A,2023-9-18,False,True
Michael McCaul,Republican,House,TX,N/A,2023-9-19,False,True
Michael McCaul,Republican,House,TX,VVV,2023-9-14,True,False
Michael McCaul,Republican,House,TX,VVV,2023-9-21,True,False
Michael McCaul,Republican,House,TX,VMFXX,2023-9-11,False,True
Michael McCaul,Republican,House,TX,VWLUX,2023-8-30,False,True
Michael McCaul,Republican,House,TX,N/A,2023-9-24,False,True
Michael McCaul,Republican,House,TX,N/A,2023-9-19,True,False
Michael McCaul,Republican,House,TX,N/A,2023-9-25,True,False
Michael McCaul,Republican,House,TX,N/A,2023-9-27,True,False
Michael McCaul,Republican,House,TX,N/A,2023-9-11,True,False
Michael McCaul,Republican,House,TX,N/A,2023-9-20,True,False
Michael McCaul,Republican,House,TX,AAP,2023-9-14,False,True
Michael McCaul,Republican,House,TX,T,2023-9-11,False,True
Michael McCaul,Republican,House,TX,C,2023-9-6,False,True
Michael McCaul,Republican,House,TX,CVS,2023-9-11,True,False
Michael McCaul,Republican,House,TX,D,2023-9-11,True,False
Michael McCaul,Republican,House,TX,DXC,2023-9-5,False,True
Michael McCaul,Republican,House,TX,DXC,2023-8-31,False,True
Michael McCaul,Republican,House,TX,DXC,2023-9-4,False,True
Michael McCaul,Republican,House,TX,ST,2023-9-14,True,False
Michael McCaul,Republican,House,TX,ST,2023-9-17,True,False
Michael McCaul,Republican,House,TX,SF,2023-9-6,True,False
Michael McCaul,Republican,House,TX,SF,2023-9-5,True,False
Michael McCaul,Republican,House,TX,SF,2023-9-5,True,False
Michael McCaul,Republican,House,TX,SF,2023-9-7,True,False
Michael McCaul,Republican,House,TX,TPR,2023-8-31,True,False
Michael McCaul,Republican,House,TX,TPR,2023-9-4,True,False
Michael McCaul,Republican,House,TX,JPM,2023-9-6,True,False
Michael McCaul,Republican,House,TX,JPM,2023-9-20,False,True
Michael McCaul,Republican,House,TX,JPM,2023-9-20,True,False
Michael McCaul,Republican,House,TX,OGVXX,2023-8-31,True,False
Michael McCaul,Republican,House,TX,OGVXX,2023-9-6,False,True
Michael McCaul,Republican,House,TX,VWLUX,2023-8-31,True,False
Michael McCaul,Republican,House,TX,VTI,2023-9-21,True,False
Michael McCaul,Republican,House,TX,AER,2023-9-19,True,False
Michael McCaul,Republican,House,TX,AIT,2023-9-25,False,True
Michael McCaul,Republican,House,TX,N/A,2023-9-6,True,False
Michael McCaul,Republican,House,TX,N/A,2023-9-20,True,False
Michael McCaul,Republican,House,TX,BAYRY,2023-9-13,True,False
Michael McCaul,Republican,House,TX,BAYRY,2023-9-12,True,False
Michael McCaul,Republican,House,TX,N/A,2023-9-18,True,False
Michael McCaul,Republican,House,TX,N/A,2023-9-20,True,False
Michael McCaul,Republican,House,TX,N/A,2023-9-24,True,False
Michael McCaul,Republican,House,TX,N/A,2023-9-28,True,False
Michael McCaul,Republican,House,TX,N/A,2023-9-10,True,False
Michael McCaul,Republican,House,TX,C,2023-8-31,False,True
Michael McCaul,Republican,House,TX,C,2023-9-18,False,True
Michael McCaul,Republican,House,TX,N/A,2023-9-18,True,False
Michael McCaul,Republican,House,TX,CMCSA,2023-9-14,False,True
Michael McCaul,Republican,House,TX,N/A,2023-9-20,True,False
Michael McCaul,Republican,House,TX,CTS,2023-9-7,True,False
Michael McCaul,Republican,House,TX,N/A,2023-9-14,True,False
Michael McCaul,Republican,House,TX,N/A,2023-9-5,True,False
Michael McCaul,Republican,House,TX,N/A,2023-9-25,True,False
Michael McCaul,Republican,House,TX,N/A,2023-9-19,True,False
Michael McCaul,Republican,House,TX,ELV,2023-9-14,True,False
Michael McCaul,Republican,House,TX,N/A,2023-9-28,False,True
Michael McCaul,Republican,House,TX,N/A,2023-9-4,True,False
Michael McCaul,Republican,House,TX,N/A,2023-9-20,False,True
Michael McCaul,Republican,House,TX,N/A,2023-9-11,True,False
Michael McCaul,Republican,House,TX,N/A,2023-9-18,True,False
Michael McCaul,Republican,House,TX,N/A,2023-9-11,True,False
Michael McCaul,Republican,House,TX,N/A,2023-9-13,True,False
Michael McCaul,Republican,House,TX,N/A,2023-9-13,True,False
Michael McCaul,Republican,House,TX,N/A,2023-9-25,True,False
Michael McCaul,Republican,House,TX,N/A,2023-9-12,True,False
Michael McCaul,Republican,House,TX,N/A,2023-9-20,True,False
Michael McCaul,Republican,House,TX,N/A,2023-9-6,True,False
Michael McCaul,Republican,House,TX,N/A,2023-9-6,True,False
Michael McCaul,Republican,House,TX,N/A,2023-9-7,True,False
Michael McCaul,Republican,House,TX,N/A,2023-9-10,True,False
Michael McCaul,Republican,House,TX,N/A,2023-9-20,True,False
Michael McCaul,Republican,House,TX,N/A,2023-9-6,True,False
Michael McCaul,Republican,House,TX,N/A,2023-9-25,True,False
Michael McCaul,Republican,House,TX,META,2023-9-24,False,True
Michael McCaul,Republican,House,TX,N/A,2023-9-6,True,False
Michael McCaul,Republican,House,TX,N/A,2023-9-6,True,False
Michael McCaul,Republican,House,TX,N/A,2023-9-6,True,False
Michael McCaul,Republican,House,TX,N/A,2023-9-6,True,False
Michael McCaul,Republican,House,TX,N/A,2023-9-28,False,True
Michael McCaul,Republican,House,TX,N/A,2023-9-19,True,False
Michael McCaul,Republican,House,TX,N/A,2023-9-11,True,False
Michael McCaul,Republican,House,TX,NVT,2023-9-26,False,True
Michael McCaul,Republican,House,TX,N/A,2023-9-11,True,False
Michael McCaul,Republican,House,TX,N/A,2023-9-12,True,False
Michael McCaul,Republican,House,TX,N/A,2023-9-24,True,False
Michael McCaul,Republican,House,TX,N/A,2023-8-31,False,True
Michael McCaul,Republican,House,TX,N/A,2023-9-6,True,False
Michael McCaul,Republican,House,TX,N/A,2023-9-27,True,False
Michael McCaul,Republican,House,TX,N/A,2023-9-18,True,False
Michael McCaul,Republican,House,TX,N/A,2023-9-13,True,False
Michael McCaul,Republican,House,TX,SAP,2023-9-26,True,False
Michael McCaul,Republican,House,TX,SAP,2023-9-17,True,False
Michael McCaul,Republican,House,TX,N/A,2023-9-20,True,False
Michael McCaul,Republican,House,TX,N/A,2023-9-19,True,False
Michael McCaul,Republican,House,TX,N/A,2023-9-6,True,False
Michael McCaul,Republican,House,TX,N/A,2023-9-18,True,False
Michael McCaul,Republican,House,TX,N/A,2023-9-19,True,False
Michael McCaul,Republican,House,TX,N/A,2023-9-5,True,False
Michael McCaul,Republican,House,TX,N/A,2023-9-28,False,True
Michael McCaul,Republican,House,TX,N/A,2023-9-7,False,True
Michael McCaul,Republican,House,TX,N/A,2023-9-24,False,True
Michael McCaul,Republican,House,TX,N/A,2023-9-28,False,True
Michael McCaul,Republican,House,TX,N/A,2023-9-27,False,True
Michael McCaul,Republican,House,TX,N/A,2023-9-10,False,True
Michael McCaul,Republican,House,TX,N/A,2023-9-12,False,True
Michael McCaul,Republican,House,TX,N/A,2023-9-21,False,True
Michael McCaul,Republican,House,TX,N/A,2023-9-13,False,True
Michael McCaul,Republican,House,TX,N/A,2023-9-19,False,True
Michael McCaul,Republican,House,TX,N/A,2023-9-11,False,True
Michael McCaul,Republican,House,TX,N/A,2023-9-18,False,True
Michael McCaul,Republican,House,TX,N/A,2023-9-19,False,True
Michael McCaul,Republican,House,TX,VVV,2023-9-14,True,False
Michael McCaul,Republican,House,TX,VVV,2023-9-21,True,False
Michael McCaul,Republican,House,TX,VMFXX,2023-9-11,False,True
Michael McCaul,Republican,House,TX,VWLUX,2023-9-30,False,True
Michael McCaul,Republican,House,TX,N/A,2023-9-24,False,True
Michael McCaul,Republican,House,TX,N/A,2023-9-19,True,False
Michael McCaul,Republican,House,TX,N/A,2023-9-25,True,False
Michael McCaul,Republican,House,TX,N/A,2023-9-27,True,False
Michael McCaul,Republican,House,TX,N/A,2023-9-11,True,False
Michael McCaul,Republican,House,TX,N/A,2023-9-20,True,False
Michael McCaul,Republican,House,TX,AAP,2023-9-14,False,True
Michael McCaul,Republican,House,TX,T,2023-9-11,False,True
Michael McCaul,Republican,House,TX,C,2023-9-6,False,True
Michael McCaul,Republican,House,TX,CVS,2023-9-11,True,False
Michael McCaul,Republican,House,TX,D,2023-9-11,True,False
Michael McCaul,Republican,House,TX,DXC,2023-9-5,False,True
Michael McCaul,Republican,House,TX,DXC,2023-8-31,False,True
Michael McCaul,Republican,House,TX,DXC,2023-9-4,False,True
Michael McCaul,Republican,House,TX,ST,2023-9-14,True,False
Michael McCaul,Republican,House,TX,ST,2023-9-17,True,False
Michael McCaul,Republican,House,TX,SF,2023-9-6,True,False
Michael McCaul,Republican,House,TX,SF,2023-9-5,True,False
Michael McCaul,Republican,House,TX,SF,2023-9-5,True,False
Michael McCaul,Republican,House,TX,SF,2023-9-7,True,False
Michael McCaul,Republican,House,TX,TPR,2023-8-31,True,False
Michael McCaul,Republican,House,TX,TPR,2023-9-4,True,False
Michael McCaul,Republican,House,TX,JPM,2023-9-6,True,False
Michael McCaul,Republican,House,TX,JPM,2023-9-20,False,True
Michael McCaul,Republican,House,TX,JPM,2023-9-20,True,False
Michael McCaul,Republican,House,TX,OGVXX,2023-8-31,True,False
Michael McCaul,Republican,House,TX,OGVXX,2023-9-6,False,True
Michael McCaul,Republican,House,TX,VWLUX,2023-8-31,True,False
Michael McCaul,Republican,House,TX,VTI,2023-9-21,True,False
Bill Hagerty,Republican,Senate,TN,N/A,2023-10-1,True,False
Bill Hagerty,Republican,Senate,TN,N/A,2023-10-1,True,False
Sheldon Whitehouse,Democrat,Senate,RI,C,2023-9-19,False,True
Sheldon Whitehouse,Democrat,Senate,RI,PYPL,2023-9-19,False,True
Sheldon Whitehouse,Democrat,Senate,RI,T,2023-9-19,False,True
Sheldon Whitehouse,Democrat,Senate,RI,BTO,2023-9-19,False,True
Sheldon Whitehouse,Democrat,Senate,RI,WBD,2023-9-19,False,True
Sheldon Whitehouse,Democrat,Senate,RI,INTC,2023-9-19,False,True
Sheldon Whitehouse,Democrat,Senate,RI,MET,2023-9-19,False,True
Sheldon Whitehouse,Democrat,Senate,RI,IR,2023-9-19,False,True
Sheldon Whitehouse,Democrat,Senate,RI,KVUE,2023-9-19,True,False
Sheldon Whitehouse,Democrat,Senate,RI,VZ,2023-9-19,True,False
Sheldon Whitehouse,Democrat,Senate,RI,NVS,2023-9-19,True,False
Sheldon Whitehouse,Democrat,Senate,RI,MMM,2023-9-19,False,True
Sheldon Whitehouse,Democrat,Senate,RI,T,2023-9-19,False,True
Sheldon Whitehouse,Democrat,Senate,RI,TSLA,2023-9-19,True,False
Sheldon Whitehouse,Democrat,Senate,RI,SQ,2023-9-19,False,True
Sheldon Whitehouse,Democrat,Senate,RI,WBD,2023-9-19,False,True
Sheldon Whitehouse,Democrat,Senate,RI,LLY,2023-9-19,True,False
Scott Peters,Democrat,House,CA,N/A,2023-9-20,False,True
Scott Peters,Democrat,House,CA,N/A,2023-9-24,True,False
Scott Peters,Democrat,House,CA,N/A,2023-9-20,False,True
Scott Peters,Democrat,House,CA,N/A,2023-9-24,True,False
Pete Sessions,Republican,House,TX,ARCC,2023-10-5,True,False
Pete Sessions,Republican,House,TX,WBD,2023-10-5,False,True
Max Miller,Republican,House,OH,N/A,2023-10-11,True,False
Josh Gottheimer,Democrat,House,NJ,ADYEY,2023-9-14,False,True
Josh Gottheimer,Democrat,House,NJ,ALGT,2023-9-14,False,True
Josh Gottheimer,Democrat,House,NJ,GOOGL,2023-9-14,True,False
Josh Gottheimer,Democrat,House,NJ,AAPL,2023-9-25,False,True
Josh Gottheimer,Democrat,House,NJ,ARQT,2023-9-14,False,True
Josh Gottheimer,Democrat,House,NJ,ATLKY,2023-9-11,False,True
Josh Gottheimer,Democrat,House,NJ,AZTA,2023-9-14,False,True
Josh Gottheimer,Democrat,House,NJ,BCRX,2023-9-14,False,True
Josh Gottheimer,Democrat,House,NJ,AVGO,2023-9-21,True,False
Josh Gottheimer,Democrat,House,NJ,CCI,2023-9-14,False,True
Josh Gottheimer,Democrat,House,NJ,CYRX,2023-9-14,False,True
Josh Gottheimer,Democrat,House,NJ,1093,2023-9-14,False,True
Josh Gottheimer,Democrat,House,NJ,DXCM,2023-9-11,False,True
Josh Gottheimer,Democrat,House,NJ,D,2023-9-14,False,True
Josh Gottheimer,Democrat,House,NJ,LLY,2023-9-20,True,False
Josh Gottheimer,Democrat,House,NJ,LLY,2023-9-11,True,False
Josh Gottheimer,Democrat,House,NJ,DAVA,2023-9-14,False,True
Josh Gottheimer,Democrat,House,NJ,XNGSY,2023-9-14,False,True
Josh Gottheimer,Democrat,House,NJ,EXAS,2023-9-14,False,True
Josh Gottheimer,Democrat,House,NJ,FANUY,2023-9-14,False,True
Josh Gottheimer,Democrat,House,NJ,FIS,2023-9-14,False,True
Josh Gottheimer,Democrat,House,NJ,FSLR,2023-9-14,False,True
Josh Gottheimer,Democrat,House,NJ,FMX,2023-9-11,False,True
Josh Gottheimer,Democrat,House,NJ,FOXF,2023-9-14,False,True
Josh Gottheimer,Democrat,House,NJ,GMAB,2023-9-14,False,True
Josh Gottheimer,Democrat,House,NJ,N/A,2023-9-17,True,False
Josh Gottheimer,Democrat,House,NJ,IART,2023-9-14,False,True
Josh Gottheimer,Democrat,House,NJ,LRLCY,2023-9-11,True,False
Josh Gottheimer,Democrat,House,NJ,MA,2023-9-6,True,False
Josh Gottheimer,Democrat,House,NJ,MA,2023-9-21,True,False
Josh Gottheimer,Democrat,House,NJ,MRNA,2023-9-14,False,True
Josh Gottheimer,Democrat,House,NJ,NCLTY,2023-9-14,False,True
Josh Gottheimer,Democrat,House,NJ,NOC,2023-9-25,True,False
Josh Gottheimer,Democrat,House,NJ,NVZMY,2023-9-14,False,True
Josh Gottheimer,Democrat,House,NJ,NVDA,2023-9-10,False,True
Josh Gottheimer,Democrat,House,NJ,PHR,2023-9-14,False,True
Josh Gottheimer,Democrat,House,NJ,PNGAY,2023-9-14,False,True
Josh Gottheimer,Democrat,House,NJ,ROLL,2023-9-5,False,True
Josh Gottheimer,Democrat,House,NJ,SMNNY,2023-9-14,False,True
Josh Gottheimer,Democrat,House,NJ,SGIOY,2023-9-14,False,True
Josh Gottheimer,Democrat,House,NJ,SHLS,2023-9-14,False,True
Josh Gottheimer,Democrat,House,NJ,SLGN,2023-9-14,False,True
Josh Gottheimer,Democrat,House,NJ,SBUX,2023-9-14,False,True
Josh Gottheimer,Democrat,House,NJ,TGT,2023-9-25,False,True
Josh Gottheimer,Democrat,House,NJ,TSLA,2023-9-21,True,False
Josh Gottheimer,Democrat,House,NJ,SHYF,2023-9-14,False,True
Josh Gottheimer,Democrat,House,NJ,TWKS,2023-9-14,False,True
Josh Gottheimer,Democrat,House,NJ,UTZ,2023-9-14,False,True
Josh Gottheimer,Democrat,House,NJ,VCYT,2023-9-14,False,True
Josh Gottheimer,Democrat,House,NJ,VBTX,2023-9-14,False,True
Josh Gottheimer,Democrat,House,NJ,VBTX,2023-9-17,False,True
Josh Gottheimer,Democrat,House,NJ,VZ,2023-9-14,False,True
Josh Gottheimer,Democrat,House,NJ,VIAV,2023-9-14,False,True
Shelley Moore Capito,Republican,Senate,WV,SPGI,2023-9-26,True,False
Shelley Moore Capito,Republican,Senate,WV,UNH,2023-9-21,True,False
Shelley Moore Capito,Republican,Senate,WV,ACN,2023-9-21,True,False
Shelley Moore Capito,Republican,Senate,WV,RTX,2023-9-20,False,True
Shelley Moore Capito,Republican,Senate,WV,USB,2023-8-31,False,True
Tommy Tuberville,Republican,Senate,AL,LLY,2023-9-7,False,True
Tommy Tuberville,Republican,Senate,AL,PRU,2023-9-6,False,True
Tommy Tuberville,Republican,Senate,AL,TSN,2023-9-6,False,True
Tommy Tuberville,Republican,Senate,AL,AAPL,2023-9-6,False,True
Tommy Tuberville,Republican,Senate,AL,KR,2023-9-27,True,False
Tommy Tuberville,Republican,Senate,AL,CLX,2023-9-19,True,False
Tommy Tuberville,Republican,Senate,AL,FITB,2023-9-17,False,True
Tommy Tuberville,Republican,Senate,AL,TXN,2023-9-17,False,True
Tommy Tuberville,Republican,Senate,AL,LPX,2023-9-17,False,True
Tommy Tuberville,Republican,Senate,AL,PARA,2023-9-17,False,True
Tommy Tuberville,Republican,Senate,AL,PARA,2023-9-17,True,False
Tommy Tuberville,Republican,Senate,AL,TXN,2023-9-17,True,False
Tommy Tuberville,Republican,Senate,AL,KMB,2023-9-14,True,False
Tommy Tuberville,Republican,Senate,AL,TXN,2023-9-13,True,False
Tommy Tuberville,Republican,Senate,AL,CLF,2023-9-13,True,False
Tommy Tuberville,Republican,Senate,AL,INTC,2023-9-12,False,True
Tommy Tuberville,Republican,Senate,AL,QCOM,2023-9-12,False,True
Tommy Tuberville,Republican,Senate,AL,QCOM,2023-9-12,True,False
Tommy Tuberville,Republican,Senate,AL,QCOM,2023-9-12,False,True
Tommy Tuberville,Republican,Senate,AL,KMB,2023-9-12,True,False
Tommy Tuberville,Republican,Senate,AL,LPX,2023-9-11,True,False
Tommy Tuberville,Republican,Senate,AL,KMB,2023-9-7,True,False
Tommy Tuberville,Republican,Senate,AL,CLF,2023-9-7,True,False
Tommy Tuberville,Republican,Senate,AL,CLF,2023-9-6,True,False
Tommy Tuberville,Republican,Senate,AL,QCOM,2023-8-31,False,True
Rudy Yakym,Republican,House,IN,N/A,2023-10-11,True,False
Jared Moskowitz,Democrat,House,FL,CMI,2023-9-26,True,False
Jared Moskowitz,Democrat,House,FL,CMI,2023-9-26,True,False
Jared Moskowitz,Democrat,House,FL,TGT,2023-9-26,False,True
Jared Moskowitz,Democrat,House,FL,TGT,2023-9-26,False,True
Kevin Hern,Republican,House,OK,DVN,2023-9-28,True,False
Kevin Hern,Republican,House,OK,DVN,2023-9-28,True,False
Kevin Hern,Republican,House,OK,EMR,2023-9-10,True,False
Kevin Hern,Republican,House,OK,XOM,2023-9-10,True,False
Kevin Hern,Republican,House,OK,HD,2023-9-13,True,False
Kevin Hern,Republican,House,OK,HD,2023-9-13,True,False
Kevin Hern,Republican,House,OK,JNJ,2023-9-6,True,False
Kevin Hern,Republican,House,OK,LIN,2023-9-18,True,False
Kevin Hern,Republican,House,OK,MMP,2023-9-25,False,False
Kevin Hern,Republican,House,OK,MMP,2023-9-24,True,False
Kevin Hern,Republican,House,OK,MMP,2023-9-25,False,False
Kevin Hern,Republican,House,OK,NEE,2023-9-14,True,False
Kevin Hern,Republican,House,OK,PXD,2023-9-20,True,False
Kevin Hern,Republican,House,OK,ROK,2023-9-10,True,False
Kevin Hern,Republican,House,OK,RTX,2023-9-6,True,False
Kevin Hern,Republican,House,OK,UNH,2023-9-18,True,False
Kevin Hern,Republican,House,OK,WMB,2023-9-24,True,False
Kevin Hern,Republican,House,OK,OKE,2023-9-25,False,False
Kevin Hern,Republican,House,OK,OKE,2023-9-25,False,False
Scott Franklin,Republican,House,FL,GOOGL,2023-9-10,False,True
Scott Franklin,Republican,House,FL,AAPL,2023-9-10,False,True
Scott Franklin,Republican,House,FL,BRK/B,2023-9-10,False,True
Scott Franklin,Republican,House,FL,CSCO,2023-9-10,False,True
Scott Franklin,Republican,House,FL,DFS,2023-9-10,False,True
Scott Franklin,Republican,House,FL,FMCSX,2023-9-10,False,True
Scott Franklin,Republican,House,FL,FZDXX,2023-9-10,False,True
Scott Franklin,Republican,House,FL,HD,2023-9-10,False,True
Scott Franklin,Republican,House,FL,QQQ,2023-9-10,False,True
Scott Franklin,Republican,House,FL,IJR,2023-9-10,False,True
Scott Franklin,Republican,House,FL,JNJ,2023-9-10,False,True
Scott Franklin,Republican,House,FL,JPM,2023-9-10,False,True
Scott Franklin,Republican,House,FL,MCD,2023-9-10,False,True
Scott Franklin,Republican,House,FL,MRK,2023-9-10,False,True
Scott Franklin,Republican,House,FL,MSFT,2023-9-10,False,True
Scott Franklin,Republican,House,FL,NEE,2023-9-10,False,True
Scott Franklin,Republican,House,FL,PEP,2023-9-10,False,True
Scott Franklin,Republican,House,FL,PFE,2023-9-10,False,True
Scott Franklin,Republican,House,FL,PG,2023-9-10,False,True
Scott Franklin,Republican,House,FL,SBUX,2023-9-10,False,True
Scott Franklin,Republican,House,FL,UPS,2023-9-10,False,True
Scott Franklin,Republican,House,FL,UNH,2023-9-10,False,True
Scott Franklin,Republican,House,FL,V,2023-9-10,False,True
Scott Franklin,Republican,House,FL,WMT,2023-9-10,False,True
Markwayne Mullin,Republican,Senate,OK,N/A,2023-9-12,True,False
Markwayne Mullin,Republican,Senate,OK,N/A,2023-9-12,True,False
Markwayne Mullin,Republican,Senate,OK,N/A,2023-9-12,True,False
Markwayne Mullin,Republican,Senate,OK,N/A,2023-9-12,True,False
Markwayne Mullin,Republican,Senate,OK,N/A,2023-9-12,True,False
Markwayne Mullin,Republican,Senate,OK,N/A,2023-9-13,True,False
Markwayne Mullin,Republican,Senate,OK,N/A,2023-9-19,True,False
Markwayne Mullin,Republican,Senate,OK,N/A,2023-9-21,True,False
Markwayne Mullin,Republican,Senate,OK,N/A,2023-9-25,True,False
Markwayne Mullin,Republican,Senate,OK,N/A,2023-9-26,True,False
Markwayne Mullin,Republican,Senate,OK,N/A,2023-9-27,True,False
Markwayne Mullin,Republican,Senate,OK,N/A,2023-9-27,True,False
Markwayne Mullin,Republican,Senate,OK,ABT,2023-9-12,True,False
Markwayne Mullin,Republican,Senate,OK,ADBE,2023-9-12,True,False
Markwayne Mullin,Republican,Senate,OK,AMD,2023-9-12,True,False
Markwayne Mullin,Republican,Senate,OK,GOOGL,2023-9-12,True,False
Markwayne Mullin,Republican,Senate,OK,AMZN,2023-9-12,True,False
Markwayne Mullin,Republican,Senate,OK,AXP,2023-9-12,True,False
Markwayne Mullin,Republican,Senate,OK,ELV,2023-9-12,True,False
Markwayne Mullin,Republican,Senate,OK,AAPL,2023-9-12,True,False
Markwayne Mullin,Republican,Senate,OK,AMAT,2023-9-12,True,False
Markwayne Mullin,Republican,Senate,OK,AZO,2023-9-12,True,False
Markwayne Mullin,Republican,Senate,OK,BRK/B,2023-9-12,True,False
Markwayne Mullin,Republican,Senate,OK,BLK,2023-9-12,True,False
Markwayne Mullin,Republican,Senate,OK,BSX,2023-9-12,True,False
Markwayne Mullin,Republican,Senate,OK,CSX,2023-9-12,True,False
Markwayne Mullin,Republican,Senate,OK,CAT,2023-9-12,True,False
Markwayne Mullin,Republican,Senate,OK,CVX,2023-9-12,True,False
Markwayne Mullin,Republican,Senate,OK,CMG,2023-9-12,True,False
Markwayne Mullin,Republican,Senate,OK,KO,2023-9-12,True,False
Markwayne Mullin,Republican,Senate,OK,CMCSA,2023-9-12,True,False
Markwayne Mullin,Republican,Senate,OK,COP,2023-9-12,True,False
Markwayne Mullin,Republican,Senate,OK,STZ,2023-9-12,True,False
Markwayne Mullin,Republican,Senate,OK,COST,2023-9-17,True,False
Markwayne Mullin,Republican,Senate,OK,DHR,2023-9-12,True,False
Markwayne Mullin,Republican,Senate,OK,DE,2023-9-12,True,False
Markwayne Mullin,Republican,Senate,OK,EW,2023-9-12,True,False
Markwayne Mullin,Republican,Senate,OK,EMR,2023-9-12,True,False
Markwayne Mullin,Republican,Senate,OK,META,2023-9-12,True,False
Markwayne Mullin,Republican,Senate,OK,FI,2023-9-12,True,False
Markwayne Mullin,Republican,Senate,OK,GS,2023-9-12,True,False
Markwayne Mullin,Republican,Senate,OK,HLT,2023-9-12,True,False
Markwayne Mullin,Republican,Senate,OK,HD,2023-9-12,True,False
Markwayne Mullin,Republican,Senate,OK,HON,2023-9-12,True,False
Markwayne Mullin,Republican,Senate,OK,ICE,2023-9-12,True,False
Markwayne Mullin,Republican,Senate,OK,JPM,2023-9-12,True,False
Markwayne Mullin,Republican,Senate,OK,KLAC,2023-9-12,True,False
Markwayne Mullin,Republican,Senate,OK,LRCX,2023-9-12,True,False
Markwayne Mullin,Republican,Senate,OK,LLY,2023-9-12,True,False
Markwayne Mullin,Republican,Senate,OK,MA,2023-9-12,True,False
Markwayne Mullin,Republican,Senate,OK,MSFT,2023-9-12,True,False
Markwayne Mullin,Republican,Senate,OK,NKE,2023-9-12,True,False
Markwayne Mullin,Republican,Senate,OK,NVDA,2023-9-12,True,False
Markwayne Mullin,Republican,Senate,OK,PANW,2023-9-12,True,False
Markwayne Mullin,Republican,Senate,OK,PEP,2023-9-12,True,False
Markwayne Mullin,Republican,Senate,OK,PG,2023-9-12,True,False
Markwayne Mullin,Republican,Senate,OK,RTX,2023-9-12,True,False
Markwayne Mullin,Republican,Senate,OK,SPGI,2023-9-12,True,False
Markwayne Mullin,Republican,Senate,OK,CRM,2023-9-12,True,False
Markwayne Mullin,Republican,Senate,OK,SHW,2023-9-12,True,False
Markwayne Mullin,Republican,Senate,OK,SBUX,2023-9-12,True,False
Markwayne Mullin,Republican,Senate,OK,TMUS,2023-9-12,True,False
Markwayne Mullin,Republican,Senate,OK,TXN,2023-9-12,True,False
Markwayne Mullin,Republican,Senate,OK,TMO,2023-9-12,True,False
Markwayne Mullin,Republican,Senate,OK,UNP,2023-9-12,True,False
Markwayne Mullin,Republican,Senate,OK,UNH,2023-9-12,True,False
Markwayne Mullin,Republican,Senate,OK,VLO,2023-9-12,True,False
Markwayne Mullin,Republican,Senate,OK,V,2023-9-12,True,False
Markwayne Mullin,Republican,Senate,OK,ZTS,2023-9-12,True,False
Rick Larsen,Democrat,House,WA,MDLZ,2023-10-3,True,False
Susie Lee,Democrat,House,NV,RCL,2023-9-12,False,True
Lois Frankel,Democrat,House,FL,AOS,2023-9-7,False,True
Lois Frankel,Democrat,House,FL,ABBV,2023-9-5,True,False
Lois Frankel,Democrat,House,FL,ABBV,2023-8-29,True,False
Lois Frankel,Democrat,House,FL,ABBV,2023-9-7,False,True
Lois Frankel,Democrat,House,FL,ACN,2023-9-7,False,True
Lois Frankel,Democrat,House,FL,ARE,2023-9-7,False,True
Lois Frankel,Democrat,House,FL,LNT,2023-9-7,False,True
Lois Frankel,Democrat,House,FL,AXP,2023-9-7,False,True
Lois Frankel,Democrat,House,FL,COLD,2023-9-7,False,True
Lois Frankel,Democrat,House,FL,ADI,2023-9-7,False,True
Lois Frankel,Democrat,House,FL,AON,2023-9-7,False,True
Lois Frankel,Democrat,House,FL,ADSK,2023-9-7,False,True
Lois Frankel,Democrat,House,FL,AVY,2023-9-7,False,True
Lois Frankel,Democrat,House,FL,BIO,2023-9-7,False,True
Lois Frankel,Democrat,House,FL,BAH,2023-9-7,False,True
Lois Frankel,Democrat,House,FL,BSX,2023-9-7,False,True
Lois Frankel,Democrat,House,FL,BSX,2023-9-7,False,True
Lois Frankel,Democrat,House,FL,BR,2023-9-7,False,True
Lois Frankel,Democrat,House,FL,BWXT,2023-9-7,False,True
Lois Frankel,Democrat,House,FL,CASY,2023-9-7,False,True
Lois Frankel,Democrat,House,FL,CBOE,2023-9-7,False,True
Lois Frankel,Democrat,House,FL,CRL,2023-9-7,False,True
Lois Frankel,Democrat,House,FL,CB,2023-9-7,False,True
Lois Frankel,Democrat,House,FL,C,2023-9-7,False,True
Lois Frankel,Democrat,House,FL,CMCSA,2023-9-7,False,True
Lois Frankel,Democrat,House,FL,COP,2023-9-7,False,True
Lois Frankel,Democrat,House,FL,DEO,2023-9-7,False,True
Lois Frankel,Democrat,House,FL,FANG,2023-9-7,False,True
Lois Frankel,Democrat,House,FL,DG,2023-8-31,False,True
Lois Frankel,Democrat,House,FL,D,2023-9-7,False,True
Lois Frankel,Democrat,House,FL,DORM,2023-9-7,False,True
Lois Frankel,Democrat,House,FL,DUK,2023-9-7,False,True
Lois Frankel,Democrat,House,FL,DD,2023-9-7,False,True
Lois Frankel,Democrat,House,FL,ETN,2023-9-7,False,True
Lois Frankel,Democrat,House,FL,ETR,2023-9-7,False,True
Lois Frankel,Democrat,House,FL,ES,2023-9-7,False,True
Lois Frankel,Democrat,House,FL,EXPD,2023-9-7,False,True
Lois Frankel,Democrat,House,FL,FAF,2023-9-7,False,True
Lois Frankel,Democrat,House,FL,FLR,2023-9-7,False,True
Lois Frankel,Democrat,House,FL,IT,2023-9-7,False,True
Lois Frankel,Democrat,House,FL,GD,2023-9-7,False,True
Lois Frankel,Democrat,House,FL,GL,2023-9-7,False,True
Lois Frankel,Democrat,House,FL,HAL,2023-9-7,False,True
Lois Frankel,Democrat,House,FL,HES,2023-9-7,False,True
Lois Frankel,Democrat,House,FL,HON,2023-9-7,False,True
Lois Frankel,Democrat,House,FL,HUBB,2023-9-7,False,True
Lois Frankel,Democrat,House,FL,ITW,2023-9-7,False,True
Lois Frankel,Democrat,House,FL,JNJ,2023-9-7,False,True
Lois Frankel,Democrat,House,FL,JCI,2023-9-5,False,True
Lois Frankel,Democrat,House,FL,JCI,2023-8-30,False,True
Lois Frankel,Democrat,House,FL,JCI,2023-8-29,False,True
Lois Frankel,Democrat,House,FL,JPM,2023-9-7,False,True
Lois Frankel,Democrat,House,FL,KVUE,2023-9-7,False,True
Lois Frankel,Democrat,House,FL,KKR,2023-9-7,False,True
Lois Frankel,Democrat,House,FL,KLAC,2023-9-7,False,True
Lois Frankel,Democrat,House,FL,LAMR,2023-9-7,False,True
Lois Frankel,Democrat,House,FL,LBRDA,2023-9-7,False,True
Lois Frankel,Democrat,House,FL,LKQ,2023-9-7,False,True
Lois Frankel,Democrat,House,FL,LOW,2023-9-7,False,True
Lois Frankel,Democrat,House,FL,MTB,2023-9-7,False,True
Lois Frankel,Democrat,House,FL,MKL,2023-9-7,False,True
Lois Frankel,Democrat,House,FL,MAR,2023-9-7,False,True
Lois Frankel,Democrat,House,FL,MMC,2023-9-7,False,True
Lois Frankel,Democrat,House,FL,MCK,2023-9-7,False,True
Lois Frankel,Democrat,House,FL,MCK,2023-9-7,False,True
Lois Frankel,Democrat,House,FL,MRK,2023-9-5,False,True
Lois Frankel,Democrat,House,FL,MRK,2023-9-7,False,True
Lois Frankel,Democrat,House,FL,MS,2023-9-7,False,True
Lois Frankel,Democrat,House,FL,NDAQ,2023-9-7,False,True
Lois Frankel,Democrat,House,FL,NSA,2023-9-7,False,True
Lois Frankel,Democrat,House,FL,NSRGY,2023-9-7,False,True
Lois Frankel,Democrat,House,FL,NSC,2023-9-7,False,True
Lois Frankel,Democrat,House,FL,NOC,2023-9-7,False,True
Lois Frankel,Democrat,House,FL,NXPI,2023-9-7,False,True
Lois Frankel,Democrat,House,FL,PCAR,2023-9-7,False,True
Lois Frankel,Democrat,House,FL,PCAR,2023-9-6,True,False
Lois Frankel,Democrat,House,FL,PCAR,2023-9-5,True,False
Lois Frankel,Democrat,House,FL,PEP,2023-9-7,False,True
Lois Frankel,Democrat,House,FL,PFE,2023-9-7,False,True
Lois Frankel,Democrat,House,FL,PXD,2023-9-7,False,True
Lois Frankel,Democrat,House,FL,PNC,2023-9-7,False,True
Lois Frankel,Democrat,House,FL,POR,2023-9-7,False,True
Lois Frankel,Democrat,House,FL,PGR,2023-9-7,False,True
Lois Frankel,Democrat,House,FL,PLD,2023-9-7,False,True
Lois Frankel,Democrat,House,FL,RGLD,2023-9-7,False,True
Lois Frankel,Democrat,House,FL,SHW,2023-9-7,False,True
Lois Frankel,Democrat,House,FL,SO,2023-9-7,False,True
Lois Frankel,Democrat,House,FL,SSNC,2023-9-7,False,True
Lois Frankel,Democrat,House,FL,SUI,2023-9-7,False,True
Lois Frankel,Democrat,House,FL,TGT,2023-9-7,False,True
Lois Frankel,Democrat,House,FL,TEL,2023-9-7,False,True
Lois Frankel,Democrat,House,FL,TXN,2023-9-7,False,True
Lois Frankel,Democrat,House,FL,CI,2023-9-7,False,True
Lois Frankel,Democrat,House,FL,HSY,2023-9-7,False,True
Lois Frankel,Democrat,House,FL,TMO,2023-9-7,False,True
Lois Frankel,Democrat,House,FL,TT,2023-9-7,False,True
Lois Frankel,Democrat,House,FL,ULTA,2023-9-7,False,True
Lois Frankel,Democrat,House,FL,UNP,2023-9-7,False,True
Lois Frankel,Democrat,House,FL,VNT,2023-9-7,False,True
Lois Frankel,Democrat,House,FL,WRB,2023-9-7,False,True
Lois Frankel,Democrat,House,FL,WAT,2023-9-7,False,True
Lois Frankel,Democrat,House,FL,WSO,2023-9-7,False,True
Lois Frankel,Democrat,House,FL,XEL,2023-9-7,False,True
Mike Kelly,Republican,House,PA,N/A,2023-9-12,True,False
Suzan DelBene,Democrat,House,WA,N/A,2023-9-28,False,True
Suzan DelBene,Democrat,House,WA,N/A,2023-9-18,True,False
Max Miller,Republican,House,OH,JEPI,2023-10-5,False,True
Max Miller,Republican,House,OH,N/A,2023-10-6,True,False
Max Miller,Republican,House,OH,VO,2023-10-5,False,True
Max Miller,Republican,House,OH,VOO,2023-10-5,False,True
Ro Khanna,Democrat,House,CA,SQ,2023-9-7,False,True
Ro Khanna,Democrat,House,CA,MSFT,2023-9-7,True,False
Ro Khanna,Democrat,House,CA,IT,2023-9-14,True,False
Ro Khanna,Democrat,House,CA,SQ,2023-9-14,False,True
Ro Khanna,Democrat,House,CA,MSFT,2023-9-14,True,False
Ro Khanna,Democrat,House,CA,N/A,2023-8-31,True,False
Ro Khanna,Democrat,House,CA,N/A,2023-9-24,True,False
Ro Khanna,Democrat,House,CA,ISRG,2023-8-31,True,False
Ro Khanna,Democrat,House,CA,NVR,2023-9-12,True,False
Ro Khanna,Democrat,House,CA,HUM,2023-9-12,True,False
Ro Khanna,Democrat,House,CA,LH,2023-9-7,True,False
Ro Khanna,Democrat,House,CA,RRX,2023-9-12,True,False
Ro Khanna,Democrat,House,CA,TGT,2023-9-18,True,False
Ro Khanna,Democrat,House,CA,EXR,2023-9-20,True,False
Ro Khanna,Democrat,House,CA,HCA,2023-9-12,True,False
Ro Khanna,Democrat,House,CA,MDT,2023-9-12,True,False
Ro Khanna,Democrat,House,CA,LH,2023-9-5,True,False
Ro Khanna,Democrat,House,CA,SSNC,2023-9-12,True,False
Ro Khanna,Democrat,House,CA,LEA,2023-9-12,True,False
Ro Khanna,Democrat,House,CA,EXR,2023-9-24,True,False
Ro Khanna,Democrat,House,CA,HON,2023-9-12,True,False
Ro Khanna,Democrat,House,CA,EXR,2023-9-19,True,False
Ro Khanna,Democrat,House,CA,LH,2023-9-19,True,False
Ro Khanna,Democrat,House,CA,EXR,2023-9-17,True,False
Ro Khanna,Democrat,House,CA,LH,2023-9-6,True,False
Ro Khanna,Democrat,House,CA,LH,2023-9-20,True,False
Ro Khanna,Democrat,House,CA,LLY,2023-8-31,True,False
Ro Khanna,Democrat,House,CA,LLY,2023-8-31,False,True
Ro Khanna,Democrat,House,CA,KKR,2023-9-13,False,True
Ro Khanna,Democrat,House,CA,PH,2023-9-12,False,True
Ro Khanna,Democrat,House,CA,CAT,2023-8-31,False,True
Ro Khanna,Democrat,House,CA,MMC,2023-9-17,False,True
Ro Khanna,Democrat,House,CA,SHW,2023-8-31,False,True
Ro Khanna,Democrat,House,CA,SHW,2023-8-31,False,True
Ro Khanna,Democrat,House,CA,DIS,2023-9-26,False,True
Ro Khanna,Democrat,House,CA,DIS,2023-9-19,False,True
Ro Khanna,Democrat,House,CA,DIS,2023-9-28,False,True
Ro Khanna,Democrat,House,CA,VZ,2023-9-27,False,True
Ro Khanna,Democrat,House,CA,MS,2023-8-31,False,True
Ro Khanna,Democrat,House,CA,VZ,2023-9-28,False,True
Ro Khanna,Democrat,House,CA,DIS,2023-9-27,False,True
Ro Khanna,Democrat,House,CA,DIS,2023-9-18,False,True
Ro Khanna,Democrat,House,CA,MU,2023-9-5,False,True
Ro Khanna,Democrat,House,CA,BRK/B,2023-9-5,False,True
Ro Khanna,Democrat,House,CA,GM,2023-9-26,False,True
Ro Khanna,Democrat,House,CA,GOOGL,2023-9-12,False,True
Ro Khanna,Democrat,House,CA,KKR,2023-9-13,False,True
Ro Khanna,Democrat,House,CA,AXP,2023-9-19,True,False
Ro Khanna,Democrat,House,CA,N/A,2023-9-5,True,False
Ro Khanna,Democrat,House,CA,PFE,2023-9-5,True,False
Ro Khanna,Democrat,House,CA,CCI,2023-9-5,True,False
Ro Khanna,Democrat,House,CA,MCD,2023-9-5,True,False
Ro Khanna,Democrat,House,CA,CVS,2023-9-5,True,False
Ro Khanna,Democrat,House,CA,WM,2023-9-5,True,False
Ro Khanna,Democrat,House,CA,K,2023-9-5,True,False
Ro Khanna,Democrat,House,CA,NDAQ,2023-9-5,True,False
Ro Khanna,Democrat,House,CA,MSFT,2023-9-5,True,False
Ro Khanna,Democrat,House,CA,KDP,2023-9-5,True,False
Ro Khanna,Democrat,House,CA,MO,2023-9-5,True,False
Ro Khanna,Democrat,House,CA,EL,2023-9-5,True,False
Ro Khanna,Democrat,House,CA,ABBV,2023-9-5,True,False
Ro Khanna,Democrat,House,CA,BAX,2023-9-5,True,False
Ro Khanna,Democrat,House,CA,MRK,2023-9-5,True,False
Ro Khanna,Democrat,House,CA,MAA,2023-9-5,True,False
Ro Khanna,Democrat,House,CA,SHEL,2023-9-7,True,False
Ro Khanna,Democrat,House,CA,HSY,2023-9-5,True,False
Ro Khanna,Democrat,House,CA,EWJ,2023-9-7,True,False
Ro Khanna,Democrat,House,CA,WRB,2023-9-5,True,False
Ro Khanna,Democrat,House,CA,VZ,2023-9-5,True,False
Ro Khanna,Democrat,House,CA,BAC,2023-9-5,True,False
Ro Khanna,Democrat,House,CA,CPB,2023-9-5,True,False
Ro Khanna,Democrat,House,CA,UNH,2023-9-5,True,False
Ro Khanna,Democrat,House,CA,TDY,2023-9-5,True,False
Ro Khanna,Democrat,House,CA,WTW,2023-9-5,True,False
Ro Khanna,Democrat,House,CA,PGR,2023-9-5,True,False
Ro Khanna,Democrat,House,CA,KHC,2023-9-5,True,False
Ro Khanna,Democrat,House,CA,TSN,2023-9-5,True,False
Ro Khanna,Democrat,House,CA,CTVA,2023-9-5,True,False
Ro Khanna,Democrat,House,CA,GLW,2023-9-5,True,False
Ro Khanna,Democrat,House,CA,NWL,2023-9-5,True,False
Ro Khanna,Democrat,House,CA,ST,2023-9-26,True,False
Ro Khanna,Democrat,House,CA,MMM,2023-9-5,True,False
Ro Khanna,Democrat,House,CA,MODG,2023-9-4,True,False
Ro Khanna,Democrat,House,CA,MODG,2023-9-11,True,False
Ro Khanna,Democrat,House,CA,MODG,2023-9-13,True,False
Ro Khanna,Democrat,House,CA,MODG,2023-9-7,True,False
Ro Khanna,Democrat,House,CA,MODG,2023-9-10,True,False
Ro Khanna,Democrat,House,CA,DG,2023-9-5,True,False
Ro Khanna,Democrat,House,CA,MODG,2023-9-25,True,False
Ro Khanna,Democrat,House,CA,TMO,2023-9-5,True,False
Ro Khanna,Democrat,House,CA,LTHM,2023-9-20,True,False
Ro Khanna,Democrat,House,CA,SBAC,2023-9-5,True,False
Ro Khanna,Democrat,House,CA,CPT,2023-9-5,True,False
Ro Khanna,Democrat,House,CA,GRMN,2023-9-5,True,False
Ro Khanna,Democrat,House,CA,PNC,2023-9-5,True,False
Ro Khanna,Democrat,House,CA,AIZ,2023-9-5,True,False
Ro Khanna,Democrat,House,CA,CB,2023-9-5,True,False
Ro Khanna,Democrat,House,CA,BRO,2023-9-5,True,False
Ro Khanna,Democrat,House,CA,MODG,2023-9-27,True,False
Ro Khanna,Democrat,House,CA,FAST,2023-9-5,True,False
Ro Khanna,Democrat,House,CA,BF/A,2023-9-5,True,False
Ro Khanna,Democrat,House,CA,PEAK,2023-9-5,True,False
Ro Khanna,Democrat,House,CA,ALL,2023-9-5,True,False
Ro Khanna,Democrat,House,CA,BAX,2023-9-27,True,False
Ro Khanna,Democrat,House,CA,PM,2023-9-5,True,False
Ro Khanna,Democrat,House,CA,BAX,2023-9-26,True,False
Ro Khanna,Democrat,House,CA,TGT,2023-9-5,True,False
Ro Khanna,Democrat,House,CA,PYPL,2023-9-5,True,False
Ro Khanna,Democrat,House,CA,MODG,2023-9-5,True,False
Ro Khanna,Democrat,House,CA,MODG,2023-9-6,True,False
Ro Khanna,Democrat,House,CA,MODG,2023-9-18,True,False
Ro Khanna,Democrat,House,CA,MODG,2023-9-19,True,False
Ro Khanna,Democrat,House,CA,MODG,2023-9-28,True,False
Ro Khanna,Democrat,House,CA,MODG,2023-9-26,True,False
Ro Khanna,Democrat,House,CA,LTHM,2023-9-7,True,False
Ro Khanna,Democrat,House,CA,NVO,2023-9-7,True,False
Ro Khanna,Democrat,House,CA,XSP,2023-9-26,True,False
Ro Khanna,Democrat,House,CA,UBS,2023-9-7,True,False
Ro Khanna,Democrat,House,CA,NVO,2023-9-7,True,False
Ro Khanna,Democrat,House,CA,XSP,2023-9-26,False,True
Ro Khanna,Democrat,House,CA,XSP,2023-9-26,False,True
Ro Khanna,Democrat,House,CA,XSP,2023-9-6,False,True
Ro Khanna,Democrat,House,CA,XSP,2023-9-10,False,True
Ro Khanna,Democrat,House,CA,XSP,2023-9-13,False,True
Ro Khanna,Democrat,House,CA,XSP,2023-9-20,False,True
Ro Khanna,Democrat,House,CA,JNJ,2023-9-5,False,True
Ro Khanna,Democrat,House,CA,ABT,2023-9-5,False,True
Ro Khanna,Democrat,House,CA,BMY,2023-9-5,False,True
Ro Khanna,Democrat,House,CA,KO,2023-9-5,False,True
Ro Khanna,Democrat,House,CA,WMT,2023-9-5,False,True
Ro Khanna,Democrat,House,CA,CL,2023-9-5,False,True
Ro Khanna,Democrat,House,CA,WFC,2023-9-5,False,True
Ro Khanna,Democrat,House,CA,AMT,2023-9-5,False,True
Ro Khanna,Democrat,House,CA,CNC,2023-9-5,False,True
Ro Khanna,Democrat,House,CA,RSG,2023-9-5,False,True
Ro Khanna,Democrat,House,CA,ELV,2023-9-5,False,True
Ro Khanna,Democrat,House,CA,KMB,2023-9-5,False,True
Ro Khanna,Democrat,House,CA,FIS,2023-9-5,False,True
Ro Khanna,Democrat,House,CA,UBS,2023-9-5,False,True
Ro Khanna,Democrat,House,CA,TRV,2023-9-5,False,True
Ro Khanna,Democrat,House,CA,PSA,2023-9-5,False,True
Ro Khanna,Democrat,House,CA,EXR,2023-9-5,False,True
Ro Khanna,Democrat,House,CA,VICI,2023-9-5,False,True
Ro Khanna,Democrat,House,CA,N/A,2023-9-5,False,True
Ro Khanna,Democrat,House,CA,AMCR,2023-9-5,False,True
Ro Khanna,Democrat,House,CA,AON,2023-9-5,False,True
Ro Khanna,Democrat,House,CA,GIS,2023-9-5,False,True
Ro Khanna,Democrat,House,CA,MSI,2023-9-5,False,True
Ro Khanna,Democrat,House,CA,BIIB,2023-9-5,False,True
Ro Khanna,Democrat,House,CA,NTRS,2023-9-5,False,True
Ro Khanna,Democrat,House,CA,CARR,2023-9-5,False,True
Ro Khanna,Democrat,House,CA,MU,2023-9-5,False,True
Ro Khanna,Democrat,House,CA,HRL,2023-9-5,False,True
Ro Khanna,Democrat,House,CA,T,2023-9-5,False,True
Ro Khanna,Democrat,House,CA,RF,2023-9-5,False,True
Ro Khanna,Democrat,House,CA,DXCM,2023-9-5,False,True
Ro Khanna,Democrat,House,CA,GM,2023-9-5,False,True
Ro Khanna,Democrat,House,CA,DGX,2023-9-5,False,True
Ro Khanna,Democrat,House,CA,NEM,2023-9-5,False,True
Ro Khanna,Democrat,House,CA,C,2023-9-5,False,True
Ro Khanna,Democrat,House,CA,UL,2023-9-7,False,True
Ro Khanna,Democrat,House,CA,SNY,2023-9-7,False,True
Ro Khanna,Democrat,House,CA,NVDA,2023-9-5,False,True
Ro Khanna,Democrat,House,CA,INCY,2023-9-5,False,True
Ro Khanna,Democrat,House,CA,TROW,2023-9-5,False,True
Ro Khanna,Democrat,House,CA,STT,2023-9-5,False,True
Ro Khanna,Democrat,House,CA,UDR,2023-9-5,False,True
Ro Khanna,Democrat,House,CA,IFF,2023-9-5,False,True
Ro Khanna,Democrat,House,CA,MU,2023-9-6,False,True
Ro Khanna,Democrat,House,CA,CAH,2023-9-5,False,True
Ro Khanna,Democrat,House,CA,COR,2023-9-5,False,True
Ro Khanna,Democrat,House,CA,ARE,2023-9-5,False,True
Ro Khanna,Democrat,House,CA,LUV,2023-9-5,False,True
Ro Khanna,Democrat,House,CA,SYY,2023-9-5,False,True
Ro Khanna,Democrat,House,CA,RF,2023-9-5,False,True
Ro Khanna,Democrat,House,CA,CAG,2023-9-5,False,True
Ro Khanna,Democrat,House,CA,FMC,2023-9-5,False,True
Ro Khanna,Democrat,House,CA,URBN,2023-9-5,False,True
Ro Khanna,Democrat,House,CA,DXC,2023-9-5,False,True
Ro Khanna,Democrat,House,CA,WBA,2023-9-5,False,True
Ro Khanna,Democrat,House,CA,HUM,2023-9-12,True,False
Ro Khanna,Democrat,House,CA,LH,2023-9-7,True,False
Ro Khanna,Democrat,House,CA,HCA,2023-9-12,True,False
Ro Khanna,Democrat,House,CA,TGT,2023-9-18,True,False
Ro Khanna,Democrat,House,CA,RRX,2023-9-12,True,False
Ro Khanna,Democrat,House,CA,UNP,2023-9-12,True,False
Ro Khanna,Democrat,House,CA,LH,2023-9-5,True,False
Ro Khanna,Democrat,House,CA,EXR,2023-9-20,True,False
Ro Khanna,Democrat,House,CA,LEA,2023-9-12,True,False
Ro Khanna,Democrat,House,CA,SSNC,2023-9-12,True,False
Ro Khanna,Democrat,House,CA,EXR,2023-9-24,True,False
Ro Khanna,Democrat,House,CA,MDT,2023-9-12,True,False
Ro Khanna,Democrat,House,CA,LH,2023-9-19,True,False
Ro Khanna,Democrat,House,CA,EXR,2023-9-19,True,False
Ro Khanna,Democrat,House,CA,HON,2023-9-12,True,False
Ro Khanna,Democrat,House,CA,EXR,2023-9-17,True,False
Ro Khanna,Democrat,House,CA,FERG,2023-9-12,True,False
Ro Khanna,Democrat,House,CA,LH,2023-9-6,True,False
Ro Khanna,Democrat,House,CA,WFC,2023-9-12,True,False
Ro Khanna,Democrat,House,CA,WFC,2023-9-5,True,False
Ro Khanna,Democrat,House,CA,LH,2023-9-20,True,False
Ro Khanna,Democrat,House,CA,SHW,2023-8-31,False,True
Ro Khanna,Democrat,House,CA,KKR,2023-9-13,False,True
Ro Khanna,Democrat,House,CA,MMC,2023-9-17,False,True
Ro Khanna,Democrat,House,CA,DIS,2023-9-18,False,True
Ro Khanna,Democrat,House,CA,SHW,2023-8-31,False,True
Ro Khanna,Democrat,House,CA,DIS,2023-9-26,False,True
Ro Khanna,Democrat,House,CA,DIS,2023-9-28,False,True
Ro Khanna,Democrat,House,CA,VZ,2023-9-27,False,True
Ro Khanna,Democrat,House,CA,VZ,2023-9-28,False,True
Ro Khanna,Democrat,House,CA,DIS,2023-9-19,False,True
Ro Khanna,Democrat,House,CA,DIS,2023-9-27,False,True
Ro Khanna,Democrat,House,CA,N/A,2023-9-24,True,False
Ro Khanna,Democrat,House,CA,ETN,2023-9-28,False,True
Ro Khanna,Democrat,House,CA,TGT,2023-9-28,False,True
Ro Khanna,Democrat,House,CA,ACN,2023-9-28,True,False
Ro Khanna,Democrat,House,CA,KO,2023-9-28,True,False
Ro Khanna,Democrat,House,CA,COP,2023-9-28,True,False
Ro Khanna,Democrat,House,CA,ZTS,2023-9-28,True,False
Ro Khanna,Democrat,House,CA,ETN,2023-9-28,False,True
Ro Khanna,Democrat,House,CA,TGT,2023-9-28,False,True
Ro Khanna,Democrat,House,CA,ACN,2023-9-28,True,False
Ro Khanna,Democrat,House,CA,KO,2023-9-28,True,False
Ro Khanna,Democrat,House,CA,COP,2023-9-28,True,False
Ro Khanna,Democrat,House,CA,ZTS,2023-9-28,True,False
Ro Khanna,Democrat,House,CA,ETN,2023-9-28,False,True
Ro Khanna,Democrat,House,CA,TGT,2023-9-28,False,True
Ro Khanna,Democrat,House,CA,ACN,2023-9-28,True,False
Ro Khanna,Democrat,House,CA,KO,2023-9-28,True,False
Ro Khanna,Democrat,House,CA,COP,2023-9-28,True,False
Ro Khanna,Democrat,House,CA,ZTS,2023-9-28,True,False
Virginia Foxx,Republican,House,NC,APO,2023-9-21,False,True
Virginia Foxx,Republican,House,NC,AAIC,2023-9-18,True,False
Virginia Foxx,Republican,House,NC,CRT,2023-9-18,True,False
Virginia Foxx,Republican,House,NC,DUK,2023-9-18,True,False
Virginia Foxx,Republican,House,NC,GPP,2023-9-17,False,True
Virginia Foxx,Republican,House,NC,HTGC,2023-9-20,True,False
Virginia Foxx,Republican,House,NC,VGR,2023-9-20,False,True
Virginia Foxx,Republican,House,NC,VGR,2023-9-17,True,False
Rick Allen,Republican,House,GA,N/A,2023-9-25,True,False
Rick Allen,Republican,House,GA,N/A,2023-9-25,True,False
Lloyd Doggett,Democrat,House,TX,HD,2023-9-13,True,False
Lloyd Doggett,Democrat,House,TX,IBM,2023-9-10,True,False
Lloyd Doggett,Democrat,House,TX,JNJ,2023-9-6,True,False
Lloyd Doggett,Democrat,House,TX,PPG,2023-9-11,True,False
Maria Elvira Salazar,Republican,House,FL,N/A,2023-9-6,True,False
Maria Elvira Salazar,Republican,House,FL,N/A,2023-9-6,True,False
John Curtis,Republican,House,UT,ABT,2023-9-12,True,False
John Curtis,Republican,House,UT,ADBE,2023-9-12,False,True
John Curtis,Republican,House,UT,LLY,2023-9-12,True,False
John Curtis,Republican,House,UT,EMR,2023-9-12,True,False
John Curtis,Republican,House,UT,JNJ,2023-9-12,False,True
John Curtis,Republican,House,UT,PANW,2023-9-12,True,False
John Curtis,Republican,House,UT,N/A,2023-9-21,True,False
John Curtis,Republican,House,UT,UNP,2023-9-12,False,True
John Curtis,Republican,House,UT,WM,2023-9-12,False,True
Michael Burgess,Republican,House,TX,BX,2023-9-24,False,True
Michael Burgess,Republican,House,TX,MRK,2023-9-12,False,True
Michael Burgess,Republican,House,TX,MSFT,2023-9-14,False,True
Sheldon Whitehouse,Democrat,Senate,RI,KVUE,2023-8-23,False,False
Sheldon Whitehouse,Democrat,Senate,RI,JNJ,2023-8-23,False,False
Sheldon Whitehouse,Democrat,Senate,RI,JNJ,2023-8-23,False,False
Sheldon Whitehouse,Democrat,Senate,RI,KVUE,2023-8-23,False,False
Tom Carper,Democrat,Senate,DE,N/A,2023-9-25,False,True
Tom Carper,Democrat,Senate,DE,N/A,2023-9-25,False,True
Tom Carper,Democrat,Senate,DE,N/A,2023-9-24,True,False
Tom Carper,Democrat,Senate,DE,N/A,2023-9-24,True,False
Tom Carper,Democrat,Senate,DE,N/A,2023-9-20,False,True
Tom Carper,Democrat,Senate,DE,N/A,2023-9-20,False,True
Tom Carper,Democrat,Senate,DE,N/A,2023-9-20,False,True
Tom Carper,Democrat,Senate,DE,N/A,2023-9-20,True,False
Tom Carper,Democrat,Senate,DE,N/A,2023-9-20,False,True
Tom Carper,Democrat,Senate,DE,N/A,2023-9-19,True,False
Tom Carper,Democrat,Senate,DE,N/A,2023-9-19,True,False
Tom Carper,Democrat,Senate,DE,N/A,2023-9-19,True,False
Rob Wittman,Republican,House,VA,ACN,2023-4-20,False,True
Rob Wittman,Republican,House,VA,AVGO,2023-6-12,False,True
Rob Wittman,Republican,House,VA,CB,2023-6-12,False,True
Rob Wittman,Republican,House,VA,DG,2023-7-20,False,True
Rob Wittman,Republican,House,VA,KMB,2023-7-30,False,True
Rob Wittman,Republican,House,VA,PSX,2023-8-16,False,True
Rob Wittman,Republican,House,VA,PG,2023-7-30,True,False
Rob Wittman,Republican,House,VA,SPGI,2023-6-12,True,False
Rob Wittman,Republican,House,VA,UNP,2023-7-26,False,True
Rob Wittman,Republican,House,VA,ZTS,2023-7-20,True,False
Ron Estes,Republican,House,KS,N/A,2023-4-16,True,False
Ron Estes,Republican,House,KS,N/A,2023-4-16,True,False
Ron Estes,Republican,House,KS,N/A,2023-4-16,True,False
Don Beyer,Democrat,House,VA,N/A,2023-9-14,False,True
James Vance,Republican,Senate,OH,N/A,2023-8-30,True,False
James Vance,Republican,Senate,OH,N/A,2023-8-29,False,True
Bill Keating,Democrat,House,MA,CAT,2023-9-20,False,True
Morgan McGarvey,Democrat,House,KY,TWLO,2023-8-24,False,True
Suzan DelBene,Democrat,House,WA,N/A,2023-9-5,True,False
Pete Sessions,Republican,House,TX,AMLP,2023-8-31,False,True
Pete Sessions,Republican,House,TX,MSFT,2023-9-19,True,False
Pete Sessions,Republican,House,TX,NVDA,2023-9-11,True,False
Pete Sessions,Republican,House,TX,N/A,2023-9-12,True,False
Pete Sessions,Republican,House,TX,N/A,2023-9-21,True,False
Michael McCaul,Republican,House,TX,AZN,2023-8-13,False,True
Michael McCaul,Republican,House,TX,ADSK,2023-8-17,False,True
Michael McCaul,Republican,House,TX,N/A,2023-8-1,False,True
Michael McCaul,Republican,House,TX,N/A,2023-8-2,True,False
Michael McCaul,Republican,House,TX,N/A,2023-8-9,True,False
Michael McCaul,Republican,House,TX,N/A,2023-8-22,True,False
Michael McCaul,Republican,House,TX,FLT,2023-8-30,False,True
Michael McCaul,Republican,House,TX,N/A,2023-7-31,True,False
Michael McCaul,Republican,House,TX,N/A,2023-7-31,False,True
Michael McCaul,Republican,House,TX,N/A,2023-8-1,False,True
Michael McCaul,Republican,House,TX,FTNT,2023-8-7,True,False
Michael McCaul,Republican,House,TX,FTNT,2023-8-22,True,False
Michael McCaul,Republican,House,TX,FTNT,2023-8-30,True,False
Michael McCaul,Republican,House,TX,N/A,2023-8-14,False,True
Michael McCaul,Republican,House,TX,GE,2023-8-21,False,True
Michael McCaul,Republican,House,TX,GE,2023-8-22,False,True
Michael McCaul,Republican,House,TX,G,2023-8-24,True,False
Michael McCaul,Republican,House,TX,N/A,2023-8-14,False,True
Michael McCaul,Republican,House,TX,N/A,2023-8-23,False,True
Michael McCaul,Republican,House,TX,N/A,2023-8-23,False,True
Michael McCaul,Republican,House,TX,N/A,2023-8-23,False,True
Michael McCaul,Republican,House,TX,N/A,2023-8-27,True,False
Michael McCaul,Republican,House,TX,N/A,2023-8-15,True,False
Michael McCaul,Republican,House,TX,MAR,2023-8-15,False,True
Michael McCaul,Republican,House,TX,N/A,2023-7-31,False,True
Michael McCaul,Republican,House,TX,META,2023-8-3,False,True
Michael McCaul,Republican,House,TX,N/A,2023-8-14,False,True
Michael McCaul,Republican,House,TX,NBIX,2023-8-13,True,False
Michael McCaul,Republican,House,TX,N/A,2023-7-31,False,True
Michael McCaul,Republican,House,TX,N/A,2023-7-31,False,True
Michael McCaul,Republican,House,TX,NVDA,2023-8-17,True,False
Michael McCaul,Republican,House,TX,NVDA,2023-8-27,True,False
Michael McCaul,Republican,House,TX,PAYC,2023-8-13,True,False
Michael McCaul,Republican,House,TX,PAYC,2023-8-30,True,False
Michael McCaul,Republican,House,TX,PYPL,2023-8-22,False,True
Michael McCaul,Republican,House,TX,PYPL,2023-8-30,False,True
Michael McCaul,Republican,House,TX,N/A,2023-8-8,True,False
Michael McCaul,Republican,House,TX,N/A,2023-8-1,True,False
Michael McCaul,Republican,House,TX,N/A,2023-8-13,True,False
Michael McCaul,Republican,House,TX,N/A,2023-8-30,True,False
Michael McCaul,Republican,House,TX,SAP,2023-8-21,True,False
Michael McCaul,Republican,House,TX,SHEL,2023-8-14,True,False
Michael McCaul,Republican,House,TX,N/A,2023-7-31,False,True
Michael McCaul,Republican,House,TX,SEDG,2023-8-7,False,True
Michael McCaul,Republican,House,TX,V,2023-8-27,False,True
Michael McCaul,Republican,House,TX,N/A,2023-7-31,False,True
Michael McCaul,Republican,House,TX,N/A,2023-8-7,False,True
Michael McCaul,Republican,House,TX,N/A,2023-7-31,False,True
Michael McCaul,Republican,House,TX,N/A,2023-8-1,True,False
Michael McCaul,Republican,House,TX,N/A,2023-8-14,True,False
Michael McCaul,Republican,House,TX,MSDA,2023-8-6,True,False
Michael McCaul,Republican,House,TX,ALL,2023-8-7,True,False
Michael McCaul,Republican,House,TX,AIG,2023-8-7,False,True
Michael McCaul,Republican,House,TX,C,2023-8-7,True,False
Michael McCaul,Republican,House,TX,CNHI,2023-8-15,False,True
Michael McCaul,Republican,House,TX,CNHI,2023-8-16,False,True
Michael McCaul,Republican,House,TX,PM,2023-8-28,False,True
Michael McCaul,Republican,House,TX,ST,2023-8-15,True,False
Michael McCaul,Republican,House,TX,ST,2023-8-16,True,False
Michael McCaul,Republican,House,TX,TPR,2023-8-14,True,False
Michael McCaul,Republican,House,TX,TSN,2023-8-17,True,False
Michael McCaul,Republican,House,TX,OGVXX,2023-7-31,True,False
Michael McCaul,Republican,House,TX,N/A,2023-7-31,True,False
Michael McCaul,Republican,House,TX,N/A,2023-7-31,True,False
Michael McCaul,Republican,House,TX,VMFXX,2023-8-6,False,True
Michael McCaul,Republican,House,TX,QQQ,2023-7-31,False,True
Michael McCaul,Republican,House,TX,VOO,2023-7-31,False,True
Michael McCaul,Republican,House,TX,VTI,2023-7-31,False,True
Michael McCaul,Republican,House,TX,VWLUX,2023-7-31,True,False
Michael McCaul,Republican,House,TX,AZN,2023-8-13,False,True
Michael McCaul,Republican,House,TX,ADSK,2023-8-17,False,True
Michael McCaul,Republican,House,TX,N/A,2023-8-1,False,True
Michael McCaul,Republican,House,TX,N/A,2023-8-2,True,False
Michael McCaul,Republican,House,TX,N/A,2023-8-9,True,False
Michael McCaul,Republican,House,TX,N/A,2023-8-22,True,False
Michael McCaul,Republican,House,TX,FLT,2023-8-30,False,True
