Name,Party,Chamber,State,Ticker,Date,Buy,Sell
John James,Republican,House,MI,BAC,2024-9-3,False,True
John James,Republican,House,MI,BDX,2024-9-3,False,True
John James,Republican,House,MI,BRK/B,2024-9-3,False,True
John James,Republican,House,MI,BLK,2024-9-3,False,True
John James,Republican,House,MI,BX,2024-9-3,False,True
John James,Republican,House,MI,BAH,2024-9-3,False,True
John James,Republican,House,MI,BP,2024-9-3,False,True
John James,Republican,House,MI,AVGO,2024-9-3,False,True
John James,Republican,House,MI,CAH,2024-9-3,False,True
John James,Republican,House,MI,CDW,2024-9-3,False,True
John James,Republican,House,MI,CVX,2024-9-3,False,True
John James,Republican,House,MI,CB,2024-9-3,False,True
John James,Republican,House,MI,CIEN,2024-9-3,False,True
John James,Republican,House,MI,CSCO,2024-9-3,False,True
John James,Republican,House,MI,CME,2024-9-3,False,True
John James,Republican,House,MI,KO,2024-9-3,False,True
John James,Republican,House,MI,CTSH,2024-9-3,False,True
John James,Republican,House,MI,CMCSA,2024-9-3,False,True
John James,Republican,House,MI,COP,2024-9-3,False,True
John James,Republican,House,MI,CTVA,2024-9-3,False,True
John James,Republican,House,MI,CCI,2024-9-3,False,True
John James,Republican,House,MI,CMI,2024-9-3,False,True
John James,Republican,House,MI,DEO,2024-9-3,False,True
John James,Republican,House,MI,DFS,2024-9-3,False,True
John James,Republican,House,MI,DLTR,2024-9-3,False,True
John James,Republican,House,MI,DNB,2024-9-3,False,True
John James,Republican,House,MI,EBAY,2024-9-3,False,True
John James,Republican,House,MI,EA,2024-9-3,False,True
John James,Republican,House,MI,ELV,2024-9-3,False,True
John James,Republican,House,MI,ETR,2024-9-3,False,True
John James,Republican,House,MI,EOG,2024-9-3,False,True
John James,Republican,House,MI,XOM,2024-9-3,False,True
John James,Republican,House,MI,FNF,2024-9-3,False,True
John James,Republican,House,MI,FTV,2024-9-3,False,True
John James,Republican,House,MI,GIS,2024-9-3,False,True
John James,Republican,House,MI,GPC,2024-9-3,False,True
John James,Republican,House,MI,HD,2024-9-3,False,True
John James,Republican,House,MI,HON,2024-9-3,False,True
John James,Republican,House,MI,HUM,2024-9-3,False,True
John James,Republican,House,MI,ICLR,2024-9-3,False,True
John James,Republican,House,MI,ITW,2024-9-3,False,True
John James,Republican,House,MI,ICE,2024-9-3,False,True
John James,Republican,House,MI,IBM,2024-9-3,False,True
John James,Republican,House,MI,JNJ,2024-9-3,False,True
John James,Republican,House,MI,JPM,2024-9-3,False,True
John James,Republican,House,MI,KLAC,2024-9-3,False,True
John James,Republican,House,MI,LRCX,2024-9-3,False,True
John James,Republican,House,MI,LIN,2024-9-3,False,True
John James,Republican,House,MI,LMT,2024-9-3,False,True
John James,Republican,House,MI,MMC,2024-9-3,False,True
John James,Republican,House,MI,MRVL,2024-9-3,False,True
John James,Republican,House,MI,MCD,2024-9-3,False,True
John James,Republican,House,MI,MDT,2024-9-3,False,True
John James,Republican,House,MI,MRK,2024-9-3,False,True
John James,Republican,House,MI,META,2024-9-3,False,True
John James,Republican,House,MI,MCHP,2024-9-3,False,True
John James,Republican,House,MI,MU,2024-9-3,False,True
John James,Republican,House,MI,MSFT,2024-9-3,False,True
John James,Republican,House,MI,MDLZ,2024-9-3,False,True
John James,Republican,House,MI,MS,2024-9-3,False,True
John James,Republican,House,MI,NEE,2024-9-3,False,True
John James,Republican,House,MI,NOC,2024-9-3,False,True
John James,Republican,House,MI,NVO,2024-9-3,False,True
John James,Republican,House,MI,NVDA,2024-9-3,False,True
John James,Republican,House,MI,OTIS,2024-9-3,False,True
John James,Republican,House,MI,PKG,2024-9-3,False,True
John James,Republican,House,MI,PH,2024-9-3,False,True
John James,Republican,House,MI,PEP,2024-9-3,False,True
John James,Republican,House,MI,PNC,2024-9-3,False,True
John James,Republican,House,MI,PPG,2024-9-3,False,True
John James,Republican,House,MI,PG,2024-9-3,False,True
John James,Republican,House,MI,PLD,2024-9-3,False,True
John James,Republican,House,MI,PEG,2024-9-3,False,True
John James,Republican,House,MI,PSA,2024-9-3,False,True
John James,Republican,House,MI,RGA,2024-9-3,False,True
John James,Republican,House,MI,ROST,2024-8-27,False,True
John James,Republican,House,MI,RTX,2024-9-3,False,True
John James,Republican,House,MI,SNY,2024-9-3,False,True
John James,Republican,House,MI,SHEL,2024-9-3,False,True
John James,Republican,House,MI,SKX,2024-9-3,False,True
John James,Republican,House,MI,SONY,2024-9-3,False,True
John James,Republican,House,MI,SO,2024-9-3,False,True
John James,Republican,House,MI,THC,2024-9-3,False,True
John James,Republican,House,MI,TXN,2024-9-3,False,True
John James,Republican,House,MI,BK,2024-9-3,False,True
John James,Republican,House,MI,TMO,2024-9-3,False,True
John James,Republican,House,MI,TJX,2024-9-3,False,True
John James,Republican,House,MI,TJX,2024-4-24,True,False
John James,Republican,House,MI,WWE,2024-9-3,False,True
John James,Republican,House,MI,TT,2024-9-3,False,True
John James,Republican,House,MI,UBER,2024-9-3,False,True
John James,Republican,House,MI,UBER,2024-8-27,True,False
John James,Republican,House,MI,UNP,2024-9-3,False,True
John James,Republican,House,MI,UPS,2024-8-27,False,True
John James,Republican,House,MI,UNH,2024-9-3,False,True
John James,Republican,House,MI,VLO,2024-9-3,False,True
John James,Republican,House,MI,V,2024-9-3,False,True
John James,Republican,House,MI,WMT,2024-9-3,False,True
John James,Republican,House,MI,DIS,2024-9-3,False,True
John James,Republican,House,MI,WM,2024-9-3,False,True
John James,Republican,House,MI,WEC,2024-9-3,False,True
John James,Republican,House,MI,WFC,2024-9-3,False,True
John James,Republican,House,MI,WAB,2024-9-3,False,True
John James,Republican,House,MI,ZBRA,2024-9-3,False,True
Lance Gooden,Republican,House,TX,MRO,2024-7-22,False,True
Lance Gooden,Republican,House,TX,N/A,2024-7-22,False,True
Suzan DelBene,Democrat,House,WA,N/A,2024-8-28,False,True
Suzan DelBene,Democrat,House,WA,MSFT,2024-8-30,False,True
Suzan DelBene,Democrat,House,WA,N/A,2024-8-22,True,False
Suzan DelBene,Democrat,House,WA,N/A,2024-8-28,True,False
Earl Blumenauer,Democrat,House,OR,NWN,2024-8-14,True,False
Earl Blumenauer,Democrat,House,OR,N/A,2024-8-28,True,False
Chellie Pingree,Democrat,House,ME,N/A,2024-8-8,True,False
Debbie Wasserman Schultz,Democrat,House,FL,HL,2024-8-8,True,False
Eleanor Holmes Norton,Democrat,House,WA,BRK/B,2024-8-26,False,True
John Hickenlooper,Democrat,Senate,CO,N/A,2024-7-24,True,False
Shelley Moore Capito,Republican,Senate,WV,NKE,2024-8-27,True,False
Shelley Moore Capito,Republican,Senate,WV,AVGO,2024-8-26,True,False
Shelley Moore Capito,Republican,Senate,WV,NSC,2024-8-21,False,True
Marjorie Taylor Greene,Republican,House,GA,GOOGL,2024-9-2,True,False
Marjorie Taylor Greene,Republican,House,GA,AMZN,2024-9-2,True,False
Marjorie Taylor Greene,Republican,House,GA,AAPL,2024-9-2,True,False
Marjorie Taylor Greene,Republican,House,GA,SCHW,2024-9-2,True,False
Marjorie Taylor Greene,Republican,House,GA,GLW,2024-9-2,True,False
Marjorie Taylor Greene,Republican,House,GA,N/A,2024-9-2,True,False
Marjorie Taylor Greene,Republican,House,GA,DLR,2024-9-2,True,False
Marjorie Taylor Greene,Republican,House,GA,GSK,2024-9-2,True,False
Marjorie Taylor Greene,Republican,House,GA,LULU,2024-9-2,True,False
Marjorie Taylor Greene,Republican,House,GA,NVDA,2024-9-2,True,False
Marjorie Taylor Greene,Republican,House,GA,PANW,2024-9-2,True,False
Marjorie Taylor Greene,Republican,House,GA,QCOM,2024-9-2,True,False
Marjorie Taylor Greene,Republican,House,GA,TSLA,2024-9-2,True,False
Marjorie Taylor Greene,Republican,House,GA,UPS,2024-9-2,True,False
Kathy Manning,Democrat,House,NC,PFE,2024-8-8,False,True
Kathy Manning,Democrat,House,NC,N/A,2024-8-28,True,False
Kathy Manning,Democrat,House,NC,N/A,2024-8-7,True,False
Kathy Manning,Democrat,House,NC,N/A,2024-8-7,True,False
Kathy Manning,Democrat,House,NC,SBUX,2024-8-8,False,True
Virginia Foxx,Republican,House,NC,ARLP,2024-8-13,True,False
Virginia Foxx,Republican,House,NC,T,2024-7-31,True,False
Virginia Foxx,Republican,House,NC,ET,2024-8-18,True,False
Virginia Foxx,Republican,House,NC,HTGC,2024-8-19,True,False
Sheldon Whitehouse,Democrat,Senate,RI,SNOW,2024-8-14,False,True
Morgan McGarvey,Democrat,House,KY,DAL,2024-7-22,False,True
Mike Kelly,Republican,House,PA,N/A,2024-8-7,True,False
Mike Kelly,Republican,House,PA,N/A,2024-8-27,True,False
Don Beyer,Democrat,House,VA,N/A,2024-8-29,False,True
Tom Carper,Democrat,Senate,DE,N/A,2024-7-31,False,True
Tom Carper,Democrat,Senate,DE,N/A,2024-7-31,False,True
Tom Carper,Democrat,Senate,DE,N/A,2024-7-31,False,True
Tom Carper,Democrat,Senate,DE,N/A,2024-7-31,False,True
John James,Republican,House,MI,ABT,2023-11-9,True,False
John James,Republican,House,MI,ABBV,2023-11-9,True,False
John James,Republican,House,MI,ACN,2023-11-9,True,False
John James,Republican,House,MI,AMD,2023-11-9,True,False
John James,Republican,House,MI,APD,2024-5-28,True,False
John James,Republican,House,MI,APD,2024-6-2,True,False
John James,Republican,House,MI,ALLE,2023-11-9,True,False
John James,Republican,House,MI,GOOGL,2023-11-9,True,False
John James,Republican,House,MI,GOOGL,2023-11-9,True,False
John James,Republican,House,MI,AMZN,2023-11-9,True,False
John James,Republican,House,MI,AEP,2023-11-9,True,False
John James,Republican,House,MI,AXP,2023-11-9,True,False
John James,Republican,House,MI,AXP,2024-5-28,False,True
John James,Republican,House,MI,AXP,2024-6-2,False,True
John James,Republican,House,MI,ADI,2023-11-9,True,False
John James,Republican,House,MI,AAPL,2023-11-9,True,False
John James,Republican,House,MI,AMAT,2023-11-9,True,False
John James,Republican,House,MI,APTV,2023-11-9,True,False
John James,Republican,House,MI,T,2023-11-9,True,False
John James,Republican,House,MI,ADP,2023-11-9,True,False
John James,Republican,House,MI,AVTR,2023-11-9,True,False
John James,Republican,House,MI,AXTA,2023-11-9,True,False
John James,Republican,House,MI,AXTA,2024-5-5,False,True
John James,Republican,House,MI,BAC,2023-11-9,True,False
John James,Republican,House,MI,BDX,2023-11-9,True,False
John James,Republican,House,MI,BRK/B,2023-11-9,True,False
John James,Republican,House,MI,BLK,2023-11-9,True,False
John James,Republican,House,MI,BP,2023-11-15,True,False
John James,Republican,House,MI,BMY,2023-11-9,True,False
John James,Republican,House,MI,BMY,2024-1-17,False,True
John James,Republican,House,MI,AVGO,2023-11-9,True,False
John James,Republican,House,MI,CAH,2024-5-1,True,False
John James,Republican,House,MI,CAH,2024-6-2,True,False
John James,Republican,House,MI,CAT,2024-2-4,False,True
John James,Republican,House,MI,CAT,2023-11-9,True,False
John James,Republican,House,MI,CVX,2023-11-9,True,False
John James,Republican,House,MI,CB,2023-11-9,True,False
John James,Republican,House,MI,CIEN,2023-11-9,True,False
John James,Republican,House,MI,CSCO,2023-11-9,True,False
John James,Republican,House,MI,CME,2023-11-9,True,False
John James,Republican,House,MI,KO,2023-11-9,True,False
John James,Republican,House,MI,CTSH,2023-11-9,True,False
John James,Republican,House,MI,CMCSA,2023-11-9,True,False
John James,Republican,House,MI,COP,2023-11-9,True,False
John James,Republican,House,MI,CTVA,2023-11-9,True,False
John James,Republican,House,MI,CCI,2024-5-1,True,False
John James,Republican,House,MI,CCI,2024-5-15,True,False
John James,Republican,House,MI,CMI,2023-11-9,True,False
John James,Republican,House,MI,DEO,2024-3-4,True,False
John James,Republican,House,MI,DFS,2024-7-17,True,False
John James,Republican,House,MI,DG,2024-6-2,False,True
John James,Republican,House,MI,DG,2023-11-9,True,False
John James,Republican,House,MI,DLTR,2023-11-9,True,False
John James,Republican,House,MI,ETN,2023-11-9,True,False
John James,Republican,House,MI,EA,2024-2-29,True,False
John James,Republican,House,MI,EA,2024-2-22,True,False
John James,Republican,House,MI,ELV,2023-11-9,True,False
John James,Republican,House,MI,ELV,2023-11-15,True,False
John James,Republican,House,MI,ETR,2023-11-9,True,False
John James,Republican,House,MI,EOG,2023-11-9,True,False
John James,Republican,House,MI,XOM,2023-11-9,True,False
John James,Republican,House,MI,FNF,2024-5-14,True,False
John James,Republican,House,MI,FTV,2023-11-9,True,False
John James,Republican,House,MI,FOXA,2023-11-9,True,False
John James,Republican,House,MI,FOXA,2023-12-21,False,True
John James,Republican,House,MI,HD,2023-11-9,True,False
John James,Republican,House,MI,HON,2023-11-9,True,False
John James,Republican,House,MI,HUM,2023-11-9,True,False
John James,Republican,House,MI,ICLR,2024-6-11,True,False
John James,Republican,House,MI,ITW,2023-11-9,True,False
John James,Republican,House,MI,ICE,2023-11-9,True,False
John James,Republican,House,MI,IBM,2023-11-9,True,False
John James,Republican,House,MI,JNJ,2023-11-9,True,False
John James,Republican,House,MI,JPM,2023-11-9,True,False
John James,Republican,House,MI,KLAC,2023-11-9,True,False
John James,Republican,House,MI,KLAC,2024-6-25,False,True
John James,Republican,House,MI,LH,2024-3-5,False,True
John James,Republican,House,MI,LH,2023-11-9,True,False
John James,Republican,House,MI,LRCX,2023-11-9,True,False
John James,Republican,House,MI,LRCX,2024-7-29,False,True
John James,Republican,House,MI,LVS,2023-11-9,True,False
John James,Republican,House,MI,LIN,2023-11-9,True,False
John James,Republican,House,MI,LMT,2023-11-9,True,False
John James,Republican,House,MI,LPLA,2023-11-9,True,False
John James,Republican,House,MI,LPLA,2024-7-17,False,True
John James,Republican,House,MI,MMC,2023-11-9,True,False
John James,Republican,House,MI,MRVL,2023-11-9,True,False
John James,Republican,House,MI,MCD,2023-11-9,True,False
John James,Republican,House,MI,MDT,2023-11-9,True,False
John James,Republican,House,MI,MDT,2024-6-17,True,False
John James,Republican,House,MI,MDT,2024-6-2,False,True
John James,Republican,House,MI,MRK,2023-11-9,True,False
John James,Republican,House,MI,META,2023-11-9,True,False
John James,Republican,House,MI,MCHP,2023-11-9,True,False
John James,Republican,House,MI,MU,2023-11-9,True,False
John James,Republican,House,MI,MSFT,2023-11-9,True,False
John James,Republican,House,MI,MDLZ,2023-11-9,True,False
John James,Republican,House,MI,MDLZ,2024-3-4,False,True
John James,Republican,House,MI,MNST,2024-6-2,False,True
John James,Republican,House,MI,MNST,2023-11-9,True,False
John James,Republican,House,MI,MS,2023-11-9,True,False
John James,Republican,House,MI,NOC,2023-11-9,True,False
John James,Republican,House,MI,NVO,2023-11-9,True,False
John James,Republican,House,MI,NVDA,2024-2-8,True,False
John James,Republican,House,MI,NVDA,2024-3-12,True,False
John James,Republican,House,MI,NVDA,2024-3-25,True,False
John James,Republican,House,MI,OTIS,2023-11-9,True,False
John James,Republican,House,MI,PH,2023-11-9,True,False
John James,Republican,House,MI,PEP,2023-11-9,True,False
John James,Republican,House,MI,PM,2023-11-9,True,False
John James,Republican,House,MI,PM,2024-4-8,False,True
John James,Republican,House,MI,PNC,2023-11-9,True,False
John James,Republican,House,MI,PPG,2023-11-9,True,False
John James,Republican,House,MI,PG,2023-11-9,True,False
John James,Republican,House,MI,PGR,2023-11-9,True,False
John James,Republican,House,MI,PGR,2024-4-9,False,True
John James,Republican,House,MI,PGR,2024-5-1,False,True
John James,Republican,House,MI,RGA,2023-11-9,True,False
John James,Republican,House,MI,ROST,2023-11-9,True,False
John James,Republican,House,MI,ROST,2024-8-12,False,True
John James,Republican,House,MI,SNY,2023-11-9,True,False
John James,Republican,House,MI,SHEL,2023-11-9,True,False
John James,Republican,House,MI,SKX,2023-11-9,True,False
John James,Republican,House,MI,SONY,2023-11-9,True,False
John James,Republican,House,MI,SO,2023-11-9,True,False
John James,Republican,House,MI,THC,2023-11-9,True,False
John James,Republican,House,MI,TXN,2023-11-9,True,False
John James,Republican,House,MI,TMO,2024-3-5,True,False
John James,Republican,House,MI,WWE,2023-11-9,True,False
John James,Republican,House,MI,TT,2023-11-9,True,False
John James,Republican,House,MI,UL,2023-11-9,True,False
John James,Republican,House,MI,UL,2024-5-5,False,True
John James,Republican,House,MI,UNP,2023-11-9,True,False
John James,Republican,House,MI,UPS,2023-11-9,True,False
John James,Republican,House,MI,UNH,2023-11-9,True,False
John James,Republican,House,MI,VLO,2023-11-9,True,False
John James,Republican,House,MI,VEEV,2023-11-9,True,False
John James,Republican,House,MI,VEEV,2024-7-15,False,True
John James,Republican,House,MI,VZ,2024-3-25,False,True
John James,Republican,House,MI,VZ,2023-11-9,True,False
John James,Republican,House,MI,V,2023-11-9,True,False
John James,Republican,House,MI,V,2024-1-4,False,True
John James,Republican,House,MI,VOYA,2024-7-4,False,True
John James,Republican,House,MI,VOYA,2023-11-9,True,False
John James,Republican,House,MI,WMT,2023-11-9,True,False
John James,Republican,House,MI,WM,2023-11-9,True,False
John James,Republican,House,MI,WFC,2023-11-9,True,False
John James,Republican,House,MI,WAB,2024-2-13,True,False
John James,Republican,House,MI,ZBRA,2023-11-9,True,False
Jerry Moran,Republican,Senate,KS,BRK/B,2024-7-28,False,True
Jerry Moran,Republican,Senate,KS,BRK/B,2024-7-28,False,True
Jerry Moran,Republican,Senate,KS,BRK/B,2024-7-28,False,True
Jerry Moran,Republican,Senate,KS,BRK/B,2024-7-28,False,True
Max Miller,Republican,House,OH,N/A,2024-8-21,True,False
Sean Casten,Democrat,House,IL,N/A,2024-7-29,True,False
Michael Collins,Republican,House,GA,$AERO,2024-8-3,False,True
Michael Collins,Republican,House,GA,$AERO,2024-8-4,True,False
Suzan DelBene,Democrat,House,WA,N/A,2024-8-5,True,False
Suzan DelBene,Democrat,House,WA,N/A,2024-8-4,True,False
Suzan DelBene,Democrat,House,WA,N/A,2024-8-11,True,False
Richard Blumenthal,Democrat,Senate,CT,N/A,2024-7-8,False,True
Richard Blumenthal,Democrat,Senate,CT,N/A,2024-7-8,False,True
Richard Blumenthal,Democrat,Senate,CT,N/A,2024-7-8,False,True
Richard Blumenthal,Democrat,Senate,CT,N/A,2024-7-8,False,True
Marjorie Taylor Greene,Republican,House,GA,GOOGL,2024-8-20,True,False
Marjorie Taylor Greene,Republican,House,GA,AMZN,2024-8-20,True,False
Marjorie Taylor Greene,Republican,House,GA,FDX,2024-8-20,True,False
Marjorie Taylor Greene,Republican,House,GA,INTC,2024-8-20,True,False
Marjorie Taylor Greene,Republican,House,GA,KMI,2024-8-20,True,False
Marjorie Taylor Greene,Republican,House,GA,NVDA,2024-8-20,True,False
Jared Moskowitz,Democrat,House,FL,AOS,2023-7-13,True,False
Jared Moskowitz,Democrat,House,FL,ABT,2024-2-12,False,True
Jared Moskowitz,Democrat,House,FL,ACN,2023-7-13,True,False
Jared Moskowitz,Democrat,House,FL,APD,2024-1-31,False,True
Jared Moskowitz,Democrat,House,FL,GOOGL,2024-2-12,True,False
Jared Moskowitz,Democrat,House,FL,GOOGL,2023-7-13,True,False
Jared Moskowitz,Democrat,House,FL,AMGN,2023-7-13,True,False
Jared Moskowitz,Democrat,House,FL,ADI,2023-7-13,True,False
Jared Moskowitz,Democrat,House,FL,AAPL,2023-8-31,True,False
Jared Moskowitz,Democrat,House,FL,AAPL,2024-2-12,True,False
Jared Moskowitz,Democrat,House,FL,ATO,2023-8-31,True,False
Jared Moskowitz,Democrat,House,FL,ADP,2023-7-13,True,False
Jared Moskowitz,Democrat,House,FL,BRK/B,2023-7-13,True,False
Jared Moskowitz,Democrat,House,FL,BRO,2023-12-27,True,False
Jared Moskowitz,Democrat,House,FL,CAT,2023-12-27,False,True
Jared Moskowitz,Democrat,House,FL,CVX,2023-7-13,True,False
Jared Moskowitz,Democrat,House,FL,C,2023-7-13,False,True
Jared Moskowitz,Democrat,House,FL,COST,2023-7-13,True,False
Jared Moskowitz,Democrat,House,FL,COST,2023-12-27,True,False
Jared Moskowitz,Democrat,House,FL,CMI,2023-9-26,True,False
Jared Moskowitz,Democrat,House,FL,DG,2023-7-13,False,True
Jared Moskowitz,Democrat,House,FL,ELV,2024-2-12,True,False
Jared Moskowitz,Democrat,House,FL,ELV,2024-1-31,True,False
Jared Moskowitz,Democrat,House,FL,LLY,2023-12-27,True,False
Jared Moskowitz,Democrat,House,FL,LLY,2023-8-31,True,False
Jared Moskowitz,Democrat,House,FL,XOM,2023-7-13,True,False
Jared Moskowitz,Democrat,House,FL,FDS,2024-1-31,True,False
Jared Moskowitz,Democrat,House,FL,HD,2023-7-13,True,False
Jared Moskowitz,Democrat,House,FL,HRL,2023-7-13,True,False
Jared Moskowitz,Democrat,House,FL,HRL,2023-12-27,False,True
Jared Moskowitz,Democrat,House,FL,INTC,2023-7-13,False,True
Jared Moskowitz,Democrat,House,FL,JKHY,2023-12-27,False,True
Jared Moskowitz,Democrat,House,FL,JNJ,2023-7-13,True,False
Jared Moskowitz,Democrat,House,FL,KMB,2024-1-31,False,True
Jared Moskowitz,Democrat,House,FL,LIN,2023-8-31,True,False
Jared Moskowitz,Democrat,House,FL,LMT,2024-2-12,True,False
Jared Moskowitz,Democrat,House,FL,LOW,2023-7-13,True,False
Jared Moskowitz,Democrat,House,FL,MA,2023-7-13,True,False
Jared Moskowitz,Democrat,House,FL,MCD,2023-7-13,True,False
Jared Moskowitz,Democrat,House,FL,MCD,2023-12-27,True,False
Jared Moskowitz,Democrat,House,FL,MDT,2023-12-27,False,True
Jared Moskowitz,Democrat,House,FL,MDT,2023-7-13,True,False
Jared Moskowitz,Democrat,House,FL,MRK,2023-7-13,True,False
Jared Moskowitz,Democrat,House,FL,MRK,2023-8-31,True,False
Jared Moskowitz,Democrat,House,FL,MSFT,2023-8-31,True,False
Jared Moskowitz,Democrat,House,FL,MSFT,2023-7-13,True,False
Jared Moskowitz,Democrat,House,FL,MDLZ,2024-1-31,True,False
Jared Moskowitz,Democrat,House,FL,NEE,2024-2-12,False,True
Jared Moskowitz,Democrat,House,FL,NEE,2023-7-13,True,False
Jared Moskowitz,Democrat,House,FL,NKE,2023-8-31,True,False
Jared Moskowitz,Democrat,House,FL,NKE,2024-1-31,False,True
Jared Moskowitz,Democrat,House,FL,PEP,2023-7-13,True,False
Jared Moskowitz,Democrat,House,FL,PFE,2023-8-31,False,True
Jared Moskowitz,Democrat,House,FL,PG,2023-7-13,True,False
Jared Moskowitz,Democrat,House,FL,PEG,2023-7-13,True,False
Jared Moskowitz,Democrat,House,FL,RJF,2023-7-13,False,True
Jared Moskowitz,Democrat,House,FL,ROP,2023-7-13,True,False
Jared Moskowitz,Democrat,House,FL,RPM,2024-2-12,True,False
Jared Moskowitz,Democrat,House,FL,RTX,2023-9-26,False,True
Jared Moskowitz,Democrat,House,FL,SPGI,2023-7-13,True,False
Jared Moskowitz,Democrat,House,FL,SPGI,2024-2-12,True,False
Jared Moskowitz,Democrat,House,FL,SNA,2024-1-31,True,False
Jared Moskowitz,Democrat,House,FL,SO,2023-7-13,True,False
Jared Moskowitz,Democrat,House,FL,SO,2024-2-12,False,True
Jared Moskowitz,Democrat,House,FL,SBUX,2023-7-13,True,False
Jared Moskowitz,Democrat,House,FL,STE,2023-7-13,True,False
Jared Moskowitz,Democrat,House,FL,SYY,2023-8-31,False,True
Jared Moskowitz,Democrat,House,FL,TGT,2023-9-26,False,True
Jared Moskowitz,Democrat,House,FL,TGT,2023-7-13,True,False
Jared Moskowitz,Democrat,House,FL,TXN,2023-7-13,True,False
Jared Moskowitz,Democrat,House,FL,TMUS,2023-12-25,True,False
Jared Moskowitz,Democrat,House,FL,TMUS,2023-12-27,True,False
Jared Moskowitz,Democrat,House,FL,TMUS,2024-2-12,True,False
Jared Moskowitz,Democrat,House,FL,TSCO,2023-8-31,True,False
Jared Moskowitz,Democrat,House,FL,UNH,2023-7-13,True,False
Jared Moskowitz,Democrat,House,FL,UNH,2024-2-12,True,False
Jared Moskowitz,Democrat,House,FL,V,2023-7-13,True,False
Jared Moskowitz,Democrat,House,FL,GWW,2023-7-13,True,False
Jared Moskowitz,Democrat,House,FL,DIS,2023-7-13,False,True
Jared Moskowitz,Democrat,House,FL,WEC,2023-7-13,True,False
Jared Moskowitz,Democrat,House,FL,WST,2023-7-13,True,False
Jared Moskowitz,Democrat,House,FL,WST,2023-12-27,True,False
Jared Moskowitz,Democrat,House,FL,ZTS,2023-12-27,True,False
Jake Auchincloss,Democrat,House,MA,STT,2024-8-15,False,True
Sheldon Whitehouse,Democrat,Senate,RI,JNJ,2024-7-2,False,True
Sheldon Whitehouse,Democrat,Senate,RI,CAG,2024-7-29,False,True
Sheldon Whitehouse,Democrat,Senate,RI,JNJ,2024-7-2,False,True
Sheldon Whitehouse,Democrat,Senate,RI,MCD,2024-7-2,False,True
Sheldon Whitehouse,Democrat,Senate,RI,DIS,2024-7-24,False,True
Sheldon Whitehouse,Democrat,Senate,RI,CAG,2024-7-29,False,True
Scott Franklin,Republican,House,FL,ACN,2024-8-1,True,False
Scott Franklin,Republican,House,FL,ACN,2024-8-6,True,False
Scott Franklin,Republican,House,FL,APD,2024-8-6,True,False
Scott Franklin,Republican,House,FL,APD,2024-8-1,True,False
Scott Franklin,Republican,House,FL,GOOGL,2024-7-31,False,True
Scott Franklin,Republican,House,FL,AMGN,2024-8-6,True,False
Scott Franklin,Republican,House,FL,AMGN,2024-8-1,True,False
Scott Franklin,Republican,House,FL,AAPL,2024-8-5,False,True
Scott Franklin,Republican,House,FL,AAPL,2024-7-31,False,True
Scott Franklin,Republican,House,FL,N/A,2024-7-31,False,True
Scott Franklin,Republican,House,FL,BRK/B,2024-8-5,False,True
Scott Franklin,Republican,House,FL,CB,2024-8-6,True,False
Scott Franklin,Republican,House,FL,CB,2024-8-1,True,False
Scott Franklin,Republican,House,FL,CSCO,2024-7-31,False,True
Scott Franklin,Republican,House,FL,CSCO,2024-8-5,False,True
Scott Franklin,Republican,House,FL,COST,2024-8-5,False,True
Scott Franklin,Republican,House,FL,COST,2024-7-31,False,True
Scott Franklin,Republican,House,FL,DFS,2024-7-31,False,True
Scott Franklin,Republican,House,FL,DFS,2024-8-5,False,True
Scott Franklin,Republican,House,FL,FBKWX,2024-8-6,True,False
Scott Franklin,Republican,House,FL,FBKWX,2024-8-1,True,False
Scott Franklin,Republican,House,FL,FCNTX,2024-8-5,False,True
Scott Franklin,Republican,House,FL,FFRHX,2024-8-5,False,True
Scott Franklin,Republican,House,FL,FMCSX,2024-7-31,False,True
Scott Franklin,Republican,House,FL,ONEQ,2024-8-5,False,True
Scott Franklin,Republican,House,FL,FQAL,2024-8-5,False,True
Scott Franklin,Republican,House,FL,N/A,2024-8-6,True,False
Scott Franklin,Republican,House,FL,N/A,2024-8-1,True,False
Scott Franklin,Republican,House,FL,GD,2024-8-1,True,False
Scott Franklin,Republican,House,FL,GD,2024-8-6,True,False
Scott Franklin,Republican,House,FL,N/A,2024-8-6,True,False
Scott Franklin,Republican,House,FL,N/A,2024-8-1,True,False
Scott Franklin,Republican,House,FL,QQQ,2024-7-31,False,True
Scott Franklin,Republican,House,FL,QQQ,2024-8-5,False,True
Scott Franklin,Republican,House,FL,IVV,2024-8-5,False,True
Scott Franklin,Republican,House,FL,IJR,2024-7-31,False,True
Scott Franklin,Republican,House,FL,IJR,2024-8-5,False,True
Scott Franklin,Republican,House,FL,IJR,2024-8-5,False,True
Scott Franklin,Republican,House,FL,DGRO,2024-8-5,False,True
Scott Franklin,Republican,House,FL,JNJ,2024-8-6,True,False
Scott Franklin,Republican,House,FL,JNJ,2024-8-1,True,False
Scott Franklin,Republican,House,FL,JPM,2024-7-31,False,True
Scott Franklin,Republican,House,FL,JPM,2024-8-5,False,True
Scott Franklin,Republican,House,FL,KVUE,2024-8-5,False,True
Scott Franklin,Republican,House,FL,KVUE,2024-7-31,False,True
Scott Franklin,Republican,House,FL,LMT,2024-7-31,False,True
Scott Franklin,Republican,House,FL,LSYIX,2024-8-1,True,False
Scott Franklin,Republican,House,FL,LSYIX,2024-8-6,True,False
Scott Franklin,Republican,House,FL,LUBFX,2024-8-5,False,True
Scott Franklin,Republican,House,FL,LUBFX,2024-7-31,False,True
Scott Franklin,Republican,House,FL,LUBFX,2024-8-5,False,True
Scott Franklin,Republican,House,FL,MCD,2024-8-6,True,False
Scott Franklin,Republican,House,FL,MCD,2024-8-1,True,False
Scott Franklin,Republican,House,FL,MRK,2024-8-1,True,False
Scott Franklin,Republican,House,FL,MSFT,2024-8-5,False,True
Scott Franklin,Republican,House,FL,NEE,2024-8-5,False,True
Scott Franklin,Republican,House,FL,NEE,2024-7-31,False,True
Scott Franklin,Republican,House,FL,PEP,2024-8-1,True,False
Scott Franklin,Republican,House,FL,PFE,2024-7-31,False,True
Scott Franklin,Republican,House,FL,PFE,2024-8-5,False,True
Scott Franklin,Republican,House,FL,PG,2024-8-1,True,False
Scott Franklin,Republican,House,FL,SBUX,2024-8-1,True,False
Scott Franklin,Republican,House,FL,SBUX,2024-8-13,False,True
Scott Franklin,Republican,House,FL,SBUX,2024-8-13,False,True
Scott Franklin,Republican,House,FL,SBUX,2024-8-13,False,True
Scott Franklin,Republican,House,FL,SBUX,2024-8-6,True,False
Scott Franklin,Republican,House,FL,SBUX,2024-8-13,False,True
Scott Franklin,Republican,House,FL,HSY,2024-8-6,True,False
Scott Franklin,Republican,House,FL,HSY,2024-8-1,True,False
Scott Franklin,Republican,House,FL,UPS,2024-8-1,True,False
Scott Franklin,Republican,House,FL,UPS,2024-8-6,True,False
Scott Franklin,Republican,House,FL,WMT,2024-8-5,False,True
Scott Franklin,Republican,House,FL,WMT,2024-7-31,False,True
Jared Moskowitz,Democrat,House,FL,ABT,2024-7-4,True,False
Jared Moskowitz,Democrat,House,FL,ALL,2024-7-4,False,True
Jared Moskowitz,Democrat,House,FL,AMZN,2024-7-4,True,False
Jared Moskowitz,Democrat,House,FL,AMZN,2024-7-4,True,False
Jared Moskowitz,Democrat,House,FL,AVGO,2024-7-4,True,False
Jared Moskowitz,Democrat,House,FL,CB,2024-7-4,True,False
Jared Moskowitz,Democrat,House,FL,CMCSA,2024-7-4,False,True
Jared Moskowitz,Democrat,House,FL,FDS,2024-7-4,False,True
Jared Moskowitz,Democrat,House,FL,JPM,2024-7-4,True,False
Jared Moskowitz,Democrat,House,FL,LOW,2024-7-4,False,True
Jared Moskowitz,Democrat,House,FL,MA,2024-7-4,False,True
Jared Moskowitz,Democrat,House,FL,MDLZ,2024-7-4,False,True
Jared Moskowitz,Democrat,House,FL,NOC,2024-7-4,False,True
Jared Moskowitz,Democrat,House,FL,ORCL,2024-7-4,True,False
Jared Moskowitz,Democrat,House,FL,PNC,2024-7-4,False,True
Jared Moskowitz,Democrat,House,FL,SHW,2024-7-4,True,False
Jared Moskowitz,Democrat,House,FL,SHW,2024-7-4,True,False
Jared Moskowitz,Democrat,House,FL,SNA,2024-7-4,False,True
Jared Moskowitz,Democrat,House,FL,SO,2024-7-4,True,False
Jared Moskowitz,Democrat,House,FL,TD,2024-7-4,False,True
Jared Moskowitz,Democrat,House,FL,WM,2024-7-4,True,False
Jared Moskowitz,Democrat,House,FL,WEC,2024-7-4,False,True
Jared Moskowitz,Democrat,House,FL,ZTS,2024-7-4,False,True
Thomas Kean Jr,Republican,House,NJ,ABT,2024-7-22,True,False
Markwayne Mullin,Republican,Senate,OK,N/A,2024-7-22,True,False
Mark Warner,Democrat,Senate,VA,N/A,2024-7-30,True,False
Kathy Manning,Democrat,House,NC,ABT,2024-7-1,True,False
Kathy Manning,Democrat,House,NC,ABT,2024-7-1,True,False
Kathy Manning,Democrat,House,NC,ABBV,2024-7-1,True,False
Kathy Manning,Democrat,House,NC,ACN,2024-7-1,False,True
Kathy Manning,Democrat,House,NC,ACN,2024-7-1,False,True
Kathy Manning,Democrat,House,NC,APD,2024-7-1,False,True
Kathy Manning,Democrat,House,NC,APD,2024-7-1,False,True
Kathy Manning,Democrat,House,NC,GOOGL,2024-7-1,False,True
Kathy Manning,Democrat,House,NC,GOOGL,2024-7-1,False,True
Kathy Manning,Democrat,House,NC,GOOGL,2024-7-1,False,True
Kathy Manning,Democrat,House,NC,GOOGL,2024-7-1,False,True
Kathy Manning,Democrat,House,NC,GOOGL,2024-7-1,False,True
Kathy Manning,Democrat,House,NC,AMGN,2024-7-1,True,False
Kathy Manning,Democrat,House,NC,AON,2024-7-1,False,True
Kathy Manning,Democrat,House,NC,AON,2024-7-1,False,True
Kathy Manning,Democrat,House,NC,AON,2024-7-1,False,True
Kathy Manning,Democrat,House,NC,AAPL,2024-7-1,True,False
Kathy Manning,Democrat,House,NC,AAPL,2024-7-1,True,False
Kathy Manning,Democrat,House,NC,AAPL,2024-7-1,True,False
Kathy Manning,Democrat,House,NC,CAT,2024-7-1,False,True
Kathy Manning,Democrat,House,NC,CNC,2024-7-1,True,False
Kathy Manning,Democrat,House,NC,CNC,2024-7-1,True,False
Kathy Manning,Democrat,House,NC,CB,2024-7-1,False,True
Kathy Manning,Democrat,House,NC,CB,2024-7-1,False,True
Kathy Manning,Democrat,House,NC,CB,2024-7-1,False,True
Kathy Manning,Democrat,House,NC,CME,2024-7-1,False,True
Kathy Manning,Democrat,House,NC,CME,2024-7-1,False,True
Kathy Manning,Democrat,House,NC,COST,2024-7-1,True,False
Kathy Manning,Democrat,House,NC,EXPD,2024-7-1,True,False
Kathy Manning,Democrat,House,NC,GRMN,2024-7-1,True,False
Kathy Manning,Democrat,House,NC,GRMN,2024-7-1,True,False
Kathy Manning,Democrat,House,NC,GRMN,2024-7-1,True,False
Kathy Manning,Democrat,House,NC,HD,2024-7-1,True,False
Kathy Manning,Democrat,House,NC,HD,2024-7-1,True,False
Kathy Manning,Democrat,House,NC,HD,2024-7-1,True,False
Kathy Manning,Democrat,House,NC,INTU,2024-7-1,False,True
Kathy Manning,Democrat,House,NC,JNJ,2024-7-1,True,False
Kathy Manning,Democrat,House,NC,JNJ,2024-7-1,True,False
Kathy Manning,Democrat,House,NC,LRCX,2024-7-1,True,False
Kathy Manning,Democrat,House,NC,LMT,2024-7-1,False,True
Kathy Manning,Democrat,House,NC,LMT,2024-7-1,False,True
Kathy Manning,Democrat,House,NC,MA,2024-7-1,True,False
Kathy Manning,Democrat,House,NC,MA,2024-7-1,True,False
Kathy Manning,Democrat,House,NC,MDT,2024-7-1,False,True
Kathy Manning,Democrat,House,NC,MRK,2024-7-1,True,False
Kathy Manning,Democrat,House,NC,N/A,2024-7-1,True,False
Kathy Manning,Democrat,House,NC,MSFT,2024-7-1,True,False
Kathy Manning,Democrat,House,NC,MSFT,2024-7-1,True,False
Kathy Manning,Democrat,House,NC,MSFT,2024-7-1,True,False
Kathy Manning,Democrat,House,NC,MSCI,2024-7-1,True,False
Kathy Manning,Democrat,House,NC,MSCI,2024-7-1,True,False
Kathy Manning,Democrat,House,NC,NKE,2024-7-1,False,True
Kathy Manning,Democrat,House,NC,NKE,2024-7-1,False,True
Kathy Manning,Democrat,House,NC,NKE,2024-7-1,False,True
Kathy Manning,Democrat,House,NC,NVDA,2024-7-1,False,True
Kathy Manning,Democrat,House,NC,NVDA,2024-7-1,False,True
Kathy Manning,Democrat,House,NC,NVDA,2024-7-1,False,True
Kathy Manning,Democrat,House,NC,PKG,2024-7-1,True,False
Kathy Manning,Democrat,House,NC,PG,2024-7-1,True,False
Kathy Manning,Democrat,House,NC,QCOM,2024-7-1,True,False
Kathy Manning,Democrat,House,NC,CRM,2024-7-1,True,False
Kathy Manning,Democrat,House,NC,CRM,2024-7-1,True,False
Kathy Manning,Democrat,House,NC,CRM,2024-7-1,True,False
Kathy Manning,Democrat,House,NC,N/A,2024-7-25,False,True
Kathy Manning,Democrat,House,NC,N/A,2024-7-29,False,True
Kathy Manning,Democrat,House,NC,N/A,2024-7-31,True,False
Kathy Manning,Democrat,House,NC,SYY,2024-7-1,True,False
Kathy Manning,Democrat,House,NC,TJX,2024-7-1,True,False
Kathy Manning,Democrat,House,NC,V,2024-7-1,True,False
Kathy Manning,Democrat,House,NC,V,2024-7-1,True,False
Kathy Manning,Democrat,House,NC,WMT,2024-7-1,False,True
Chuck Fleischmann,Republican,House,TN,XONE,2024-7-15,True,False
Chuck Fleischmann,Republican,House,TN,XMHQ,2024-7-15,True,False
Chuck Fleischmann,Republican,House,TN,XSHQ,2024-7-15,True,False
Chuck Fleischmann,Republican,House,TN,IGSB,2024-7-15,False,True
Chuck Fleischmann,Republican,House,TN,HYBB,2024-7-15,False,True
Chuck Fleischmann,Republican,House,TN,CALF,2024-7-15,False,True
Chuck Fleischmann,Republican,House,TN,SLYG,2024-7-15,False,True
Chuck Fleischmann,Republican,House,TN,SPYG,2024-7-15,True,False
Chuck Fleischmann,Republican,House,TN,SPYV,2024-7-15,False,True
Chuck Fleischmann,Republican,House,TN,MDYG,2024-7-15,True,False
Chuck Fleischmann,Republican,House,TN,SPHY,2024-7-15,True,False
Chuck Fleischmann,Republican,House,TN,LCGFX,2024-7-7,True,False
Chuck Fleischmann,Republican,House,TN,SOLV,2024-7-7,False,True
Chuck Fleischmann,Republican,House,TN,DOCU,2024-7-8,False,True
Chuck Fleischmann,Republican,House,TN,SNOW,2024-7-8,True,False
Michael McCaul,Republican,House,TX,N/A,2024-7-4,False,True
Michael McCaul,Republican,House,TX,N/A,2024-7-9,False,True
Michael McCaul,Republican,House,TX,N/A,2024-7-8,False,True
Michael McCaul,Republican,House,TX,V,2024-7-24,False,True
Michael McCaul,Republican,House,TX,N/A,2024-7-30,False,True
Michael McCaul,Republican,House,TX,N/A,2024-7-17,False,True
Michael McCaul,Republican,House,TX,N/A,2024-7-15,False,True
Michael McCaul,Republican,House,TX,N/A,2024-7-17,False,True
Michael McCaul,Republican,House,TX,N/A,2024-7-24,False,True
Michael McCaul,Republican,House,TX,GEV,2024-7-18,False,True
Michael McCaul,Republican,House,TX,N/A,2024-7-22,False,True
Michael McCaul,Republican,House,TX,N/A,2024-7-23,False,True
Michael McCaul,Republican,House,TX,N/A,2024-7-24,False,True
Michael McCaul,Republican,House,TX,COP,2024-7-17,False,True
Michael McCaul,Republican,House,TX,N/A,2024-7-25,False,True
Michael McCaul,Republican,House,TX,N/A,2024-7-25,False,True
Michael McCaul,Republican,House,TX,N/A,2024-7-11,False,True
Michael McCaul,Republican,House,TX,N/A,2024-7-30,False,True
Michael McCaul,Republican,House,TX,N/A,2024-7-1,False,True
Michael McCaul,Republican,House,TX,N/A,2024-7-4,False,True
Michael McCaul,Republican,House,TX,N/A,2024-7-22,False,True
Michael McCaul,Republican,House,TX,MSFT,2024-7-14,False,True
Michael McCaul,Republican,House,TX,N/A,2024-7-22,False,True
Michael McCaul,Republican,House,TX,N/A,2024-7-24,False,True
Michael McCaul,Republican,House,TX,GOOGL,2024-7-14,False,True
Michael McCaul,Republican,House,TX,NFLX,2024-7-15,False,True
Michael McCaul,Republican,House,TX,SAFRY,2024-7-28,False,True
Michael McCaul,Republican,House,TX,GS,2024-7-17,False,True
Michael McCaul,Republican,House,TX,N/A,2024-7-25,False,True
Michael McCaul,Republican,House,TX,NFLX,2024-7-22,False,True
Michael McCaul,Republican,House,TX,GS,2024-7-14,False,True
Michael McCaul,Republican,House,TX,GS,2024-7-24,False,True
Michael McCaul,Republican,House,TX,N/A,2024-7-8,False,True
Michael McCaul,Republican,House,TX,N/A,2024-6-30,False,True
Michael McCaul,Republican,House,TX,TSM,2024-7-14,False,True
Michael McCaul,Republican,House,TX,N/A,2024-6-30,False,True
Michael McCaul,Republican,House,TX,N/A,2024-7-28,False,True
Michael McCaul,Republican,House,TX,N/A,2024-7-1,False,True
Michael McCaul,Republican,House,TX,N/A,2024-7-28,False,True
Michael McCaul,Republican,House,TX,N/A,2024-7-28,False,True
Michael McCaul,Republican,House,TX,N/A,2024-6-30,False,True
Michael McCaul,Republican,House,TX,KHC,2024-7-1,False,True
Michael McCaul,Republican,House,TX,DLTR,2024-7-1,False,True
Michael McCaul,Republican,House,TX,ST,2024-7-1,False,True
Michael McCaul,Republican,House,TX,WBD,2024-7-1,False,True
Michael McCaul,Republican,House,TX,VWLUX,2024-6-30,False,True
Michael McCaul,Republican,House,TX,VTI,2024-7-1,False,True
Michael McCaul,Republican,House,TX,DFCEX,2024-6-30,False,True
Michael McCaul,Republican,House,TX,N/A,2024-7-4,False,True
Michael McCaul,Republican,House,TX,N/A,2024-7-9,False,True
Michael McCaul,Republican,House,TX,V,2024-7-24,False,True
Michael McCaul,Republican,House,TX,N/A,2024-7-8,False,True
Michael McCaul,Republican,House,TX,N/A,2024-7-30,False,True
Michael McCaul,Republican,House,TX,N/A,2024-7-17,False,True
Michael McCaul,Republican,House,TX,N/A,2024-7-15,False,True
Michael McCaul,Republican,House,TX,N/A,2024-7-17,False,True
Michael McCaul,Republican,House,TX,N/A,2024-7-24,False,True
Michael McCaul,Republican,House,TX,GEV,2024-7-18,False,True
Michael McCaul,Republican,House,TX,N/A,2024-7-22,False,True
Michael McCaul,Republican,House,TX,N/A,2024-7-23,False,True
Michael McCaul,Republican,House,TX,N/A,2024-7-11,False,True
Michael McCaul,Republican,House,TX,COP,2024-7-17,False,True
Michael McCaul,Republican,House,TX,N/A,2024-7-24,False,True
Michael McCaul,Republican,House,TX,N/A,2024-7-30,False,True
Michael McCaul,Republican,House,TX,N/A,2024-7-25,False,True
Michael McCaul,Republican,House,TX,N/A,2024-7-25,False,True
Michael McCaul,Republican,House,TX,N/A,2024-7-4,False,True
Michael McCaul,Republican,House,TX,N/A,2024-7-22,False,True
Michael McCaul,Republican,House,TX,N/A,2024-7-1,False,True
Michael McCaul,Republican,House,TX,MSFT,2024-7-14,False,True
Michael McCaul,Republican,House,TX,N/A,2024-7-22,False,True
Michael McCaul,Republican,House,TX,N/A,2024-7-24,False,True
Michael McCaul,Republican,House,TX,GOOGL,2024-7-14,False,True
Michael McCaul,Republican,House,TX,NFLX,2024-7-15,False,True
Michael McCaul,Republican,House,TX,N/A,2024-7-25,False,True
Michael McCaul,Republican,House,TX,SAFRY,2024-7-28,False,True
Michael McCaul,Republican,House,TX,GS,2024-7-17,False,True
Michael McCaul,Republican,House,TX,NFLX,2024-7-22,False,True
Michael McCaul,Republican,House,TX,GS,2024-7-14,False,True
Michael McCaul,Republican,House,TX,N/A,2024-7-8,False,True
Michael McCaul,Republican,House,TX,N/A,2024-6-30,False,True
Michael McCaul,Republican,House,TX,GS,2024-7-24,False,True
Michael McCaul,Republican,House,TX,TSM,2024-7-14,False,True
Michael McCaul,Republican,House,TX,N/A,2024-6-30,False,True
Michael McCaul,Republican,House,TX,N/A,2024-7-28,False,True
Michael McCaul,Republican,House,TX,N/A,2024-7-1,False,True
Michael McCaul,Republican,House,TX,N/A,2024-7-28,False,True
Michael McCaul,Republican,House,TX,N/A,2024-7-28,False,True
Michael McCaul,Republican,House,TX,N/A,2024-6-30,False,True
Michael McCaul,Republican,House,TX,KHC,2024-7-1,False,True
Michael McCaul,Republican,House,TX,DLTR,2024-7-1,False,True
Michael McCaul,Republican,House,TX,ST,2024-7-1,False,True
Michael McCaul,Republican,House,TX,WBD,2024-7-1,False,True
Michael McCaul,Republican,House,TX,VWLUX,2024-6-30,False,True
Michael McCaul,Republican,House,TX,VTI,2024-7-1,False,True
Michael McCaul,Republican,House,TX,DFCEX,2024-6-30,False,True
Josh Gottheimer,Democrat,House,NJ,MMM,2024-7-25,True,False
Josh Gottheimer,Democrat,House,NJ,ABT,2024-7-28,True,False
Josh Gottheimer,Democrat,House,NJ,AMD,2024-7-18,True,False
Josh Gottheimer,Democrat,House,NJ,AMD,2024-7-30,False,True
Josh Gottheimer,Democrat,House,NJ,ABNB,2024-7-8,False,True
Josh Gottheimer,Democrat,House,NJ,ALIZY,2024-7-8,False,True
Josh Gottheimer,Democrat,House,NJ,GOOGL,2024-6-30,True,False
Josh Gottheimer,Democrat,House,NJ,ABEV,2024-7-18,True,False
Josh Gottheimer,Democrat,House,NJ,ABEV,2024-7-30,True,False
Josh Gottheimer,Democrat,House,NJ,APH,2024-6-30,False,True
Josh Gottheimer,Democrat,House,NJ,ANET,2024-7-28,False,True
Josh Gottheimer,Democrat,House,NJ,ATRC,2024-7-18,True,False
Josh Gottheimer,Democrat,House,NJ,AZO,2024-6-30,False,True
Josh Gottheimer,Democrat,House,NJ,SQ,2024-7-23,False,True
Josh Gottheimer,Democrat,House,NJ,SQ,2024-7-18,True,False
Josh Gottheimer,Democrat,House,NJ,DHI,2024-7-30,True,False
Josh Gottheimer,Democrat,House,NJ,DHI,2024-7-18,True,False
Josh Gottheimer,Democrat,House,NJ,DBSDY,2024-7-7,False,True
Josh Gottheimer,Democrat,House,NJ,LLY,2024-6-30,False,True
Josh Gottheimer,Democrat,House,NJ,FLYW,2024-7-18,True,False
Josh Gottheimer,Democrat,House,NJ,FCX,2024-7-18,True,False
Josh Gottheimer,Democrat,House,NJ,GMAB,2024-7-18,True,False
Josh Gottheimer,Democrat,House,NJ,HTLD,2024-7-25,False,True
Josh Gottheimer,Democrat,House,NJ,HELE,2024-7-11,False,True
Josh Gottheimer,Democrat,House,NJ,HUBS,2024-6-30,False,True
Josh Gottheimer,Democrat,House,NJ,INTU,2024-6-30,False,True
Josh Gottheimer,Democrat,House,NJ,ISRG,2024-7-21,True,False
Josh Gottheimer,Democrat,House,NJ,LZB,2024-7-15,True,False
Josh Gottheimer,Democrat,House,NJ,MAR,2024-7-8,False,True
Josh Gottheimer,Democrat,House,NJ,MA,2024-6-30,False,True
Josh Gottheimer,Democrat,House,NJ,MA,2024-7-17,True,False
Josh Gottheimer,Democrat,House,NJ,MA,2024-7-30,True,False
Josh Gottheimer,Democrat,House,NJ,MCD,2024-7-8,True,False
Josh Gottheimer,Democrat,House,NJ,MCK,2024-6-30,False,True
Josh Gottheimer,Democrat,House,NJ,MEDP,2024-7-25,False,True
Josh Gottheimer,Democrat,House,NJ,META,2024-6-30,False,True
Josh Gottheimer,Democrat,House,NJ,NFLX,2024-6-30,False,True
Josh Gottheimer,Democrat,House,NJ,NOC,2024-7-18,True,False
Josh Gottheimer,Democrat,House,NJ,PPBI,2024-7-18,True,False
Josh Gottheimer,Democrat,House,NJ,N/A,2024-7-18,True,False
Josh Gottheimer,Democrat,House,NJ,TLK,2024-7-30,True,False
Josh Gottheimer,Democrat,House,NJ,TLK,2024-7-18,True,False
Josh Gottheimer,Democrat,House,NJ,REGN,2024-6-30,False,True
Josh Gottheimer,Democrat,House,NJ,RHHBY,2024-7-22,True,False
Josh Gottheimer,Democrat,House,NJ,CRM,2024-7-21,False,True
Josh Gottheimer,Democrat,House,NJ,SNDR,2024-7-25,True,False
Josh Gottheimer,Democrat,House,NJ,SHEL,2024-7-4,True,False
Josh Gottheimer,Democrat,House,NJ,SGIOY,2024-7-18,True,False
Josh Gottheimer,Democrat,House,NJ,SHLS,2024-7-18,True,False
Josh Gottheimer,Democrat,House,NJ,SONY,2024-7-18,True,False
Josh Gottheimer,Democrat,House,NJ,SWTX,2024-7-18,True,False
Josh Gottheimer,Democrat,House,NJ,TSM,2024-7-4,False,True
Josh Gottheimer,Democrat,House,NJ,TSLA,2024-6-30,False,True
Josh Gottheimer,Democrat,House,NJ,TSLA,2024-7-28,False,True
Josh Gottheimer,Democrat,House,NJ,TSLA,2024-7-23,False,True
Josh Gottheimer,Democrat,House,NJ,TT,2024-6-30,False,True
Josh Gottheimer,Democrat,House,NJ,VIAV,2024-7-18,True,False
Susan Collins,Republican,Senate,ME,TMO,2024-7-16,True,False
John Fetterman,Democrat,Senate,PA,CNXC,2024-7-18,False,True
John Fetterman,Democrat,Senate,PA,CNXC,2024-7-18,True,False
Greg Landsman,Democrat,House,OH,ADBE,2023-1-11,True,False
Greg Landsman,Democrat,House,OH,ADBE,2023-5-22,True,False
Greg Landsman,Democrat,House,OH,GOOGL,2024-5-28,False,True
Greg Landsman,Democrat,House,OH,GOOGL,2023-10-11,True,False
Greg Landsman,Democrat,House,OH,GOOGL,2023-12-13,False,True
Greg Landsman,Democrat,House,OH,AMZN,2024-4-11,True,False
Greg Landsman,Democrat,House,OH,AMZN,2024-6-2,True,False
Greg Landsman,Democrat,House,OH,AMP,2023-1-11,True,False
Greg Landsman,Democrat,House,OH,AMP,2023-1-17,True,False
Greg Landsman,Democrat,House,OH,AMP,2023-4-23,False,True
Greg Landsman,Democrat,House,OH,ADI,2023-4-23,True,False
Greg Landsman,Democrat,House,OH,ADI,2023-5-29,False,True
Greg Landsman,Democrat,House,OH,AAPL,2023-6-5,True,False
Greg Landsman,Democrat,House,OH,AAPL,2024-5-28,False,True
Greg Landsman,Democrat,House,OH,BLK,2023-1-11,True,False
Greg Landsman,Democrat,House,OH,BLK,2023-2-1,True,False
Greg Landsman,Democrat,House,OH,BLK,2023-3-8,False,True
Greg Landsman,Democrat,House,OH,CDNS,2023-11-15,True,False
Greg Landsman,Democrat,House,OH,CDNS,2023-11-14,True,False
Greg Landsman,Democrat,House,OH,CDNS,2024-4-11,False,True
Greg Landsman,Democrat,House,OH,COR,2024-5-28,True,False
Greg Landsman,Democrat,House,OH,LNG,2023-9-18,True,False
Greg Landsman,Democrat,House,OH,COST,2023-1-11,True,False
Greg Landsman,Democrat,House,OH,COST,2024-5-14,True,False
Greg Landsman,Democrat,House,OH,N/A,2024-5-1,False,True
Greg Landsman,Democrat,House,OH,N/A,2023-5-22,True,False
Greg Landsman,Democrat,House,OH,N/A,2023-12-17,True,False
Greg Landsman,Democrat,House,OH,FANG,2023-1-17,False,True
Greg Landsman,Democrat,House,OH,FANG,2023-10-17,True,False
Greg Landsman,Democrat,House,OH,FANG,2023-11-15,False,True
Greg Landsman,Democrat,House,OH,FANG,2024-7-16,True,False
Greg Landsman,Democrat,House,OH,DG,2023-1-17,False,True
Greg Landsman,Democrat,House,OH,LLY,2023-1-17,True,False
Greg Landsman,Democrat,House,OH,LLY,2023-2-1,False,True
Greg Landsman,Democrat,House,OH,LLY,2023-5-10,True,False
Greg Landsman,Democrat,House,OH,LLY,2024-6-2,False,True
Greg Landsman,Democrat,House,OH,EL,2023-8-14,False,True
Greg Landsman,Democrat,House,OH,XOM,2024-5-28,False,True
Greg Landsman,Democrat,House,OH,HON,2023-1-17,False,True
Greg Landsman,Democrat,House,OH,N/A,2023-1-17,True,False
Greg Landsman,Democrat,House,OH,N/A,2023-1-31,False,True
Greg Landsman,Democrat,House,OH,HZNP,2023-2-2,False,True
Greg Landsman,Democrat,House,OH,ISRG,2023-5-3,True,False
Greg Landsman,Democrat,House,OH,ISRG,2023-5-29,True,False
Greg Landsman,Democrat,House,OH,ISRG,2023-8-1,False,True
Greg Landsman,Democrat,House,OH,ISRG,2023-10-11,False,True
Greg Landsman,Democrat,House,OH,ISRG,2023-1-31,True,False
Greg Landsman,Democrat,House,OH,ISRG,2024-7-16,False,True
Greg Landsman,Democrat,House,OH,ISRG,2024-6-19,True,False
Greg Landsman,Democrat,House,OH,ISRG,2024-7-16,False,True
Greg Landsman,Democrat,House,OH,LHX,2024-7-16,True,False
Greg Landsman,Democrat,House,OH,LIN,2023-1-17,False,True
Greg Landsman,Democrat,House,OH,LIN,2023-6-21,False,True
Greg Landsman,Democrat,House,OH,MSFT,2023-5-29,True,False
Greg Landsman,Democrat,House,OH,MSFT,2023-8-1,False,True
Greg Landsman,Democrat,House,OH,MSFT,2024-5-28,False,True
Greg Landsman,Democrat,House,OH,MSFT,2024-1-3,False,True
Greg Landsman,Democrat,House,OH,NEE,2023-1-17,False,True
Greg Landsman,Democrat,House,OH,NVDA,2023-1-31,True,False
Greg Landsman,Democrat,House,OH,NVDA,2023-3-26,False,True
Greg Landsman,Democrat,House,OH,NVDA,2023-5-29,False,True
Greg Landsman,Democrat,House,OH,NVDA,2024-5-28,False,True
Greg Landsman,Democrat,House,OH,NVDA,2023-1-11,True,False
Greg Landsman,Democrat,House,OH,NVDA,2023-8-1,False,True
Greg Landsman,Democrat,House,OH,NVDA,2024-6-2,False,True
Greg Landsman,Democrat,House,OH,PH,2024-6-2,True,False
Greg Landsman,Democrat,House,OH,PH,2024-5-1,True,False
Greg Landsman,Democrat,House,OH,PH,2023-1-17,True,False
Greg Landsman,Democrat,House,OH,PH,2023-4-26,False,True
Greg Landsman,Democrat,House,OH,PH,2023-5-3,False,True
Greg Landsman,Democrat,House,OH,REGN,2023-8-10,True,False
Greg Landsman,Democrat,House,OH,RTX,2023-9-20,False,True
Greg Landsman,Democrat,House,OH,CRM,2023-1-11,True,False
Greg Landsman,Democrat,House,OH,CRM,2023-4-23,True,False
Greg Landsman,Democrat,House,OH,CRM,2023-10-17,False,True
Greg Landsman,Democrat,House,OH,TEL,2024-5-28,True,False
Greg Landsman,Democrat,House,OH,TRMB,2023-11-16,False,True
Greg Landsman,Democrat,House,OH,UBER,2024-5-14,False,True
Greg Landsman,Democrat,House,OH,UBER,2023-5-24,False,True
Greg Landsman,Democrat,House,OH,UBER,2023-3-8,True,False
Greg Landsman,Democrat,House,OH,UBER,2023-4-23,False,True
Greg Landsman,Democrat,House,OH,UBER,2023-6-22,True,False
Greg Landsman,Democrat,House,OH,UBER,2023-8-1,False,True
Greg Landsman,Democrat,House,OH,ULTA,2024-5-28,True,False
Greg Landsman,Democrat,House,OH,URI,2024-1-3,True,False
Greg Landsman,Democrat,House,OH,URI,2023-1-11,True,False
Greg Landsman,Democrat,House,OH,URI,2023-1-17,False,True
Greg Landsman,Democrat,House,OH,URI,2023-5-10,False,True
Greg Landsman,Democrat,House,OH,URI,2024-6-2,True,False
Greg Landsman,Democrat,House,OH,URI,2024-6-19,False,True
Greg Landsman,Democrat,House,OH,VLTO,2024-5-28,False,True
Mike Kelly,Republican,House,PA,N/A,2024-6-30,False,True
Mike Kelly,Republican,House,PA,N/A,2024-7-30,False,True
Mike Kelly,Republican,House,PA,N/A,2024-7-30,False,True
Marjorie Taylor Greene,Republican,House,GA,N/A,2024-8-12,True,False
Thomas Kean Jr,Republican,House,NJ,RGBM,2023-9-18,False,True
Ruben Gallego,Democrat,House,AZ,N/A,2022-6-13,True,False
Rick Scott,Republican,Senate,FL,N/A,2024-8-5,False,True
Rick Scott,Republican,Senate,FL,N/A,2024-8-4,False,True
Rick Scott,Republican,Senate,FL,N/A,2024-8-4,False,True
Rick Scott,Republican,Senate,FL,N/A,2024-8-4,False,True
Rick Scott,Republican,Senate,FL,N/A,2024-8-4,False,True
Rick Scott,Republican,Senate,FL,N/A,2024-8-4,False,True
Rick Scott,Republican,Senate,FL,N/A,2024-7-24,True,False
Rick Scott,Republican,Senate,FL,N/A,2024-7-24,True,False
Rick Scott,Republican,Senate,FL,N/A,2024-7-24,True,False
Rick Scott,Republican,Senate,FL,N/A,2024-7-24,True,False
Rick Scott,Republican,Senate,FL,N/A,2024-7-15,True,False
John Fetterman,Democrat,Senate,PA,MRO,2023-1-23,False,True
John Fetterman,Democrat,Senate,PA,8376923Z,2023-10-25,True,False
John Fetterman,Democrat,Senate,PA,8376923Z,2023-10-25,True,False
John Fetterman,Democrat,Senate,PA,N/A,2023-5-29,True,False
John Fetterman,Democrat,Senate,PA,GE,2023-9-14,False,True
John Fetterman,Democrat,Senate,PA,GE,2023-5-10,True,False
John Fetterman,Democrat,Senate,PA,N/A,2023-5-24,True,False
John Fetterman,Democrat,Senate,PA,KMI,2023-5-9,True,False
John Fetterman,Democrat,Senate,PA,N/A,2023-5-9,True,False
John Fetterman,Democrat,Senate,PA,VTRS,2023-11-29,True,False
John Fetterman,Democrat,Senate,PA,DELL,2023-5-9,True,False
John Fetterman,Democrat,Senate,PA,LDOS,2023-5-1,True,False
John Fetterman,Democrat,Senate,PA,F,2023-5-3,True,False
John Fetterman,Democrat,Senate,PA,ADSK,2023-11-19,True,False
John Fetterman,Democrat,Senate,PA,AUY,2023-5-1,True,False
John Fetterman,Democrat,Senate,PA,PARA,2023-9-26,True,False
John Fetterman,Democrat,Senate,PA,PSXP,2023-6-21,True,False
John Fetterman,Democrat,Senate,PA,CQP,2023-5-10,True,False
John Fetterman,Democrat,Senate,PA,N/A,2023-5-1,True,False
John Fetterman,Democrat,Senate,PA,KD,2023-5-3,True,False
John Fetterman,Democrat,Senate,PA,CNXC,2023-8-31,True,False
John Fetterman,Democrat,Senate,PA,VRSN,2023-5-24,True,False
John Fetterman,Democrat,Senate,PA,FHN,2023-11-19,True,False
John Fetterman,Democrat,Senate,PA,JPM,2023-5-24,True,False
John Fetterman,Democrat,Senate,PA,WDC,2023-5-9,True,False
John Fetterman,Democrat,Senate,PA,WFC,2023-11-19,True,False
John Fetterman,Democrat,Senate,PA,JPM,2023-11-19,True,False
John Fetterman,Democrat,Senate,PA,DUK,2023-11-26,False,True
John Fetterman,Democrat,Senate,PA,DUK,2023-5-3,True,False
John Fetterman,Democrat,Senate,PA,BAC,2023-5-24,True,False
John Fetterman,Democrat,Senate,PA,STLD,2023-5-1,True,False
Bill Hagerty,Republican,Senate,TN,CEQP,2023-11-5,False,False
Bill Hagerty,Republican,Senate,TN,ET,2023-11-5,False,False
Doug Lamborn,Republican,House,CO,NTAP,2024-7-23,True,False
Doug Lamborn,Republican,House,CO,NTAP,2024-7-23,False,True
Doug Lamborn,Republican,House,CO,NTAP,2024-7-23,True,False
Doug Lamborn,Republican,House,CO,NTAP,2024-7-23,False,True
Doug Lamborn,Republican,House,CO,NTAP,2024-7-23,True,False
Doug Lamborn,Republican,House,CO,NTAP,2024-7-23,False,True
Jonathan Jackson,Democrat,House,IL,ACI,2024-7-2,False,True
Jonathan Jackson,Democrat,House,IL,COP,2024-7-4,False,True
Jonathan Jackson,Democrat,House,IL,N/A,2024-7-2,True,False
Jonathan Jackson,Democrat,House,IL,CRM,2024-7-8,False,True
Jonathan Jackson,Democrat,House,IL,TECK,2024-7-8,True,False
Jonathan Jackson,Democrat,House,IL,TECK,2024-7-22,False,True
Jonathan Jackson,Democrat,House,IL,AES,2024-7-8,True,False
Michael Burgess,Republican,House,TX,RY,2024-7-24,False,True
Jim Banks,Republican,House,IN,YUM,2024-8-7,True,False
Kevin Hern,Republican,House,OK,BMO,2024-7-18,False,True
Kevin Hern,Republican,House,OK,8376923Z,2024-7-25,False,True
Kevin Hern,Republican,House,OK,CB,2024-7-7,True,False
Kevin Hern,Republican,House,OK,INRE,2024-7-7,True,False
Mike Garcia,Republican,House,CA,N/A,2024-7-29,True,False
Mark Green,Republican,House,TN,NGL,2024-7-23,False,True
Mark Green,Republican,House,TN,NGL,2024-8-4,False,True
Sean Casten,Democrat,House,IL,N/A,2023-10-30,True,False
Sean Casten,Democrat,House,IL,N/A,2023-11-29,True,False
Sean Casten,Democrat,House,IL,N/A,2024-4-21,True,False
Stephanie Bice,Republican,House,OK,N/A,2023-6-21,True,False
Stephanie Bice,Republican,House,OK,N/A,2023-9-26,True,False
Shelley Moore Capito,Republican,Senate,WV,AVGO,2024-6-30,True,False
Shelley Moore Capito,Republican,Senate,WV,PEP,2024-7-24,False,True
Shelley Moore Capito,Republican,Senate,WV,LOW,2024-7-24,False,True
Shelley Moore Capito,Republican,Senate,WV,MSFT,2024-7-16,False,True
Shelley Moore Capito,Republican,Senate,WV,XOM,2024-7-16,False,True
Shelley Moore Capito,Republican,Senate,WV,C,2024-7-16,False,True
Rick Allen,Republican,House,GA,AZO,2024-7-15,True,False
Rick Allen,Republican,House,GA,JNJ,2024-7-15,False,True
Scott Peters,Democrat,House,CA,N/A,2024-7-16,False,True
Scott Peters,Democrat,House,CA,N/A,2024-7-22,True,False
Scott Peters,Democrat,House,CA,N/A,2024-6-30,False,True
Scott Peters,Democrat,House,CA,N/A,2024-7-9,True,False
Scott Peters,Democrat,House,CA,N/A,2024-7-11,True,False
Scott Peters,Democrat,House,CA,N/A,2024-7-9,True,False
Scott Peters,Democrat,House,CA,N/A,2024-7-24,False,True
Scott Peters,Democrat,House,CA,N/A,2024-6-30,True,False
Stephen Lynch,Democrat,House,MA,AEPGX,2024-6-2,False,True
Stephen Lynch,Democrat,House,MA,AMECX,2024-6-2,False,True
Stephen Lynch,Democrat,House,MA,FKASX,2024-6-2,False,True
Stephen Lynch,Democrat,House,MA,FBALX,2024-6-2,False,True
Stephen Lynch,Democrat,House,MA,FCNTX,2024-6-2,False,True
Stephen Lynch,Democrat,House,MA,FEMKX,2024-6-2,False,True
Stephen Lynch,Democrat,House,MA,N/A,2024-6-2,True,False
Ro Khanna,Democrat,House,CA,8376923Z,2024-7-18,True,False
Ro Khanna,Democrat,House,CA,8376923Z,2024-7-22,True,False
Ro Khanna,Democrat,House,CA,ABT,2024-7-17,True,False
Ro Khanna,Democrat,House,CA,BLDR,2024-7-18,True,False
Ro Khanna,Democrat,House,CA,IP,2024-7-30,True,False
Ro Khanna,Democrat,House,CA,IP,2024-7-10,True,False
Ro Khanna,Democrat,House,CA,SYY,2024-7-22,True,False
Ro Khanna,Democrat,House,CA,AAPL,2024-7-4,True,False
Ro Khanna,Democrat,House,CA,MSFT,2024-7-4,True,False
Ro Khanna,Democrat,House,CA,GEV,2024-7-4,True,False
Ro Khanna,Democrat,House,CA,GOOGL,2024-7-4,True,False
Ro Khanna,Democrat,House,CA,ALL,2024-7-27,False,True
Ro Khanna,Democrat,House,CA,HD,2024-7-9,False,True
Ro Khanna,Democrat,House,CA,AMZN,2024-7-4,False,True
Ro Khanna,Democrat,House,CA,BRK/B,2024-7-24,False,True
Ro Khanna,Democrat,House,CA,KMX,2024-7-10,False,True
Ro Khanna,Democrat,House,CA,8376923Z,2024-7-18,True,False
Ro Khanna,Democrat,House,CA,SBUX,2024-7-28,True,False
Ro Khanna,Democrat,House,CA,LGF/A,2024-7-17,True,False
Ro Khanna,Democrat,House,CA,DE,2024-7-10,True,False
Ro Khanna,Democrat,House,CA,MHK,2024-7-25,False,True
Ro Khanna,Democrat,House,CA,GLW,2024-7-8,False,True
Ro Khanna,Democrat,House,CA,BRK/B,2024-7-24,False,True
Ro Khanna,Democrat,House,CA,CRI,2024-7-25,False,True
Ro Khanna,Democrat,House,CA,AAPL,2024-7-1,True,False
Ro Khanna,Democrat,House,CA,ADBE,2024-7-1,True,False
Ro Khanna,Democrat,House,CA,MCD,2024-7-1,True,False
Ro Khanna,Democrat,House,CA,SCHW,2024-7-1,True,False
Ro Khanna,Democrat,House,CA,INTC,2024-7-1,True,False
Ro Khanna,Democrat,House,CA,NKE,2024-7-1,True,False
Ro Khanna,Democrat,House,CA,ACN,2024-7-1,True,False
Ro Khanna,Democrat,House,CA,CVS,2024-7-1,True,False
Ro Khanna,Democrat,House,CA,UPS,2024-7-1,True,False
Ro Khanna,Democrat,House,CA,CI,2024-7-1,True,False
Ro Khanna,Democrat,House,CA,AMGN,2024-7-1,True,False
Ro Khanna,Democrat,House,CA,MDLZ,2024-7-1,True,False
Ro Khanna,Democrat,House,CA,BMY,2024-7-1,True,False
Ro Khanna,Democrat,House,CA,MA,2024-7-1,True,False
Ro Khanna,Democrat,House,CA,CE,2024-7-1,True,False
Ro Khanna,Democrat,House,CA,N/A,2024-7-1,True,False
Ro Khanna,Democrat,House,CA,KKR,2024-7-1,True,False
Ro Khanna,Democrat,House,CA,FI,2024-7-1,True,False
Ro Khanna,Democrat,House,CA,WY,2024-7-1,True,False
Ro Khanna,Democrat,House,CA,KDP,2024-7-1,True,False
Ro Khanna,Democrat,House,CA,STLD,2024-7-1,True,False
Ro Khanna,Democrat,House,CA,STZ,2024-7-1,True,False
Ro Khanna,Democrat,House,CA,NUE,2024-7-1,True,False
Ro Khanna,Democrat,House,CA,F,2024-7-1,True,False
Ro Khanna,Democrat,House,CA,URI,2024-7-1,True,False
Ro Khanna,Democrat,House,CA,ALL,2024-7-1,True,False
Ro Khanna,Democrat,House,CA,TTWO,2024-7-1,True,False
Ro Khanna,Democrat,House,CA,TRV,2024-7-1,True,False
Ro Khanna,Democrat,House,CA,DLR,2024-7-1,True,False
Ro Khanna,Democrat,House,CA,PM,2024-7-1,True,False
Ro Khanna,Democrat,House,CA,ACGL,2024-7-1,True,False
Ro Khanna,Democrat,House,CA,AIG,2024-7-1,True,False
Ro Khanna,Democrat,House,CA,BF/A,2024-7-1,True,False
Ro Khanna,Democrat,House,CA,BALL,2024-7-1,True,False
Ro Khanna,Democrat,House,CA,AON,2024-7-1,True,False
Ro Khanna,Democrat,House,CA,SPG,2024-7-1,True,False
Ro Khanna,Democrat,House,CA,PAYX,2024-7-1,True,False
Ro Khanna,Democrat,House,CA,ARE,2024-7-1,True,False
Ro Khanna,Democrat,House,CA,MOH,2024-7-1,True,False
Ro Khanna,Democrat,House,CA,GPN,2024-7-1,True,False
Ro Khanna,Democrat,House,CA,CF,2024-7-1,True,False
Ro Khanna,Democrat,House,CA,CCL,2024-7-1,True,False
Ro Khanna,Democrat,House,CA,DAL,2024-7-1,True,False
Ro Khanna,Democrat,House,CA,BAX,2024-7-1,True,False
Ro Khanna,Democrat,House,CA,ADM,2024-7-1,True,False
Ro Khanna,Democrat,House,CA,APTV,2024-7-1,True,False
Ro Khanna,Democrat,House,CA,SJM,2024-7-1,True,False
Ro Khanna,Democrat,House,CA,SWK,2024-7-1,True,False
Ro Khanna,Democrat,House,CA,ODFL,2024-7-1,True,False
Ro Khanna,Democrat,House,CA,MNST,2024-7-1,True,False
Ro Khanna,Democrat,House,CA,GPC,2024-7-1,True,False
Ro Khanna,Democrat,House,CA,DLTR,2024-7-1,True,False
Ro Khanna,Democrat,House,CA,MLM,2024-7-1,True,False
Ro Khanna,Democrat,House,CA,FMC,2024-7-1,True,False
Ro Khanna,Democrat,House,CA,MSCI,2024-7-1,True,False
Ro Khanna,Democrat,House,CA,ALGN,2024-7-1,True,False
Ro Khanna,Democrat,House,CA,META,2024-7-1,True,False
Ro Khanna,Democrat,House,CA,PEP,2024-7-1,False,True
Ro Khanna,Democrat,House,CA,V,2024-7-1,False,True
Ro Khanna,Democrat,House,CA,CSCO,2024-7-1,False,True
Ro Khanna,Democrat,House,CA,PGR,2024-7-1,False,True
Ro Khanna,Democrat,House,CA,TSLA,2024-7-1,False,True
Ro Khanna,Democrat,House,CA,MCK,2024-7-1,False,True
Ro Khanna,Democrat,House,CA,SHW,2024-7-1,False,True
Ro Khanna,Democrat,House,CA,CME,2024-7-1,False,True
Ro Khanna,Democrat,House,CA,SBUX,2024-7-1,False,True
Ro Khanna,Democrat,House,CA,MCHP,2024-7-1,False,True
Ro Khanna,Democrat,House,CA,FCX,2024-7-1,False,True
Ro Khanna,Democrat,House,CA,CNC,2024-7-1,False,True
Ro Khanna,Democrat,House,CA,ANSS,2024-7-1,False,True
Ro Khanna,Democrat,House,CA,UNH,2024-7-1,False,True
Ro Khanna,Democrat,House,CA,FAST,2024-7-1,False,True
Ro Khanna,Democrat,House,CA,KEYS,2024-7-1,False,True
Ro Khanna,Democrat,House,CA,DE,2024-7-1,False,True
Ro Khanna,Democrat,House,CA,PH,2024-7-1,False,True
Ro Khanna,Democrat,House,CA,PPG,2024-7-1,False,True
Ro Khanna,Democrat,House,CA,DOW,2024-7-1,False,True
Ro Khanna,Democrat,House,CA,WAB,2024-7-1,False,True
Ro Khanna,Democrat,House,CA,LVS,2024-7-1,False,True
Ro Khanna,Democrat,House,CA,POOL,2024-7-1,False,True
Ro Khanna,Democrat,House,CA,CSGP,2024-7-1,False,True
Ro Khanna,Democrat,House,CA,CRM,2024-7-1,False,True
Ro Khanna,Democrat,House,CA,LEN,2024-7-1,False,True
Ro Khanna,Democrat,House,CA,SMCI,2024-7-1,False,True
Ro Khanna,Democrat,House,CA,LULU,2024-7-1,False,True
Ro Khanna,Democrat,House,CA,ALB,2024-7-1,False,True
Ro Khanna,Democrat,House,CA,TMO,2024-7-1,False,True
Ro Khanna,Democrat,House,CA,ON,2024-7-1,False,True
Ro Khanna,Democrat,House,CA,ABT,2024-7-1,False,True
Ro Khanna,Democrat,House,CA,CAT,2024-7-1,False,True
Ro Khanna,Democrat,House,CA,MKTX,2024-7-1,False,True
Ro Khanna,Democrat,House,CA,SBAC,2024-7-1,False,True
Ro Khanna,Democrat,House,CA,SYY,2024-7-1,False,True
Ro Khanna,Democrat,House,CA,MKC,2024-7-1,False,True
Ro Khanna,Democrat,House,CA,HSY,2024-7-1,False,True
Ro Khanna,Democrat,House,CA,WDC,2024-7-1,False,True
Ro Khanna,Democrat,House,CA,JBL,2024-7-1,False,True
Ro Khanna,Democrat,House,CA,NDAQ,2024-7-1,False,True
Ro Khanna,Democrat,House,CA,DHI,2024-7-1,False,True
Ro Khanna,Democrat,House,CA,PYPL,2024-7-1,False,True
Ro Khanna,Democrat,House,CA,N/A,2024-7-1,False,True
Ro Khanna,Democrat,House,CA,STT,2024-7-1,False,True
Ro Khanna,Democrat,House,CA,BWA,2024-7-1,False,True
Ro Khanna,Democrat,House,CA,CDAY,2024-7-1,False,True
Ro Khanna,Democrat,House,CA,VICI,2024-7-1,False,True
Ro Khanna,Democrat,House,CA,NEM,2024-7-1,False,True
Ro Khanna,Democrat,House,CA,APD,2024-7-1,False,True
Ro Khanna,Democrat,House,CA,LW,2024-7-1,False,True
Ro Khanna,Democrat,House,CA,HRL,2024-7-1,False,True
Ro Khanna,Democrat,House,CA,ENPH,2024-7-1,False,True
Ro Khanna,Democrat,House,CA,IDXX,2024-7-1,False,True
Ro Khanna,Democrat,House,CA,MAR,2024-7-1,False,True
Ro Khanna,Democrat,House,CA,VTRS,2024-7-1,False,True
Ro Khanna,Democrat,House,CA,WBD,2024-7-1,False,True
Ro Khanna,Democrat,House,CA,PARA,2024-7-1,False,True
Ro Khanna,Democrat,House,CA,FSLR,2024-7-1,False,True
Ro Khanna,Democrat,House,CA,ILMN,2024-7-1,False,True
Ro Khanna,Democrat,House,CA,PAYC,2024-7-1,False,True
Ro Khanna,Democrat,House,CA,AAL,2024-7-1,False,True
Ro Khanna,Democrat,House,CA,IQV,2024-7-1,False,True
Ro Khanna,Democrat,House,CA,PTC,2024-7-1,False,True
Ro Khanna,Democrat,House,CA,AMD,2024-7-1,False,True
Ro Khanna,Democrat,House,CA,EL,2024-7-1,False,True
Ro Khanna,Democrat,House,CA,SOLV,2024-7-1,False,True
Ro Khanna,Democrat,House,CA,8376923Z,2024-7-18,True,False
Ro Khanna,Democrat,House,CA,BNS,2024-7-25,True,False
Ro Khanna,Democrat,House,CA,N/A,2024-7-1,True,False
Ro Khanna,Democrat,House,CA,NCR,2024-7-14,True,False
Ro Khanna,Democrat,House,CA,BAX,2024-7-15,True,False
Ro Khanna,Democrat,House,CA,ELAN,2024-7-17,True,False
Ro Khanna,Democrat,House,CA,LGF/A,2024-7-17,True,False
Ro Khanna,Democrat,House,CA,ELAN,2024-7-14,True,False
Ro Khanna,Democrat,House,CA,NCR,2024-7-2,True,False
Ro Khanna,Democrat,House,CA,NCR,2024-6-30,True,False
Ro Khanna,Democrat,House,CA,NCR,2024-7-4,True,False
Ro Khanna,Democrat,House,CA,MHK,2024-7-25,False,True
Ro Khanna,Democrat,House,CA,MHK,2024-7-15,False,True
Ro Khanna,Democrat,House,CA,GLW,2024-7-8,False,True
Ro Khanna,Democrat,House,CA,CRI,2024-7-22,False,True
Ro Khanna,Democrat,House,CA,GLW,2024-7-10,False,True
Ro Khanna,Democrat,House,CA,GLW,2024-7-24,False,True
Ro Khanna,Democrat,House,CA,CRI,2024-7-25,False,True
Ro Khanna,Democrat,House,CA,BAC,2024-7-24,False,True
Ro Khanna,Democrat,House,CA,INFN,2024-7-11,False,True
Ro Khanna,Democrat,House,CA,INFN,2024-7-16,False,True
Ro Khanna,Democrat,House,CA,INFN,2024-7-10,False,True
Ro Khanna,Democrat,House,CA,INFN,2024-7-21,False,True
Ro Khanna,Democrat,House,CA,INFN,2024-7-9,False,True
Ro Khanna,Democrat,House,CA,BNS,2024-7-24,True,False
Ro Khanna,Democrat,House,CA,8376923Z,2024-7-22,True,False
Ro Khanna,Democrat,House,CA,BRK/B,2024-6-30,True,False
Ro Khanna,Democrat,House,CA,TSLA,2024-6-30,True,False
Ro Khanna,Democrat,House,CA,MA,2024-6-30,True,False
Ro Khanna,Democrat,House,CA,NOW,2024-6-30,True,False
Ro Khanna,Democrat,House,CA,AMZN,2024-6-30,True,False
Ro Khanna,Democrat,House,CA,SBUX,2024-7-28,True,False
Ro Khanna,Democrat,House,CA,CVS,2024-6-30,True,False
Ro Khanna,Democrat,House,CA,CMCSA,2024-6-30,True,False
Ro Khanna,Democrat,House,CA,BMY,2024-6-30,True,False
Ro Khanna,Democrat,House,CA,DIS,2024-7-17,True,False
Ro Khanna,Democrat,House,CA,DIS,2024-7-11,True,False
Ro Khanna,Democrat,House,CA,SBUX,2024-7-30,True,False
Ro Khanna,Democrat,House,CA,LGF/A,2024-7-17,True,False
Ro Khanna,Democrat,House,CA,BF/A,2024-6-30,True,False
Ro Khanna,Democrat,House,CA,FDX,2024-6-30,True,False
Ro Khanna,Democrat,House,CA,LULU,2024-6-30,True,False
Ro Khanna,Democrat,House,CA,AON,2024-6-30,True,False
Ro Khanna,Democrat,House,CA,LGF/A,2024-7-15,True,False
Ro Khanna,Democrat,House,CA,HSY,2024-6-30,True,False
Ro Khanna,Democrat,House,CA,ELAN,2024-7-17,True,False
Ro Khanna,Democrat,House,CA,EL,2024-6-30,True,False
Ro Khanna,Democrat,House,CA,NGG,2024-7-11,True,False
Ro Khanna,Democrat,House,CA,STZ,2024-6-30,True,False
Ro Khanna,Democrat,House,CA,UL,2024-7-11,True,False
Ro Khanna,Democrat,House,CA,NCR,2024-7-14,True,False
Ro Khanna,Democrat,House,CA,DIS,2024-6-30,True,False
Ro Khanna,Democrat,House,CA,ELAN,2024-7-14,True,False
Ro Khanna,Democrat,House,CA,SNY,2024-7-11,True,False
Ro Khanna,Democrat,House,CA,N/A,2024-6-30,True,False
Ro Khanna,Democrat,House,CA,NCR,2024-7-2,True,False
Ro Khanna,Democrat,House,CA,SBUX,2024-7-29,True,False
Ro Khanna,Democrat,House,CA,FTNT,2024-6-30,True,False
Ro Khanna,Democrat,House,CA,CI,2024-6-30,True,False
Ro Khanna,Democrat,House,CA,INTU,2024-6-30,True,False
Ro Khanna,Democrat,House,CA,NCR,2024-7-11,True,False
Ro Khanna,Democrat,House,CA,ORCL,2024-6-30,True,False
Ro Khanna,Democrat,House,CA,SJM,2024-6-30,True,False
Ro Khanna,Democrat,House,CA,NCR,2024-7-9,True,False
Ro Khanna,Democrat,House,CA,CLX,2024-6-30,True,False
Ro Khanna,Democrat,House,CA,ODFL,2024-6-30,True,False
Ro Khanna,Democrat,House,CA,NCR,2024-7-4,True,False
Ro Khanna,Democrat,House,CA,HRL,2024-6-30,True,False
Ro Khanna,Democrat,House,CA,EWA,2024-7-11,True,False
Ro Khanna,Democrat,House,CA,USB,2024-6-30,True,False
Ro Khanna,Democrat,House,CA,GIS,2024-6-30,True,False
Ro Khanna,Democrat,House,CA,CDAY,2024-6-30,True,False
Ro Khanna,Democrat,House,CA,WBA,2024-6-30,True,False
Ro Khanna,Democrat,House,CA,LW,2024-6-30,True,False
Ro Khanna,Democrat,House,CA,LKQ,2024-6-30,True,False
Ro Khanna,Democrat,House,CA,WBD,2024-6-30,True,False
Ro Khanna,Democrat,House,CA,ALGN,2024-6-30,True,False
Ro Khanna,Democrat,House,CA,ADM,2024-6-30,True,False
Ro Khanna,Democrat,House,CA,ON,2024-6-30,True,False
Ro Khanna,Democrat,House,CA,PM,2024-6-30,True,False
Ro Khanna,Democrat,House,CA,TAP,2024-6-30,True,False
Ro Khanna,Democrat,House,CA,CSGP,2024-6-30,True,False
Ro Khanna,Democrat,House,CA,DLTR,2024-6-30,True,False
Ro Khanna,Democrat,House,CA,IQV,2024-6-30,True,False
Ro Khanna,Democrat,House,CA,FMC,2024-6-30,True,False
Ro Khanna,Democrat,House,CA,ELAN,2024-7-16,True,False
Ro Khanna,Democrat,House,CA,ULTA,2024-6-30,True,False
Ro Khanna,Democrat,House,CA,ALB,2024-6-30,True,False
Ro Khanna,Democrat,House,CA,PANW,2024-6-30,True,False
Ro Khanna,Democrat,House,CA,SBGSY,2024-7-11,True,False
Ro Khanna,Democrat,House,CA,ABB,2024-7-11,True,False
Ro Khanna,Democrat,House,CA,N/A,2024-7-11,True,False
Ro Khanna,Democrat,House,CA,TSM,2024-7-11,True,False
Ro Khanna,Democrat,House,CA,XSP,2024-6-30,False,True
Ro Khanna,Democrat,House,CA,XSP,2024-7-14,False,True
Ro Khanna,Democrat,House,CA,XSP,2024-7-7,False,True
Ro Khanna,Democrat,House,CA,XSP,2024-7-21,False,True
Ro Khanna,Democrat,House,CA,MHK,2024-7-25,False,True
Ro Khanna,Democrat,House,CA,PEP,2024-6-30,False,True
Ro Khanna,Democrat,House,CA,MRK,2024-6-30,False,True
Ro Khanna,Democrat,House,CA,V,2024-6-30,False,True
Ro Khanna,Democrat,House,CA,INTC,2024-6-30,False,True
Ro Khanna,Democrat,House,CA,SBUX,2024-6-30,False,True
Ro Khanna,Democrat,House,CA,NVO,2024-7-11,False,True
Ro Khanna,Democrat,House,CA,CRM,2024-6-30,False,True
Ro Khanna,Democrat,House,CA,DG,2024-6-30,False,True
Ro Khanna,Democrat,House,CA,PYPL,2024-6-30,False,True
Ro Khanna,Democrat,House,CA,DHI,2024-6-30,False,True
Ro Khanna,Democrat,House,CA,MDLZ,2024-6-30,False,True
Ro Khanna,Democrat,House,CA,INFN,2024-7-9,False,True
Ro Khanna,Democrat,House,CA,MHK,2024-7-15,False,True
Ro Khanna,Democrat,House,CA,CNC,2024-6-30,False,True
Ro Khanna,Democrat,House,CA,APTV,2024-6-30,False,True
Ro Khanna,Democrat,House,CA,CRI,2024-7-22,False,True
Ro Khanna,Democrat,House,CA,ANSS,2024-6-30,False,True
Ro Khanna,Democrat,House,CA,MS,2024-6-30,False,True
Ro Khanna,Democrat,House,CA,MSCI,2024-6-30,False,True
Ro Khanna,Democrat,House,CA,FITB,2024-6-30,False,True
Ro Khanna,Democrat,House,CA,GLW,2024-7-10,False,True
Ro Khanna,Democrat,House,CA,GLW,2024-7-8,False,True
Ro Khanna,Democrat,House,CA,FCX,2024-6-30,False,True
