Name,Party,Chamber,State,Ticker,Date,Buy,Sell
Daniel S. Goldman,Democrat,House,NY,LSRCY,2023-7-9,False,True
Daniel S. Goldman,Democrat,House,NY,N/A,2023-7-10,False,True
Daniel S. Goldman,Democrat,House,NY,LGRDY,2023-7-9,False,True
Daniel S. Goldman,Democrat,House,NY,LBYAV,2023-7-11,False,True
Daniel S. Goldman,Democrat,House,NY,LBYAV,2023-7-11,False,True
Daniel S. Goldman,Democrat,House,NY,LSI,2023-7-11,False,True
Daniel S. Goldman,Democrat,House,NY,JSGRY,2023-7-9,False,True
Daniel S. Goldman,Democrat,House,NY,LYG,2023-7-9,False,True
Daniel S. Goldman,Democrat,House,NY,LMT,2023-7-11,False,True
Daniel S. Goldman,Democrat,House,NY,N/A,2023-7-10,False,True
Daniel S. Goldman,Democrat,House,NY,LOGI,2023-7-9,False,True
Daniel S. Goldman,Democrat,House,NY,LZAGY,2023-7-9,False,True
Daniel S. Goldman,Democrat,House,NY,LRLCY,2023-7-9,False,True
Daniel S. Goldman,Democrat,House,NY,LCID,2023-6-28,False,True
Daniel S. Goldman,Democrat,House,NY,LUMN,2023-7-10,False,True
Daniel S. Goldman,Democrat,House,NY,LVMHF,2023-7-9,False,True
Daniel S. Goldman,Democrat,House,NY,LVMHF,2023-7-11,False,True
Daniel S. Goldman,Democrat,House,NY,MTB,2023-7-11,False,True
Daniel S. Goldman,Democrat,House,NY,MTHRY,2023-7-9,False,True
Daniel S. Goldman,Democrat,House,NY,MQBKY,2023-7-9,False,True
Daniel S. Goldman,Democrat,House,NY,MKTAY,2023-7-9,False,True
Daniel S. Goldman,Democrat,House,NY,MKTX,2023-7-11,False,True
Daniel S. Goldman,Democrat,House,NY,MZDAY,2023-7-9,False,True
Daniel S. Goldman,Democrat,House,NY,MDIBY,2023-7-9,False,True
Daniel S. Goldman,Democrat,House,NY,MELI,2023-7-9,False,True
Daniel S. Goldman,Democrat,House,NY,MELI,2023-7-11,False,True
Daniel S. Goldman,Democrat,House,NY,MBGYY,2023-7-9,False,True
Daniel S. Goldman,Democrat,House,NY,MRK,2023-7-13,False,True
Daniel S. Goldman,Democrat,House,NY,MRK,2023-7-11,False,True
Daniel S. Goldman,Democrat,House,NY,MKKGY,2023-7-9,False,True
Daniel S. Goldman,Democrat,House,NY,MGDDY,2023-7-9,False,True
Daniel S. Goldman,Democrat,House,NY,MAA,2023-7-11,False,True
Daniel S. Goldman,Democrat,House,NY,MSSMY,2023-7-9,False,True
Daniel S. Goldman,Democrat,House,NY,MIELY,2023-7-9,False,True
Daniel S. Goldman,Democrat,House,NY,MUFG,2023-7-9,False,True
Daniel S. Goldman,Democrat,House,NY,MTSFY,2023-7-9,False,True
Daniel S. Goldman,Democrat,House,NY,MSLOY,2023-7-9,False,True
Daniel S. Goldman,Democrat,House,NY,MFG,2023-7-9,False,True
Daniel S. Goldman,Democrat,House,NY,MRNA,2023-7-11,False,True
Daniel S. Goldman,Democrat,House,NY,MOH,2023-7-11,False,True
Daniel S. Goldman,Democrat,House,NY,MOS,2023-7-11,False,True
Daniel S. Goldman,Democrat,House,NY,MOS,2023-6-28,False,True
Daniel S. Goldman,Democrat,House,NY,MHGVY,2023-7-9,False,True
Daniel S. Goldman,Democrat,House,NY,MSADY,2023-7-9,False,True
Daniel S. Goldman,Democrat,House,NY,MTUAY,2023-7-9,False,True
Daniel S. Goldman,Democrat,House,NY,MURGY,2023-7-9,False,True
Daniel S. Goldman,Democrat,House,NY,MRAAY,2023-7-9,False,True
Daniel S. Goldman,Democrat,House,NY,N/A,2023-7-10,False,True
Daniel S. Goldman,Democrat,House,NY,N/A,2023-7-10,False,True
Daniel S. Goldman,Democrat,House,NY,N/A,2023-7-10,False,True
Daniel S. Goldman,Democrat,House,NY,N/A,2023-7-10,False,True
Daniel S. Goldman,Democrat,House,NY,N/A,2023-7-10,False,True
Daniel S. Goldman,Democrat,House,NY,N/A,2023-7-10,False,True
Daniel S. Goldman,Democrat,House,NY,N/A,2023-7-10,False,True
Daniel S. Goldman,Democrat,House,NY,N/A,2023-7-10,False,True
Daniel S. Goldman,Democrat,House,NY,N/A,2023-7-10,False,True
Daniel S. Goldman,Democrat,House,NY,N/A,2023-7-10,False,True
Daniel S. Goldman,Democrat,House,NY,N/A,2023-7-10,False,True
Daniel S. Goldman,Democrat,House,NY,NCBDY,2023-7-9,False,True
Daniel S. Goldman,Democrat,House,NY,NABZY,2023-7-9,False,True
Daniel S. Goldman,Democrat,House,NY,NFG,2023-6-28,False,True
Daniel S. Goldman,Democrat,House,NY,NGG,2023-7-9,False,True
Daniel S. Goldman,Democrat,House,NY,NSA,2023-7-11,False,True
Daniel S. Goldman,Democrat,House,NY,NWG,2023-7-9,False,True
Daniel S. Goldman,Democrat,House,NY,NSRGY,2023-7-9,False,True
Daniel S. Goldman,Democrat,House,NY,NTES,2023-7-9,False,True
Daniel S. Goldman,Democrat,House,NY,N/A,2023-7-10,False,True
Daniel S. Goldman,Democrat,House,NY,N/A,2023-7-10,False,True
Daniel S. Goldman,Democrat,House,NY,N/A,2023-7-10,False,True
Daniel S. Goldman,Democrat,House,NY,N/A,2023-7-10,False,True
Daniel S. Goldman,Democrat,House,NY,N/A,2023-7-10,False,True
Daniel S. Goldman,Democrat,House,NY,N/A,2023-7-10,False,True
Daniel S. Goldman,Democrat,House,NY,N/A,2023-7-10,False,True
Daniel S. Goldman,Democrat,House,NY,N/A,2023-7-10,False,True
Daniel S. Goldman,Democrat,House,NY,N/A,2023-7-10,False,True
Daniel S. Goldman,Democrat,House,NY,NCMGY,2023-7-9,False,True
Daniel S. Goldman,Democrat,House,NY,NEXOY,2023-7-9,False,True
Daniel S. Goldman,Democrat,House,NY,NXRT,2023-7-11,False,True
Daniel S. Goldman,Democrat,House,NY,NICE,2023-7-9,False,True
Daniel S. Goldman,Democrat,House,NY,NJDCY,2023-7-9,False,True
Daniel S. Goldman,Democrat,House,NY,NINOY,2023-7-9,False,True
Daniel S. Goldman,Democrat,House,NY,NTDOY,2023-7-9,False,True
Daniel S. Goldman,Democrat,House,NY,NTTYY,2023-7-9,False,True
Daniel S. Goldman,Democrat,House,NY,NSANY,2023-7-9,False,True
Daniel S. Goldman,Democrat,House,NY,NDEKY,2023-7-9,False,True
Daniel S. Goldman,Democrat,House,NY,NNGRY,2023-7-9,False,True
Daniel S. Goldman,Democrat,House,NY,NOK,2023-7-9,False,True
Daniel S. Goldman,Democrat,House,NY,NMR,2023-7-9,False,True
Daniel S. Goldman,Democrat,House,NY,NRILY,2023-7-9,False,True
Daniel S. Goldman,Democrat,House,NY,NRDBY,2023-7-9,False,True
Daniel S. Goldman,Democrat,House,NY,NOC,2023-7-18,False,True
Daniel S. Goldman,Democrat,House,NY,NVS,2023-7-9,False,True
Daniel S. Goldman,Democrat,House,NY,NVO,2023-7-9,False,True
Daniel S. Goldman,Democrat,House,NY,NVO,2023-7-11,False,True
Daniel S. Goldman,Democrat,House,NY,N/A,2023-7-10,False,True
Daniel S. Goldman,Democrat,House,NY,N/A,2023-7-10,False,True
Daniel S. Goldman,Democrat,House,NY,OCDDY,2023-7-9,False,True
Daniel S. Goldman,Democrat,House,NY,OLPX,2023-6-28,False,True
Daniel S. Goldman,Democrat,House,NY,OLYMY,2023-7-9,False,True
Daniel S. Goldman,Democrat,House,NY,OMRNY,2023-7-9,False,True
Daniel S. Goldman,Democrat,House,NY,OGS,2023-7-11,False,True
Daniel S. Goldman,Democrat,House,NY,OPHLY,2023-7-9,False,True
Daniel S. Goldman,Democrat,House,NY,OLCLY,2023-7-9,False,True
Daniel S. Goldman,Democrat,House,NY,DNNGY,2023-7-9,False,True
Daniel S. Goldman,Democrat,House,NY,OTSKY,2023-7-9,False,True
Daniel S. Goldman,Democrat,House,NY,OVCHY,2023-7-9,False,True
Daniel S. Goldman,Democrat,House,NY,PD,2023-7-11,False,True
Daniel S. Goldman,Democrat,House,NY,PANDY,2023-7-9,False,True
Daniel S. Goldman,Democrat,House,NY,PARA,2023-7-11,False,True
Daniel S. Goldman,Democrat,House,NY,PARA,2023-6-28,False,True
Daniel S. Goldman,Democrat,House,NY,PK,2023-7-11,False,True
Daniel S. Goldman,Democrat,House,NY,PYPL,2023-7-11,False,True
Daniel S. Goldman,Democrat,House,NY,PEB,2023-7-11,False,True
Daniel S. Goldman,Democrat,House,NY,PDRDY,2023-7-9,False,True
Daniel S. Goldman,Democrat,House,NY,PFE,2023-7-11,False,True
Daniel S. Goldman,Democrat,House,NY,PECO,2023-7-11,False,True
Daniel S. Goldman,Democrat,House,NY,PHIN,2023-7-11,False,True
Daniel S. Goldman,Democrat,House,NY,PLTK,2023-7-11,False,True
Daniel S. Goldman,Democrat,House,NY,PGR,2023-7-11,False,True
Daniel S. Goldman,Democrat,House,NY,PLD,2023-7-11,False,True
Daniel S. Goldman,Democrat,House,NY,PLD,2023-7-13,False,True
Daniel S. Goldman,Democrat,House,NY,PROSY,2023-7-9,False,True
Daniel S. Goldman,Democrat,House,NY,PUK,2023-7-9,False,True
Daniel S. Goldman,Democrat,House,NY,PRYMY,2023-7-9,False,True
Daniel S. Goldman,Democrat,House,NY,PSA,2023-7-9,False,True
Daniel S. Goldman,Democrat,House,NY,PSA,2023-7-11,False,True
Daniel S. Goldman,Democrat,House,NY,PUBGY,2023-7-9,False,True
Daniel S. Goldman,Democrat,House,NY,QABSY,2023-7-9,False,True
Daniel S. Goldman,Democrat,House,NY,QBIEY,2023-7-9,False,True
Daniel S. Goldman,Democrat,House,NY,QS,2023-6-28,False,True
Daniel S. Goldman,Democrat,House,NY,QDEL,2023-7-11,False,True
Daniel S. Goldman,Democrat,House,NY,RANJY,2023-7-9,False,True
Daniel S. Goldman,Democrat,House,NY,RBA,2023-7-11,False,True
Daniel S. Goldman,Democrat,House,NY,RWT,2023-7-11,False,True
Daniel S. Goldman,Democrat,House,NY,RLAY,2023-7-11,False,True
Daniel S. Goldman,Democrat,House,NY,RELX,2023-7-9,False,True
Daniel S. Goldman,Democrat,House,NY,RTO,2023-7-9,False,True
Daniel S. Goldman,Democrat,House,NY,ROIC,2023-7-11,False,True
Daniel S. Goldman,Democrat,House,NY,RNMBY,2023-7-9,False,True
Daniel S. Goldman,Democrat,House,NY,RIO,2023-7-9,False,True
Daniel S. Goldman,Democrat,House,NY,RLJ,2023-7-11,False,True
Daniel S. Goldman,Democrat,House,NY,RHHBY,2023-7-9,False,True
Daniel S. Goldman,Democrat,House,NY,KKPNY,2023-7-9,False,True
Daniel S. Goldman,Democrat,House,NY,RPT,2023-7-9,False,True
Daniel S. Goldman,Democrat,House,NY,RTX,2023-7-11,False,True
Daniel S. Goldman,Democrat,House,NY,SAFRY,2023-7-9,False,True
Daniel S. Goldman,Democrat,House,NY,SALRY,2023-7-9,False,True
Daniel S. Goldman,Democrat,House,NY,SAXPY,2023-7-9,False,True
Daniel S. Goldman,Democrat,House,NY,IOT,2023-7-11,False,True
Daniel S. Goldman,Democrat,House,NY,SDVKY,2023-7-9,False,True
Daniel S. Goldman,Democrat,House,NY,SNY,2023-7-9,False,True
Daniel S. Goldman,Democrat,House,NY,SAP,2023-7-9,False,True
Daniel S. Goldman,Democrat,House,NY,SOAGY,2023-7-9,False,True
Daniel S. Goldman,Democrat,House,NY,BFS,2023-7-11,False,True
Daniel S. Goldman,Democrat,House,NY,SBAC,2023-7-11,False,True
Daniel S. Goldman,Democrat,House,NY,N/A,2023-7-10,False,True
Daniel S. Goldman,Democrat,House,NY,SBGSY,2023-7-9,False,True
Daniel S. Goldman,Democrat,House,NY,SE,2023-7-9,False,True
Daniel S. Goldman,Democrat,House,NY,STX,2023-7-11,False,True
Daniel S. Goldman,Democrat,House,NY,SKLTY,2023-7-9,False,True
Daniel S. Goldman,Democrat,House,NY,SKHSY,2023-7-9,False,True
Daniel S. Goldman,Democrat,House,NY,SVNDY,2023-7-9,False,True
Daniel S. Goldman,Democrat,House,NY,SGSOY,2023-7-9,False,True
Daniel S. Goldman,Democrat,House,NY,SMNNY,2023-7-9,False,True
Daniel S. Goldman,Democrat,House,NY,SHECY,2023-7-9,False,True
Daniel S. Goldman,Democrat,House,NY,SGIOY,2023-7-9,False,True
Daniel S. Goldman,Democrat,House,NY,SSDOY,2023-7-9,False,True
Daniel S. Goldman,Democrat,House,NY,SIEGY,2023-7-9,False,True
Daniel S. Goldman,Democrat,House,NY,SMNEY,2023-7-9,False,True
Daniel S. Goldman,Democrat,House,NY,SMMNY,2023-7-9,False,True
Daniel S. Goldman,Democrat,House,NY,SXYAY,2023-7-9,False,True
Daniel S. Goldman,Democrat,House,NY,SBGI,2023-7-11,False,True
Daniel S. Goldman,Democrat,House,NY,SINGY,2023-7-9,False,True
Daniel S. Goldman,Democrat,House,NY,SPXCY,2023-7-9,False,True
Daniel S. Goldman,Democrat,House,NY,SKFRY,2023-7-9,False,True
Daniel S. Goldman,Democrat,House,NY,SLG,2023-7-11,False,True
Daniel S. Goldman,Democrat,House,NY,SGH,2023-7-11,False,True
Daniel S. Goldman,Democrat,House,NY,SMCAY,2023-7-9,False,True
Daniel S. Goldman,Democrat,House,NY,SNN,2023-7-9,False,True
Daniel S. Goldman,Democrat,House,NY,SMFKY,2023-7-9,False,True
Daniel S. Goldman,Democrat,House,NY,SCGLY,2023-7-9,False,True
Daniel S. Goldman,Democrat,House,NY,SOBKY,2023-7-9,False,True
Daniel S. Goldman,Democrat,House,NY,SFTBY,2023-7-9,False,True
Daniel S. Goldman,Democrat,House,NY,SKHHY,2023-7-9,False,True
Daniel S. Goldman,Democrat,House,NY,SONVY,2023-7-9,False,True
Daniel S. Goldman,Democrat,House,NY,SONY,2023-7-9,False,True
Daniel S. Goldman,Democrat,House,NY,SPKKY,2023-7-9,False,True
Daniel S. Goldman,Democrat,House,NY,SR,2023-7-11,False,True
Daniel S. Goldman,Democrat,House,NY,SSEZY,2023-7-9,False,True
Daniel S. Goldman,Democrat,House,NY,STT,2023-7-11,False,True
Daniel S. Goldman,Democrat,House,NY,STLA,2023-7-9,False,True
Daniel S. Goldman,Democrat,House,NY,STM,2023-7-9,False,True
Daniel S. Goldman,Democrat,House,NY,SOMMY,2023-7-9,False,True
Daniel S. Goldman,Democrat,House,NY,SMTOY,2023-7-9,False,True
Daniel S. Goldman,Democrat,House,NY,SMFG,2023-7-9,False,True
Daniel S. Goldman,Democrat,House,NY,SUTNY,2023-7-9,False,True
Daniel S. Goldman,Democrat,House,NY,INN,2023-7-11,False,True
Daniel S. Goldman,Democrat,House,NY,SUHJY,2023-7-9,False,True
Daniel S. Goldman,Democrat,House,NY,SHO,2023-7-11,False,True
Daniel S. Goldman,Democrat,House,NY,STBFY,2023-7-9,False,True
Daniel S. Goldman,Democrat,House,NY,SZKMY,2023-7-9,False,True
Daniel S. Goldman,Democrat,House,NY,SVNLY,2023-7-9,False,True
Daniel S. Goldman,Democrat,House,NY,SWDBY,2023-7-9,False,True
Daniel S. Goldman,Democrat,House,NY,SWRAY,2023-7-9,False,True
Daniel S. Goldman,Democrat,House,NY,SSREY,2023-7-9,False,True
Daniel S. Goldman,Democrat,House,NY,SCMWY,2023-7-9,False,True
Daniel S. Goldman,Democrat,House,NY,SYIEY,2023-7-9,False,True
Daniel S. Goldman,Democrat,House,NY,SYY,2023-7-11,False,True
Daniel S. Goldman,Democrat,House,NY,SSMXY,2023-7-9,False,True
Daniel S. Goldman,Democrat,House,NY,TSM,2023-7-9,False,True
Daniel S. Goldman,Democrat,House,NY,TAK,2023-7-9,False,True
Daniel S. Goldman,Democrat,House,NY,TNDM,2023-7-11,False,True
Daniel S. Goldman,Democrat,House,NY,SKT,2023-7-11,False,True
Daniel S. Goldman,Democrat,House,NY,TTDKY,2023-7-9,False,True
Daniel S. Goldman,Democrat,House,NY,TEL,2023-7-9,False,True
Daniel S. Goldman,Democrat,House,NY,TEL,2023-7-13,False,True
Daniel S. Goldman,Democrat,House,NY,TTNDY,2023-7-9,False,True
Daniel S. Goldman,Democrat,House,NY,TFX,2023-7-11,False,True
Daniel S. Goldman,Democrat,House,NY,TEF,2023-7-9,False,True
Daniel S. Goldman,Democrat,House,NY,TELNY,2023-7-9,False,True
Daniel S. Goldman,Democrat,House,NY,TLPFY,2023-7-9,False,True
Daniel S. Goldman,Democrat,House,NY,TLSYY,2023-7-9,False,True
Daniel S. Goldman,Democrat,House,NY,TMSNY,2023-7-9,False,True
Daniel S. Goldman,Democrat,House,NY,TCEHY,2023-7-9,False,True
Daniel S. Goldman,Democrat,House,NY,TEZNY,2023-7-9,False,True
Daniel S. Goldman,Democrat,House,NY,TRUMY,2023-7-9,False,True
Daniel S. Goldman,Democrat,House,NY,N/A,2023-7-10,False,True
Daniel S. Goldman,Democrat,House,NY,KHC,2023-7-11,False,True
Daniel S. Goldman,Democrat,House,NY,TMO,2023-7-11,False,True
Daniel S. Goldman,Democrat,House,NY,THO,2023-7-13,False,True
Daniel S. Goldman,Democrat,House,NY,TKAMY,2023-7-9,False,True
Daniel S. Goldman,Democrat,House,NY,TMUS,2023-7-13,False,True
Daniel S. Goldman,Democrat,House,NY,TMUS,2023-7-11,False,True
Daniel S. Goldman,Democrat,House,NY,TKOMY,2023-7-9,False,True
Daniel S. Goldman,Democrat,House,NY,TOELY,2023-7-9,False,True
Daniel S. Goldman,Democrat,House,NY,TRYIY,2023-7-9,False,True
Daniel S. Goldman,Democrat,House,NY,TOTDY,2023-7-9,False,True
Daniel S. Goldman,Democrat,House,NY,TM,2023-7-9,False,True
Daniel S. Goldman,Democrat,House,NY,TT,2023-7-9,False,True
Daniel S. Goldman,Democrat,House,NY,TMICY,2023-7-9,False,True
Daniel S. Goldman,Democrat,House,NY,N/A,2023-7-10,False,True
Daniel S. Goldman,Democrat,House,NY,TRIP,2023-7-11,False,True
Daniel S. Goldman,Democrat,House,NY,N/A,2023-7-11,False,True
Daniel S. Goldman,Democrat,House,NY,TSN,2023-7-13,False,True
Daniel S. Goldman,Democrat,House,NY,USB,2023-7-11,False,True
Daniel S. Goldman,Democrat,House,NY,UBS,2023-7-9,False,True
Daniel S. Goldman,Democrat,House,NY,UCBJY,2023-7-9,False,True
Daniel S. Goldman,Democrat,House,NY,UDR,2023-7-11,False,True
Daniel S. Goldman,Democrat,House,NY,UMICY,2023-7-9,False,True
Daniel S. Goldman,Democrat,House,NY,UL,2023-7-9,False,True
Daniel S. Goldman,Democrat,House,NY,UOVEY,2023-7-9,False,True
Daniel S. Goldman,Democrat,House,NY,UPS,2023-7-11,False,True
Daniel S. Goldman,Democrat,House,NY,URI,2023-7-11,False,True
Daniel S. Goldman,Democrat,House,NY,UUGRY,2023-7-9,False,True
Daniel S. Goldman,Democrat,House,NY,UNH,2023-7-11,False,True
Daniel S. Goldman,Democrat,House,NY,UPMMY,2023-7-9,False,True
Daniel S. Goldman,Democrat,House,NY,N/A,2023-7-10,False,True
Daniel S. Goldman,Democrat,House,NY,UE,2023-7-11,False,True
Daniel S. Goldman,Democrat,House,NY,UBA,2023-7-11,False,True
Daniel S. Goldman,Democrat,House,NY,ESV,2023-6-28,False,True
Daniel S. Goldman,Democrat,House,NY,VACNY,2023-7-9,False,True
Daniel S. Goldman,Democrat,House,NY,VTR,2023-7-13,False,True
Daniel S. Goldman,Democrat,House,NY,VEOEY,2023-7-9,False,True
Daniel S. Goldman,Democrat,House,NY,VZ,2023-7-11,False,True
Daniel S. Goldman,Democrat,House,NY,VCISY,2023-7-9,False,True
Daniel S. Goldman,Democrat,House,NY,VOD,2023-7-9,False,True
Daniel S. Goldman,Democrat,House,NY,VWAGY,2023-7-9,False,True
Daniel S. Goldman,Democrat,House,NY,VWAGY,2023-7-9,False,True
Daniel S. Goldman,Democrat,House,NY,VOLVY,2023-7-9,False,True
Daniel S. Goldman,Democrat,House,NY,WELL,2023-7-11,False,True
Daniel S. Goldman,Democrat,House,NY,N/A,2023-7-10,False,True
Daniel S. Goldman,Democrat,House,NY,WJRYY,2023-7-9,False,True
Daniel S. Goldman,Democrat,House,NY,WPM,2023-7-11,False,True
Daniel S. Goldman,Democrat,House,NY,N/A,2023-7-10,False,True
Daniel S. Goldman,Democrat,House,NY,WRDLY,2023-7-9,False,True
Daniel S. Goldman,Democrat,House,NY,WPP,2023-7-9,False,True
Daniel S. Goldman,Democrat,House,NY,YAMHY,2023-7-9,False,True
Daniel S. Goldman,Democrat,House,NY,YARIY,2023-7-9,False,True
Daniel S. Goldman,Democrat,House,NY,YASKY,2023-7-9,False,True
Daniel S. Goldman,Democrat,House,NY,YUMC,2023-7-11,False,True
Daniel S. Goldman,Democrat,House,NY,ZLNDY,2023-7-9,False,True
Daniel S. Goldman,Democrat,House,NY,ZTS,2023-7-13,False,True
Daniel S. Goldman,Democrat,House,NY,ZURVY,2023-7-9,False,True
Stephanie Bice,Republican,House,OK,N/A,2022-12-11,True,False
Rudy Yakym,Republican,House,IN,N/A,2023-8-9,True,False
Tom Cole,Republican,House,OK,N/A,2023-7-14,False,True
Rick Allen,Republican,House,GA,ACN,2023-3-13,False,True
Rick Allen,Republican,House,GA,AMGN,2022-8-17,True,False
Rick Allen,Republican,House,GA,CB,2022-8-17,True,False
Rick Allen,Republican,House,GA,PFE,2023-3-13,False,True
Rick Allen,Republican,House,GA,SSB,2023-1-12,False,True
Rick Allen,Republican,House,GA,SSB,2023-3-8,False,True
Rick Allen,Republican,House,GA,SSB,2022-4-3,False,True
Rick Allen,Republican,House,GA,SSB,2022-5-4,False,True
Rick Allen,Republican,House,GA,N/A,2022-10-6,True,False
Rick Allen,Republican,House,GA,N/A,2022-12-7,True,False
Rick Allen,Republican,House,GA,N/A,2022-10-6,True,False
Rick Allen,Republican,House,GA,N/A,2022-9-18,True,False
Rick Allen,Republican,House,GA,N/A,2022-10-6,True,False
Rick Allen,Republican,House,GA,N/A,2022-8-18,True,False
Rick Allen,Republican,House,GA,N/A,2022-8-17,True,False
Rick Allen,Republican,House,GA,N/A,2022-5-22,True,False
Rick Allen,Republican,House,GA,N/A,2022-9-15,True,False
Rick Allen,Republican,House,GA,N/A,2023-7-16,True,False
Rick Allen,Republican,House,GA,N/A,2022-5-9,True,False
Rick Allen,Republican,House,GA,N/A,2022-5-9,True,False
Rick Allen,Republican,House,GA,N/A,2022-9-15,True,False
Rick Allen,Republican,House,GA,N/A,2022-12-22,True,False
Rick Allen,Republican,House,GA,DIS,2022-8-10,False,True
Greg Steube,Republican,House,FL,SNV,2023-7-2,False,True
Jonathan Jackson,Democrat,House,IL,LIN,2023-7-17,True,False
Jonathan Jackson,Democrat,House,IL,LIN,2023-7-30,True,False
Jonathan Jackson,Democrat,House,IL,NEE,2023-7-17,False,True
Ro Khanna,Democrat,House,CA,UBER,2023-7-16,True,False
Ro Khanna,Democrat,House,CA,ADSK,2023-7-16,False,True
Ro Khanna,Democrat,House,CA,UNH,2023-7-17,True,False
Ro Khanna,Democrat,House,CA,VRSK,2023-7-17,False,True
Ro Khanna,Democrat,House,CA,UBER,2023-7-20,True,False
Ro Khanna,Democrat,House,CA,ADSK,2023-7-20,False,True
Ro Khanna,Democrat,House,CA,ADSK,2023-7-26,False,True
Ro Khanna,Democrat,House,CA,N/A,2023-6-30,True,False
Ro Khanna,Democrat,House,CA,ACN,2023-7-6,True,False
Ro Khanna,Democrat,House,CA,ISRG,2023-7-6,True,False
Ro Khanna,Democrat,House,CA,DFS,2023-7-2,True,False
Ro Khanna,Democrat,House,CA,ALL,2023-7-12,True,False
Ro Khanna,Democrat,House,CA,SBAC,2023-7-16,True,False
Ro Khanna,Democrat,House,CA,WFC,2023-7-16,True,False
Ro Khanna,Democrat,House,CA,SRE,2023-7-2,True,False
Ro Khanna,Democrat,House,CA,CAT,2023-7-6,True,False
Ro Khanna,Democrat,House,CA,MS,2023-7-6,True,False
Ro Khanna,Democrat,House,CA,MTB,2023-7-5,True,False
Ro Khanna,Democrat,House,CA,ALL,2023-7-13,True,False
Ro Khanna,Democrat,House,CA,ODFL,2023-7-6,True,False
Ro Khanna,Democrat,House,CA,MRVL,2023-7-6,True,False
Ro Khanna,Democrat,House,CA,DIS,2023-7-6,False,True
Ro Khanna,Democrat,House,CA,DHR,2023-7-6,False,True
Ro Khanna,Democrat,House,CA,MSFT,2023-7-17,False,True
Ro Khanna,Democrat,House,CA,MSFT,2023-7-13,False,True
Ro Khanna,Democrat,House,CA,ODFL,2023-7-6,False,True
Ro Khanna,Democrat,House,CA,PHIN,2023-7-27,False,True
Ro Khanna,Democrat,House,CA,LIN,2023-7-6,False,True
Ro Khanna,Democrat,House,CA,BAX,2023-7-27,True,False
Ro Khanna,Democrat,House,CA,BAX,2023-7-30,True,False
Ro Khanna,Democrat,House,CA,ALL,2023-7-12,True,False
Ro Khanna,Democrat,House,CA,WBA,2023-7-27,False,True
Ro Khanna,Democrat,House,CA,URBN,2023-7-17,False,True
Ro Khanna,Democrat,House,CA,AXTA,2023-7-11,False,True
Ro Khanna,Democrat,House,CA,AXTA,2023-7-20,False,True
Ro Khanna,Democrat,House,CA,BK,2023-7-4,True,False
Ro Khanna,Democrat,House,CA,VZ,2023-7-4,True,False
Ro Khanna,Democrat,House,CA,TMUS,2023-7-27,True,False
Ro Khanna,Democrat,House,CA,ABBV,2023-7-27,True,False
Ro Khanna,Democrat,House,CA,INTU,2023-7-19,True,False
Ro Khanna,Democrat,House,CA,TT,2023-7-27,True,False
Ro Khanna,Democrat,House,CA,STT,2023-7-4,True,False
Ro Khanna,Democrat,House,CA,N/A,2023-7-4,True,False
Ro Khanna,Democrat,House,CA,DG,2023-7-27,True,False
Ro Khanna,Democrat,House,CA,INTU,2023-7-27,True,False
Ro Khanna,Democrat,House,CA,AZO,2023-7-27,True,False
Ro Khanna,Democrat,House,CA,VZ,2023-7-19,True,False
Ro Khanna,Democrat,House,CA,N/A,2023-7-27,True,False
Ro Khanna,Democrat,House,CA,TSCO,2023-7-27,True,False
Ro Khanna,Democrat,House,CA,DE,2023-7-27,True,False
Ro Khanna,Democrat,House,CA,PWR,2023-7-27,True,False
Ro Khanna,Democrat,House,CA,AMZN,2023-7-27,True,False
Ro Khanna,Democrat,House,CA,JPM,2023-7-4,True,False
Ro Khanna,Democrat,House,CA,BLK,2023-7-27,True,False
Ro Khanna,Democrat,House,CA,EL,2023-7-27,True,False
Ro Khanna,Democrat,House,CA,AMP,2023-7-27,True,False
Ro Khanna,Democrat,House,CA,ISRG,2023-7-27,True,False
Ro Khanna,Democrat,House,CA,COST,2023-7-27,True,False
Ro Khanna,Democrat,House,CA,ILMN,2023-7-27,True,False
Ro Khanna,Democrat,House,CA,TSLA,2023-7-19,True,False
Ro Khanna,Democrat,House,CA,QCOM,2023-7-27,True,False
Ro Khanna,Democrat,House,CA,CTAS,2023-7-27,True,False
Ro Khanna,Democrat,House,CA,CBRE,2023-7-27,True,False
Ro Khanna,Democrat,House,CA,KEY,2023-7-19,True,False
Ro Khanna,Democrat,House,CA,QCOM,2023-7-19,True,False
Ro Khanna,Democrat,House,CA,USB,2023-7-27,True,False
Ro Khanna,Democrat,House,CA,LOW,2023-7-27,True,False
Ro Khanna,Democrat,House,CA,GPC,2023-7-27,True,False
Ro Khanna,Democrat,House,CA,T,2023-7-27,True,False
Ro Khanna,Democrat,House,CA,NEM,2023-7-27,True,False
Ro Khanna,Democrat,House,CA,CFG,2023-7-19,True,False
Ro Khanna,Democrat,House,CA,EPAM,2023-7-27,True,False
Ro Khanna,Democrat,House,CA,ENPH,2023-7-27,True,False
Ro Khanna,Democrat,House,CA,ULTA,2023-7-27,True,False
Ro Khanna,Democrat,House,CA,CPRT,2023-7-27,True,False
Ro Khanna,Democrat,House,CA,APH,2023-7-27,True,False
Ro Khanna,Democrat,House,CA,PYPL,2023-7-27,True,False
Ro Khanna,Democrat,House,CA,VICI,2023-7-27,True,False
Ro Khanna,Democrat,House,CA,CCI,2023-7-27,True,False
Ro Khanna,Democrat,House,CA,SBAC,2023-7-19,True,False
Ro Khanna,Democrat,House,CA,ADM,2023-7-27,True,False
Ro Khanna,Democrat,House,CA,CCI,2023-7-19,True,False
Ro Khanna,Democrat,House,CA,GRMN,2023-7-27,True,False
Ro Khanna,Democrat,House,CA,SPGI,2023-7-27,True,False
Ro Khanna,Democrat,House,CA,GOOGL,2023-7-27,True,False
Ro Khanna,Democrat,House,CA,CHTR,2023-7-19,True,False
Ro Khanna,Democrat,House,CA,ALGN,2023-7-27,True,False
Ro Khanna,Democrat,House,CA,C,2023-7-4,True,False
Ro Khanna,Democrat,House,CA,BAC,2023-7-19,True,False
Ro Khanna,Democrat,House,CA,DHR,2023-7-27,True,False
Ro Khanna,Democrat,House,CA,DIS,2023-7-19,True,False
Ro Khanna,Democrat,House,CA,FTNT,2023-7-27,True,False
Ro Khanna,Democrat,House,CA,DLTR,2023-7-27,True,False
Ro Khanna,Democrat,House,CA,MCD,2023-7-27,True,False
Ro Khanna,Democrat,House,CA,GM,2023-7-19,False,True
Ro Khanna,Democrat,House,CA,HD,2023-7-27,False,True
Ro Khanna,Democrat,House,CA,BMY,2023-7-27,False,True
Ro Khanna,Democrat,House,CA,DHI,2023-7-27,False,True
Ro Khanna,Democrat,House,CA,TGT,2023-7-27,False,True
Ro Khanna,Democrat,House,CA,HSY,2023-7-27,False,True
Ro Khanna,Democrat,House,CA,URI,2023-7-27,False,True
Ro Khanna,Democrat,House,CA,CARR,2023-7-27,False,True
Ro Khanna,Democrat,House,CA,TMO,2023-7-27,False,True
Ro Khanna,Democrat,House,CA,EW,2023-7-27,False,True
Ro Khanna,Democrat,House,CA,SPG,2023-7-27,False,True
Ro Khanna,Democrat,House,CA,EXR,2023-7-27,False,True
Ro Khanna,Democrat,House,CA,ALB,2023-7-27,False,True
Ro Khanna,Democrat,House,CA,EFX,2023-7-27,False,True
Ro Khanna,Democrat,House,CA,PFE,2023-7-27,False,True
Ro Khanna,Democrat,House,CA,MSFT,2023-7-27,False,True
Ro Khanna,Democrat,House,CA,REGN,2023-7-27,False,True
Ro Khanna,Democrat,House,CA,NKE,2023-7-27,False,True
Ro Khanna,Democrat,House,CA,CAG,2023-7-27,False,True
Ro Khanna,Democrat,House,CA,OGN,2023-7-27,False,True
Ro Khanna,Democrat,House,CA,CLX,2023-7-27,False,True
Ro Khanna,Democrat,House,CA,PODD,2023-7-27,False,True
Ro Khanna,Democrat,House,CA,PANW,2023-7-27,False,True
Ro Khanna,Democrat,House,CA,CTVA,2023-7-27,False,True
Ro Khanna,Democrat,House,CA,LW,2023-7-27,False,True
Ro Khanna,Democrat,House,CA,HOLX,2023-7-27,False,True
Ro Khanna,Democrat,House,CA,GEHC,2023-7-27,False,True
Ro Khanna,Democrat,House,CA,MRNA,2023-7-27,False,True
Ro Khanna,Democrat,House,CA,MNST,2023-7-27,False,True
Ro Khanna,Democrat,House,CA,MGM,2023-7-27,False,True
Ro Khanna,Democrat,House,CA,WDAY,2023-7-27,False,True
Ro Khanna,Democrat,House,CA,CDAY,2023-7-27,False,True
Ro Khanna,Democrat,House,CA,STT,2023-7-27,False,True
Ro Khanna,Democrat,House,CA,N/A,2023-7-4,True,False
Ro Khanna,Democrat,House,CA,BAX,2023-7-27,True,False
Ro Khanna,Democrat,House,CA,BAX,2023-7-30,True,False
Ro Khanna,Democrat,House,CA,MHK,2023-7-27,True,False
Ro Khanna,Democrat,House,CA,ST,2023-7-27,True,False
Ro Khanna,Democrat,House,CA,ABB,2023-7-13,True,False
Ro Khanna,Democrat,House,CA,MHK,2023-7-4,True,False
Ro Khanna,Democrat,House,CA,TSM,2023-7-13,True,False
Ro Khanna,Democrat,House,CA,TSM,2023-7-13,True,False
Ro Khanna,Democrat,House,CA,STM,2023-7-13,True,False
Ro Khanna,Democrat,House,CA,XSP,2023-7-5,False,True
Ro Khanna,Democrat,House,CA,XSP,2023-7-25,False,True
Ro Khanna,Democrat,House,CA,XSP,2023-7-19,False,True
Ro Khanna,Democrat,House,CA,XSP,2023-7-12,False,True
Ro Khanna,Democrat,House,CA,WBA,2023-7-27,False,True
Ro Khanna,Democrat,House,CA,GM,2023-7-18,False,True
Ro Khanna,Democrat,House,CA,ST,2023-7-18,False,True
Ro Khanna,Democrat,House,CA,ELAN,2023-7-24,False,True
Ro Khanna,Democrat,House,CA,URBN,2023-7-2,False,True
Ro Khanna,Democrat,House,CA,URBN,2023-7-6,False,True
Ro Khanna,Democrat,House,CA,AXTA,2023-7-17,False,True
Ro Khanna,Democrat,House,CA,AXTA,2023-7-24,False,True
Ro Khanna,Democrat,House,CA,AXTA,2023-7-20,False,True
Ro Khanna,Democrat,House,CA,AXTA,2023-7-19,False,True
Ro Khanna,Democrat,House,CA,AXTA,2023-7-27,False,True
Ro Khanna,Democrat,House,CA,WBA,2023-7-30,False,True
Ro Khanna,Democrat,House,CA,ELAN,2023-7-26,False,True
Ro Khanna,Democrat,House,CA,URBN,2023-7-9,False,True
Ro Khanna,Democrat,House,CA,URBN,2023-7-17,False,True
Ro Khanna,Democrat,House,CA,AXTA,2023-7-11,False,True
Ro Khanna,Democrat,House,CA,AXTA,2023-7-18,False,True
Ro Khanna,Democrat,House,CA,BK,2023-7-4,True,False
Ro Khanna,Democrat,House,CA,AXP,2023-7-4,True,False
Ro Khanna,Democrat,House,CA,MUFG,2023-7-4,True,False
Ro Khanna,Democrat,House,CA,AMGN,2023-7-4,True,False
Ro Khanna,Democrat,House,CA,AON,2023-7-4,True,False
Ro Khanna,Democrat,House,CA,EBAY,2023-7-4,True,False
Ro Khanna,Democrat,House,CA,NDAQ,2023-7-4,True,False
Ro Khanna,Democrat,House,CA,SPG,2023-7-4,True,False
Ro Khanna,Democrat,House,CA,C,2023-7-4,True,False
Ro Khanna,Democrat,House,CA,FI,2023-7-4,True,False
Ro Khanna,Democrat,House,CA,STT,2023-7-4,True,False
Ro Khanna,Democrat,House,CA,C,2023-7-4,True,False
Ro Khanna,Democrat,House,CA,BSX,2023-7-4,True,False
Ro Khanna,Democrat,House,CA,WFC,2023-7-16,True,False
Ro Khanna,Democrat,House,CA,ALL,2023-7-12,True,False
Ro Khanna,Democrat,House,CA,SBAC,2023-7-16,True,False
Ro Khanna,Democrat,House,CA,ALL,2023-7-13,True,False
Ro Khanna,Democrat,House,CA,PARA,2023-7-12,False,True
Ro Khanna,Democrat,House,CA,MSFT,2023-7-17,False,True
Ro Khanna,Democrat,House,CA,MSFT,2023-7-13,False,True
Ro Khanna,Democrat,House,CA,N/A,2023-6-30,True,False
Ro Khanna,Democrat,House,CA,N/A,2023-7-12,False,True
Ro Khanna,Democrat,House,CA,DELL,2023-7-12,False,True
Ro Khanna,Democrat,House,CA,FOXA,2023-7-12,False,True
Ro Khanna,Democrat,House,CA,N/A,2023-7-12,False,True
Ro Khanna,Democrat,House,CA,MS,2023-7-12,False,True
Ro Khanna,Democrat,House,CA,BNS,2023-7-5,False,True
Ro Khanna,Democrat,House,CA,N/A,2023-7-12,False,True
Ro Khanna,Democrat,House,CA,BAX,2023-7-12,False,True
Ro Khanna,Democrat,House,CA,TMUS,2023-7-12,False,True
Ro Khanna,Democrat,House,CA,SPG,2023-7-12,False,True
Ro Khanna,Democrat,House,CA,ACF,2023-7-12,False,True
Ro Khanna,Democrat,House,CA,TD,2023-7-12,False,True
Ro Khanna,Democrat,House,CA,AMGN,2023-7-12,False,True
Ro Khanna,Democrat,House,CA,BAC,2023-7-12,False,True
Ro Khanna,Democrat,House,CA,N/A,2023-7-12,False,True
Mark Green,Republican,House,TN,ET,2023-8-3,False,True
Mark Green,Republican,House,TN,NGL,2023-8-3,True,False
Mark Green,Republican,House,TN,SPY,2023-8-3,False,True
Mark Green,Republican,House,TN,SPY,2023-7-10,True,False
Suzan DelBene,Democrat,House,WA,N/A,2023-7-30,True,False
Suzan DelBene,Democrat,House,WA,N/A,2023-7-27,True,False
Suzan DelBene,Democrat,House,WA,N/A,2023-7-18,True,False
Michael Burgess,Republican,House,TX,BX,2023-7-16,False,True
Michael Burgess,Republican,House,TX,BX,2023-7-13,False,True
Michael Burgess,Republican,House,TX,PSX,2023-7-20,False,True
Michael Burgess,Republican,House,TX,CI,2023-7-20,False,True
John Curtis,Republican,House,UT,AMD,2023-6-20,False,True
John Curtis,Republican,House,UT,AMAT,2023-6-20,False,True
John Curtis,Republican,House,UT,KO,2023-6-20,True,False
John Curtis,Republican,House,UT,EW,2023-6-20,True,False
John Curtis,Republican,House,UT,LRCX,2023-6-20,False,True
John Curtis,Republican,House,UT,MSFT,2023-6-20,False,True
John Curtis,Republican,House,UT,SHW,2023-6-20,True,False
John Curtis,Republican,House,UT,SYY,2023-6-20,False,True
John Curtis,Republican,House,UT,TMUS,2023-6-20,True,False
John Curtis,Republican,House,UT,UNH,2023-6-20,True,False
John Curtis,Republican,House,UT,VLO,2023-6-20,True,False
Lloyd Doggett,Democrat,House,TX,KO,2023-7-2,True,False
Richard Blumenthal,Democrat,Senate,CT,HOOD,2023-6-28,False,True
Richard Blumenthal,Democrat,Senate,CT,HOOD,2023-6-28,False,True
Richard Blumenthal,Democrat,Senate,CT,N/A,2023-7-9,False,True
Richard Blumenthal,Democrat,Senate,CT,N/A,2023-7-16,False,True
Bob Latta,Republican,House,OH,FMAO,2023-7-19,True,False
Earl Blumenauer,Democrat,House,OR,CMCSA,2023-7-13,True,False
Earl Blumenauer,Democrat,House,OR,ICE,2023-7-26,False,True
Earl Blumenauer,Democrat,House,OR,TMO,2023-7-19,True,False
Earl Blumenauer,Democrat,House,OR,N/A,2023-7-19,True,False
Kathy Manning,Democrat,House,NC,BX,2022-6-9,True,False
Tom Carper,Democrat,Senate,DE,N/A,2023-7-27,True,False
Tom Carper,Democrat,Senate,DE,N/A,2023-7-27,True,False
Tom Carper,Democrat,Senate,DE,N/A,2023-7-27,True,False
Tom Carper,Democrat,Senate,DE,N/A,2023-7-26,False,True
Tom Carper,Democrat,Senate,DE,N/A,2023-7-26,False,True
Tom Carper,Democrat,Senate,DE,N/A,2023-7-12,False,True
Tom Carper,Democrat,Senate,DE,PSQ,2023-7-12,True,False
Tom Carper,Democrat,Senate,DE,HDGE,2023-7-12,False,True
Tom Carper,Democrat,Senate,DE,N/A,2023-7-12,False,True
Tom Carper,Democrat,Senate,DE,N/A,2023-7-12,False,True
Tom Carper,Democrat,Senate,DE,PSQ,2023-7-12,True,False
Tom Carper,Democrat,Senate,DE,HDGE,2023-7-12,False,True
Tom Carper,Democrat,Senate,DE,VZ,2023-7-9,True,False
Tom Carper,Democrat,Senate,DE,FNF,2023-7-9,True,False
Tom Carper,Democrat,Senate,DE,N/A,2023-7-5,True,False
Tom Carper,Democrat,Senate,DE,N/A,2023-7-5,True,False
Bill Keating,Democrat,House,MA,EA,2023-7-19,False,True
Bill Keating,Democrat,House,MA,ISRG,2023-7-19,True,False
Bill Keating,Democrat,House,MA,META,2023-7-20,True,False
Lois Frankel,Democrat,House,FL,BIO,2023-6-28,True,False
Lois Frankel,Democrat,House,FL,BIO,2023-6-27,True,False
Lois Frankel,Democrat,House,FL,BWXT,2023-6-27,False,True
Lois Frankel,Democrat,House,FL,COP,2023-6-20,True,False
Lois Frankel,Democrat,House,FL,DUK,2023-7-12,True,False
Lois Frankel,Democrat,House,FL,DD,2023-6-27,True,False
Lois Frankel,Democrat,House,FL,ETN,2023-6-20,False,True
Lois Frankel,Democrat,House,FL,HUBB,2023-6-27,False,True
Lois Frankel,Democrat,House,FL,LKQ,2023-7-13,True,False
Lois Frankel,Democrat,House,FL,MAR,2023-7-12,False,True
Lois Frankel,Democrat,House,FL,MRK,2023-6-27,False,True
Lois Frankel,Democrat,House,FL,NSC,2023-6-27,True,False
Lois Frankel,Democrat,House,FL,NXPI,2023-7-11,False,True
Lois Frankel,Democrat,House,FL,PFE,2023-6-27,True,False
Lois Frankel,Democrat,House,FL,PLD,2023-7-11,True,False
Lois Frankel,Democrat,House,FL,TMO,2023-6-27,False,True
Lois Frankel,Democrat,House,FL,WRB,2023-7-13,True,False
Lois Frankel,Democrat,House,FL,WSO,2023-6-27,False,True
Virginia Foxx,Republican,House,NC,MO,2023-7-10,True,False
Steve Cohen,Democrat,House,TN,FDX,2023-6-28,True,False
Pete Sessions,Republican,House,TX,BUI,2023-7-23,False,True
Pete Sessions,Republican,House,TX,CRM,2023-7-20,False,True
Pete Sessions,Republican,House,TX,N/A,2023-7-19,True,False
Pete Sessions,Republican,House,TX,N/A,2023-7-26,True,False
Adrian Smith,Republican,House,NE,N/A,2023-7-16,True,False
Dan Sullivan,Republican,Senate,AK,SYK,2022-11-29,False,True
Dan Sullivan,Republican,Senate,AK,PYPL,2022-11-29,False,True
Dan Sullivan,Republican,Senate,AK,META,2022-11-29,False,True
Dan Sullivan,Republican,Senate,AK,MDT,2022-11-29,False,True
Dan Sullivan,Republican,Senate,AK,MLM,2022-11-29,False,True
Dan Sullivan,Republican,Senate,AK,FFIV,2022-11-29,False,True
Dan Sullivan,Republican,Senate,AK,ELAN,2022-11-29,False,True
Dan Sullivan,Republican,Senate,AK,CMCSA,2022-11-29,False,True
Dan Sullivan,Republican,Senate,AK,BAX,2022-11-29,False,True
Dan Sullivan,Republican,Senate,AK,GOOGL,2022-11-29,False,True
Dan Sullivan,Republican,Senate,AK,ADBE,2022-11-29,False,True
Dan Sullivan,Republican,Senate,AK,RPM,2022-11-29,False,True
Dan Sullivan,Republican,Senate,AK,ZTS,2022-11-29,True,False
Dan Sullivan,Republican,Senate,AK,TJX,2022-11-29,True,False
Dan Sullivan,Republican,Senate,AK,TMO,2022-11-29,True,False
Dan Sullivan,Republican,Senate,AK,MSFT,2022-11-29,True,False
Dan Sullivan,Republican,Senate,AK,LRCX,2022-11-29,True,False
Suzan DelBene,Democrat,House,WA,N/A,2023-7-13,True,False
Daniel S. Goldman,Democrat,House,NY,N/A,2023-6-22,False,True
Daniel S. Goldman,Democrat,House,NY,N/A,2023-6-22,False,True
Daniel S. Goldman,Democrat,House,NY,N/A,2023-6-22,False,True
Daniel S. Goldman,Democrat,House,NY,N/A,2023-6-22,False,True
Daniel S. Goldman,Democrat,House,NY,N/A,2023-6-22,False,True
Daniel S. Goldman,Democrat,House,NY,N/A,2023-6-22,False,True
Daniel S. Goldman,Democrat,House,NY,FTV,2023-6-20,False,True
Daniel S. Goldman,Democrat,House,NY,N/A,2023-6-22,False,True
Daniel S. Goldman,Democrat,House,NY,N/A,2023-6-22,False,True
Daniel S. Goldman,Democrat,House,NY,IR,2023-6-20,False,True
Daniel S. Goldman,Democrat,House,NY,N/A,2023-6-22,False,True
Daniel S. Goldman,Democrat,House,NY,N/A,2023-6-22,False,True
Daniel S. Goldman,Democrat,House,NY,N/A,2023-6-22,False,True
Daniel S. Goldman,Democrat,House,NY,N/A,2023-6-22,False,True
Daniel S. Goldman,Democrat,House,NY,N/A,2023-6-22,False,True
Daniel S. Goldman,Democrat,House,NY,N/A,2023-6-22,False,True
Daniel S. Goldman,Democrat,House,NY,N/A,2023-6-22,False,True
Daniel S. Goldman,Democrat,House,NY,N/A,2023-6-22,False,True
Daniel S. Goldman,Democrat,House,NY,N/A,2023-6-22,False,True
Daniel S. Goldman,Democrat,House,NY,N/A,2023-6-22,False,True
Daniel S. Goldman,Democrat,House,NY,TEL,2023-6-20,False,True
Daniel S. Goldman,Democrat,House,NY,N/A,2023-6-22,False,True
Daniel S. Goldman,Democrat,House,NY,TMUS,2023-6-8,True,False
Daniel S. Goldman,Democrat,House,NY,N/A,2023-6-19,True,False
Daniel S. Goldman,Democrat,House,NY,N/A,2023-6-22,False,True
Daniel S. Goldman,Democrat,House,NY,N/A,2023-6-22,False,True
Mark Green,Republican,House,TN,ET,2023-7-17,False,True
Brad Schneider,Democrat,House,IL,N/A,2023-6-26,True,False
Hal Rogers,Republican,House,KY,BBGLX,2023-6-12,False,True
Hal Rogers,Republican,House,KY,BBIEX,2023-6-12,False,True
Mike Kelly,Republican,House,PA,N/A,2023-5-31,False,True
Michael McCaul,Republican,House,TX,N/A,2023-6-14,True,False
Michael McCaul,Republican,House,TX,COP,2023-6-19,True,False
Michael McCaul,Republican,House,TX,N/A,2023-6-4,True,False
Michael McCaul,Republican,House,TX,COP,2023-5-31,True,False
Michael McCaul,Republican,House,TX,NVDA,2023-6-4,True,False
Michael McCaul,Republican,House,TX,N/A,2023-6-6,True,False
Michael McCaul,Republican,House,TX,SHEL,2023-6-25,True,False
Michael McCaul,Republican,House,TX,N/A,2023-6-14,True,False
Michael McCaul,Republican,House,TX,PROSY,2023-6-4,True,False
Michael McCaul,Republican,House,TX,INTU,2023-6-20,True,False
Michael McCaul,Republican,House,TX,ANET,2023-6-20,True,False
Michael McCaul,Republican,House,TX,TMO,2023-6-20,True,False
Michael McCaul,Republican,House,TX,NVDA,2023-6-15,True,False
Michael McCaul,Republican,House,TX,N/A,2023-6-5,True,False
Michael McCaul,Republican,House,TX,BJ,2023-5-31,True,False
Michael McCaul,Republican,House,TX,N/A,2023-6-14,True,False
Michael McCaul,Republican,House,TX,NSIT,2023-6-14,False,True
Michael McCaul,Republican,House,TX,DISH,2023-6-20,False,True
Michael McCaul,Republican,House,TX,N/A,2023-5-31,False,True
Michael McCaul,Republican,House,TX,GOOGL,2023-6-7,False,True
Michael McCaul,Republican,House,TX,N/A,2023-5-31,False,True
Michael McCaul,Republican,House,TX,N/A,2023-6-29,False,True
Michael McCaul,Republican,House,TX,NPSNY,2023-6-4,False,True
Michael McCaul,Republican,House,TX,UNH,2023-6-15,False,True
Michael McCaul,Republican,House,TX,N/A,2023-5-31,False,True
Michael McCaul,Republican,House,TX,UNH,2023-6-20,False,True
Michael McCaul,Republican,House,TX,META,2023-6-7,False,True
Michael McCaul,Republican,House,TX,BURL,2023-6-4,False,True
Michael McCaul,Republican,House,TX,NFLX,2023-6-8,False,True
Michael McCaul,Republican,House,TX,N/A,2023-5-31,False,True
Michael McCaul,Republican,House,TX,MS,2023-6-28,False,True
Michael McCaul,Republican,House,TX,N/A,2023-6-11,True,False
Michael McCaul,Republican,House,TX,N/A,2023-6-13,True,False
Michael McCaul,Republican,House,TX,N/A,2023-6-14,True,False
Michael McCaul,Republican,House,TX,N/A,2023-6-22,True,False
Michael McCaul,Republican,House,TX,N/A,2023-6-27,True,False
Michael McCaul,Republican,House,TX,OGVXX,2023-6-4,True,False
Michael McCaul,Republican,House,TX,VMFXX,2023-6-14,False,True
Michael McCaul,Republican,House,TX,VMFXX,2023-6-25,False,True
Michael McCaul,Republican,House,TX,VMFXX,2023-6-22,False,True
Michael McCaul,Republican,House,TX,TSN,2023-6-4,True,False
Michael McCaul,Republican,House,TX,TSN,2023-6-4,True,False
Michael McCaul,Republican,House,TX,OSK,2023-6-4,True,False
Michael McCaul,Republican,House,TX,OSK,2023-5-31,True,False
Michael McCaul,Republican,House,TX,OSK,2023-6-1,True,False
Michael McCaul,Republican,House,TX,PRGO,2023-6-25,False,True
Michael McCaul,Republican,House,TX,PRGO,2023-6-21,False,True
Michael McCaul,Republican,House,TX,PRGO,2023-6-28,False,True
Michael McCaul,Republican,House,TX,PRGO,2023-6-27,False,True
Michael McCaul,Republican,House,TX,TSN,2023-6-4,False,True
Michael McCaul,Republican,House,TX,PRGO,2023-6-1,False,True
Michael McCaul,Republican,House,TX,PRGO,2023-5-31,False,True
Michael McCaul,Republican,House,TX,PRGO,2023-6-4,False,True
Michael McCaul,Republican,House,TX,PRGO,2023-6-22,False,True
Michael McCaul,Republican,House,TX,AAP,2023-6-4,False,True
Michael McCaul,Republican,House,TX,VWLUX,2023-5-31,True,False
Michael McCaul,Republican,House,TX,VTI,2023-6-25,True,False
Michael McCaul,Republican,House,TX,COP,2023-6-19,True,False
Michael McCaul,Republican,House,TX,N/A,2023-6-14,True,False
Michael McCaul,Republican,House,TX,N/A,2023-6-4,True,False
Michael McCaul,Republican,House,TX,COP,2023-5-31,True,False
Michael McCaul,Republican,House,TX,NVDA,2023-6-4,True,False
Michael McCaul,Republican,House,TX,SHEL,2023-6-25,True,False
Michael McCaul,Republican,House,TX,N/A,2023-6-6,True,False
Michael McCaul,Republican,House,TX,N/A,2023-6-14,True,False
Michael McCaul,Republican,House,TX,PROSY,2023-6-4,True,False
Michael McCaul,Republican,House,TX,N/A,2023-6-14,True,False
Michael McCaul,Republican,House,TX,INTU,2023-6-20,True,False
Michael McCaul,Republican,House,TX,ANET,2023-6-20,True,False
Michael McCaul,Republican,House,TX,TMO,2023-6-20,True,False
Michael McCaul,Republican,House,TX,NVDA,2023-6-15,True,False
Michael McCaul,Republican,House,TX,N/A,2023-6-5,True,False
Michael McCaul,Republican,House,TX,BJ,2023-5-31,True,False
Michael McCaul,Republican,House,TX,NSIT,2023-6-14,False,True
Michael McCaul,Republican,House,TX,DISH,2023-6-20,False,True
Michael McCaul,Republican,House,TX,N/A,2023-5-31,False,True
Michael McCaul,Republican,House,TX,N/A,2023-5-31,False,True
Michael McCaul,Republican,House,TX,GOOGL,2023-6-7,False,True
Michael McCaul,Republican,House,TX,N/A,2023-6-29,False,True
Michael McCaul,Republican,House,TX,NPSNY,2023-6-4,False,True
Michael McCaul,Republican,House,TX,UNH,2023-6-15,False,True
Michael McCaul,Republican,House,TX,N/A,2023-5-31,False,True
Michael McCaul,Republican,House,TX,UNH,2023-6-20,False,True
Michael McCaul,Republican,House,TX,BURL,2023-6-4,False,True
Michael McCaul,Republican,House,TX,META,2023-6-7,False,True
Michael McCaul,Republican,House,TX,N/A,2023-5-31,False,True
Michael McCaul,Republican,House,TX,NFLX,2023-6-8,False,True
Michael McCaul,Republican,House,TX,MS,2023-6-28,False,True
Michael McCaul,Republican,House,TX,N/A,2023-6-11,True,False
Michael McCaul,Republican,House,TX,N/A,2023-6-13,True,False
Michael McCaul,Republican,House,TX,N/A,2023-6-14,True,False
Michael McCaul,Republican,House,TX,N/A,2023-6-22,True,False
Michael McCaul,Republican,House,TX,N/A,2023-6-27,True,False
Michael McCaul,Republican,House,TX,OGVXX,2023-6-4,True,False
Michael McCaul,Republican,House,TX,VMFXX,2023-6-14,False,True
Michael McCaul,Republican,House,TX,VMFXX,2023-6-25,False,True
Michael McCaul,Republican,House,TX,VMFXX,2023-6-12,False,True
Michael McCaul,Republican,House,TX,TSN,2023-6-4,True,False
Michael McCaul,Republican,House,TX,TSN,2023-6-4,True,False
Michael McCaul,Republican,House,TX,OSK,2023-6-4,True,False
Michael McCaul,Republican,House,TX,OSK,2023-5-31,True,False
Michael McCaul,Republican,House,TX,OSK,2023-6-1,True,False
Michael McCaul,Republican,House,TX,PRGO,2023-6-25,False,True
Michael McCaul,Republican,House,TX,PRGO,2023-6-21,False,True
Michael McCaul,Republican,House,TX,PRGO,2023-6-28,False,True
Michael McCaul,Republican,House,TX,PRGO,2023-6-27,False,True
Michael McCaul,Republican,House,TX,TSN,2023-6-4,False,True
Michael McCaul,Republican,House,TX,PRGO,2023-6-1,False,True
Michael McCaul,Republican,House,TX,PRGO,2023-5-31,False,True
Michael McCaul,Republican,House,TX,PRGO,2023-6-4,False,True
Michael McCaul,Republican,House,TX,PRGO,2023-6-22,False,True
Michael McCaul,Republican,House,TX,AAP,2023-6-4,False,True
Michael McCaul,Republican,House,TX,VWLUX,2023-5-31,True,False
Michael McCaul,Republican,House,TX,VTI,2023-6-25,True,False
Bill Keating,Democrat,House,MA,COF,2023-6-29,False,True
Bill Keating,Democrat,House,MA,GM,2023-6-26,True,False
Bill Keating,Democrat,House,MA,ACF,2023-6-26,False,True
Bill Keating,Democrat,House,MA,LIN,2023-6-29,True,False
Bill Keating,Democrat,House,MA,N/A,2023-6-25,False,True
Mark Green,Republican,House,TN,ET,2023-7-13,False,True
Michael Burgess,Republican,House,TX,ABBV,2023-7-5,True,False
Michael Burgess,Republican,House,TX,GOOGL,2023-7-5,True,False
Michael Burgess,Republican,House,TX,AMZN,2023-7-5,True,False
Michael Burgess,Republican,House,TX,AMZN,2023-7-5,False,True
Michael Burgess,Republican,House,TX,BRK/B,2023-7-5,True,False
Michael Burgess,Republican,House,TX,CC,2023-7-5,True,False
Michael Burgess,Republican,House,TX,CC,2023-7-5,False,True
Rick Larsen,Democrat,House,WA,ALL,2023-7-4,False,True
Rick Larsen,Democrat,House,WA,ADI,2023-7-4,False,True
Rick Larsen,Democrat,House,WA,ELV,2023-7-4,False,True
Rick Larsen,Democrat,House,WA,MA,2023-7-4,True,False
Rick Larsen,Democrat,House,WA,MSI,2023-7-4,True,False
Rick Larsen,Democrat,House,WA,PAYX,2023-7-4,True,False
Rick Larsen,Democrat,House,WA,PNC,2023-7-4,False,True
Rick Larsen,Democrat,House,WA,SPGI,2023-7-4,True,False
Shelley Moore Capito,Republican,Senate,WV,MSFT,2023-6-11,False,True
Shelley Moore Capito,Republican,Senate,WV,CB,2023-6-11,False,True
Shelley Moore Capito,Republican,Senate,WV,AMGN,2023-6-11,False,True
Shelley Moore Capito,Republican,Senate,WV,MSFT,2023-6-21,False,True
Shelley Moore Capito,Republican,Senate,WV,NKE,2023-6-13,True,False
Shelley Moore Capito,Republican,Senate,WV,AAPL,2023-6-13,True,False
Shelley Moore Capito,Republican,Senate,WV,CLX,2023-6-13,False,True
Shelley Moore Capito,Republican,Senate,WV,WMT,2023-6-6,False,True
Scott Peters,Democrat,House,CA,N/A,2023-6-14,False,True
Scott Peters,Democrat,House,CA,N/A,2023-6-25,True,False
Scott Peters,Democrat,House,CA,N/A,2023-6-22,True,False
Scott Peters,Democrat,House,CA,N/A,2023-6-21,False,True
Pete Sessions,Republican,House,TX,ARCC,2023-7-13,True,False
Pete Sessions,Republican,House,TX,N/A,2023-7-13,True,False
Michael Guest,Republican,House,MS,N/A,2023-6-27,True,False
Michael Guest,Republican,House,MS,N/A,2023-6-1,True,False
Michael Guest,Republican,House,MS,N/A,2023-6-1,True,False
Michael Guest,Republican,House,MS,N/A,2023-6-1,True,False
Thom Tillis,Republican,Senate,NC,KD,2022-8-29,False,True
Tommy Tuberville,Republican,Senate,AL,CLF,2023-6-28,False,True
Tommy Tuberville,Republican,Senate,AL,X,2023-6-19,False,True
Tommy Tuberville,Republican,Senate,AL,MSFT,2023-6-19,False,True
Tommy Tuberville,Republican,Senate,AL,CLF,2023-6-19,True,False
Tommy Tuberville,Republican,Senate,AL,X,2023-6-13,False,True
Tommy Tuberville,Republican,Senate,AL,X,2023-6-13,False,True
Tommy Tuberville,Republican,Senate,AL,CCL,2023-6-12,False,True
Tommy Tuberville,Republican,Senate,AL,CCL,2023-6-12,False,True
Tommy Tuberville,Republican,Senate,AL,TSLA,2023-6-12,False,True
Tommy Tuberville,Republican,Senate,AL,WBA,2023-6-12,True,False
Tommy Tuberville,Republican,Senate,AL,UAA,2023-6-12,True,False
Tommy Tuberville,Republican,Senate,AL,DVA,2023-6-11,False,True
Tommy Tuberville,Republican,Senate,AL,CVX,2023-6-11,True,False
Tommy Tuberville,Republican,Senate,AL,WBA,2023-6-11,True,False
Tommy Tuberville,Republican,Senate,AL,PFE,2023-6-11,True,False
Tommy Tuberville,Republican,Senate,AL,KEY,2023-6-11,True,False
Tommy Tuberville,Republican,Senate,AL,FGBI,2023-6-11,True,False
Tommy Tuberville,Republican,Senate,AL,FGBI,2023-6-11,True,False
Tommy Tuberville,Republican,Senate,AL,FITB,2023-6-11,True,False
Tommy Tuberville,Republican,Senate,AL,CFG,2023-6-11,True,False
Tommy Tuberville,Republican,Senate,AL,COF,2023-6-8,False,True
Tommy Tuberville,Republican,Senate,AL,X,2023-6-7,False,True
Tommy Tuberville,Republican,Senate,AL,QCOM,2023-6-7,True,False
Tommy Tuberville,Republican,Senate,AL,QCOM,2023-6-5,True,False
Tommy Tuberville,Republican,Senate,AL,CVX,2023-6-4,False,True
Tommy Tuberville,Republican,Senate,AL,QCOM,2023-6-4,False,True
Tommy Tuberville,Republican,Senate,AL,QCOM,2023-6-1,True,False
Tommy Tuberville,Republican,Senate,AL,QCOM,2023-5-31,True,False
Tommy Tuberville,Republican,Senate,AL,CLF,2023-5-31,True,False
Tommy Tuberville,Republican,Senate,AL,N/A,2023-6-29,True,False
Tommy Tuberville,Republican,Senate,AL,N/A,2023-6-29,False,True
Tommy Tuberville,Republican,Senate,AL,N/A,2023-6-28,True,False
Tommy Tuberville,Republican,Senate,AL,N/A,2023-6-26,True,False
Tommy Tuberville,Republican,Senate,AL,N/A,2023-6-21,False,True
Tommy Tuberville,Republican,Senate,AL,N/A,2023-6-21,True,False
Tommy Tuberville,Republican,Senate,AL,N/A,2023-6-14,True,False
Tommy Tuberville,Republican,Senate,AL,N/A,2023-6-14,False,True
Tommy Tuberville,Republican,Senate,AL,N/A,2023-6-13,False,True
Tommy Tuberville,Republican,Senate,AL,N/A,2023-6-6,True,False
Tommy Tuberville,Republican,Senate,AL,N/A,2023-6-6,False,True
Tommy Tuberville,Republican,Senate,AL,N/A,2023-6-5,True,False
Tommy Tuberville,Republican,Senate,AL,N/A,2023-6-5,False,True
Tommy Tuberville,Republican,Senate,AL,N/A,2023-5-31,True,False
Doug Lamborn,Republican,House,CO,NTAP,2023-7-6,True,False
Doug Lamborn,Republican,House,CO,NTAP,2023-7-6,True,False
Doug Lamborn,Republican,House,CO,NTAP,2023-7-6,True,False
John Boozman,Republican,Senate,AR,AAPL,2023-6-22,False,True
John Boozman,Republican,Senate,AR,AAPL,2023-6-28,False,True
John Boozman,Republican,Senate,AR,GIGB,2023-6-12,False,True
John Boozman,Republican,Senate,AR,TLT,2023-6-12,False,True
John Boozman,Republican,Senate,AR,IEF,2023-6-12,False,True
John Boozman,Republican,Senate,AR,EFA,2023-6-20,False,True
John Boozman,Republican,Senate,AR,EFA,2023-6-22,False,True
John Boozman,Republican,Senate,AR,IVW,2023-6-22,False,True
John Boozman,Republican,Senate,AR,BSPIX,2023-6-22,False,True
John Boozman,Republican,Senate,AR,JMBS,2023-6-12,False,True
John Boozman,Republican,Senate,AR,LRCX,2023-6-29,False,True
John Boozman,Republican,Senate,AR,SCHP,2023-6-12,False,True
John Boozman,Republican,Senate,AR,VTI,2023-6-22,False,True
John Boozman,Republican,Senate,AR,CXSE,2023-6-19,False,True
John Boozman,Republican,Senate,AR,WWGEX,2023-6-25,True,False
John Boozman,Republican,Senate,AR,DBLEX,2023-6-25,True,False
John Boozman,Republican,Senate,AR,FEP,2023-6-22,True,False
John Boozman,Republican,Senate,AR,EMLP,2023-6-22,True,False
John Boozman,Republican,Senate,AR,FLJP,2023-6-19,True,False
John Boozman,Republican,Senate,AR,FLJP,2023-6-20,True,False
John Boozman,Republican,Senate,AR,FLJP,2023-6-22,True,False
John Boozman,Republican,Senate,AR,GLOV,2023-6-22,True,False
John Boozman,Republican,Senate,AR,GIGB,2023-6-22,True,False
John Boozman,Republican,Senate,AR,GBIL,2023-6-12,True,False
John Boozman,Republican,Senate,AR,GBIL,2023-6-22,True,False
John Boozman,Republican,Senate,AR,AGZ,2023-6-22,True,False
John Boozman,Republican,Senate,AR,MBB,2023-6-12,True,False
John Boozman,Republican,Senate,AR,MBB,2023-6-22,True,False
John Boozman,Republican,Senate,AR,TLT,2023-6-22,True,False
John Boozman,Republican,Senate,AR,IEI,2023-6-22,True,False
John Boozman,Republican,Senate,AR,CMBS,2023-6-22,True,False
John Boozman,Republican,Senate,AR,TLH,2023-6-12,True,False
John Boozman,Republican,Senate,AR,SHY,2023-6-12,True,False
John Boozman,Republican,Senate,AR,SHY,2023-6-22,True,False
John Boozman,Republican,Senate,AR,IEF,2023-6-22,True,False
John Boozman,Republican,Senate,AR,IWM,2023-6-22,True,False
John Boozman,Republican,Senate,AR,JMBS,2023-6-22,True,False
John Boozman,Republican,Senate,AR,NMVZX,2023-6-25,True,False
John Boozman,Republican,Senate,AR,TPYP,2023-6-22,True,False
John Boozman,Republican,Senate,AR,SCHP,2023-6-22,True,False
John Boozman,Republican,Senate,AR,SWKS,2023-6-28,True,False
John Boozman,Republican,Senate,AR,MDY,2023-6-22,True,False
John Boozman,Republican,Senate,AR,SPY,2023-6-22,True,False
John Boozman,Republican,Senate,AR,KRE,2023-6-22,True,False
John Boozman,Republican,Senate,AR,EMRIX,2023-6-25,True,False
John Boozman,Republican,Senate,AR,VEA,2023-6-22,True,False
Max Miller,Republican,House,OH,N/A,2023-6-28,True,False
Kevin Hern,Republican,House,OK,ARGO,2023-6-19,True,False
Kevin Hern,Republican,House,OK,DVN,2023-6-29,True,False
Kevin Hern,Republican,House,OK,DVN,2023-6-29,True,False
Kevin Hern,Republican,House,OK,EMR,2023-6-8,True,False
Kevin Hern,Republican,House,OK,XOM,2023-6-8,True,False
Kevin Hern,Republican,House,OK,HD,2023-6-14,True,False
Kevin Hern,Republican,House,OK,HD,2023-6-14,True,False
Kevin Hern,Republican,House,OK,JNJ,2023-6-5,True,False
Kevin Hern,Republican,House,OK,LIN,2023-6-15,True,False
Kevin Hern,Republican,House,OK,LMT,2023-6-22,True,False
Kevin Hern,Republican,House,OK,NEE,2023-6-14,True,False
Kevin Hern,Republican,House,OK,PXD,2023-6-20,True,False
Kevin Hern,Republican,House,OK,RTX,2023-6-14,True,False
Kevin Hern,Republican,House,OK,ROK,2023-6-11,True,False
Kevin Hern,Republican,House,OK,N/A,2023-5-31,True,False
Kevin Hern,Republican,House,OK,N/A,2023-5-31,False,True
Kevin Hern,Republican,House,OK,UNH,2023-6-26,True,False
Kevin Hern,Republican,House,OK,WMB,2023-6-25,True,False
Earl Blumenauer,Democrat,House,OR,CNC,2023-6-14,False,True
Earl Blumenauer,Democrat,House,OR,BROS,2023-6-29,False,True
Earl Blumenauer,Democrat,House,OR,MOH,2023-6-14,True,False
Richard Blumenthal,Democrat,Senate,CT,N/A,2023-5-29,True,False
Debbie Wasserman Schultz,Democrat,House,FL,AE,2022-10-26,False,True
Eleanor Holmes Norton,Democrat,House,WA,N/A,2023-5-31,False,True
Ro Khanna,Democrat,House,CA,ADBE,2023-6-7,True,False
Ro Khanna,Democrat,House,CA,MPWR,2023-6-14,False,True
Ro Khanna,Democrat,House,CA,CMG,2023-6-14,False,True
Ro Khanna,Democrat,House,CA,C,2023-6-4,True,False
Ro Khanna,Democrat,House,CA,CM,2023-6-13,True,False
Ro Khanna,Democrat,House,CA,TD,2023-6-11,True,False
Ro Khanna,Democrat,House,CA,SCGLY,2023-6-6,True,False
Ro Khanna,Democrat,House,CA,C,2023-6-12,True,False
Ro Khanna,Democrat,House,CA,BNS,2023-6-20,True,False
Ro Khanna,Democrat,House,CA,N/A,2023-6-1,True,False
Ro Khanna,Democrat,House,CA,N/A,2023-6-5,True,False
Ro Khanna,Democrat,House,CA,RY,2023-6-4,True,False
Ro Khanna,Democrat,House,CA,SCGLY,2023-6-6,True,False
Ro Khanna,Democrat,House,CA,BNS,2023-6-11,True,False
Ro Khanna,Democrat,House,CA,N/A,2023-6-15,True,False
Ro Khanna,Democrat,House,CA,HSBC,2023-6-21,True,False
Ro Khanna,Democrat,House,CA,RY,2023-6-20,True,False
Ro Khanna,Democrat,House,CA,C,2023-6-19,True,False
Ro Khanna,Democrat,House,CA,BAC,2023-6-5,True,False
Ro Khanna,Democrat,House,CA,C,2023-6-6,True,False
Ro Khanna,Democrat,House,CA,WFC,2023-6-11,True,False
Ro Khanna,Democrat,House,CA,SCHW,2023-6-6,True,False
Ro Khanna,Democrat,House,CA,ENB,2023-6-5,True,False
Ro Khanna,Democrat,House,CA,BAC,2023-6-6,True,False
Ro Khanna,Democrat,House,CA,BK,2023-6-19,True,False
Ro Khanna,Democrat,House,CA,VOYA,2023-6-19,True,False
Ro Khanna,Democrat,House,CA,N/A,2023-6-11,True,False
Ro Khanna,Democrat,House,CA,CFG,2023-6-7,True,False
Ro Khanna,Democrat,House,CA,BNS,2023-6-5,True,False
Ro Khanna,Democrat,House,CA,C,2023-6-8,True,False
Ro Khanna,Democrat,House,CA,PNC,2023-6-5,True,False
Ro Khanna,Democrat,House,CA,AXP,2023-6-6,True,False
Ro Khanna,Democrat,House,CA,TGT,2023-6-13,True,False
Ro Khanna,Democrat,House,CA,WFC,2023-6-6,True,False
Ro Khanna,Democrat,House,CA,PRU,2023-6-6,True,False
Ro Khanna,Democrat,House,CA,C,2023-6-6,True,False
Ro Khanna,Democrat,House,CA,CNP,2023-6-11,True,False
Ro Khanna,Democrat,House,CA,PRU,2023-6-27,True,False
Ro Khanna,Democrat,House,CA,DUK,2023-6-22,True,False
Ro Khanna,Democrat,House,CA,N/A,2023-6-12,True,False
Ro Khanna,Democrat,House,CA,PNC,2023-6-6,True,False
Ro Khanna,Democrat,House,CA,MET,2023-6-22,True,False
Ro Khanna,Democrat,House,CA,N/A,2023-6-11,True,False
Ro Khanna,Democrat,House,CA,VOD,2023-6-6,True,False
Ro Khanna,Democrat,House,CA,EMRAF,2023-6-5,True,False
Ro Khanna,Democrat,House,CA,MKL,2023-6-22,True,False
Ro Khanna,Democrat,House,CA,NEE,2023-6-1,True,False
Ro Khanna,Democrat,House,CA,HBAN,2023-6-12,True,False
Ro Khanna,Democrat,House,CA,CMS,2023-6-7,True,False
Ro Khanna,Democrat,House,CA,EIX,2023-6-7,True,False
Ro Khanna,Democrat,House,CA,RF,2023-6-5,True,False
Ro Khanna,Democrat,House,CA,TGT,2023-6-21,True,False
Ro Khanna,Democrat,House,CA,USB,2023-6-6,True,False
Ro Khanna,Democrat,House,CA,HIG,2023-6-13,True,False
Ro Khanna,Democrat,House,CA,BAC,2023-6-6,True,False
Ro Khanna,Democrat,House,CA,D,2023-6-6,True,False
Ro Khanna,Democrat,House,CA,CSCO,2023-6-1,True,False
Ro Khanna,Democrat,House,CA,SO,2023-6-12,True,False
Ro Khanna,Democrat,House,CA,N/A,2023-6-8,True,False
Ro Khanna,Democrat,House,CA,PNC,2023-6-6,True,False
Ro Khanna,Democrat,House,CA,SCHW,2023-6-5,True,False
Ro Khanna,Democrat,House,CA,ALLY,2023-6-22,True,False
Ro Khanna,Democrat,House,CA,N/A,2023-6-8,True,False
Ro Khanna,Democrat,House,CA,HBAN,2023-6-8,True,False
Ro Khanna,Democrat,House,CA,TGT,2023-6-22,True,False
Ro Khanna,Democrat,House,CA,LH,2023-6-28,True,False
Ro Khanna,Democrat,House,CA,SCHW,2023-6-11,True,False
Ro Khanna,Democrat,House,CA,PNC,2023-6-5,True,False
Ro Khanna,Democrat,House,CA,ALL,2023-6-5,True,False
Ro Khanna,Democrat,House,CA,MTB,2023-6-7,True,False
Ro Khanna,Democrat,House,CA,TGT,2023-6-21,True,False
Ro Khanna,Democrat,House,CA,NVDA,2023-6-1,True,False
Ro Khanna,Democrat,House,CA,LLY,2023-6-1,True,False
Ro Khanna,Democrat,House,CA,MRVL,2023-6-1,True,False
Ro Khanna,Democrat,House,CA,IWD,2023-6-26,False,True
Ro Khanna,Democrat,House,CA,MSFT,2023-6-1,False,True
Ro Khanna,Democrat,House,CA,ENB,2023-6-8,False,True
Ro Khanna,Democrat,House,CA,MSFT,2023-6-21,False,True
Ro Khanna,Democrat,House,CA,MRVL,2023-6-1,False,True
Ro Khanna,Democrat,House,CA,CAT,2023-6-1,False,True
Ro Khanna,Democrat,House,CA,SYK,2023-6-27,False,True
Ro Khanna,Democrat,House,CA,MS,2023-6-1,False,True
Ro Khanna,Democrat,House,CA,MSFT,2023-6-29,False,True
Ro Khanna,Democrat,House,CA,NVDA,2023-6-1,False,True
Ro Khanna,Democrat,House,CA,SYK,2023-6-21,False,True
Ro Khanna,Democrat,House,CA,MCD,2023-6-1,False,True
Ro Khanna,Democrat,House,CA,BNPQY,2023-6-21,True,False
Ro Khanna,Democrat,House,CA,TD,2023-6-11,True,False
Ro Khanna,Democrat,House,CA,CM,2023-6-13,True,False
Ro Khanna,Democrat,House,CA,C,2023-6-4,True,False
Ro Khanna,Democrat,House,CA,SCGLY,2023-6-6,True,False
Ro Khanna,Democrat,House,CA,N/A,2023-6-20,True,False
Ro Khanna,Democrat,House,CA,MHK,2023-6-29,True,False
Ro Khanna,Democrat,House,CA,GOOGL,2023-6-1,False,True
Ro Khanna,Democrat,House,CA,RY,2023-6-4,True,False
Ro Khanna,Democrat,House,CA,SCGLY,2023-6-6,True,False
Ro Khanna,Democrat,House,CA,BNS,2023-6-11,True,False
Ro Khanna,Democrat,House,CA,TSLA,2023-6-25,True,False
Ro Khanna,Democrat,House,CA,PFE,2023-6-25,True,False
Ro Khanna,Democrat,House,CA,DHR,2023-6-25,True,False
Ro Khanna,Democrat,House,CA,VZ,2023-6-25,True,False
Ro Khanna,Democrat,House,CA,N/A,2023-6-20,True,False
Ro Khanna,Democrat,House,CA,C,2023-6-15,True,False
Ro Khanna,Democrat,House,CA,HSBC,2023-6-21,True,False
Ro Khanna,Democrat,House,CA,PGR,2023-6-25,True,False
Ro Khanna,Democrat,House,CA,ADP,2023-6-25,True,False
Ro Khanna,Democrat,House,CA,CVS,2023-6-25,True,False
Ro Khanna,Democrat,House,CA,HSY,2023-6-25,True,False
Ro Khanna,Democrat,House,CA,PANW,2023-6-25,True,False
Ro Khanna,Democrat,House,CA,MSFT,2023-6-25,True,False
Ro Khanna,Democrat,House,CA,MDLZ,2023-6-25,True,False
Ro Khanna,Democrat,House,CA,DIS,2023-6-25,True,False
Ro Khanna,Democrat,House,CA,ORCL,2023-6-25,True,False
Ro Khanna,Democrat,House,CA,EA,2023-6-25,True,False
Ro Khanna,Democrat,House,CA,AMD,2023-6-25,True,False
Ro Khanna,Democrat,House,CA,MRK,2023-6-25,True,False
Ro Khanna,Democrat,House,CA,HUM,2023-6-25,True,False
Ro Khanna,Democrat,House,CA,GIS,2023-6-25,True,False
Ro Khanna,Democrat,House,CA,CL,2023-6-25,True,False
Ro Khanna,Democrat,House,CA,MMC,2023-6-25,True,False
Ro Khanna,Democrat,House,CA,COST,2023-6-25,True,False
Ro Khanna,Democrat,House,CA,N/A,2023-6-22,True,False
Ro Khanna,Democrat,House,CA,A,2023-6-25,True,False
Ro Khanna,Democrat,House,CA,QCOM,2023-6-25,True,False
Ro Khanna,Democrat,House,CA,N/A,2023-6-22,True,False
Ro Khanna,Democrat,House,CA,CDNS,2023-6-25,True,False
Ro Khanna,Democrat,House,CA,AMZN,2023-6-25,True,False
Ro Khanna,Democrat,House,CA,VRSK,2023-6-25,True,False
Ro Khanna,Democrat,House,CA,AMGN,2023-6-25,True,False
Ro Khanna,Democrat,House,CA,RSG,2023-6-25,True,False
Ro Khanna,Democrat,House,CA,RMD,2023-6-25,True,False
Ro Khanna,Democrat,House,CA,ATVI,2023-6-25,True,False
Ro Khanna,Democrat,House,CA,MCK,2023-6-25,True,False
Ro Khanna,Democrat,House,CA,REGN,2023-6-25,True,False
Ro Khanna,Democrat,House,CA,PG,2023-6-25,True,False
Ro Khanna,Democrat,House,CA,CME,2023-6-25,True,False
Ro Khanna,Democrat,House,CA,ABT,2023-6-25,True,False
Ro Khanna,Democrat,House,CA,PODD,2023-6-25,True,False
Ro Khanna,Democrat,House,CA,NOW,2023-6-25,True,False
Ro Khanna,Democrat,House,CA,CRM,2023-6-25,True,False
Ro Khanna,Democrat,House,CA,N/A,2023-6-25,True,False
Ro Khanna,Democrat,House,CA,PYPL,2023-6-25,True,False
Ro Khanna,Democrat,House,CA,KR,2023-6-25,True,False
Ro Khanna,Democrat,House,CA,CTVA,2023-6-25,True,False
Ro Khanna,Democrat,House,CA,LW,2023-6-25,True,False
Ro Khanna,Democrat,House,CA,RF,2023-6-25,True,False
Ro Khanna,Democrat,House,CA,NDAQ,2023-6-25,True,False
Ro Khanna,Democrat,House,CA,CCI,2023-6-25,True,False
Ro Khanna,Democrat,House,CA,INCY,2023-6-25,True,False
Ro Khanna,Democrat,House,CA,FTNT,2023-6-25,True,False
Ro Khanna,Democrat,House,CA,TTWO,2023-6-25,True,False
Ro Khanna,Democrat,House,CA,HOLX,2023-6-25,True,False
Ro Khanna,Democrat,House,CA,ADSK,2023-6-25,True,False
Ro Khanna,Democrat,House,CA,IBM,2023-6-25,True,False
Ro Khanna,Democrat,House,CA,MS,2023-6-22,True,False
Ro Khanna,Democrat,House,CA,MNST,2023-6-25,True,False
Ro Khanna,Democrat,House,CA,ALGN,2023-6-25,True,False
Ro Khanna,Democrat,House,CA,ANSS,2023-6-25,True,False
Ro Khanna,Democrat,House,CA,SYY,2023-6-25,True,False
Ro Khanna,Democrat,House,CA,INTU,2023-6-25,False,True
Ro Khanna,Democrat,House,CA,ISRG,2023-6-25,False,True
Ro Khanna,Democrat,House,CA,BLK,2023-6-25,False,True
Ro Khanna,Democrat,House,CA,SNPS,2023-6-25,False,True
Ro Khanna,Democrat,House,CA,TMUS,2023-6-25,False,True
Ro Khanna,Democrat,House,CA,T,2023-6-25,False,True
Ro Khanna,Democrat,House,CA,MELI,2023-6-25,False,True
Ro Khanna,Democrat,House,CA,ABBV,2023-6-25,False,True
Ro Khanna,Democrat,House,CA,BMY,2023-6-25,False,True
Ro Khanna,Democrat,House,CA,USB,2023-6-25,False,True
Ro Khanna,Democrat,House,CA,ETSY,2023-6-25,False,True
Ro Khanna,Democrat,House,CA,TT,2023-6-25,False,True
Ro Khanna,Democrat,House,CA,NWSA,2023-6-25,False,True
Ro Khanna,Democrat,House,CA,CPRT,2023-6-25,False,True
Ro Khanna,Democrat,House,CA,MU,2023-6-25,False,True
Ro Khanna,Democrat,House,CA,ICE,2023-6-25,False,True
Ro Khanna,Democrat,House,CA,PAYX,2023-6-25,False,True
Ro Khanna,Democrat,House,CA,MTD,2023-6-25,False,True
Ro Khanna,Democrat,House,CA,DG,2023-6-25,False,True
Ro Khanna,Democrat,House,CA,ILMN,2023-6-25,False,True
Ro Khanna,Democrat,House,CA,RVTY,2023-6-25,False,True
Ro Khanna,Democrat,House,CA,FTV,2023-6-25,False,True
Ro Khanna,Democrat,House,CA,NEM,2023-6-25,False,True
Ro Khanna,Democrat,House,CA,K,2023-6-25,False,True
Ro Khanna,Democrat,House,CA,CTAS,2023-6-25,False,True
Ro Khanna,Democrat,House,CA,C,2023-6-25,False,True
Ro Khanna,Democrat,House,CA,WBA,2023-6-25,False,True
Ro Khanna,Democrat,House,CA,N/A,2023-6-25,False,True
Ro Khanna,Democrat,House,CA,CMCSA,2023-6-25,False,True
Ro Khanna,Democrat,House,CA,GOOGL,2023-6-25,False,True
Ro Khanna,Democrat,House,CA,EL,2023-6-25,False,True
Ro Khanna,Democrat,House,CA,TROW,2023-6-25,False,True
Ro Khanna,Democrat,House,CA,ADM,2023-6-25,False,True
Ro Khanna,Democrat,House,CA,ARE,2023-6-25,False,True
Ro Khanna,Democrat,House,CA,MO,2023-6-25,False,True
Ro Khanna,Democrat,House,CA,ENPH,2023-6-25,False,True
Ro Khanna,Democrat,House,CA,VICI,2023-6-25,False,True
Ro Khanna,Democrat,House,CA,DLTR,2023-6-25,False,True
Ro Khanna,Democrat,House,CA,BKNG,2023-6-25,False,True
Ro Khanna,Democrat,House,CA,WAT,2023-6-25,False,True
Ro Khanna,Democrat,House,CA,SEDG,2023-6-25,False,True
Ro Khanna,Democrat,House,CA,EPAM,2023-6-25,False,True
Ro Khanna,Democrat,House,CA,FFIV,2023-6-25,False,True
Ro Khanna,Democrat,House,CA,HAS,2023-6-25,False,True
Ro Khanna,Democrat,House,CA,CMG,2023-6-25,False,True
Ro Khanna,Democrat,House,CA,KDP,2023-6-25,False,True
Ro Khanna,Democrat,House,CA,WRK,2023-6-25,False,True
Ro Khanna,Democrat,House,CA,TECH,2023-6-25,False,True
Ro Khanna,Democrat,House,CA,CBRE,2023-6-25,False,True
Ro Khanna,Democrat,House,CA,FSLR,2023-6-25,False,True
Ro Khanna,Democrat,House,CA,KRC,2023-6-25,False,True
Ro Khanna,Democrat,House,CA,WBD,2023-6-25,False,True
Ro Khanna,Democrat,House,CA,APTV,2023-6-25,False,True
Ro Khanna,Democrat,House,CA,TDOC,2023-6-25,False,True
Ro Khanna,Democrat,House,CA,YNDX,2023-6-14,False,True
Ro Khanna,Democrat,House,CA,SCGLY,2023-6-6,True,False
Ro Khanna,Democrat,House,CA,C,2023-6-4,True,False
Ro Khanna,Democrat,House,CA,TD,2023-6-11,True,False
Ro Khanna,Democrat,House,CA,CM,2023-6-13,True,False
Ro Khanna,Democrat,House,CA,SCGLY,2023-6-6,True,False
Ro Khanna,Democrat,House,CA,RY,2023-6-4,True,False
Ro Khanna,Democrat,House,CA,BNS,2023-6-11,True,False
Ro Khanna,Democrat,House,CA,BNS,2023-6-20,True,False
Ro Khanna,Democrat,House,CA,N/A,2023-6-1,True,False
Ro Khanna,Democrat,House,CA,N/A,2023-6-19,True,False
Ro Khanna,Democrat,House,CA,C,2023-6-15,True,False
Ro Khanna,Democrat,House,CA,N/A,2023-6-19,True,False
Ro Khanna,Democrat,House,CA,N/A,2023-6-21,True,False
Ro Khanna,Democrat,House,CA,HSBC,2023-6-21,True,False
Ro Khanna,Democrat,House,CA,RY,2023-6-4,True,False
Ro Khanna,Democrat,House,CA,BNS,2023-6-11,True,False
Ro Khanna,Democrat,House,CA,N/A,2023-6-15,True,False
Ro Khanna,Democrat,House,CA,SCGLY,2023-6-6,True,False
Ro Khanna,Democrat,House,CA,JNJ,2023-6-28,True,False
Ro Khanna,Democrat,House,CA,AMGN,2023-6-28,True,False
Ro Khanna,Democrat,House,CA,DHR,2023-6-28,True,False
Ro Khanna,Democrat,House,CA,ABT,2023-6-28,True,False
Ro Khanna,Democrat,House,CA,IBM,2023-6-28,True,False
Ro Khanna,Democrat,House,CA,HD,2023-6-28,True,False
Ro Khanna,Democrat,House,CA,MSFT,2023-6-28,True,False
Ro Khanna,Democrat,House,CA,MCD,2023-6-28,True,False
Ro Khanna,Democrat,House,CA,BAC,2023-6-28,True,False
Ro Khanna,Democrat,House,CA,KO,2023-6-28,True,False
Ro Khanna,Democrat,House,CA,UNP,2023-6-28,True,False
Ro Khanna,Democrat,House,CA,AAPL,2023-6-28,True,False
Ro Khanna,Democrat,House,CA,WM,2023-6-28,True,False
Ro Khanna,Democrat,House,CA,BDX,2023-6-28,True,False
Ro Khanna,Democrat,House,CA,UPS,2023-6-28,True,False
Ro Khanna,Democrat,House,CA,ROP,2023-6-28,True,False
Ro Khanna,Democrat,House,CA,CB,2023-6-28,True,False
Ro Khanna,Democrat,House,CA,C,2023-6-28,True,False
Ro Khanna,Democrat,House,CA,ADP,2023-6-28,True,False
Ro Khanna,Democrat,House,CA,BMY,2023-6-28,True,False
Ro Khanna,Democrat,House,CA,RSG,2023-6-28,True,False
Ro Khanna,Democrat,House,CA,UNH,2023-6-28,True,False
Ro Khanna,Democrat,House,CA,REGN,2023-6-28,True,False
Ro Khanna,Democrat,House,CA,HUM,2023-6-28,True,False
Ro Khanna,Democrat,House,CA,TRV,2023-6-28,True,False
Ro Khanna,Democrat,House,CA,N/A,2023-6-28,True,False
Ro Khanna,Democrat,House,CA,VZ,2023-6-28,True,False
Ro Khanna,Democrat,House,CA,MS,2023-6-28,True,False
Ro Khanna,Democrat,House,CA,CTSH,2023-6-28,True,False
Ro Khanna,Democrat,House,CA,GIS,2023-6-28,True,False
Ro Khanna,Democrat,House,CA,AMCR,2023-6-28,True,False
Ro Khanna,Democrat,House,CA,MO,2023-6-28,True,False
Ro Khanna,Democrat,House,CA,LIN,2023-6-28,True,False
Ro Khanna,Democrat,House,CA,VICI,2023-6-28,True,False
Ro Khanna,Democrat,House,CA,CME,2023-6-28,True,False
Ro Khanna,Democrat,House,CA,COST,2023-6-28,True,False
Ro Khanna,Democrat,House,CA,NSC,2023-6-28,True,False
Ro Khanna,Democrat,House,CA,BRK/B,2023-6-28,True,False
Ro Khanna,Democrat,House,CA,APD,2023-6-28,True,False
Ro Khanna,Democrat,House,CA,MSI,2023-6-28,True,False
Ro Khanna,Democrat,House,CA,WAT,2023-6-28,True,False
Ro Khanna,Democrat,House,CA,PM,2023-6-28,True,False
Ro Khanna,Democrat,House,CA,T,2023-6-28,True,False
Ro Khanna,Democrat,House,CA,WRB,2023-6-28,True,False
Ro Khanna,Democrat,House,CA,HRL,2023-6-28,True,False
Ro Khanna,Democrat,House,CA,BK,2023-6-28,True,False
Ro Khanna,Democrat,House,CA,CTVA,2023-6-28,True,False
Ro Khanna,Democrat,House,CA,INCY,2023-6-28,True,False
Ro Khanna,Democrat,House,CA,DGX,2023-6-28,True,False
Ro Khanna,Democrat,House,CA,AVTR,2023-6-22,True,False
Ro Khanna,Democrat,House,CA,BAX,2023-6-28,True,False
Ro Khanna,Democrat,House,CA,MHK,2023-6-29,True,False
Ro Khanna,Democrat,House,CA,NGG,2023-6-8,True,False
Ro Khanna,Democrat,House,CA,ACN,2023-6-28,True,False
Ro Khanna,Democrat,House,CA,ELV,2023-6-28,True,False
Ro Khanna,Democrat,House,CA,PSA,2023-6-28,True,False
Ro Khanna,Democrat,House,CA,MCK,2023-6-28,True,False
Ro Khanna,Democrat,House,CA,CI,2023-6-28,True,False
Ro Khanna,Democrat,House,CA,TMUS,2023-6-28,True,False
Ro Khanna,Democrat,House,CA,KEYS,2023-6-28,True,False
Ro Khanna,Democrat,House,CA,HSIC,2023-6-28,True,False
Ro Khanna,Democrat,House,CA,AVTR,2023-6-12,True,False
Ro Khanna,Democrat,House,CA,BF/A,2023-6-28,True,False
Ro Khanna,Democrat,House,CA,SPG,2023-6-28,True,False
Ro Khanna,Democrat,House,CA,K,2023-6-28,True,False
Ro Khanna,Democrat,House,CA,AVTR,2023-6-27,True,False
Ro Khanna,Democrat,House,CA,CINF,2023-6-28,True,False
Ro Khanna,Democrat,House,CA,CPB,2023-6-28,True,False
Ro Khanna,Democrat,House,CA,OGN,2023-6-28,True,False
Ro Khanna,Democrat,House,CA,GLW,2023-6-28,True,False
Ro Khanna,Democrat,House,CA,L,2023-6-28,True,False
Ro Khanna,Democrat,House,CA,ROL,2023-6-28,True,False
Ro Khanna,Democrat,House,CA,DXC,2023-6-28,True,False
Ro Khanna,Democrat,House,CA,CAG,2023-6-28,True,False
Ro Khanna,Democrat,House,CA,COR,2023-6-28,True,False
Ro Khanna,Democrat,House,CA,TSN,2023-6-28,True,False
