Name,Party,Chamber,State,Ticker,Date,Buy,Sell
Michael McCaul,Republican,House,TX,VMFXX,2023-8-6,False,True
Michael McCaul,Republican,House,TX,QQQ,2023-7-31,False,True
Michael McCaul,Republican,House,TX,VOO,2023-7-31,False,True
Michael McCaul,Republican,House,TX,VTI,2023-7-31,False,True
Michael McCaul,Republican,House,TX,VWLUX,2023-7-31,True,False
Michael McCaul,Republican,House,TX,AZN,2023-8-13,False,True
Michael McCaul,Republican,House,TX,ADSK,2023-8-17,False,True
Michael McCaul,Republican,House,TX,N/A,2023-8-1,False,True
Michael McCaul,Republican,House,TX,N/A,2023-8-2,True,False
Michael McCaul,Republican,House,TX,N/A,2023-8-9,True,False
Michael McCaul,Republican,House,TX,N/A,2023-8-22,True,False
Michael McCaul,Republican,House,TX,FLT,2023-8-30,False,True
Michael McCaul,Republican,House,TX,N/A,2023-7-31,True,False
Michael McCaul,Republican,House,TX,N/A,2023-7-31,False,True
Michael McCaul,Republican,House,TX,N/A,2023-8-1,False,True
Michael McCaul,Republican,House,TX,FTNT,2023-8-7,True,False
Michael McCaul,Republican,House,TX,FTNT,2023-8-22,True,False
Michael McCaul,Republican,House,TX,FTNT,2023-8-30,True,False
Michael McCaul,Republican,House,TX,N/A,2023-8-14,False,True
Michael McCaul,Republican,House,TX,GE,2023-8-21,False,True
Michael McCaul,Republican,House,TX,GE,2023-8-22,False,True
Michael McCaul,Republican,House,TX,G,2023-8-24,True,False
Michael McCaul,Republican,House,TX,N/A,2023-8-14,False,True
Michael McCaul,Republican,House,TX,N/A,2023-8-23,False,True
Michael McCaul,Republican,House,TX,N/A,2023-8-23,False,True
Michael McCaul,Republican,House,TX,N/A,2023-8-23,False,True
Michael McCaul,Republican,House,TX,N/A,2023-8-27,True,False
Michael McCaul,Republican,House,TX,N/A,2023-8-15,True,False
Michael McCaul,Republican,House,TX,MAR,2023-8-15,False,True
Michael McCaul,Republican,House,TX,N/A,2023-7-31,False,True
Michael McCaul,Republican,House,TX,META,2023-8-3,False,True
Michael McCaul,Republican,House,TX,N/A,2023-8-14,False,True
Michael McCaul,Republican,House,TX,NBIX,2023-8-13,True,False
Michael McCaul,Republican,House,TX,N/A,2023-7-31,False,True
Michael McCaul,Republican,House,TX,N/A,2023-7-31,False,True
Michael McCaul,Republican,House,TX,NVDA,2023-8-17,True,False
Michael McCaul,Republican,House,TX,NVDA,2023-8-27,True,False
Michael McCaul,Republican,House,TX,PAYC,2023-8-13,True,False
Michael McCaul,Republican,House,TX,PAYC,2023-8-30,True,False
Michael McCaul,Republican,House,TX,PYPL,2023-8-22,False,True
Michael McCaul,Republican,House,TX,PYPL,2023-8-30,False,True
Michael McCaul,Republican,House,TX,N/A,2023-8-8,True,False
Michael McCaul,Republican,House,TX,N/A,2023-8-1,True,False
Michael McCaul,Republican,House,TX,N/A,2023-8-13,True,False
Michael McCaul,Republican,House,TX,N/A,2023-8-30,True,False
Michael McCaul,Republican,House,TX,SAP,2023-8-21,True,False
Michael McCaul,Republican,House,TX,SHEL,2023-8-14,True,False
Michael McCaul,Republican,House,TX,N/A,2023-7-31,False,True
Michael McCaul,Republican,House,TX,SEDG,2023-8-7,False,True
Michael McCaul,Republican,House,TX,V,2023-8-27,False,True
Michael McCaul,Republican,House,TX,N/A,2023-7-31,False,True
Michael McCaul,Republican,House,TX,N/A,2023-8-7,False,True
Michael McCaul,Republican,House,TX,N/A,2023-7-31,False,True
Michael McCaul,Republican,House,TX,N/A,2023-8-1,True,False
Michael McCaul,Republican,House,TX,N/A,2023-8-14,True,False
Michael McCaul,Republican,House,TX,MSDA,2023-8-6,True,False
Michael McCaul,Republican,House,TX,ALL,2023-8-7,True,False
Michael McCaul,Republican,House,TX,AIG,2023-8-7,False,True
Michael McCaul,Republican,House,TX,C,2023-8-7,True,False
Michael McCaul,Republican,House,TX,CNHI,2023-8-15,False,True
Michael McCaul,Republican,House,TX,CNHI,2023-8-16,False,True
Michael McCaul,Republican,House,TX,PM,2023-8-28,False,True
Michael McCaul,Republican,House,TX,ST,2023-8-15,True,False
Michael McCaul,Republican,House,TX,ST,2023-8-16,True,False
Michael McCaul,Republican,House,TX,TPR,2023-8-14,True,False
Michael McCaul,Republican,House,TX,TSN,2023-8-17,True,False
Michael McCaul,Republican,House,TX,OGVXX,2023-7-31,True,False
Michael McCaul,Republican,House,TX,N/A,2023-7-31,True,False
Michael McCaul,Republican,House,TX,N/A,2023-7-31,True,False
Michael McCaul,Republican,House,TX,VMFXX,2023-8-6,False,True
Michael McCaul,Republican,House,TX,QQQ,2023-7-31,False,True
Michael McCaul,Republican,House,TX,VOO,2023-7-31,False,True
Michael McCaul,Republican,House,TX,VTI,2023-7-31,False,True
Michael McCaul,Republican,House,TX,VWLUX,2023-7-31,True,False
Dan Sullivan,Republican,Senate,AK,ACN,2023-8-21,False,True
Dan Sullivan,Republican,Senate,AK,ALGN,2023-8-21,False,True
Dan Sullivan,Republican,Senate,AK,GOOGL,2023-8-21,False,True
Dan Sullivan,Republican,Senate,AK,AMZN,2023-8-21,False,True
Dan Sullivan,Republican,Senate,AK,AXP,2023-8-21,False,True
Dan Sullivan,Republican,Senate,AK,AME,2023-8-21,False,True
Dan Sullivan,Republican,Senate,AK,APH,2023-8-21,False,True
Dan Sullivan,Republican,Senate,AK,AAPL,2023-8-21,False,True
Dan Sullivan,Republican,Senate,AK,BLK,2023-8-21,False,True
Dan Sullivan,Republican,Senate,AK,BKNG,2023-8-21,False,True
Dan Sullivan,Republican,Senate,AK,BMY,2023-8-21,False,True
Dan Sullivan,Republican,Senate,AK,SCHW,2023-8-21,False,True
Dan Sullivan,Republican,Senate,AK,CVX,2023-8-21,False,True
Dan Sullivan,Republican,Senate,AK,CHD,2023-8-21,False,True
Dan Sullivan,Republican,Senate,AK,COST,2023-8-21,False,True
Dan Sullivan,Republican,Senate,AK,CVS,2023-8-21,False,True
Dan Sullivan,Republican,Senate,AK,HON,2023-8-21,False,True
Dan Sullivan,Republican,Senate,AK,JNJ,2023-8-21,False,True
Dan Sullivan,Republican,Senate,AK,JPM,2023-8-21,False,True
Dan Sullivan,Republican,Senate,AK,LH,2023-8-21,False,True
Dan Sullivan,Republican,Senate,AK,LRCX,2023-8-21,False,True
Dan Sullivan,Republican,Senate,AK,MA,2023-8-21,False,True
Dan Sullivan,Republican,Senate,AK,MSFT,2023-8-21,False,True
Dan Sullivan,Republican,Senate,AK,NTRS,2023-8-21,False,True
Dan Sullivan,Republican,Senate,AK,PXD,2023-8-21,False,True
Dan Sullivan,Republican,Senate,AK,PNC,2023-8-21,False,True
Dan Sullivan,Republican,Senate,AK,PPG,2023-8-21,False,True
Dan Sullivan,Republican,Senate,AK,LUV,2023-8-21,False,True
Dan Sullivan,Republican,Senate,AK,TMO,2023-8-21,False,True
Dan Sullivan,Republican,Senate,AK,TJX,2023-8-21,False,True
Dan Sullivan,Republican,Senate,AK,TSCO,2023-8-21,False,True
Dan Sullivan,Republican,Senate,AK,ULTA,2023-8-21,False,True
Dan Sullivan,Republican,Senate,AK,ZTS,2023-8-21,False,True
Richard Blumenthal,Democrat,Senate,CT,RADI,2023-8-13,False,True
Richard Blumenthal,Democrat,Senate,CT,KDP,2023-8-23,False,True
Richard Blumenthal,Democrat,Senate,CT,RADI,2023-8-13,False,True
Thomas Kean Jr,Republican,House,NJ,CCK,2023-4-18,True,False
Thomas Kean Jr,Republican,House,NJ,DHR,2023-7-30,True,False
Thomas Kean Jr,Republican,House,NJ,FIS,2023-5-3,False,True
Thomas Kean Jr,Republican,House,NJ,FIS,2023-6-11,True,False
Thomas Kean Jr,Republican,House,NJ,GPN,2023-6-11,False,True
Thomas Kean Jr,Republican,House,NJ,JPM,2023-4-2,True,False
Katie Britt,Republican,Senate,AL,N/A,2023-8-24,True,False
Josh Gottheimer,Democrat,House,NJ,ADYEY,2023-8-20,True,False
Josh Gottheimer,Democrat,House,NJ,GOOGL,2023-8-13,True,False
Josh Gottheimer,Democrat,House,NJ,AAPL,2023-8-6,False,True
Josh Gottheimer,Democrat,House,NJ,ASAZY,2023-8-20,True,False
Josh Gottheimer,Democrat,House,NJ,ASAZY,2023-8-21,True,False
Josh Gottheimer,Democrat,House,NJ,SQ,2023-8-21,False,True
Josh Gottheimer,Democrat,House,NJ,CHGCY,2023-8-17,True,False
Josh Gottheimer,Democrat,House,NJ,DASTY,2023-8-17,True,False
Josh Gottheimer,Democrat,House,NJ,DXCM,2023-8-20,False,True
Josh Gottheimer,Democrat,House,NJ,ETN,2023-8-24,True,False
Josh Gottheimer,Democrat,House,NJ,LLY,2023-8-17,True,False
Josh Gottheimer,Democrat,House,NJ,EFX,2023-8-21,False,True
Josh Gottheimer,Democrat,House,NJ,FOXF,2023-8-9,True,False
Josh Gottheimer,Democrat,House,NJ,FCX,2023-8-20,False,True
Josh Gottheimer,Democrat,House,NJ,HSHCY,2023-8-17,True,False
Josh Gottheimer,Democrat,House,NJ,MA,2023-8-21,True,False
Josh Gottheimer,Democrat,House,NJ,META,2023-8-20,True,False
Josh Gottheimer,Democrat,House,NJ,MSFT,2023-8-14,True,False
Josh Gottheimer,Democrat,House,NJ,MSFT,2023-8-14,False,True
Josh Gottheimer,Democrat,House,NJ,MSFT,2023-8-14,False,True
Josh Gottheimer,Democrat,House,NJ,MSFT,2023-8-14,True,False
Josh Gottheimer,Democrat,House,NJ,NFLX,2023-8-6,True,False
Josh Gottheimer,Democrat,House,NJ,NSC,2023-8-23,True,False
Josh Gottheimer,Democrat,House,NJ,NSC,2023-8-24,True,False
Josh Gottheimer,Democrat,House,NJ,NVDA,2023-8-9,False,True
Josh Gottheimer,Democrat,House,NJ,REGN,2023-8-20,True,False
Josh Gottheimer,Democrat,House,NJ,SHLS,2023-8-9,True,False
Josh Gottheimer,Democrat,House,NJ,SPXC,2023-8-9,False,True
Josh Gottheimer,Democrat,House,NJ,TPR,2023-8-9,False,True
Josh Gottheimer,Democrat,House,NJ,TGT,2023-8-20,False,True
Josh Gottheimer,Democrat,House,NJ,TGT,2023-8-23,False,True
Josh Gottheimer,Democrat,House,NJ,VZ,2023-8-23,False,True
Thomas Kean Jr,Republican,House,NJ,LLYVK,2023-8-3,False,False
Thomas Kean Jr,Republican,House,NJ,LSXMA,2023-8-3,False,False
Thomas Kean Jr,Republican,House,NJ,LSXMA,2023-8-3,False,False
Thomas Kean Jr,Republican,House,NJ,LLYVK,2023-8-3,False,False
Thomas Kean Jr,Republican,House,NJ,LSXMA,2023-8-3,False,False
Thomas Kean Jr,Republican,House,NJ,LSXMA,2023-8-3,False,False
Daniel S. Goldman,Democrat,House,NY,SIGCY,2023-8-2,False,True
Daniel S. Goldman,Democrat,House,NY,WTKWY,2023-8-2,False,True
Tommy Tuberville,Republican,Senate,AL,QCOM,2023-8-30,True,False
Tommy Tuberville,Republican,Senate,AL,INTC,2023-8-17,True,False
Tommy Tuberville,Republican,Senate,AL,F,2023-8-13,True,False
Tommy Tuberville,Republican,Senate,AL,F,2023-8-13,False,True
Tommy Tuberville,Republican,Senate,AL,N/A,2023-8-22,True,False
Tommy Tuberville,Republican,Senate,AL,N/A,2023-8-22,False,True
Tommy Tuberville,Republican,Senate,AL,N/A,2023-8-22,False,True
Tommy Tuberville,Republican,Senate,AL,N/A,2023-8-20,True,False
Tommy Tuberville,Republican,Senate,AL,N/A,2023-8-15,True,False
Tommy Tuberville,Republican,Senate,AL,N/A,2023-8-7,False,True
Tommy Tuberville,Republican,Senate,AL,N/A,2023-8-7,False,True
Tommy Tuberville,Republican,Senate,AL,N/A,2023-8-3,False,True
Tommy Tuberville,Republican,Senate,AL,N/A,2023-8-3,False,True
Tommy Tuberville,Republican,Senate,AL,N/A,2023-8-2,False,True
Tommy Tuberville,Republican,Senate,AL,N/A,2023-8-2,False,True
Tommy Tuberville,Republican,Senate,AL,N/A,2023-8-2,False,True
Tommy Tuberville,Republican,Senate,AL,N/A,2023-8-2,True,False
Tommy Tuberville,Republican,Senate,AL,N/A,2023-7-31,True,False
Tommy Tuberville,Republican,Senate,AL,N/A,2023-7-31,False,True
Rick Scott,Republican,Senate,FL,WTT,2023-8-14,False,True
Rick Scott,Republican,Senate,FL,WTT,2023-8-14,False,True
Rick Scott,Republican,Senate,FL,WTT,2023-8-14,False,True
Mitch McConnell,Republican,Senate,KY,WFC,2023-8-31,True,False
Shelley Moore Capito,Republican,Senate,WV,MSFT,2023-8-21,False,True
Shelley Moore Capito,Republican,Senate,WV,LOW,2023-8-21,False,True
Shelley Moore Capito,Republican,Senate,WV,AAPL,2023-8-21,False,True
Shelley Moore Capito,Republican,Senate,WV,FDS,2023-8-1,False,True
Shelley Moore Capito,Republican,Senate,WV,AFL,2023-8-1,False,True
Barry Moore,Republican,House,AL,N/A,2023-8-30,True,False
Seth Moulton,Democrat,House,MA,ATVI,2023-8-17,False,True
Scott Peters,Democrat,House,CA,N/A,2023-7-31,False,True
Scott Peters,Democrat,House,CA,N/A,2023-8-16,True,False
Scott Peters,Democrat,House,CA,N/A,2023-7-31,False,True
Scott Peters,Democrat,House,CA,N/A,2023-8-7,True,False
Seth Moulton,Democrat,House,MA,ATVI,2023-8-17,False,True
Seth Moulton,Democrat,House,MA,ATVI,2023-8-17,False,True
Dan Bishop,Republican,House,NC,N/A,2023-9-13,True,False
Dan Bishop,Republican,House,NC,N/A,2023-9-13,True,False
Dan Bishop,Republican,House,NC,N/A,2023-9-13,True,False
Dan Bishop,Republican,House,NC,N/A,2023-9-13,True,False
Dan Meuser,Republican,House,PA,NVDA,2023-8-13,False,True
Dan Meuser,Republican,House,PA,NVDA,2023-8-13,False,True
Dan Meuser,Republican,House,PA,NVDA,2023-8-13,False,True
Mike Kelly,Republican,House,PA,N/A,2023-8-23,False,True
Mark Warner,Democrat,Senate,VA,ROAD,2023-8-7,False,True
Jonathan Jackson,Democrat,House,IL,EME,2023-8-28,True,False
Jonathan Jackson,Democrat,House,IL,NEE,2023-8-28,False,True
Jonathan Jackson,Democrat,House,IL,TIMB,2023-8-30,True,False
Jonathan Jackson,Democrat,House,IL,WCN,2023-8-30,False,True
Suzan DelBene,Democrat,House,WA,N/A,2023-8-21,True,False
Suzan DelBene,Democrat,House,WA,MSFT,2023-8-29,False,True
Suzan DelBene,Democrat,House,WA,MSFT,2023-8-30,False,True
Suzan DelBene,Democrat,House,WA,N/A,2023-8-27,True,False
Kathy Manning,Democrat,House,NC,N/A,2023-8-30,True,False
Rudy Yakym,Republican,House,IN,N/A,2023-9-4,True,False
Ann Wagner,Republican,House,MO,N/A,2023-8-8,True,False
Ann Wagner,Republican,House,MO,N/A,2023-8-15,True,False
Lloyd Doggett,Democrat,House,TX,PG,2023-8-15,True,False
Rick Allen,Republican,House,GA,SCHW,2023-8-30,True,False
Richard Blumenthal,Democrat,Senate,CT,N/A,2023-7-24,True,False
Richard Blumenthal,Democrat,Senate,CT,N/A,2023-7-24,True,False
Richard Blumenthal,Democrat,Senate,CT,N/A,2023-7-25,True,False
Kevin Hern,Republican,House,OK,ACN,2023-8-14,True,False
Kevin Hern,Republican,House,OK,N/A,2023-8-16,True,False
Kevin Hern,Republican,House,OK,MMP,2023-8-13,True,False
Kevin Hern,Republican,House,OK,MMC,2023-8-14,True,False
Kevin Hern,Republican,House,OK,OKE,2023-8-13,True,False
Kevin Hern,Republican,House,OK,TXN,2023-8-14,True,False
Kevin Hern,Republican,House,OK,N/A,2023-8-30,False,True
John Boozman,Republican,Senate,AR,FEP,2023-8-28,False,True
John Boozman,Republican,Senate,AR,BBEU,2023-8-28,True,False
Ro Khanna,Democrat,House,CA,UBER,2023-8-8,True,False
Ro Khanna,Democrat,House,CA,ADSK,2023-8-8,False,True
Ro Khanna,Democrat,House,CA,EW,2023-8-10,True,False
Ro Khanna,Democrat,House,CA,VRSK,2023-8-20,False,True
Ro Khanna,Democrat,House,CA,MSFT,2023-8-20,True,False
Ro Khanna,Democrat,House,CA,N/A,2023-7-31,True,False
Ro Khanna,Democrat,House,CA,ABT,2023-8-3,True,False
Ro Khanna,Democrat,House,CA,KMX,2023-8-3,True,False
Ro Khanna,Democrat,House,CA,APO,2023-8-15,True,False
Ro Khanna,Democrat,House,CA,TGT,2023-8-22,True,False
Ro Khanna,Democrat,House,CA,CAT,2023-8-6,False,True
Ro Khanna,Democrat,House,CA,CARR,2023-8-3,False,True
Ro Khanna,Democrat,House,CA,SHW,2023-8-30,False,True
Ro Khanna,Democrat,House,CA,GOOGL,2023-8-3,False,True
Ro Khanna,Democrat,House,CA,VZ,2023-8-1,False,True
Ro Khanna,Democrat,House,CA,VZ,2023-8-21,False,True
Ro Khanna,Democrat,House,CA,SHW,2023-8-28,False,True
Ro Khanna,Democrat,House,CA,N/A,2023-7-31,True,False
Ro Khanna,Democrat,House,CA,BAX,2023-8-6,True,False
Ro Khanna,Democrat,House,CA,BAX,2023-8-1,True,False
Ro Khanna,Democrat,House,CA,BAX,2023-8-20,True,False
Ro Khanna,Democrat,House,CA,ST,2023-7-31,True,False
Ro Khanna,Democrat,House,CA,ABT,2023-8-3,True,False
Ro Khanna,Democrat,House,CA,IWD,2023-7-31,False,True
Ro Khanna,Democrat,House,CA,DD,2023-8-8,False,True
Ro Khanna,Democrat,House,CA,DD,2023-8-1,False,True
Ro Khanna,Democrat,House,CA,URBN,2023-8-17,False,True
Ro Khanna,Democrat,House,CA,AXTA,2023-7-31,False,True
Ro Khanna,Democrat,House,CA,WBA,2023-7-31,False,True
Ro Khanna,Democrat,House,CA,WBA,2023-8-7,False,True
Ro Khanna,Democrat,House,CA,DD,2023-8-30,False,True
Ro Khanna,Democrat,House,CA,BMY,2023-8-28,True,False
Ro Khanna,Democrat,House,CA,HD,2023-8-28,True,False
Ro Khanna,Democrat,House,CA,TGT,2023-8-28,True,False
Ro Khanna,Democrat,House,CA,MCD,2023-8-28,True,False
Ro Khanna,Democrat,House,CA,T,2023-8-28,True,False
Ro Khanna,Democrat,House,CA,HSY,2023-8-28,True,False
Ro Khanna,Democrat,House,CA,PFE,2023-8-28,True,False
Ro Khanna,Democrat,House,CA,BAC,2023-8-28,True,False
Ro Khanna,Democrat,House,CA,MTD,2023-8-28,True,False
Ro Khanna,Democrat,House,CA,INTU,2023-8-28,True,False
Ro Khanna,Democrat,House,CA,EXR,2023-8-28,True,False
Ro Khanna,Democrat,House,CA,PYPL,2023-8-28,True,False
Ro Khanna,Democrat,House,CA,PNC,2023-8-28,True,False
Ro Khanna,Democrat,House,CA,ARE,2023-8-28,True,False
Ro Khanna,Democrat,House,CA,EW,2023-8-28,True,False
Ro Khanna,Democrat,House,CA,CTVA,2023-8-28,True,False
Ro Khanna,Democrat,House,CA,N/A,2023-8-28,True,False
Ro Khanna,Democrat,House,CA,CARR,2023-8-28,True,False
Ro Khanna,Democrat,House,CA,KDP,2023-8-28,True,False
Ro Khanna,Democrat,House,CA,VICI,2023-8-28,True,False
Ro Khanna,Democrat,House,CA,K,2023-8-28,True,False
Ro Khanna,Democrat,House,CA,REGN,2023-8-28,True,False
Ro Khanna,Democrat,House,CA,EFX,2023-8-28,True,False
Ro Khanna,Democrat,House,CA,CMG,2023-8-28,True,False
Ro Khanna,Democrat,House,CA,CMCSA,2023-8-28,True,False
Ro Khanna,Democrat,House,CA,GWW,2023-8-28,True,False
Ro Khanna,Democrat,House,CA,GEHC,2023-8-28,True,False
Ro Khanna,Democrat,House,CA,BLK,2023-8-28,True,False
Ro Khanna,Democrat,House,CA,JPM,2023-8-28,True,False
Ro Khanna,Democrat,House,CA,DE,2023-8-28,True,False
Ro Khanna,Democrat,House,CA,BKNG,2023-8-28,True,False
Ro Khanna,Democrat,House,CA,ISRG,2023-8-28,True,False
Ro Khanna,Democrat,House,CA,DHR,2023-8-28,True,False
Ro Khanna,Democrat,House,CA,PM,2023-8-28,True,False
Ro Khanna,Democrat,House,CA,NOW,2023-8-28,True,False
Ro Khanna,Democrat,House,CA,MSI,2023-8-28,True,False
Ro Khanna,Democrat,House,CA,PODD,2023-8-28,True,False
Ro Khanna,Democrat,House,CA,AVY,2023-8-28,True,False
Ro Khanna,Democrat,House,CA,COR,2023-8-28,True,False
Ro Khanna,Democrat,House,CA,KMB,2023-8-28,True,False
Ro Khanna,Democrat,House,CA,IDXX,2023-8-28,True,False
Ro Khanna,Democrat,House,CA,ADP,2023-8-28,True,False
Ro Khanna,Democrat,House,CA,CTAS,2023-8-28,True,False
Ro Khanna,Democrat,House,CA,MKC,2023-8-28,True,False
Ro Khanna,Democrat,House,CA,HUM,2023-8-28,True,False
Ro Khanna,Democrat,House,CA,NDAQ,2023-8-28,True,False
Ro Khanna,Democrat,House,CA,URI,2023-8-28,True,False
Ro Khanna,Democrat,House,CA,ZBH,2023-8-28,True,False
Ro Khanna,Democrat,House,CA,PANW,2023-8-28,True,False
Ro Khanna,Democrat,House,CA,FTV,2023-8-28,True,False
Ro Khanna,Democrat,House,CA,CPB,2023-8-28,True,False
Ro Khanna,Democrat,House,CA,WBA,2023-8-28,True,False
Ro Khanna,Democrat,House,CA,CAG,2023-8-28,True,False
Ro Khanna,Democrat,House,CA,KVUE,2023-8-28,True,False
Ro Khanna,Democrat,House,CA,N/A,2023-8-28,True,False
Ro Khanna,Democrat,House,CA,AMCR,2023-8-28,True,False
Ro Khanna,Democrat,House,CA,HOLX,2023-8-28,True,False
Ro Khanna,Democrat,House,CA,SBAC,2023-8-28,True,False
Ro Khanna,Democrat,House,CA,PEAK,2023-8-28,True,False
Ro Khanna,Democrat,House,CA,TROW,2023-8-28,True,False
Ro Khanna,Democrat,House,CA,LUV,2023-8-28,True,False
Ro Khanna,Democrat,House,CA,MO,2023-8-28,True,False
Ro Khanna,Democrat,House,CA,ADSK,2023-8-28,True,False
Ro Khanna,Democrat,House,CA,TFX,2023-8-28,True,False
Ro Khanna,Democrat,House,CA,CDAY,2023-8-28,True,False
Ro Khanna,Democrat,House,CA,ODFL,2023-8-28,True,False
Ro Khanna,Democrat,House,CA,ABBV,2023-8-28,True,False
Ro Khanna,Democrat,House,CA,WHR,2023-8-28,True,False
Ro Khanna,Democrat,House,CA,ADM,2023-8-28,True,False
Ro Khanna,Democrat,House,CA,TYL,2023-8-28,True,False
Ro Khanna,Democrat,House,CA,MMC,2023-8-28,True,False
Ro Khanna,Democrat,House,CA,BRK/B,2023-8-28,True,False
Ro Khanna,Democrat,House,CA,FAST,2023-8-28,True,False
Ro Khanna,Democrat,House,CA,AMZN,2023-8-28,True,False
Ro Khanna,Democrat,House,CA,TSLA,2023-8-28,True,False
Ro Khanna,Democrat,House,CA,MRNA,2023-8-28,True,False
Ro Khanna,Democrat,House,CA,LH,2023-8-28,True,False
Ro Khanna,Democrat,House,CA,AMD,2023-8-28,True,False
Ro Khanna,Democrat,House,CA,NKE,2023-8-28,True,False
Ro Khanna,Democrat,House,CA,AMT,2023-8-28,False,True
Ro Khanna,Democrat,House,CA,SBUX,2023-8-28,False,True
Ro Khanna,Democrat,House,CA,TMUS,2023-8-28,False,True
Ro Khanna,Democrat,House,CA,UNH,2023-8-28,False,True
Ro Khanna,Democrat,House,CA,C,2023-8-28,False,True
Ro Khanna,Democrat,House,CA,MDLZ,2023-8-28,False,True
Ro Khanna,Democrat,House,CA,COF,2023-8-28,False,True
Ro Khanna,Democrat,House,CA,WM,2023-8-28,False,True
Ro Khanna,Democrat,House,CA,CL,2023-8-28,False,True
Ro Khanna,Democrat,House,CA,EA,2023-8-28,False,True
Ro Khanna,Democrat,House,CA,PSA,2023-8-28,False,True
Ro Khanna,Democrat,House,CA,MRK,2023-8-28,False,True
Ro Khanna,Democrat,House,CA,KO,2023-8-28,False,True
Ro Khanna,Democrat,House,CA,NSC,2023-8-28,False,True
Ro Khanna,Democrat,House,CA,MSFT,2023-8-28,False,True
Ro Khanna,Democrat,House,CA,BIIB,2023-8-28,False,True
Ro Khanna,Democrat,House,CA,GIS,2023-8-28,False,True
Ro Khanna,Democrat,House,CA,DXCM,2023-8-28,False,True
Ro Khanna,Democrat,House,CA,ITW,2023-8-28,False,True
Ro Khanna,Democrat,House,CA,EL,2023-8-28,False,True
Ro Khanna,Democrat,House,CA,CVS,2023-8-28,False,True
Ro Khanna,Democrat,House,CA,ROK,2023-8-28,False,True
Ro Khanna,Democrat,House,CA,DG,2023-8-28,False,True
Ro Khanna,Democrat,House,CA,ABT,2023-8-28,False,True
Ro Khanna,Democrat,House,CA,RSG,2023-8-28,False,True
Ro Khanna,Democrat,House,CA,SYK,2023-8-28,False,True
Ro Khanna,Democrat,House,CA,ROST,2023-8-28,False,True
Ro Khanna,Democrat,House,CA,ORCL,2023-8-28,False,True
Ro Khanna,Democrat,House,CA,CRL,2023-8-28,False,True
Ro Khanna,Democrat,House,CA,CCI,2023-8-28,False,True
Ro Khanna,Democrat,House,CA,IFF,2023-8-28,False,True
Ro Khanna,Democrat,House,CA,DIS,2023-8-28,False,True
Ro Khanna,Democrat,House,CA,RMD,2023-8-28,False,True
Ro Khanna,Democrat,House,CA,FTNT,2023-8-28,False,True
Ro Khanna,Democrat,House,CA,HLT,2023-8-28,False,True
Ro Khanna,Democrat,House,CA,SJM,2023-8-28,False,True
Ro Khanna,Democrat,House,CA,DFS,2023-8-28,False,True
Ro Khanna,Democrat,House,CA,KEYS,2023-8-28,False,True
Ro Khanna,Democrat,House,CA,SQ,2023-8-28,False,True
Ro Khanna,Democrat,House,CA,ILMN,2023-8-28,False,True
Ro Khanna,Democrat,House,CA,AME,2023-8-28,False,True
Ro Khanna,Democrat,House,CA,GPC,2023-8-28,False,True
Ro Khanna,Democrat,House,CA,QCOM,2023-8-28,False,True
Ro Khanna,Democrat,House,CA,KEY,2023-8-28,False,True
Ro Khanna,Democrat,House,CA,USB,2023-8-28,False,True
Ro Khanna,Democrat,House,CA,APH,2023-8-28,False,True
Ro Khanna,Democrat,House,CA,NEM,2023-8-28,False,True
Ro Khanna,Democrat,House,CA,TTWO,2023-8-28,False,True
Ro Khanna,Democrat,House,CA,MMM,2023-8-28,False,True
Ro Khanna,Democrat,House,CA,GRMN,2023-8-28,False,True
Ro Khanna,Democrat,House,CA,ULTA,2023-8-28,False,True
Ro Khanna,Democrat,House,CA,GOOGL,2023-8-28,False,True
Ro Khanna,Democrat,House,CA,CSX,2023-8-28,False,True
Ro Khanna,Democrat,House,CA,PARA,2023-8-28,False,True
Ro Khanna,Democrat,House,CA,PGR,2023-8-28,False,True
Ro Khanna,Democrat,House,CA,ENPH,2023-8-28,False,True
Ro Khanna,Democrat,House,CA,ALGN,2023-8-28,False,True
Ro Khanna,Democrat,House,CA,BWA,2023-8-28,False,True
Ro Khanna,Democrat,House,CA,CINF,2023-8-28,False,True
Ro Khanna,Democrat,House,CA,ANSS,2023-8-28,False,True
Ro Khanna,Democrat,House,CA,APD,2023-8-28,False,True
Ro Khanna,Democrat,House,CA,SYY,2023-8-28,False,True
Ro Khanna,Democrat,House,CA,LKQ,2023-8-28,False,True
Ro Khanna,Democrat,House,CA,DLTR,2023-8-28,False,True
Ro Khanna,Democrat,House,CA,WTW,2023-8-28,False,True
Ro Khanna,Democrat,House,CA,WSC,2023-8-28,False,True
Ro Khanna,Democrat,House,CA,ABBV,2023-8-2,True,False
Ro Khanna,Democrat,House,CA,WFC,2023-8-2,True,False
Ro Khanna,Democrat,House,CA,CAT,2023-8-2,True,False
Ro Khanna,Democrat,House,CA,TMO,2023-8-2,True,False
Ro Khanna,Democrat,House,CA,AAPL,2023-8-2,True,False
Ro Khanna,Democrat,House,CA,MMM,2023-8-2,True,False
Ro Khanna,Democrat,House,CA,MRK,2023-8-2,True,False
Ro Khanna,Democrat,House,CA,LTHM,2023-8-8,True,False
Ro Khanna,Democrat,House,CA,BAX,2023-8-3,True,False
Ro Khanna,Democrat,House,CA,BAX,2023-8-1,True,False
Ro Khanna,Democrat,House,CA,BAX,2023-8-7,True,False
Ro Khanna,Democrat,House,CA,BAX,2023-8-20,True,False
Ro Khanna,Democrat,House,CA,EXR,2023-8-2,True,False
Ro Khanna,Democrat,House,CA,SBUX,2023-8-2,True,False
Ro Khanna,Democrat,House,CA,PWR,2023-8-2,True,False
Ro Khanna,Democrat,House,CA,NDAQ,2023-8-2,True,False
Ro Khanna,Democrat,House,CA,LTHM,2023-8-9,True,False
Ro Khanna,Democrat,House,CA,KDP,2023-8-2,True,False
Ro Khanna,Democrat,House,CA,PAYX,2023-8-2,True,False
Ro Khanna,Democrat,House,CA,UPS,2023-8-2,True,False
Ro Khanna,Democrat,House,CA,MSCI,2023-8-2,True,False
Ro Khanna,Democrat,House,CA,INTU,2023-8-2,True,False
Ro Khanna,Democrat,House,CA,BAX,2023-7-31,True,False
Ro Khanna,Democrat,House,CA,BAX,2023-8-6,True,False
Ro Khanna,Democrat,House,CA,IEX,2023-8-2,True,False
Ro Khanna,Democrat,House,CA,GPK,2023-8-20,True,False
Ro Khanna,Democrat,House,CA,DOV,2023-8-2,True,False
Ro Khanna,Democrat,House,CA,PSA,2023-8-2,True,False
Ro Khanna,Democrat,House,CA,ST,2023-7-31,True,False
Ro Khanna,Democrat,House,CA,NTRS,2023-8-2,True,False
Ro Khanna,Democrat,House,CA,PGR,2023-8-2,True,False
Ro Khanna,Democrat,House,CA,CARR,2023-8-2,True,False
Ro Khanna,Democrat,House,CA,AZN,2023-8-10,True,False
Ro Khanna,Democrat,House,CA,MODG,2023-8-29,True,False
Ro Khanna,Democrat,House,CA,NEM,2023-8-2,True,False
Ro Khanna,Democrat,House,CA,GPK,2023-8-16,True,False
Ro Khanna,Democrat,House,CA,MODG,2023-8-24,True,False
Ro Khanna,Democrat,House,CA,ACN,2023-8-2,True,False
Ro Khanna,Democrat,House,CA,MODG,2023-8-27,True,False
Ro Khanna,Democrat,House,CA,MODG,2023-8-23,True,False
Ro Khanna,Democrat,House,CA,COST,2023-8-2,True,False
Ro Khanna,Democrat,House,CA,MODG,2023-8-30,True,False
Ro Khanna,Democrat,House,CA,UL,2023-8-10,True,False
Ro Khanna,Democrat,House,CA,MODG,2023-8-28,True,False
Ro Khanna,Democrat,House,CA,GPK,2023-8-9,True,False
Ro Khanna,Democrat,House,CA,LTHM,2023-8-10,True,False
Ro Khanna,Democrat,House,CA,ROK,2023-8-2,True,False
Ro Khanna,Democrat,House,CA,SBAC,2023-8-2,True,False
Ro Khanna,Democrat,House,CA,BAX,2023-8-2,True,False
Ro Khanna,Democrat,House,CA,BAX,2023-8-8,True,False
Ro Khanna,Democrat,House,CA,DG,2023-8-2,True,False
Ro Khanna,Democrat,House,CA,RHI,2023-8-2,True,False
Ro Khanna,Democrat,House,CA,TROW,2023-8-2,True,False
Ro Khanna,Democrat,House,CA,OTIS,2023-8-2,True,False
Ro Khanna,Democrat,House,CA,IFF,2023-8-2,True,False
Ro Khanna,Democrat,House,CA,MS,2023-8-2,True,False
Ro Khanna,Democrat,House,CA,STT,2023-8-2,True,False
Ro Khanna,Democrat,House,CA,CHRW,2023-8-2,True,False
Ro Khanna,Democrat,House,CA,MRNA,2023-8-2,True,False
Ro Khanna,Democrat,House,CA,TDY,2023-8-2,True,False
Ro Khanna,Democrat,House,CA,UDR,2023-8-2,True,False
Ro Khanna,Democrat,House,CA,EPAM,2023-8-2,True,False
Ro Khanna,Democrat,House,CA,LUV,2023-8-2,True,False
Ro Khanna,Democrat,House,CA,CVS,2023-8-2,True,False
Ro Khanna,Democrat,House,CA,NDSN,2023-8-2,True,False
Ro Khanna,Democrat,House,CA,AMT,2023-8-2,True,False
Ro Khanna,Democrat,House,CA,FMC,2023-8-2,True,False
Ro Khanna,Democrat,House,CA,GPN,2023-8-2,True,False
Ro Khanna,Democrat,House,CA,ARE,2023-8-2,True,False
Ro Khanna,Democrat,House,CA,PYPL,2023-8-2,True,False
Ro Khanna,Democrat,House,CA,ANET,2023-8-2,True,False
Ro Khanna,Democrat,House,CA,PANW,2023-8-2,True,False
Ro Khanna,Democrat,House,CA,BRK/B,2023-8-2,True,False
Ro Khanna,Democrat,House,CA,LOW,2023-8-2,True,False
Ro Khanna,Democrat,House,CA,NSC,2023-8-2,True,False
Ro Khanna,Democrat,House,CA,HD,2023-8-2,True,False
Ro Khanna,Democrat,House,CA,CRH,2023-8-10,True,False
Ro Khanna,Democrat,House,CA,ING,2023-8-10,True,False
Ro Khanna,Democrat,House,CA,UBS,2023-8-10,True,False
Ro Khanna,Democrat,House,CA,XSP,2023-7-31,False,True
Ro Khanna,Democrat,House,CA,XSP,2023-8-23,False,True
Ro Khanna,Democrat,House,CA,XSP,2023-8-29,False,True
Ro Khanna,Democrat,House,CA,XSP,2023-8-7,False,True
Ro Khanna,Democrat,House,CA,PFE,2023-8-2,False,True
Ro Khanna,Democrat,House,CA,MSFT,2023-8-2,False,True
Ro Khanna,Democrat,House,CA,ITW,2023-8-2,False,True
Ro Khanna,Democrat,House,CA,TT,2023-8-2,False,True
Ro Khanna,Democrat,House,CA,WM,2023-8-2,False,True
Ro Khanna,Democrat,House,CA,AFL,2023-8-2,False,True
Ro Khanna,Democrat,House,CA,DD,2023-8-7,False,True
Ro Khanna,Democrat,House,CA,MCD,2023-8-2,False,True
Ro Khanna,Democrat,House,CA,DD,2023-8-30,False,True
Ro Khanna,Democrat,House,CA,CCI,2023-8-2,False,True
Ro Khanna,Democrat,House,CA,AMP,2023-8-2,False,True
Ro Khanna,Democrat,House,CA,AME,2023-8-2,False,True
Ro Khanna,Democrat,House,CA,WBA,2023-8-8,False,True
Ro Khanna,Democrat,House,CA,C,2023-8-2,False,True
Ro Khanna,Democrat,House,CA,MO,2023-8-2,False,True
Ro Khanna,Democrat,House,CA,XYL,2023-8-2,False,True
Ro Khanna,Democrat,House,CA,LRCX,2023-8-2,False,True
Ro Khanna,Democrat,House,CA,PFG,2023-8-2,False,True
Ro Khanna,Democrat,House,CA,ORLY,2023-8-2,False,True
Ro Khanna,Democrat,House,CA,URI,2023-8-2,False,True
Ro Khanna,Democrat,House,CA,WBA,2023-8-1,False,True
Ro Khanna,Democrat,House,CA,IR,2023-8-2,False,True
Ro Khanna,Democrat,House,CA,WTW,2023-8-2,False,True
Ro Khanna,Democrat,House,CA,PCAR,2023-8-2,False,True
Ro Khanna,Democrat,House,CA,ROST,2023-8-2,False,True
Ro Khanna,Democrat,House,CA,DD,2023-8-6,False,True
Ro Khanna,Democrat,House,CA,FTV,2023-8-2,False,True
Ro Khanna,Democrat,House,CA,DD,2023-8-2,False,True
Ro Khanna,Democrat,House,CA,DD,2023-8-10,False,True
Ro Khanna,Democrat,House,CA,DD,2023-8-9,False,True
Ro Khanna,Democrat,House,CA,DD,2023-8-16,False,True
Ro Khanna,Democrat,House,CA,CTAS,2023-8-2,False,True
Ro Khanna,Democrat,House,CA,URBN,2023-8-6,False,True
Ro Khanna,Democrat,House,CA,CTVA,2023-8-2,False,True
Ro Khanna,Democrat,House,CA,URBN,2023-8-17,False,True
Ro Khanna,Democrat,House,CA,AXTA,2023-7-31,False,True
Ro Khanna,Democrat,House,CA,WBA,2023-8-2,False,True
Ro Khanna,Democrat,House,CA,WBA,2023-7-31,False,True
Ro Khanna,Democrat,House,CA,ELAN,2023-8-1,False,True
Ro Khanna,Democrat,House,CA,WBA,2023-8-7,False,True
Ro Khanna,Democrat,House,CA,ELAN,2023-8-3,False,True
Ro Khanna,Democrat,House,CA,ELAN,2023-8-2,False,True
Ro Khanna,Democrat,House,CA,CRH,2023-8-10,False,True
Ro Khanna,Democrat,House,CA,SNY,2023-8-10,False,True
Ro Khanna,Democrat,House,CA,BAX,2023-8-2,False,True
Ro Khanna,Democrat,House,CA,BBWI,2023-8-2,False,True
Ro Khanna,Democrat,House,CA,NVDA,2023-8-2,False,True
Ro Khanna,Democrat,House,CA,ALL,2023-8-2,False,True
Ro Khanna,Democrat,House,CA,K,2023-8-2,False,True
Ro Khanna,Democrat,House,CA,VFC,2023-8-2,False,True
Ro Khanna,Democrat,House,CA,MCK,2023-8-2,False,True
Ro Khanna,Democrat,House,CA,TMUS,2023-8-2,False,True
Ro Khanna,Democrat,House,CA,ALB,2023-8-2,False,True
Ro Khanna,Democrat,House,CA,HSIC,2023-8-2,False,True
Ro Khanna,Democrat,House,CA,KEYS,2023-8-2,False,True
Ro Khanna,Democrat,House,CA,REGN,2023-8-2,False,True
Ro Khanna,Democrat,House,CA,EA,2023-8-2,False,True
Ro Khanna,Democrat,House,CA,URBN,2023-8-8,False,True
Ro Khanna,Democrat,House,CA,ROL,2023-8-2,False,True
Ro Khanna,Democrat,House,CA,GLW,2023-8-2,False,True
Ro Khanna,Democrat,House,CA,IT,2023-8-2,False,True
Ro Khanna,Democrat,House,CA,DOW,2023-8-13,True,False
Ro Khanna,Democrat,House,CA,LOW,2023-8-13,True,False
Ro Khanna,Democrat,House,CA,ABT,2023-8-3,True,False
Ro Khanna,Democrat,House,CA,KMX,2023-8-3,True,False
Ro Khanna,Democrat,House,CA,TGT,2023-8-22,True,False
Ro Khanna,Democrat,House,CA,APO,2023-8-15,True,False
Ro Khanna,Democrat,House,CA,CAT,2023-8-6,False,True
Ro Khanna,Democrat,House,CA,GOOGL,2023-8-3,False,True
Ro Khanna,Democrat,House,CA,CARR,2023-8-3,False,True
Ro Khanna,Democrat,House,CA,VZ,2023-8-1,False,True
Ro Khanna,Democrat,House,CA,VZ,2023-8-21,False,True
Ro Khanna,Democrat,House,CA,SHW,2023-8-30,False,True
Ro Khanna,Democrat,House,CA,SHW,2023-8-28,False,True
Ro Khanna,Democrat,House,CA,ETR,2023-8-1,True,False
Ro Khanna,Democrat,House,CA,XEL,2023-8-1,True,False
Ro Khanna,Democrat,House,CA,CCI,2023-8-1,True,False
Ro Khanna,Democrat,House,CA,N/A,2023-8-1,True,False
Ro Khanna,Democrat,House,CA,DTE,2023-8-1,True,False
Ro Khanna,Democrat,House,CA,CM,2023-8-1,True,False
Ro Khanna,Democrat,House,CA,N/A,2023-7-31,False,True
Ro Khanna,Democrat,House,CA,N/A,2023-8-10,True,False
Ro Khanna,Democrat,House,CA,N/A,2023-8-2,False,True
Ro Khanna,Democrat,House,CA,N/A,2023-8-10,True,False
Ro Khanna,Democrat,House,CA,N/A,2023-8-2,False,True
Ro Khanna,Democrat,House,CA,N/A,2023-8-10,True,False
Ro Khanna,Democrat,House,CA,N/A,2023-8-2,False,True
Ro Khanna,Democrat,House,CA,N/A,2023-8-10,True,False
Ro Khanna,Democrat,House,CA,N/A,2023-8-10,True,False
Ro Khanna,Democrat,House,CA,N/A,2023-8-10,True,False
Ro Khanna,Democrat,House,CA,N/A,2023-8-10,True,False
Earl Blumenauer,Democrat,House,OR,F,2023-8-15,False,True
Earl Blumenauer,Democrat,House,OR,NWN,2023-8-14,True,False
Earl Blumenauer,Democrat,House,OR,SYY,2023-8-22,True,False
Earl Blumenauer,Democrat,House,OR,SYY,2023-8-23,True,False
Earl Blumenauer,Democrat,House,OR,N/A,2023-8-24,True,False
Earl Blumenauer,Democrat,House,OR,N/A,2023-8-24,True,False
Roger Marshall,Republican,Senate,KS,N/A,2023-8-28,False,True
Pete Sessions,Republican,House,TX,AGAE,2023-8-28,False,True
Pete Sessions,Republican,House,TX,AI,2023-9-4,False,True
Pete Sessions,Republican,House,TX,KO,2023-8-17,False,True
Pete Sessions,Republican,House,TX,DBRG,2023-8-17,False,True
Pete Sessions,Republican,House,TX,IBM,2023-8-17,False,True
Pete Sessions,Republican,House,TX,MA,2023-8-20,False,True
Pete Sessions,Republican,House,TX,WBD,2023-8-17,False,True
Michael Burgess,Republican,House,TX,AMD,2023-8-8,True,False
Michael Burgess,Republican,House,TX,GOOGL,2023-8-13,False,True
Michael Burgess,Republican,House,TX,AMZN,2023-8-13,False,True
Michael Burgess,Republican,House,TX,BRK/B,2023-8-13,False,True
Michael Burgess,Republican,House,TX,BBY,2023-8-21,True,False
Michael Burgess,Republican,House,TX,BX,2023-8-8,True,False
Michael Burgess,Republican,House,TX,PRU,2023-8-21,True,False
Michael Burgess,Republican,House,TX,RY,2023-8-8,True,False
Michael Burgess,Republican,House,TX,STLA,2023-8-21,True,False
Michael Burgess,Republican,House,TX,UPS,2023-8-8,True,False
Virginia Foxx,Republican,House,NC,ARLP,2023-8-15,True,False
Virginia Foxx,Republican,House,NC,T,2023-8-1,True,False
Virginia Foxx,Republican,House,NC,TAK,2023-8-28,False,True
Michael Burgess,Republican,House,TX,ABBV,2023-8-13,False,True
Michael Burgess,Republican,House,TX,CC,2023-8-8,True,False
Michael Burgess,Republican,House,TX,CME,2023-8-8,True,False
Michael Burgess,Republican,House,TX,UPS,2023-8-8,True,False
Tom Carper,Democrat,Senate,DE,RMD,2023-8-28,True,False
Tom Carper,Democrat,Senate,DE,INOD,2023-8-28,True,False
Tom Carper,Democrat,Senate,DE,NEE,2023-8-28,True,False
Tom Carper,Democrat,Senate,DE,SWKS,2023-8-28,False,True
Tom Carper,Democrat,Senate,DE,AQN,2023-8-28,False,True
Tom Carper,Democrat,Senate,DE,N/A,2023-8-28,False,True
Tom Carper,Democrat,Senate,DE,XCEM,2023-8-15,True,False
Tom Carper,Democrat,Senate,DE,NTLA,2023-8-24,False,True
Tom Carper,Democrat,Senate,DE,PSQ,2023-8-22,True,False
Tom Carper,Democrat,Senate,DE,PSQ,2023-8-22,True,False
Tom Carper,Democrat,Senate,DE,PSQ,2023-8-22,True,False
Tom Carper,Democrat,Senate,DE,ROK,2023-8-21,True,False
Tom Carper,Democrat,Senate,DE,MPW,2023-8-21,False,True
Tom Carper,Democrat,Senate,DE,PSQ,2023-8-17,False,True
Tom Carper,Democrat,Senate,DE,PSQ,2023-8-17,False,True
Tom Carper,Democrat,Senate,DE,JHEM,2023-8-15,False,True
Tom Carper,Democrat,Senate,DE,JHEM,2023-8-15,False,True
Tom Carper,Democrat,Senate,DE,BAH,2023-8-14,False,True
Tom Carper,Democrat,Senate,DE,RMBS,2023-8-9,False,True
Tom Carper,Democrat,Senate,DE,SOFI,2023-8-9,True,False
Tom Carper,Democrat,Senate,DE,FTNT,2023-8-3,False,True
Tom Carper,Democrat,Senate,DE,N/A,2023-8-1,True,False
Mitch McConnell,Republican,Senate,KY,N/A,2023-8-2,True,False
Doug Lamborn,Republican,House,CO,NTAP,2023-8-6,False,True
Doug Lamborn,Republican,House,CO,NTAP,2023-8-7,True,False
Doug Lamborn,Republican,House,CO,NTAP,2023-8-6,False,True
Doug Lamborn,Republican,House,CO,NTAP,2023-8-7,True,False
Doug Lamborn,Republican,House,CO,NTAP,2023-8-6,False,True
Doug Lamborn,Republican,House,CO,NTAP,2023-8-7,True,False
Gary Peters,Democrat,Senate,MI,N/A,2023-7-27,True,False
Bill Keating,Democrat,House,MA,PEP,2023-8-9,True,False
Seth Moulton,Democrat,House,MA,1494391D,2023-8-1,True,False
Seth Moulton,Democrat,House,MA,N/A,2023-7-29,True,False
Lois Frankel,Democrat,House,FL,FLR,2023-8-3,False,True
Lois Frankel,Democrat,House,FL,NSP,2023-8-6,False,True
Lois Frankel,Democrat,House,FL,NSP,2023-8-3,False,True
Lois Frankel,Democrat,House,FL,IFF,2023-8-8,False,True
Lois Frankel,Democrat,House,FL,SHV,2023-8-8,True,False
Lois Frankel,Democrat,House,FL,SHV,2023-8-6,True,False
Lois Frankel,Democrat,House,FL,SHV,2023-8-3,True,False
Lois Frankel,Democrat,House,FL,JNJ,2023-8-9,False,True
Lois Frankel,Democrat,House,FL,KVUE,2023-8-9,True,False
Lois Frankel,Democrat,House,FL,KVUE,2023-8-2,True,False
Lois Frankel,Democrat,House,FL,KVUE,2023-8-1,True,False
Lois Frankel,Democrat,House,FL,LBRDA,2023-8-3,False,True
Lois Frankel,Democrat,House,FL,MRK,2023-8-1,False,True
Lois Frankel,Democrat,House,FL,MS,2023-7-25,False,True
Lois Frankel,Democrat,House,FL,PLD,2023-8-1,True,False
Lois Frankel,Democrat,House,FL,PLD,2023-8-2,True,False
Lois Frankel,Democrat,House,FL,SEDG,2023-8-3,False,True
Lois Frankel,Democrat,House,FL,TGT,2023-7-25,True,False
Lois Frankel,Democrat,House,FL,TXN,2023-8-1,False,True
Lois Frankel,Democrat,House,FL,WTW,2023-8-9,False,True
Lois Frankel,Democrat,House,FL,WTW,2023-8-8,False,True
Gerry Connolly,Democrat,House,VA,D,2023-8-14,False,True
Gerry Connolly,Democrat,House,VA,LDOS,2023-8-14,False,True
Gerry Connolly,Democrat,House,VA,SAIC,2023-8-14,False,True
Michael Guest,Republican,House,MS,ABBV,2023-8-6,True,False
Michael Guest,Republican,House,MS,ABNB,2023-8-6,True,False
Michael Guest,Republican,House,MS,ALL,2023-8-6,True,False
Michael Guest,Republican,House,MS,AMZN,2023-8-6,True,False
Michael Guest,Republican,House,MS,AAPL,2023-8-6,True,False
Michael Guest,Republican,House,MS,T,2023-7-31,False,True
Michael Guest,Republican,House,MS,T,2023-7-31,False,True
Michael Guest,Republican,House,MS,CVX,2023-8-6,True,False
Michael Guest,Republican,House,MS,CHRD,2023-8-3,True,False
Michael Guest,Republican,House,MS,ELF,2023-8-6,True,False
Michael Guest,Republican,House,MS,XOM,2023-8-6,True,False
Michael Guest,Republican,House,MS,GD,2023-8-6,True,False
Michael Guest,Republican,House,MS,JNJ,2023-8-6,True,False
Michael Guest,Republican,House,MS,JPM,2023-8-6,True,False
Michael Guest,Republican,House,MS,KMI,2023-7-31,False,True
Michael Guest,Republican,House,MS,N/A,2023-7-31,True,False
Michael Guest,Republican,House,MS,LNC,2023-8-6,True,False
Michael Guest,Republican,House,MS,LOW,2023-8-6,True,False
Michael Guest,Republican,House,MS,MCD,2023-8-6,True,False
Michael Guest,Republican,House,MS,MDT,2023-8-6,True,False
Michael Guest,Republican,House,MS,MSFT,2023-8-6,True,False
Michael Guest,Republican,House,MS,N/A,2023-8-8,True,False
Michael Guest,Republican,House,MS,N/A,2023-7-31,True,False
Michael Guest,Republican,House,MS,NEE,2023-8-6,True,False
Michael Guest,Republican,House,MS,NVDA,2023-8-6,True,False
Michael Guest,Republican,House,MS,ORCL,2023-8-6,True,False
Michael Guest,Republican,House,MS,PR,2023-8-8,True,False
Michael Guest,Republican,House,MS,SWX,2023-8-6,True,False
Michael Guest,Republican,House,MS,TSLA,2023-8-6,True,False
Michael Guest,Republican,House,MS,TSCO,2023-8-6,True,False
Michael Guest,Republican,House,MS,UBER,2023-8-6,True,False
Michael Guest,Republican,House,MS,N/A,2023-7-31,True,False
Michael Guest,Republican,House,MS,N/A,2023-7-31,True,False
Michael Guest,Republican,House,MS,VLO,2023-8-6,True,False
Michael Guest,Republican,House,MS,WMT,2023-8-6,True,False
Michael Guest,Republican,House,MS,WBD,2023-7-31,False,True
Victoria Spartz,Republican,House,IN,SPG,2023-8-2,True,False
Josh Gottheimer,Democrat,House,NJ,ABBV,2023-7-26,False,True
Josh Gottheimer,Democrat,House,NJ,AMD,2023-7-23,True,False
Josh Gottheimer,Democrat,House,NJ,ADYEY,2023-7-18,False,True
Josh Gottheimer,Democrat,House,NJ,ADYEY,2023-7-17,False,True
Josh Gottheimer,Democrat,House,NJ,AAGIY,2023-7-18,False,True
Josh Gottheimer,Democrat,House,NJ,AAGIY,2023-7-19,False,True
Josh Gottheimer,Democrat,House,NJ,GOOGL,2023-7-17,False,True
Josh Gottheimer,Democrat,House,NJ,AAPL,2023-7-17,False,True
Josh Gottheimer,Democrat,House,NJ,AORT,2023-7-13,True,False
Josh Gottheimer,Democrat,House,NJ,N/A,2023-7-6,False,True
Josh Gottheimer,Democrat,House,NJ,ATLKY,2023-7-17,False,True
Josh Gottheimer,Democrat,House,NJ,AZTA,2023-7-13,True,False
Josh Gottheimer,Democrat,House,NJ,SCHW,2023-7-17,False,True
Josh Gottheimer,Democrat,House,NJ,GTLS,2023-7-13,True,False
Josh Gottheimer,Democrat,House,NJ,CTSH,2023-7-6,False,True
Josh Gottheimer,Democrat,House,NJ,1093,2023-7-13,True,False
Josh Gottheimer,Democrat,House,NJ,DE,2023-7-6,False,True
Josh Gottheimer,Democrat,House,NJ,D,2023-7-13,True,False
Josh Gottheimer,Democrat,House,NJ,EFX,2023-7-6,False,True
Josh Gottheimer,Democrat,House,NJ,FSLR,2023-7-13,True,False
Josh Gottheimer,Democrat,House,NJ,FCX,2023-7-24,False,True
Josh Gottheimer,Democrat,House,NJ,GMAB,2023-7-19,True,False
Josh Gottheimer,Democrat,House,NJ,GMAB,2023-7-18,True,False
Josh Gottheimer,Democrat,House,NJ,HSHCY,2023-7-13,True,False
Josh Gottheimer,Democrat,House,NJ,HLN,2023-7-19,True,False
Josh Gottheimer,Democrat,House,NJ,HLN,2023-7-18,True,False
Josh Gottheimer,Democrat,House,NJ,HLN,2023-7-20,True,False
Josh Gottheimer,Democrat,House,NJ,HCA,2023-7-17,False,True
Josh Gottheimer,Democrat,House,NJ,HLIO,2023-7-17,False,True
Josh Gottheimer,Democrat,House,NJ,HMN,2023-7-13,True,False
Josh Gottheimer,Democrat,House,NJ,IFNNY,2023-7-17,False,True
Josh Gottheimer,Democrat,House,NJ,KUBTY,2023-7-18,False,True
Josh Gottheimer,Democrat,House,NJ,KUBTY,2023-7-19,False,True
Josh Gottheimer,Democrat,House,NJ,LAD,2023-7-17,False,True
Josh Gottheimer,Democrat,House,NJ,LOW,2023-7-17,False,True
Josh Gottheimer,Democrat,House,NJ,MCK,2023-7-17,False,True
Josh Gottheimer,Democrat,House,NJ,MELI,2023-7-17,False,True
Josh Gottheimer,Democrat,House,NJ,META,2023-7-17,False,True
Josh Gottheimer,Democrat,House,NJ,META,2023-7-12,True,False
Josh Gottheimer,Democrat,House,NJ,MSFT,2023-7-17,False,True
Josh Gottheimer,Democrat,House,NJ,MSFT,2023-7-6,False,True
Josh Gottheimer,Democrat,House,NJ,MS,2023-7-6,False,True
Josh Gottheimer,Democrat,House,NJ,NVDA,2023-7-17,False,True
Josh Gottheimer,Democrat,House,NJ,ORCL,2023-7-17,False,True
Josh Gottheimer,Democrat,House,NJ,PTEN,2023-7-13,True,False
Josh Gottheimer,Democrat,House,NJ,REGN,2023-7-10,True,False
Josh Gottheimer,Democrat,House,NJ,SAP,2023-7-18,True,False
Josh Gottheimer,Democrat,House,NJ,SRPT,2023-7-13,True,False
Josh Gottheimer,Democrat,House,NJ,SPOT,2023-7-12,True,False
Josh Gottheimer,Democrat,House,NJ,SPXC,2023-7-13,False,True
Josh Gottheimer,Democrat,House,NJ,SBUX,2023-7-17,False,True
Josh Gottheimer,Democrat,House,NJ,TSLA,2023-7-17,False,True
Josh Gottheimer,Democrat,House,NJ,TSLA,2023-7-12,True,False
Josh Gottheimer,Democrat,House,NJ,TXN,2023-7-17,False,True
Josh Gottheimer,Democrat,House,NJ,TXN,2023-7-16,True,False
Josh Gottheimer,Democrat,House,NJ,UBER,2023-7-17,False,True
John Boozman,Republican,Senate,AR,IEI,2023-7-5,False,True
John Boozman,Republican,Senate,AR,TLT,2023-7-5,True,False
Michael McCaul,Republican,House,TX,GOOGL,2023-7-4,True,False
Michael McCaul,Republican,House,TX,GOOGL,2023-7-5,True,False
Michael McCaul,Republican,House,TX,GOOGL,2023-7-27,True,False
Michael McCaul,Republican,House,TX,N/A,2023-7-2,False,True
Michael McCaul,Republican,House,TX,AZN,2023-7-5,False,True
Michael McCaul,Republican,House,TX,AZN,2023-7-30,False,True
Michael McCaul,Republican,House,TX,ADP,2023-7-25,True,False
Michael McCaul,Republican,House,TX,N/A,2023-7-24,True,False
Michael McCaul,Republican,House,TX,CMG,2023-7-30,True,False
Michael McCaul,Republican,House,TX,COP,2023-7-20,True,False
Michael McCaul,Republican,House,TX,COP,2023-7-23,True,False
Michael McCaul,Republican,House,TX,N/A,2023-7-20,True,False
Michael McCaul,Republican,House,TX,FI,2023-7-27,True,False
Michael McCaul,Republican,House,TX,N/A,2023-7-5,False,True
Michael McCaul,Republican,House,TX,N/A,2023-7-2,False,True
Michael McCaul,Republican,House,TX,N/A,2023-7-24,True,False
Michael McCaul,Republican,House,TX,N/A,2023-7-13,True,False
Michael McCaul,Republican,House,TX,N/A,2023-7-18,True,False
Michael McCaul,Republican,House,TX,N/A,2023-7-18,True,False
Michael McCaul,Republican,House,TX,N/A,2023-7-2,False,True
Michael McCaul,Republican,House,TX,N/A,2023-7-16,False,True
Michael McCaul,Republican,House,TX,N/A,2023-7-13,True,False
Michael McCaul,Republican,House,TX,N/A,2023-7-12,True,False
Michael McCaul,Republican,House,TX,NFLX,2023-7-17,False,True
Michael McCaul,Republican,House,TX,N/A,2023-7-2,False,True
Michael McCaul,Republican,House,TX,N/A,2023-7-2,False,True
Michael McCaul,Republican,House,TX,SCHW,2023-7-19,True,False
Michael McCaul,Republican,House,TX,SEDG,2023-7-19,False,True
Michael McCaul,Republican,House,TX,SEDG,2023-7-27,False,True
Michael McCaul,Republican,House,TX,SEDG,2023-7-30,False,True
Michael McCaul,Republican,House,TX,N/A,2023-7-2,False,True
Michael McCaul,Republican,House,TX,N/A,2023-7-25,True,False
Michael McCaul,Republican,House,TX,N/A,2023-7-25,True,False
Michael McCaul,Republican,House,TX,N/A,2023-7-19,True,False
Michael McCaul,Republican,House,TX,T,2023-7-27,True,False
Michael McCaul,Republican,House,TX,DOW,2023-7-26,True,False
Michael McCaul,Republican,House,TX,OGVXX,2023-7-2,True,False
Michael McCaul,Republican,House,TX,VMFXX,2023-7-25,False,True
Michael McCaul,Republican,House,TX,QQQ,2023-7-26,False,True
Michael McCaul,Republican,House,TX,QQQ,2023-7-26,False,True
Michael McCaul,Republican,House,TX,QQQ,2023-7-26,False,True
Michael McCaul,Republican,House,TX,QQQ,2023-7-26,False,True
Michael McCaul,Republican,House,TX,QQQ,2023-7-26,False,True
Michael McCaul,Republican,House,TX,QQQ,2023-7-26,False,True
Michael McCaul,Republican,House,TX,VOO,2023-7-26,False,True
Michael McCaul,Republican,House,TX,VOO,2023-7-26,False,True
Michael McCaul,Republican,House,TX,VOO,2023-7-26,False,True
Michael McCaul,Republican,House,TX,VOO,2023-7-26,False,True
Michael McCaul,Republican,House,TX,VOO,2023-7-26,False,True
Michael McCaul,Republican,House,TX,VOO,2023-7-26,False,True
Michael McCaul,Republican,House,TX,VOO,2023-7-26,False,True
Michael McCaul,Republican,House,TX,VTI,2023-7-26,False,True
Michael McCaul,Republican,House,TX,VTI,2023-7-26,False,True
Michael McCaul,Republican,House,TX,VTI,2023-7-26,False,True
Michael McCaul,Republican,House,TX,VTI,2023-7-26,False,True
Michael McCaul,Republican,House,TX,VTI,2023-7-26,False,True
Michael McCaul,Republican,House,TX,DFCEX,2023-7-2,True,False
Michael McCaul,Republican,House,TX,VWLUX,2023-7-2,True,False
Michael McCaul,Republican,House,TX,GOOGL,2023-7-4,True,False
Michael McCaul,Republican,House,TX,GOOGL,2023-7-5,True,False
Michael McCaul,Republican,House,TX,GOOGL,2023-7-27,True,False
Michael McCaul,Republican,House,TX,N/A,2023-7-2,False,True
Michael McCaul,Republican,House,TX,AZN,2023-7-5,False,True
Michael McCaul,Republican,House,TX,AZN,2023-7-30,False,True
Michael McCaul,Republican,House,TX,ADP,2023-7-27,True,False
Michael McCaul,Republican,House,TX,N/A,2023-7-24,True,False
Michael McCaul,Republican,House,TX,CMG,2023-7-30,True,False
Michael McCaul,Republican,House,TX,COP,2023-7-20,True,False
Michael McCaul,Republican,House,TX,COP,2023-7-23,True,False
Michael McCaul,Republican,House,TX,N/A,2023-7-20,True,False
Michael McCaul,Republican,House,TX,FI,2023-7-27,True,False
Michael McCaul,Republican,House,TX,N/A,2023-7-5,False,True
Michael McCaul,Republican,House,TX,N/A,2023-7-2,False,True
Michael McCaul,Republican,House,TX,N/A,2023-7-24,True,False
Michael McCaul,Republican,House,TX,N/A,2023-7-13,True,False
Michael McCaul,Republican,House,TX,N/A,2023-7-18,True,False
Michael McCaul,Republican,House,TX,N/A,2023-7-18,True,False
Michael McCaul,Republican,House,TX,N/A,2023-7-2,False,True
Michael McCaul,Republican,House,TX,N/A,2023-7-16,False,True
Michael McCaul,Republican,House,TX,N/A,2023-7-13,True,False
Michael McCaul,Republican,House,TX,N/A,2023-7-12,True,False
Michael McCaul,Republican,House,TX,NFLX,2023-7-17,False,True
Michael McCaul,Republican,House,TX,N/A,2023-7-2,False,True
Michael McCaul,Republican,House,TX,N/A,2023-7-2,False,True
Michael McCaul,Republican,House,TX,SCHW,2023-7-19,True,False
Michael McCaul,Republican,House,TX,SEDG,2023-7-19,False,True
Michael McCaul,Republican,House,TX,SEDG,2023-7-27,False,True
Michael McCaul,Republican,House,TX,SEDG,2023-7-30,False,True
Michael McCaul,Republican,House,TX,N/A,2023-7-2,False,True
Michael McCaul,Republican,House,TX,N/A,2023-7-25,True,False
Michael McCaul,Republican,House,TX,N/A,2023-7-25,True,False
Michael McCaul,Republican,House,TX,N/A,2023-7-19,True,False
Michael McCaul,Republican,House,TX,T,2023-7-27,True,False
Michael McCaul,Republican,House,TX,DOW,2023-7-26,True,False
Michael McCaul,Republican,House,TX,OGVXX,2023-7-2,True,False
Michael McCaul,Republican,House,TX,VMFXX,2023-7-25,False,True
Michael McCaul,Republican,House,TX,QQQ,2023-7-26,False,True
Michael McCaul,Republican,House,TX,QQQ,2023-7-26,False,True
Michael McCaul,Republican,House,TX,QQQ,2023-7-26,False,True
Michael McCaul,Republican,House,TX,QQQ,2023-7-26,False,True
Michael McCaul,Republican,House,TX,QQQ,2023-7-26,False,True
Michael McCaul,Republican,House,TX,QQQ,2023-7-26,False,True
Michael McCaul,Republican,House,TX,VOO,2023-7-26,False,True
Michael McCaul,Republican,House,TX,VOO,2023-7-26,False,True
Michael McCaul,Republican,House,TX,VOO,2023-7-26,False,True
Michael McCaul,Republican,House,TX,VOO,2023-7-26,False,True
Michael McCaul,Republican,House,TX,VOO,2023-7-26,False,True
Michael McCaul,Republican,House,TX,VOO,2023-7-26,False,True
Michael McCaul,Republican,House,TX,VOO,2023-7-26,False,True
Michael McCaul,Republican,House,TX,VTI,2023-7-26,False,True
Michael McCaul,Republican,House,TX,VTI,2023-7-26,False,True
Michael McCaul,Republican,House,TX,VTI,2023-7-26,False,True
Michael McCaul,Republican,House,TX,VTI,2023-7-26,False,True
Michael McCaul,Republican,House,TX,VTI,2023-7-26,False,True
Michael McCaul,Republican,House,TX,VTI,2023-7-26,False,True
Michael McCaul,Republican,House,TX,VTI,2023-7-26,False,True
Michael McCaul,Republican,House,TX,DFCEX,2023-7-2,True,False
Michael McCaul,Republican,House,TX,VWLUX,2023-7-2,True,False
Michael McCaul,Republican,House,TX,VTI,2023-7-26,False,True
Michael McCaul,Republican,House,TX,VTI,2023-7-26,False,True
Mike Garcia,Republican,House,CA,N/A,2023-8-16,True,False
Mike Garcia,Republican,House,CA,N/A,2023-8-16,True,False
Pete Sessions,Republican,House,TX,ARCC,2023-8-14,True,False
Pete Sessions,Republican,House,TX,KD,2023-7-27,False,True
Pete Sessions,Republican,House,TX,N/A,2023-7-27,True,False
Kevin Hern,Republican,House,OK,N/A,2023-7-27,False,True
Kevin Hern,Republican,House,OK,FSEN,2023-7-16,True,False
Kevin Hern,Republican,House,OK,INRE,2023-7-12,True,False
Kevin Hern,Republican,House,OK,JPM,2023-7-30,True,False
Kevin Hern,Republican,House,OK,N/A,2023-7-19,False,True
Chuck Fleischmann,Republican,House,TN,XONE,2023-7-20,True,False
Chuck Fleischmann,Republican,House,TN,FLJP,2023-7-20,True,False
Chuck Fleischmann,Republican,House,TN,XMHQ,2023-7-20,False,True
Chuck Fleischmann,Republican,House,TN,SHY,2023-7-20,False,True
Chuck Fleischmann,Republican,House,TN,SPDW,2023-7-20,False,True
Mark Green,Republican,House,TN,N/A,2023-8-13,True,False
Mark Green,Republican,House,TN,N/A,2023-8-5,True,False
Tommy Tuberville,Republican,Senate,AL,CCL,2023-7-26,False,True
Tommy Tuberville,Republican,Senate,AL,CLF,2023-7-24,False,True
Tommy Tuberville,Republican,Senate,AL,WBA,2023-7-24,True,False
Tommy Tuberville,Republican,Senate,AL,VZ,2023-7-24,True,False
Tommy Tuberville,Republican,Senate,AL,UAA,2023-7-24,True,False
Tommy Tuberville,Republican,Senate,AL,MMM,2023-7-24,True,False
Tommy Tuberville,Republican,Senate,AL,PFE,2023-7-24,True,False
Tommy Tuberville,Republican,Senate,AL,KEY,2023-7-24,True,False
Tommy Tuberville,Republican,Senate,AL,FGBI,2023-7-24,True,False
Tommy Tuberville,Republican,Senate,AL,FGBI,2023-7-24,True,False
Tommy Tuberville,Republican,Senate,AL,HUMA,2023-7-24,True,False
Tommy Tuberville,Republican,Senate,AL,HUMA,2023-7-24,True,False
Tommy Tuberville,Republican,Senate,AL,HUMA,2023-7-24,True,False
Tommy Tuberville,Republican,Senate,AL,PG,2023-7-23,False,True
Tommy Tuberville,Republican,Senate,AL,CLF,2023-7-23,True,False
Tommy Tuberville,Republican,Senate,AL,TXN,2023-7-18,False,True
Tommy Tuberville,Republican,Senate,AL,LPX,2023-7-12,False,True
Tommy Tuberville,Republican,Senate,AL,N/A,2023-7-26,True,False
Tommy Tuberville,Republican,Senate,AL,N/A,2023-7-25,True,False
Tommy Tuberville,Republican,Senate,AL,N/A,2023-7-24,False,True
Tommy Tuberville,Republican,Senate,AL,N/A,2023-7-23,True,False
Tommy Tuberville,Republican,Senate,AL,N/A,2023-7-23,False,True
Tommy Tuberville,Republican,Senate,AL,N/A,2023-7-18,True,False
Tommy Tuberville,Republican,Senate,AL,N/A,2023-7-18,False,True
Tommy Tuberville,Republican,Senate,AL,N/A,2023-7-13,False,True
Tommy Tuberville,Republican,Senate,AL,N/A,2023-7-11,True,False
Tommy Tuberville,Republican,Senate,AL,N/A,2023-7-5,True,False
Tommy Tuberville,Republican,Senate,AL,N/A,2023-7-4,True,False
Tommy Tuberville,Republican,Senate,AL,N/A,2023-7-4,False,True
Tommy Tuberville,Republican,Senate,AL,N/A,2023-7-2,True,False
Tommy Tuberville,Republican,Senate,AL,N/A,2023-7-2,True,False
Tommy Tuberville,Republican,Senate,AL,N/A,2023-7-2,False,True
Tommy Tuberville,Republican,Senate,AL,N/A,2023-7-2,True,False
Rob Wittman,Republican,House,VA,ACN,2022-10-7,True,False
Rob Wittman,Republican,House,VA,MA,2022-12-6,True,False
Rob Wittman,Republican,House,VA,TJX,2022-7-14,True,False
Scott Peters,Democrat,House,CA,N/A,2023-7-9,False,True
Scott Peters,Democrat,House,CA,N/A,2023-7-12,True,False
Scott Peters,Democrat,House,CA,N/A,2023-7-13,True,False
Scott Peters,Democrat,House,CA,N/A,2023-7-19,False,True
Scott Peters,Democrat,House,CA,N/A,2023-7-23,True,False
Cathy McMorris Rodgers,Republican,House,WA,N/A,2022-12-1,True,False
Cathy McMorris Rodgers,Republican,House,WA,N/A,2023-5-11,True,False
Thomas Kean Jr,Republican,House,NJ,BATRA,2023-7-18,False,False
Daniel S. Goldman,Democrat,House,NY,MMM,2023-7-11,False,True
Daniel S. Goldman,Democrat,House,NY,AMKBY,2023-7-9,False,True
Daniel S. Goldman,Democrat,House,NY,ABB,2023-7-9,False,True
Daniel S. Goldman,Democrat,House,NY,ABBV,2023-7-13,False,True
Daniel S. Goldman,Democrat,House,NY,ABBV,2023-7-11,False,True
Daniel S. Goldman,Democrat,House,NY,AAVMY,2023-7-9,False,True
Daniel S. Goldman,Democrat,House,NY,AHEXY,2023-7-9,False,True
Daniel S. Goldman,Democrat,House,NY,ADDYY,2023-7-9,False,True
Daniel S. Goldman,Democrat,House,NY,AAP,2023-7-11,False,True
Daniel S. Goldman,Democrat,House,NY,ATEYY,2023-7-9,False,True
Daniel S. Goldman,Democrat,House,NY,ADYEY,2023-7-9,False,True
Daniel S. Goldman,Democrat,House,NY,AEG,2023-7-9,False,True
Daniel S. Goldman,Democrat,House,NY,ANYYY,2023-7-9,False,True
Daniel S. Goldman,Democrat,House,NY,AONNY,2023-7-9,False,True
Daniel S. Goldman,Democrat,House,NY,ADC,2023-7-11,False,True
Daniel S. Goldman,Democrat,House,NY,AAGIY,2023-7-9,False,True
Daniel S. Goldman,Democrat,House,NY,EADSY,2023-7-9,False,True
Daniel S. Goldman,Democrat,House,NY,AJINY,2023-7-9,False,True
Daniel S. Goldman,Democrat,House,NY,AKZOY,2023-7-9,False,True
Daniel S. Goldman,Democrat,House,NY,ALC,2023-7-9,False,True
Daniel S. Goldman,Democrat,House,NY,ALEX,2023-7-11,False,True
Daniel S. Goldman,Democrat,House,NY,ARE,2023-7-11,False,True
Daniel S. Goldman,Democrat,House,NY,ALFVY,2023-7-9,False,True
Daniel S. Goldman,Democrat,House,NY,ALLE,2023-7-9,False,True
Daniel S. Goldman,Democrat,House,NY,ALIZY,2023-7-9,False,True
Daniel S. Goldman,Democrat,House,NY,AYX,2023-7-11,False,True
Daniel S. Goldman,Democrat,House,NY,ATUS,2023-6-28,False,True
Daniel S. Goldman,Democrat,House,NY,MO,2023-7-13,False,True
Daniel S. Goldman,Democrat,House,NY,MO,2023-7-11,False,True
Daniel S. Goldman,Democrat,House,NY,AMADY,2023-7-9,False,True
Daniel S. Goldman,Democrat,House,NY,AMCX,2023-7-11,False,True
Daniel S. Goldman,Democrat,House,NY,AMCR,2023-7-11,False,True
Daniel S. Goldman,Democrat,House,NY,AMT,2023-7-11,False,True
Daniel S. Goldman,Democrat,House,NY,NGLOY,2023-7-9,False,True
Daniel S. Goldman,Democrat,House,NY,BUD,2023-7-9,False,True
Daniel S. Goldman,Democrat,House,NY,ANZBY,2023-7-9,False,True
Daniel S. Goldman,Democrat,House,NY,AON,2023-7-9,False,True
Daniel S. Goldman,Democrat,House,NY,APTV,2023-7-13,False,True
Daniel S. Goldman,Democrat,House,NY,ADM,2023-7-11,False,True
Daniel S. Goldman,Democrat,House,NY,ARGX,2023-7-9,False,True
Daniel S. Goldman,Democrat,House,NY,ANET,2023-7-11,False,True
Daniel S. Goldman,Democrat,House,NY,ARKAY,2023-7-9,False,True
Daniel S. Goldman,Democrat,House,NY,AHKSY,2023-7-9,False,True
Daniel S. Goldman,Democrat,House,NY,ASHTY,2023-7-9,False,True
Daniel S. Goldman,Democrat,House,NY,N/A,2023-7-9,False,True
Daniel S. Goldman,Democrat,House,NY,ASAZY,2023-7-9,False,True
Daniel S. Goldman,Democrat,House,NY,ALPMY,2023-7-9,False,True
Daniel S. Goldman,Democrat,House,NY,AZN,2023-7-9,False,True
Daniel S. Goldman,Democrat,House,NY,T,2023-7-13,False,True
Daniel S. Goldman,Democrat,House,NY,T,2023-7-11,False,True
Daniel S. Goldman,Democrat,House,NY,ATLKY,2023-7-9,False,True
Daniel S. Goldman,Democrat,House,NY,TEAM,2023-7-11,False,True
Daniel S. Goldman,Democrat,House,NY,AVB,2023-7-11,False,True
Daniel S. Goldman,Democrat,House,NY,AVTR,2023-7-11,False,True
Daniel S. Goldman,Democrat,House,NY,AVVIY,2023-7-9,False,True
Daniel S. Goldman,Democrat,House,NY,AXAHY,2023-7-9,False,True
Daniel S. Goldman,Democrat,House,NY,BMRRY,2023-7-9,False,True
Daniel S. Goldman,Democrat,House,NY,BAESY,2023-7-9,False,True
Daniel S. Goldman,Democrat,House,NY,BBVA,2023-7-9,False,True
Daniel S. Goldman,Democrat,House,NY,SAN,2023-7-9,False,True
Daniel S. Goldman,Democrat,House,NY,BCS,2023-7-9,False,True
Daniel S. Goldman,Democrat,House,NY,BAYRY,2023-7-9,False,True
Daniel S. Goldman,Democrat,House,NY,BDRFY,2023-7-9,False,True
Daniel S. Goldman,Democrat,House,NY,BGNE,2023-7-9,False,True
Daniel S. Goldman,Democrat,House,NY,BGNE,2023-7-11,False,True
Daniel S. Goldman,Democrat,House,NY,BELFB,2023-7-11,False,True
Daniel S. Goldman,Democrat,House,NY,BNPQY,2023-7-9,False,True
Daniel S. Goldman,Democrat,House,NY,BDNNY,2023-7-9,False,True
Daniel S. Goldman,Democrat,House,NY,BXP,2023-7-11,False,True
Daniel S. Goldman,Democrat,House,NY,BXBLY,2023-7-9,False,True
Daniel S. Goldman,Democrat,House,NY,BNTGY,2023-7-9,False,True
Daniel S. Goldman,Democrat,House,NY,BRDCY,2023-7-9,False,True
Daniel S. Goldman,Democrat,House,NY,BMY,2023-7-11,False,True
Daniel S. Goldman,Democrat,House,NY,BTI,2023-7-9,False,True
Daniel S. Goldman,Democrat,House,NY,BTLCY,2023-7-9,False,True
Daniel S. Goldman,Democrat,House,NY,BEPC,2023-7-11,False,True
Daniel S. Goldman,Democrat,House,NY,BURBY,2023-7-9,False,True
Daniel S. Goldman,Democrat,House,NY,BVVBY,2023-7-9,False,True
Daniel S. Goldman,Democrat,House,NY,CADE,2023-7-11,False,True
Daniel S. Goldman,Democrat,House,NY,CAJ,2023-7-9,False,True
Daniel S. Goldman,Democrat,House,NY,CGEMY,2023-7-9,False,True
Daniel S. Goldman,Democrat,House,NY,CCOEY,2023-7-9,False,True
Daniel S. Goldman,Democrat,House,NY,CTRE,2023-7-11,False,True
Daniel S. Goldman,Democrat,House,NY,CZMWY,2023-7-9,False,True
Daniel S. Goldman,Democrat,House,NY,CLLNY,2023-7-9,False,True
Daniel S. Goldman,Democrat,House,NY,CNC,2023-7-11,False,True
Daniel S. Goldman,Democrat,House,NY,CJPRY,2023-7-9,False,True
Daniel S. Goldman,Democrat,House,NY,CHX,2023-6-28,False,True
Daniel S. Goldman,Democrat,House,NY,CHPT,2023-7-11,False,True
Daniel S. Goldman,Democrat,House,NY,SCHW,2023-7-11,False,True
Daniel S. Goldman,Democrat,House,NY,CB,2023-7-11,False,True
Daniel S. Goldman,Democrat,House,NY,CHGCY,2023-7-9,False,True
Daniel S. Goldman,Democrat,House,NY,CIEN,2023-7-11,False,True
Daniel S. Goldman,Democrat,House,NY,CFG,2023-7-11,False,True
Daniel S. Goldman,Democrat,House,NY,CLVT,2023-7-11,False,True
Daniel S. Goldman,Democrat,House,NY,CLF,2023-6-28,False,True
Daniel S. Goldman,Democrat,House,NY,KO,2023-7-11,False,True
Daniel S. Goldman,Democrat,House,NY,KO,2023-7-13,False,True
Daniel S. Goldman,Democrat,House,NY,CHEOY,2023-7-9,False,True
Daniel S. Goldman,Democrat,House,NY,COIN,2023-7-13,False,True
Daniel S. Goldman,Democrat,House,NY,N/A,2023-7-10,False,True
Daniel S. Goldman,Democrat,House,NY,CLPBY,2023-7-9,False,True
Daniel S. Goldman,Democrat,House,NY,CRZBY,2023-7-9,False,True
Daniel S. Goldman,Democrat,House,NY,CMWAY,2023-7-9,False,True
Daniel S. Goldman,Democrat,House,NY,CBU,2023-7-11,False,True
Daniel S. Goldman,Democrat,House,NY,CODYY,2023-7-9,False,True
Daniel S. Goldman,Democrat,House,NY,CMPGY,2023-7-9,False,True
Daniel S. Goldman,Democrat,House,NY,CMSQY,2023-7-9,False,True
Daniel S. Goldman,Democrat,House,NY,CAG,2023-7-11,False,True
Daniel S. Goldman,Democrat,House,NY,CRARY,2023-7-9,False,True
Daniel S. Goldman,Democrat,House,NY,CRH,2023-7-9,False,True
Daniel S. Goldman,Democrat,House,NY,CCI,2023-7-11,False,True
Daniel S. Goldman,Democrat,House,NY,CSLLY,2023-7-9,False,True
Daniel S. Goldman,Democrat,House,NY,CUBE,2023-7-11,False,True
Daniel S. Goldman,Democrat,House,NY,DNPLY,2023-7-9,False,True
Daniel S. Goldman,Democrat,House,NY,DFKCY,2023-7-9,False,True
Daniel S. Goldman,Democrat,House,NY,DLICY,2023-7-9,False,True
Daniel S. Goldman,Democrat,House,NY,DSNKY,2023-7-9,False,True
Daniel S. Goldman,Democrat,House,NY,DKILY,2023-7-9,False,True
Daniel S. Goldman,Democrat,House,NY,DTRUY,2023-7-9,False,True
Daniel S. Goldman,Democrat,House,NY,DWAHY,2023-7-9,False,True
Daniel S. Goldman,Democrat,House,NY,DANOY,2023-7-9,False,True
Daniel S. Goldman,Democrat,House,NY,DAR,2023-7-13,False,True
Daniel S. Goldman,Democrat,House,NY,DASTY,2023-7-9,False,True
Daniel S. Goldman,Democrat,House,NY,DBSDY,2023-7-9,False,True
Daniel S. Goldman,Democrat,House,NY,DNZOY,2023-7-9,False,True
Daniel S. Goldman,Democrat,House,NY,DNTUY,2023-7-9,False,True
Daniel S. Goldman,Democrat,House,NY,DB,2023-7-9,False,True
Daniel S. Goldman,Democrat,House,NY,DBOEY,2023-7-9,False,True
Daniel S. Goldman,Democrat,House,NY,DPSGY,2023-7-9,False,True
Daniel S. Goldman,Democrat,House,NY,DTEGY,2023-7-9,False,True
Daniel S. Goldman,Democrat,House,NY,DEO,2023-7-9,False,True
Daniel S. Goldman,Democrat,House,NY,DRH,2023-7-11,False,True
Daniel S. Goldman,Democrat,House,NY,DSCSY,2023-7-9,False,True
Daniel S. Goldman,Democrat,House,NY,DISH,2023-6-28,False,True
Daniel S. Goldman,Democrat,House,NY,DNBBY,2023-7-9,False,True
Daniel S. Goldman,Democrat,House,NY,DG,2023-7-11,False,True
Daniel S. Goldman,Democrat,House,NY,DLTR,2023-7-11,False,True
Daniel S. Goldman,Democrat,House,NY,D,2023-7-11,False,True
Daniel S. Goldman,Democrat,House,NY,DQJCY,2023-7-9,False,True
Daniel S. Goldman,Democrat,House,NY,N/A,2023-7-10,False,True
Daniel S. Goldman,Democrat,House,NY,DRPRY,2023-7-9,False,True
Daniel S. Goldman,Democrat,House,NY,DSDVY,2023-7-9,False,True
Daniel S. Goldman,Democrat,House,NY,EIX,2023-7-11,False,True
Daniel S. Goldman,Democrat,House,NY,ENTA,2023-7-11,False,True
Daniel S. Goldman,Democrat,House,NY,ENLAY,2023-7-9,False,True
Daniel S. Goldman,Democrat,House,NY,EDPFY,2023-7-9,False,True
Daniel S. Goldman,Democrat,House,NY,ENGIY,2023-7-9,False,True
Daniel S. Goldman,Democrat,House,NY,EPAM,2023-7-11,False,True
Daniel S. Goldman,Democrat,House,NY,EPOKY,2023-7-9,False,True
Daniel S. Goldman,Democrat,House,NY,EPR,2023-7-11,False,True
Daniel S. Goldman,Democrat,House,NY,EQIX,2023-7-11,False,True
Daniel S. Goldman,Democrat,House,NY,EQR,2023-7-11,False,True
Daniel S. Goldman,Democrat,House,NY,ERIC,2023-7-9,False,True
Daniel S. Goldman,Democrat,House,NY,EBKDY,2023-7-9,False,True
Daniel S. Goldman,Democrat,House,NY,EPRT,2023-7-11,False,True
Daniel S. Goldman,Democrat,House,NY,ESS,2023-7-11,False,True
Daniel S. Goldman,Democrat,House,NY,ESLOY,2023-7-9,False,True
Daniel S. Goldman,Democrat,House,NY,EVBG,2023-7-11,False,True
Daniel S. Goldman,Democrat,House,NY,ES,2023-7-11,False,True
Daniel S. Goldman,Democrat,House,NY,EXC,2023-7-11,False,True
Daniel S. Goldman,Democrat,House,NY,EXR,2023-7-11,False,True
Daniel S. Goldman,Democrat,House,NY,FN,2023-7-11,False,True
Daniel S. Goldman,Democrat,House,NY,FANUY,2023-7-9,False,True
Daniel S. Goldman,Democrat,House,NY,FRCOY,2023-7-9,False,True
Daniel S. Goldman,Democrat,House,NY,FERG,2023-7-9,False,True
Daniel S. Goldman,Democrat,House,NY,FERG,2023-7-11,False,True
Daniel S. Goldman,Democrat,House,NY,RACE,2023-7-9,False,True
Daniel S. Goldman,Democrat,House,NY,FRRVY,2023-7-9,False,True
Daniel S. Goldman,Democrat,House,NY,FIS,2023-7-11,False,True
Daniel S. Goldman,Democrat,House,NY,FBP,2023-7-9,False,True
Daniel S. Goldman,Democrat,House,NY,FNF,2023-7-11,False,True
Daniel S. Goldman,Democrat,House,NY,F,2023-7-13,False,True
Daniel S. Goldman,Democrat,House,NY,FSUGY,2023-7-9,False,True
Daniel S. Goldman,Democrat,House,NY,FCPT,2023-7-11,False,True
Daniel S. Goldman,Democrat,House,NY,FMS,2023-7-9,False,True
Daniel S. Goldman,Democrat,House,NY,FUJIY,2023-7-9,False,True
Daniel S. Goldman,Democrat,House,NY,FJTSY,2023-7-9,False,True
Daniel S. Goldman,Democrat,House,NY,GASNY,2023-7-9,False,True
Daniel S. Goldman,Democrat,House,NY,GBERY,2023-7-9,False,True
Daniel S. Goldman,Democrat,House,NY,GMAB,2023-7-9,False,True
Daniel S. Goldman,Democrat,House,NY,GNGBY,2023-7-9,False,True
Daniel S. Goldman,Democrat,House,NY,GTY,2023-7-11,False,True
Daniel S. Goldman,Democrat,House,NY,GILD,2023-7-11,False,True
Daniel S. Goldman,Democrat,House,NY,GVDNY,2023-7-9,False,True
Daniel S. Goldman,Democrat,House,NY,GSK,2023-7-9,False,True
Daniel S. Goldman,Democrat,House,NY,HLN,2023-7-9,False,True
Daniel S. Goldman,Democrat,House,NY,HAL,2023-6-28,False,True
Daniel S. Goldman,Democrat,House,NY,HALO,2023-7-11,False,True
Daniel S. Goldman,Democrat,House,NY,HVRRY,2023-7-9,False,True
Daniel S. Goldman,Democrat,House,NY,HDB,2023-7-9,False,True
Daniel S. Goldman,Democrat,House,NY,PEAK,2023-7-11,False,True
Daniel S. Goldman,Democrat,House,NY,HEI,2023-7-11,False,True
Daniel S. Goldman,Democrat,House,NY,HDELY,2023-7-9,False,True
Daniel S. Goldman,Democrat,House,NY,HEINY,2023-7-9,False,True
Daniel S. Goldman,Democrat,House,NY,N/A,2023-7-10,False,True
Daniel S. Goldman,Democrat,House,NY,HENOY,2023-7-9,False,True
Daniel S. Goldman,Democrat,House,NY,HESAY,2023-7-9,False,True
Daniel S. Goldman,Democrat,House,NY,HXGBY,2023-7-9,False,True
Daniel S. Goldman,Democrat,House,NY,N/A,2023-7-10,False,True
Daniel S. Goldman,Democrat,House,NY,HTHIY,2023-7-9,False,True
Daniel S. Goldman,Democrat,House,NY,HCMLY,2023-7-9,False,True
Daniel S. Goldman,Democrat,House,NY,HMC,2023-7-9,False,True
Daniel S. Goldman,Democrat,House,NY,HKXCY,2023-7-9,False,True
Daniel S. Goldman,Democrat,House,NY,HST,2023-7-9,False,True
Daniel S. Goldman,Democrat,House,NY,HST,2023-7-11,False,True
Daniel S. Goldman,Democrat,House,NY,HHC,2023-7-11,False,True
Daniel S. Goldman,Democrat,House,NY,HOCPY,2023-7-9,False,True
Daniel S. Goldman,Democrat,House,NY,HSBC,2023-7-9,False,True
Daniel S. Goldman,Democrat,House,NY,HSQVY,2023-7-9,False,True
Daniel S. Goldman,Democrat,House,NY,IBDRY,2023-7-9,False,True
Daniel S. Goldman,Democrat,House,NY,ICHR,2023-7-11,False,True
Daniel S. Goldman,Democrat,House,NY,ICL,2023-7-9,False,True
Daniel S. Goldman,Democrat,House,NY,IMBBY,2023-7-9,False,True
Daniel S. Goldman,Democrat,House,NY,IRT,2023-7-11,False,True
Daniel S. Goldman,Democrat,House,NY,IDEXY,2023-7-9,False,True
Daniel S. Goldman,Democrat,House,NY,IFNNY,2023-7-9,False,True
Daniel S. Goldman,Democrat,House,NY,IFJPY,2023-7-9,False,True
Daniel S. Goldman,Democrat,House,NY,ING,2023-7-9,False,True
Daniel S. Goldman,Democrat,House,NY,IIPR,2023-7-11,False,True
Daniel S. Goldman,Democrat,House,NY,PODD,2023-7-11,False,True
Daniel S. Goldman,Democrat,House,NY,IHG,2023-7-9,False,True
Daniel S. Goldman,Democrat,House,NY,IFF,2023-7-11,False,True
Daniel S. Goldman,Democrat,House,NY,ISNPY,2023-7-9,False,True
Daniel S. Goldman,Democrat,House,NY,INVH,2023-7-11,False,True
Daniel S. Goldman,Democrat,House,NY,IRM,2023-7-11,False,True
Daniel S. Goldman,Democrat,House,NY,ISUZY,2023-7-9,False,True
Daniel S. Goldman,Democrat,House,NY,ITTOY,2023-7-9,False,True
Daniel S. Goldman,Democrat,House,NY,JSAIY,2023-7-9,False,True
Daniel S. Goldman,Democrat,House,NY,JHX,2023-7-9,False,True
Daniel S. Goldman,Democrat,House,NY,JAPAY,2023-7-9,False,True
Daniel S. Goldman,Democrat,House,NY,JAZZ,2023-7-11,False,True
Daniel S. Goldman,Democrat,House,NY,JBGS,2023-7-11,False,True
Daniel S. Goldman,Democrat,House,NY,JRONY,2023-7-9,False,True
Daniel S. Goldman,Democrat,House,NY,JNJ,2023-7-13,False,True
Daniel S. Goldman,Democrat,House,NY,JTKWY,2023-7-9,False,True
Daniel S. Goldman,Democrat,House,NY,KBCSY,2023-7-9,False,True
Daniel S. Goldman,Democrat,House,NY,KDDIY,2023-7-9,False,True
Daniel S. Goldman,Democrat,House,NY,PPRUY,2023-7-9,False,True
Daniel S. Goldman,Democrat,House,NY,KRYAY,2023-7-9,False,True
Daniel S. Goldman,Democrat,House,NY,KDP,2023-7-11,False,True
Daniel S. Goldman,Democrat,House,NY,KRC,2023-7-11,False,True
Daniel S. Goldman,Democrat,House,NY,KIM,2023-7-9,False,True
Daniel S. Goldman,Democrat,House,NY,KGFHY,2023-7-9,False,True
Daniel S. Goldman,Democrat,House,NY,KGSPY,2023-7-9,False,True
Daniel S. Goldman,Democrat,House,NY,KNBWY,2023-7-9,False,True
Daniel S. Goldman,Democrat,House,NY,KRG,2023-7-11,False,True
Daniel S. Goldman,Democrat,House,NY,KNRRY,2023-7-9,False,True
Daniel S. Goldman,Democrat,House,NY,KMTUY,2023-7-9,False,True
Daniel S. Goldman,Democrat,House,NY,ADRNY,2023-7-9,False,True
Daniel S. Goldman,Democrat,House,NY,PHG,2023-7-9,False,True
Daniel S. Goldman,Democrat,House,NY,KSRYY,2023-7-9,False,True
Daniel S. Goldman,Democrat,House,NY,KR,2023-7-11,False,True
Daniel S. Goldman,Democrat,House,NY,KUBTY,2023-7-9,False,True
Daniel S. Goldman,Democrat,House,NY,KHNGY,2023-7-9,False,True
Daniel S. Goldman,Democrat,House,NY,KLIC,2023-7-11,False,True
Daniel S. Goldman,Democrat,House,NY,LHX,2023-7-11,False,True
Daniel S. Goldman,Democrat,House,NY,AIQUY,2023-7-9,False,True
Daniel S. Goldman,Democrat,House,NY,LSRCY,2023-7-9,False,True
Daniel S. Goldman,Democrat,House,NY,N/A,2023-7-10,False,True
Daniel S. Goldman,Democrat,House,NY,LGRDY,2023-7-9,False,True
Daniel S. Goldman,Democrat,House,NY,LBYAV,2023-7-11,False,True
Daniel S. Goldman,Democrat,House,NY,LBYAV,2023-7-11,False,True
Daniel S. Goldman,Democrat,House,NY,LSI,2023-7-11,False,True
Daniel S. Goldman,Democrat,House,NY,JSGRY,2023-7-9,False,True
Daniel S. Goldman,Democrat,House,NY,LYG,2023-7-9,False,True
Daniel S. Goldman,Democrat,House,NY,LMT,2023-7-11,False,True
Daniel S. Goldman,Democrat,House,NY,N/A,2023-7-10,False,True
Daniel S. Goldman,Democrat,House,NY,LOGI,2023-7-9,False,True
Daniel S. Goldman,Democrat,House,NY,LZAGY,2023-7-9,False,True
