Name,Party,Chamber,State,Ticker,Date,Buy,Sell
Ro Khanna,Democrat,House,CA,HPE,2023-5-22,False,True
Ro Khanna,Democrat,House,CA,ETSY,2023-5-18,False,True
Ro Khanna,Democrat,House,CA,CME,2023-5-22,False,True
Ro Khanna,Democrat,House,CA,MKC,2023-5-22,False,True
Ro Khanna,Democrat,House,CA,MDT,2023-5-22,False,True
Ro Khanna,Democrat,House,CA,AVY,2023-5-22,False,True
Ro Khanna,Democrat,House,CA,VZ,2023-5-22,False,True
Ro Khanna,Democrat,House,CA,APD,2023-5-22,False,True
Ro Khanna,Democrat,House,CA,GPN,2023-5-22,False,True
Ro Khanna,Democrat,House,CA,LEA,2023-5-22,False,True
Ro Khanna,Democrat,House,CA,NEM,2023-5-18,False,True
Ro Khanna,Democrat,House,CA,CTVA,2023-5-18,False,True
Ro Khanna,Democrat,House,CA,SPG,2023-5-22,False,True
Ro Khanna,Democrat,House,CA,V,2023-5-22,False,True
Ro Khanna,Democrat,House,CA,VICI,2023-5-18,False,True
Ro Khanna,Democrat,House,CA,URBN,2023-5-21,False,True
Ro Khanna,Democrat,House,CA,DHI,2023-5-22,False,True
Ro Khanna,Democrat,House,CA,WY,2023-5-22,False,True
Ro Khanna,Democrat,House,CA,N/A,2023-5-23,False,True
Ro Khanna,Democrat,House,CA,BAX,2023-5-22,False,True
Ro Khanna,Democrat,House,CA,N/A,2023-5-23,False,True
Ro Khanna,Democrat,House,CA,N/A,2023-5-23,False,True
Ro Khanna,Democrat,House,CA,KEY,2023-5-18,False,True
Ro Khanna,Democrat,House,CA,WM,2023-5-22,False,True
Ro Khanna,Democrat,House,CA,ICE,2023-5-22,False,True
Ro Khanna,Democrat,House,CA,C,2023-5-22,False,True
Ro Khanna,Democrat,House,CA,UDR,2023-5-18,False,True
Ro Khanna,Democrat,House,CA,STT,2023-5-22,False,True
Ro Khanna,Democrat,House,CA,CME,2023-5-18,False,True
Ro Khanna,Democrat,House,CA,MRK,2023-5-22,False,True
Ro Khanna,Democrat,House,CA,HRL,2023-5-18,False,True
Ro Khanna,Democrat,House,CA,RMD,2023-5-18,False,True
Ro Khanna,Democrat,House,CA,WMT,2023-5-22,False,True
Ro Khanna,Democrat,House,CA,ELAN,2023-5-18,False,True
Ro Khanna,Democrat,House,CA,TROW,2023-5-22,False,True
Ro Khanna,Democrat,House,CA,AXP,2023-5-22,False,True
Ro Khanna,Democrat,House,CA,LYB,2023-5-18,False,True
Ro Khanna,Democrat,House,CA,DLR,2023-5-22,False,True
Ro Khanna,Democrat,House,CA,URBN,2023-5-18,False,True
Ro Khanna,Democrat,House,CA,VTR,2023-5-18,False,True
Ro Khanna,Democrat,House,CA,URBN,2023-5-22,False,True
Ro Khanna,Democrat,House,CA,VTRS,2023-5-18,False,True
Ro Khanna,Democrat,House,CA,LBYAV,2023-5-22,False,True
Ro Khanna,Democrat,House,CA,MA,2023-5-22,False,True
Ro Khanna,Democrat,House,CA,T,2023-5-18,False,True
Ro Khanna,Democrat,House,CA,JNJ,2023-5-18,False,True
Ro Khanna,Democrat,House,CA,LKQ,2023-5-22,False,True
Ro Khanna,Democrat,House,CA,CB,2023-5-18,False,True
Ro Khanna,Democrat,House,CA,EL,2023-5-22,False,True
Ro Khanna,Democrat,House,CA,ESS,2023-5-18,False,True
Ro Khanna,Democrat,House,CA,DLR,2023-5-18,False,True
Ro Khanna,Democrat,House,CA,URBN,2023-5-17,False,True
Ro Khanna,Democrat,House,CA,FOXA,2023-5-22,False,True
Ro Khanna,Democrat,House,CA,NGG,2023-5-11,False,True
Ro Khanna,Democrat,House,CA,BAC,2023-5-22,False,True
Ro Khanna,Democrat,House,CA,GPK,2023-5-16,False,True
Ro Khanna,Democrat,House,CA,N/A,2023-5-23,False,True
Ro Khanna,Democrat,House,CA,N/A,2023-5-23,False,True
Ro Khanna,Democrat,House,CA,N/A,2023-5-23,False,True
Ro Khanna,Democrat,House,CA,N/A,2023-5-23,False,True
Ro Khanna,Democrat,House,CA,N/A,2023-5-23,False,True
Ro Khanna,Democrat,House,CA,N/A,2023-5-23,False,True
Ro Khanna,Democrat,House,CA,N/A,2023-5-23,False,True
Ro Khanna,Democrat,House,CA,N/A,2023-5-23,False,True
Ro Khanna,Democrat,House,CA,N/A,2023-5-23,False,True
Ro Khanna,Democrat,House,CA,N/A,2023-5-23,False,True
Ro Khanna,Democrat,House,CA,N/A,2023-5-23,False,True
Ro Khanna,Democrat,House,CA,N/A,2023-5-23,False,True
Ro Khanna,Democrat,House,CA,N/A,2023-5-23,False,True
Ro Khanna,Democrat,House,CA,N/A,2023-5-23,False,True
Ro Khanna,Democrat,House,CA,N/A,2023-5-23,False,True
Ro Khanna,Democrat,House,CA,N/A,2023-5-23,False,True
Ro Khanna,Democrat,House,CA,N/A,2023-5-23,False,True
Ro Khanna,Democrat,House,CA,EBAY,2023-5-22,False,True
Ro Khanna,Democrat,House,CA,GM,2023-5-18,False,True
Ro Khanna,Democrat,House,CA,COST,2023-5-22,False,True
Ro Khanna,Democrat,House,CA,MSCI,2023-5-18,False,True
Ro Khanna,Democrat,House,CA,JAZZ,2023-5-18,False,True
Ro Khanna,Democrat,House,CA,PINS,2023-5-18,False,True
Ro Khanna,Democrat,House,CA,YUM,2023-5-22,False,True
Ro Khanna,Democrat,House,CA,NKE,2023-5-18,False,True
Ro Khanna,Democrat,House,CA,IFF,2023-5-22,False,True
Ro Khanna,Democrat,House,CA,N/A,2023-5-18,False,True
Ro Khanna,Democrat,House,CA,MRNA,2023-5-18,False,True
Ro Khanna,Democrat,House,CA,SYY,2023-5-18,False,True
Ro Khanna,Democrat,House,CA,CDNS,2023-5-18,False,True
Ro Khanna,Democrat,House,CA,STLD,2023-5-22,False,True
Ro Khanna,Democrat,House,CA,CUZ,2023-5-18,False,True
Ro Khanna,Democrat,House,CA,OGN,2023-5-18,False,True
Ro Khanna,Democrat,House,CA,ESS,2023-5-22,False,True
Ro Khanna,Democrat,House,CA,LUMN,2023-5-22,False,True
Ro Khanna,Democrat,House,CA,SEE,2023-5-22,False,True
Ro Khanna,Democrat,House,CA,CINF,2023-5-18,False,True
Ro Khanna,Democrat,House,CA,GPN,2023-5-18,False,True
Ro Khanna,Democrat,House,CA,SNV,2023-5-18,False,True
Ro Khanna,Democrat,House,CA,LYB,2023-5-22,False,True
Ro Khanna,Democrat,House,CA,FCX,2023-5-18,False,True
Ro Khanna,Democrat,House,CA,OLPX,2023-5-18,False,True
Ro Khanna,Democrat,House,CA,SLG,2023-5-18,False,True
Ro Khanna,Democrat,House,CA,CL,2023-5-22,False,True
Ro Khanna,Democrat,House,CA,WST,2023-5-22,False,True
Ro Khanna,Democrat,House,CA,NUE,2023-5-22,False,True
Ro Khanna,Democrat,House,CA,MU,2023-5-22,False,True
Ro Khanna,Democrat,House,CA,ADP,2023-5-22,False,True
Ro Khanna,Democrat,House,CA,CSX,2023-5-22,False,True
Ro Khanna,Democrat,House,CA,PSA,2023-5-22,False,True
Ro Khanna,Democrat,House,CA,EXPE,2023-5-22,False,True
Ro Khanna,Democrat,House,CA,PINS,2023-5-22,False,True
Ro Khanna,Democrat,House,CA,JBHT,2023-5-22,False,True
Ro Khanna,Democrat,House,CA,AA,2023-5-18,False,True
Ro Khanna,Democrat,House,CA,KMB,2023-5-22,False,True
Ro Khanna,Democrat,House,CA,IEX,2023-5-18,False,True
Ro Khanna,Democrat,House,CA,CTLT,2023-5-18,False,True
Ro Khanna,Democrat,House,CA,DOW,2023-5-22,False,True
Ro Khanna,Democrat,House,CA,HHC,2023-5-22,False,True
Ro Khanna,Democrat,House,CA,ZION,2023-5-18,False,True
Ro Khanna,Democrat,House,CA,N/A,2023-5-3,True,False
Ro Khanna,Democrat,House,CA,PM,2023-5-15,True,False
Ro Khanna,Democrat,House,CA,BAC,2023-4-30,True,False
Ro Khanna,Democrat,House,CA,USB,2023-5-15,True,False
Ro Khanna,Democrat,House,CA,N/A,2023-5-1,True,False
Ro Khanna,Democrat,House,CA,C,2023-5-3,True,False
Ro Khanna,Democrat,House,CA,BK,2023-5-7,True,False
Ro Khanna,Democrat,House,CA,CNP,2023-4-30,True,False
Ro Khanna,Democrat,House,CA,DUK,2023-5-3,True,False
Ro Khanna,Democrat,House,CA,EIX,2023-4-30,True,False
Ro Khanna,Democrat,House,CA,EMRAF,2023-5-4,True,False
Ro Khanna,Democrat,House,CA,BK,2023-4-30,True,False
Ro Khanna,Democrat,House,CA,PRU,2023-5-3,True,False
Ro Khanna,Democrat,House,CA,AIG,2023-5-9,True,False
Ro Khanna,Democrat,House,CA,MTB,2023-5-4,True,False
Ro Khanna,Democrat,House,CA,AL,2023-4-30,True,False
Ro Khanna,Democrat,House,CA,PARA,2023-5-7,True,False
Ro Khanna,Democrat,House,CA,SCHW,2023-4-30,True,False
Ro Khanna,Democrat,House,CA,HCA,2023-5-9,True,False
Ro Khanna,Democrat,House,CA,TXN,2023-5-9,True,False
Ro Khanna,Democrat,House,CA,HBAN,2023-5-4,True,False
Ro Khanna,Democrat,House,CA,LEA,2023-5-23,True,False
Ro Khanna,Democrat,House,CA,KKR,2023-5-9,True,False
Ro Khanna,Democrat,House,CA,HUM,2023-5-9,True,False
Ro Khanna,Democrat,House,CA,SYK,2023-5-9,True,False
Ro Khanna,Democrat,House,CA,ALL,2023-5-14,True,False
Ro Khanna,Democrat,House,CA,BAC,2023-5-9,True,False
Ro Khanna,Democrat,House,CA,GM,2023-5-9,True,False
Ro Khanna,Democrat,House,CA,PH,2023-5-9,True,False
Ro Khanna,Democrat,House,CA,CAT,2023-5-9,True,False
Ro Khanna,Democrat,House,CA,ENB,2023-5-1,True,False
Ro Khanna,Democrat,House,CA,CNP,2023-5-30,False,True
Ro Khanna,Democrat,House,CA,SRE,2023-5-30,False,True
Ro Khanna,Democrat,House,CA,DUK,2023-5-30,False,True
Ro Khanna,Democrat,House,CA,N/A,2023-5-30,False,True
Ro Khanna,Democrat,House,CA,CMS,2023-5-30,False,True
Ro Khanna,Democrat,House,CA,EMRAF,2023-5-30,False,True
Ro Khanna,Democrat,House,CA,NVR,2023-5-9,False,True
Ro Khanna,Democrat,House,CA,D,2023-5-30,False,True
Ro Khanna,Democrat,House,CA,ABT,2023-5-9,False,True
Ro Khanna,Democrat,House,CA,AMZN,2023-5-9,False,True
Ro Khanna,Democrat,House,CA,WY,2023-4-30,False,True
Ro Khanna,Democrat,House,CA,TTWO,2023-5-17,False,True
Ro Khanna,Democrat,House,CA,WY,2023-5-2,False,True
Ro Khanna,Democrat,House,CA,TTWO,2023-5-18,False,True
Ro Khanna,Democrat,House,CA,TTWO,2023-5-18,False,True
Ro Khanna,Democrat,House,CA,WY,2023-5-3,False,True
Ro Khanna,Democrat,House,CA,TTWO,2023-5-17,False,True
Ro Khanna,Democrat,House,CA,TTWO,2023-5-17,False,True
Ro Khanna,Democrat,House,CA,MERFX,2023-5-30,False,True
Ro Khanna,Democrat,House,CA,N/A,2023-5-30,True,False
Ro Khanna,Democrat,House,CA,MERFX,2023-5-30,False,True
Ro Khanna,Democrat,House,CA,N/A,2023-5-30,True,False
Ro Khanna,Democrat,House,CA,MERFX,2023-5-30,False,True
Ro Khanna,Democrat,House,CA,N/A,2023-5-30,True,False
Kevin Hern,Republican,House,OK,ABB,2023-5-10,True,False
Kevin Hern,Republican,House,OK,ACN,2023-5-16,True,False
Kevin Hern,Republican,House,OK,MMP,2023-5-14,True,False
Kevin Hern,Republican,House,OK,OKE,2023-5-14,True,False
Kevin Hern,Republican,House,OK,TXN,2023-5-15,True,False
Mark Green,Republican,House,TN,ET,2023-6-7,False,True
Mark Green,Republican,House,TN,NGL,2023-6-7,True,False
Rob Wittman,Republican,House,VA,JPM,2023-5-29,True,False
Josh Gottheimer,Democrat,House,NJ,ABBV,2023-5-18,False,True
Josh Gottheimer,Democrat,House,NJ,ADBE,2023-5-9,False,True
Josh Gottheimer,Democrat,House,NJ,ADBE,2023-4-30,False,True
Josh Gottheimer,Democrat,House,NJ,AMD,2023-4-30,False,True
Josh Gottheimer,Democrat,House,NJ,ABNB,2023-5-7,False,True
Josh Gottheimer,Democrat,House,NJ,GOOGL,2023-4-30,False,True
Josh Gottheimer,Democrat,House,NJ,AMGN,2023-4-30,False,True
Josh Gottheimer,Democrat,House,NJ,AAPL,2023-5-15,True,False
Josh Gottheimer,Democrat,House,NJ,BX,2023-5-18,False,True
Josh Gottheimer,Democrat,House,NJ,AVGO,2023-4-30,True,False
Josh Gottheimer,Democrat,House,NJ,COF,2023-5-1,False,True
Josh Gottheimer,Democrat,House,NJ,SCHW,2023-5-7,False,True
Josh Gottheimer,Democrat,House,NJ,LNG,2023-5-18,False,True
Josh Gottheimer,Democrat,House,NJ,COP,2023-5-22,False,True
Josh Gottheimer,Democrat,House,NJ,DE,2023-5-18,False,True
Josh Gottheimer,Democrat,House,NJ,DE,2023-5-4,False,True
Josh Gottheimer,Democrat,House,NJ,LLY,2023-5-2,True,False
Josh Gottheimer,Democrat,House,NJ,LLY,2023-4-30,True,False
Josh Gottheimer,Democrat,House,NJ,LLY,2023-5-4,True,False
Josh Gottheimer,Democrat,House,NJ,LLY,2023-5-8,True,False
Josh Gottheimer,Democrat,House,NJ,ETSY,2023-5-7,False,True
Josh Gottheimer,Democrat,House,NJ,EXAS,2023-4-30,False,True
Josh Gottheimer,Democrat,House,NJ,FSLR,2023-5-11,True,False
Josh Gottheimer,Democrat,House,NJ,FCX,2023-5-2,False,True
Josh Gottheimer,Democrat,House,NJ,ISRG,2023-5-29,False,True
Josh Gottheimer,Democrat,House,NJ,ISRG,2023-4-30,True,False
Josh Gottheimer,Democrat,House,NJ,MFC,2023-5-14,True,False
Josh Gottheimer,Democrat,House,NJ,MA,2023-5-10,True,False
Josh Gottheimer,Democrat,House,NJ,MCK,2023-5-18,False,True
Josh Gottheimer,Democrat,House,NJ,MSFT,2023-5-29,True,False
Josh Gottheimer,Democrat,House,NJ,MSFT,2023-5-15,True,False
Josh Gottheimer,Democrat,House,NJ,MSFT,2023-5-14,True,False
Josh Gottheimer,Democrat,House,NJ,MSFT,2023-5-14,True,False
Josh Gottheimer,Democrat,House,NJ,MSFT,2023-5-14,True,False
Josh Gottheimer,Democrat,House,NJ,MSFT,2023-5-15,False,True
Josh Gottheimer,Democrat,House,NJ,MSFT,2023-5-14,False,True
Josh Gottheimer,Democrat,House,NJ,MSFT,2023-5-14,False,True
Josh Gottheimer,Democrat,House,NJ,MSFT,2023-5-14,False,True
Josh Gottheimer,Democrat,House,NJ,MDB,2023-4-30,False,True
Josh Gottheimer,Democrat,House,NJ,MS,2023-5-4,False,True
Josh Gottheimer,Democrat,House,NJ,NVDA,2023-5-8,True,False
Josh Gottheimer,Democrat,House,NJ,NVDA,2023-5-7,True,False
Josh Gottheimer,Democrat,House,NJ,NVDA,2023-5-3,True,False
Josh Gottheimer,Democrat,House,NJ,ORCL,2023-5-18,False,True
Josh Gottheimer,Democrat,House,NJ,ORCL,2023-4-30,False,True
Josh Gottheimer,Democrat,House,NJ,PYPL,2023-5-11,False,True
Josh Gottheimer,Democrat,House,NJ,PGR,2023-5-16,False,True
Josh Gottheimer,Democrat,House,NJ,RHHBY,2023-5-15,False,True
Josh Gottheimer,Democrat,House,NJ,SGEN,2023-5-18,False,True
Josh Gottheimer,Democrat,House,NJ,SHW,2023-5-11,False,True
Josh Gottheimer,Democrat,House,NJ,SHOP,2023-4-30,False,True
Josh Gottheimer,Democrat,House,NJ,SBUX,2023-5-7,True,False
Josh Gottheimer,Democrat,House,NJ,TPR,2023-5-18,False,True
Josh Gottheimer,Democrat,House,NJ,TCEHY,2023-5-14,False,True
Josh Gottheimer,Democrat,House,NJ,TCEHY,2023-5-15,False,True
Josh Gottheimer,Democrat,House,NJ,TSLA,2023-5-18,False,True
Josh Gottheimer,Democrat,House,NJ,TXN,2023-4-30,False,True
Josh Gottheimer,Democrat,House,NJ,TTD,2023-4-30,False,True
Josh Gottheimer,Democrat,House,NJ,TT,2023-5-18,False,True
Josh Gottheimer,Democrat,House,NJ,TDG,2023-5-15,True,False
Josh Gottheimer,Democrat,House,NJ,USPH,2023-5-23,True,False
Josh Gottheimer,Democrat,House,NJ,UBER,2023-5-18,False,True
Josh Gottheimer,Democrat,House,NJ,UPS,2023-5-2,False,True
Josh Gottheimer,Democrat,House,NJ,UPS,2023-5-11,False,True
Brian Babin,Republican,House,TX,BHP,2022-3-28,True,False
Brian Babin,Republican,House,TX,BHP,2022-6-26,True,False
Brian Babin,Republican,House,TX,FIP,2022-8-1,False,False
Brian Babin,Republican,House,TX,WDS,2022-6-1,False,False
Brian Babin,Republican,House,TX,FTAI,2022-8-1,False,False
Brian Babin,Republican,House,TX,BHP,2022-6-1,False,False
Katherine Clark,Democrat,House,MA,WBD,2022-4-7,False,False
Katherine Clark,Democrat,House,MA,WBD,2022-4-7,False,False
Katherine Clark,Democrat,House,MA,T,2022-4-7,False,False
Katherine Clark,Democrat,House,MA,T,2022-4-7,False,False
Earl Blumenauer,Democrat,House,OR,NWN,2023-5-14,True,False
Earl Blumenauer,Democrat,House,OR,PYPL,2023-5-9,True,False
Earl Blumenauer,Democrat,House,OR,N/A,2023-5-24,True,False
Earl Blumenauer,Democrat,House,OR,N/A,2023-5-24,True,False
Earl Blumenauer,Democrat,House,OR,N/A,2023-5-1,True,False
Earl Blumenauer,Democrat,House,OR,N/A,2023-5-1,True,False
Earl Blumenauer,Democrat,House,OR,N/A,2023-5-1,True,False
Earl Blumenauer,Democrat,House,OR,N/A,2023-5-11,True,False
Doris Matsui,Democrat,House,CA,N/A,2023-5-29,True,False
Lloyd Doggett,Democrat,House,TX,PG,2023-5-15,True,False
Nancy Pelosi,Democrat,House,CA,AAPL,2023-5-7,False,False
Pete Sessions,Republican,House,TX,N/A,2023-5-18,False,True
Pete Sessions,Republican,House,TX,N/A,2023-5-14,False,True
Pete Sessions,Republican,House,TX,N/A,2023-5-14,False,True
Pete Sessions,Republican,House,TX,N/A,2023-5-14,False,True
Pete Sessions,Republican,House,TX,N/A,2023-5-13,False,True
Pete Sessions,Republican,House,TX,N/A,2023-5-14,False,True
Pete Sessions,Republican,House,TX,N/A,2023-5-14,False,True
Zoe Lofgren,Democrat,House,CA,ABBV,2023-5-25,False,True
Zoe Lofgren,Democrat,House,CA,ACN,2023-5-24,False,True
Zoe Lofgren,Democrat,House,CA,ADBE,2023-5-24,False,True
Zoe Lofgren,Democrat,House,CA,AMZN,2023-5-25,False,True
Zoe Lofgren,Democrat,House,CA,AEP,2023-5-24,False,True
Zoe Lofgren,Democrat,House,CA,AEP,2023-5-25,False,True
Zoe Lofgren,Democrat,House,CA,AMT,2023-5-25,False,True
Zoe Lofgren,Democrat,House,CA,AWK,2023-5-24,False,True
Zoe Lofgren,Democrat,House,CA,BUD,2023-5-24,False,True
Zoe Lofgren,Democrat,House,CA,BUD,2023-5-25,False,True
Zoe Lofgren,Democrat,House,CA,AON,2023-5-24,False,True
Zoe Lofgren,Democrat,House,CA,AMAT,2023-5-25,False,True
Zoe Lofgren,Democrat,House,CA,ARCC,2023-5-24,False,True
Zoe Lofgren,Democrat,House,CA,N/A,2023-5-24,False,True
Zoe Lofgren,Democrat,House,CA,T,2023-5-24,False,True
Zoe Lofgren,Democrat,House,CA,AGR,2023-5-24,False,True
Zoe Lofgren,Democrat,House,CA,BAC,2023-5-24,False,True
Zoe Lofgren,Democrat,House,CA,BAC,2023-5-25,False,True
Zoe Lofgren,Democrat,House,CA,BMO,2023-5-25,False,True
Zoe Lofgren,Democrat,House,CA,BCE,2023-5-24,False,True
Zoe Lofgren,Democrat,House,CA,BDX,2023-5-24,False,True
Zoe Lofgren,Democrat,House,CA,BRK/B,2023-5-24,False,True
Zoe Lofgren,Democrat,House,CA,BX,2023-5-24,False,True
Zoe Lofgren,Democrat,House,CA,CAT,2023-5-25,False,True
Zoe Lofgren,Democrat,House,CA,CINF,2023-5-24,False,True
Zoe Lofgren,Democrat,House,CA,CTAS,2023-5-24,False,True
Zoe Lofgren,Democrat,House,CA,CSCO,2023-5-24,False,True
Zoe Lofgren,Democrat,House,CA,CSCO,2023-5-25,False,True
Zoe Lofgren,Democrat,House,CA,C,2023-5-25,False,True
Zoe Lofgren,Democrat,House,CA,CME,2023-5-24,False,True
Zoe Lofgren,Democrat,House,CA,KO,2023-5-24,False,True
Zoe Lofgren,Democrat,House,CA,CMCSA,2023-5-24,False,True
Zoe Lofgren,Democrat,House,CA,COST,2023-5-24,False,True
Zoe Lofgren,Democrat,House,CA,CCI,2023-5-24,False,True
Zoe Lofgren,Democrat,House,CA,CVS,2023-5-25,False,True
Zoe Lofgren,Democrat,House,CA,DHR,2023-5-24,False,True
Zoe Lofgren,Democrat,House,CA,DECK,2023-5-24,False,True
Zoe Lofgren,Democrat,House,CA,D,2023-5-24,False,True
Zoe Lofgren,Democrat,House,CA,DUK,2023-5-24,False,True
Zoe Lofgren,Democrat,House,CA,EW,2023-5-24,False,True
Zoe Lofgren,Democrat,House,CA,EMR,2023-5-24,False,True
Zoe Lofgren,Democrat,House,CA,ETR,2023-5-24,False,True
Zoe Lofgren,Democrat,House,CA,EQIX,2023-5-24,False,True
Zoe Lofgren,Democrat,House,CA,ES,2023-5-24,False,True
Zoe Lofgren,Democrat,House,CA,FITB,2023-5-24,False,True
Zoe Lofgren,Democrat,House,CA,FHN,2023-5-24,False,True
Zoe Lofgren,Democrat,House,CA,GIS,2023-5-24,False,True
Zoe Lofgren,Democrat,House,CA,GILD,2023-5-24,False,True
Zoe Lofgren,Democrat,House,CA,HIG,2023-5-24,False,True
Zoe Lofgren,Democrat,House,CA,HCA,2023-5-24,False,True
Zoe Lofgren,Democrat,House,CA,IPG,2023-5-24,False,True
Zoe Lofgren,Democrat,House,CA,JEF,2023-5-25,False,True
Zoe Lofgren,Democrat,House,CA,JPM,2023-5-24,False,True
Zoe Lofgren,Democrat,House,CA,KLAC,2023-5-25,False,True
Zoe Lofgren,Democrat,House,CA,LCID,2023-5-24,False,True
Zoe Lofgren,Democrat,House,CA,MA,2023-5-24,False,True
Zoe Lofgren,Democrat,House,CA,MCD,2023-5-24,False,True
Zoe Lofgren,Democrat,House,CA,MRK,2023-5-24,False,True
Zoe Lofgren,Democrat,House,CA,MET,2023-5-24,False,True
Zoe Lofgren,Democrat,House,CA,MAA,2023-5-24,False,True
Zoe Lofgren,Democrat,House,CA,MS,2023-5-25,False,True
Zoe Lofgren,Democrat,House,CA,NTAP,2023-5-25,False,True
Zoe Lofgren,Democrat,House,CA,NEE,2023-5-24,False,True
Zoe Lofgren,Democrat,House,CA,NNN,2023-5-24,False,True
Zoe Lofgren,Democrat,House,CA,NXPI,2023-5-24,False,True
Zoe Lofgren,Democrat,House,CA,ODFL,2023-5-24,False,True
Zoe Lofgren,Democrat,House,CA,ORCL,2023-5-25,False,True
Zoe Lofgren,Democrat,House,CA,PARA,2023-5-25,False,True
Zoe Lofgren,Democrat,House,CA,PAYX,2023-5-24,False,True
Zoe Lofgren,Democrat,House,CA,PEP,2023-5-24,False,True
Zoe Lofgren,Democrat,House,CA,PFE,2023-5-25,False,True
Zoe Lofgren,Democrat,House,CA,PG,2023-5-24,False,True
Zoe Lofgren,Democrat,House,CA,PLD,2023-5-24,False,True
Zoe Lofgren,Democrat,House,CA,QCOM,2023-5-24,False,True
Zoe Lofgren,Democrat,House,CA,PWR,2023-5-24,False,True
Zoe Lofgren,Democrat,House,CA,ROP,2023-5-24,False,True
Zoe Lofgren,Democrat,House,CA,SPGI,2023-5-24,False,True
Zoe Lofgren,Democrat,House,CA,SHW,2023-5-24,False,True
Zoe Lofgren,Democrat,House,CA,SON,2023-5-24,False,True
Zoe Lofgren,Democrat,House,CA,SO,2023-5-24,False,True
Zoe Lofgren,Democrat,House,CA,SBUX,2023-5-24,False,True
Zoe Lofgren,Democrat,House,CA,TMO,2023-5-24,False,True
Zoe Lofgren,Democrat,House,CA,TJX,2023-5-24,False,True
Zoe Lofgren,Democrat,House,CA,TMUS,2023-5-24,False,True
Zoe Lofgren,Democrat,House,CA,TT,2023-5-24,False,True
Zoe Lofgren,Democrat,House,CA,TRU,2023-5-24,False,True
Zoe Lofgren,Democrat,House,CA,USB,2023-5-25,False,True
Zoe Lofgren,Democrat,House,CA,UNP,2023-5-25,False,True
Zoe Lofgren,Democrat,House,CA,UNH,2023-5-24,False,True
Zoe Lofgren,Democrat,House,CA,UNH,2023-5-25,False,True
Zoe Lofgren,Democrat,House,CA,VZ,2023-5-24,False,True
Zoe Lofgren,Democrat,House,CA,VZ,2023-5-25,False,True
Zoe Lofgren,Democrat,House,CA,V,2023-5-24,False,True
Zoe Lofgren,Democrat,House,CA,WBA,2023-5-25,False,True
Zoe Lofgren,Democrat,House,CA,DIS,2023-5-24,False,True
Zoe Lofgren,Democrat,House,CA,WFC,2023-5-25,False,True
Zoe Lofgren,Democrat,House,CA,WBK,2023-5-25,False,True
Zoe Lofgren,Democrat,House,CA,ZTS,2023-5-24,False,True
Jonathan Jackson,Democrat,House,IL,N/A,2023-5-25,True,False
Jonathan Jackson,Democrat,House,IL,BP,2023-5-11,True,False
Jonathan Jackson,Democrat,House,IL,EL,2023-5-1,True,False
Jonathan Jackson,Democrat,House,IL,HON,2023-4-30,True,False
Jonathan Jackson,Democrat,House,IL,MELI,2023-5-22,True,False
Jonathan Jackson,Democrat,House,IL,NEE,2023-5-25,False,True
Suzan DelBene,Democrat,House,WA,N/A,2023-5-23,True,False
Suzan DelBene,Democrat,House,WA,N/A,2023-5-17,False,True
Suzan DelBene,Democrat,House,WA,N/A,2023-5-30,True,False
Suzan DelBene,Democrat,House,WA,N/A,2023-5-17,False,True
Suzan DelBene,Democrat,House,WA,N/A,2023-5-22,False,True
Suzan DelBene,Democrat,House,WA,N/A,2023-5-16,True,False
Suzan DelBene,Democrat,House,WA,N/A,2023-5-21,True,False
Mary Gay Scanlon,Democrat,House,PA,CEG,2023-5-22,False,True
Mary Gay Scanlon,Democrat,House,PA,EXC,2023-5-22,False,True
Mark Green,Republican,House,TN,ET,2023-6-1,False,True
Mark Green,Republican,House,TN,NGL,2023-6-1,True,False
Dan Meuser,Republican,House,PA,NVDA,2023-5-4,False,True
Laurel Lee,Republican,House,FL,N/A,2023-5-23,True,False
Max Miller,Republican,House,OH,ZGFIX,2023-5-10,False,True
Max Miller,Republican,House,OH,BSGLX,2023-5-10,False,True
Max Miller,Republican,House,OH,MPGVX,2023-5-10,False,True
Max Miller,Republican,House,OH,EMXC,2023-5-10,False,True
Max Miller,Republican,House,OH,MERFX,2023-5-10,False,True
Max Miller,Republican,House,OH,NWXVX,2023-5-10,False,True
Max Miller,Republican,House,OH,PDBZX,2023-5-10,False,True
Max Miller,Republican,House,OH,VOO,2023-5-10,False,True
Max Miller,Republican,House,OH,FSMDX,2023-5-8,False,True
Max Miller,Republican,House,OH,PHYZX,2023-5-8,False,True
Max Miller,Republican,House,OH,PDBZX,2023-5-8,True,False
Max Miller,Republican,House,OH,PHYZX,2023-5-8,False,True
Max Miller,Republican,House,OH,VUSFX,2023-5-25,False,True
Max Miller,Republican,House,OH,LALDX,2023-5-8,True,False
Max Miller,Republican,House,OH,PHYZX,2023-5-8,False,True
Max Miller,Republican,House,OH,LALDX,2023-5-8,True,False
Max Miller,Republican,House,OH,PHYZX,2023-5-8,False,True
Virginia Foxx,Republican,House,NC,ARLP,2023-5-7,True,False
Virginia Foxx,Republican,House,NC,ARLP,2023-5-9,True,False
Virginia Foxx,Republican,House,NC,ARLP,2023-5-15,True,False
Virginia Foxx,Republican,House,NC,MO,2023-4-30,True,False
Virginia Foxx,Republican,House,NC,T,2023-5-1,True,False
Virginia Foxx,Republican,House,NC,CRT,2023-5-16,True,False
Virginia Foxx,Republican,House,NC,CRT,2023-4-30,True,False
Virginia Foxx,Republican,House,NC,FLNG,2023-5-15,True,False
Virginia Foxx,Republican,House,NC,GPP,2023-5-16,True,False
Virginia Foxx,Republican,House,NC,SIRE,2023-5-25,False,True
Virginia Foxx,Republican,House,NC,SIRE,2023-5-18,True,False
Mark Green,Republican,House,TN,ET,2023-5-29,False,True
Rick Allen,Republican,House,GA,ATVI,2023-4-19,True,False
Rick Allen,Republican,House,GA,SSB,2023-3-26,False,True
Rick Allen,Republican,House,GA,SCHW,2023-5-17,True,False
John Curtis,Republican,House,UT,MSFT,2023-5-10,False,True
Bob Latta,Republican,House,OH,FMAO,2023-5-31,True,False
Jennifer McClellan,Democrat,House,VA,VZ,2023-5-3,False,True
Maria Elvira Salazar,Republican,House,FL,RSP,2023-4-12,True,False
Maria Elvira Salazar,Republican,House,FL,IYY,2023-4-12,False,True
Maria Elvira Salazar,Republican,House,FL,IWD,2023-4-12,False,True
Maria Elvira Salazar,Republican,House,FL,IWD,2023-4-12,False,True
Maria Elvira Salazar,Republican,House,FL,NEP,2023-4-12,False,True
Dan Newhouse,Republican,House,WA,N/A,2023-4-25,True,False
Dan Newhouse,Republican,House,WA,T,2023-3-16,True,False
Dan Newhouse,Republican,House,WA,T,2023-4-25,True,False
Dan Newhouse,Republican,House,WA,BKNG,2023-3-16,False,True
Dan Newhouse,Republican,House,WA,AVGO,2022-8-4,True,False
Dan Newhouse,Republican,House,WA,C,2023-4-25,True,False
Dan Newhouse,Republican,House,WA,DHR,2022-9-19,True,False
Dan Newhouse,Republican,House,WA,DE,2023-3-16,False,True
Dan Newhouse,Republican,House,WA,LLY,2022-8-4,False,True
Dan Newhouse,Republican,House,WA,EQR,2023-4-25,True,False
Dan Newhouse,Republican,House,WA,EL,2022-8-4,True,False
Dan Newhouse,Republican,House,WA,HON,2023-4-25,True,False
Dan Newhouse,Republican,House,WA,INTU,2023-4-25,True,False
Dan Newhouse,Republican,House,WA,LIN,2022-8-4,True,False
Dan Newhouse,Republican,House,WA,MPC,2022-8-4,False,True
Dan Newhouse,Republican,House,WA,MPC,2023-3-16,False,True
Dan Newhouse,Republican,House,WA,NVDA,2023-4-25,False,True
Dan Newhouse,Republican,House,WA,CRM,2022-8-4,True,False
Dan Newhouse,Republican,House,WA,NOW,2023-4-25,True,False
Dan Newhouse,Republican,House,WA,SBUX,2023-3-16,False,True
Dan Newhouse,Republican,House,WA,TSLA,2023-3-16,True,False
Dan Newhouse,Republican,House,WA,N/A,2023-4-25,True,False
Dan Newhouse,Republican,House,WA,ULTA,2022-9-19,False,True
Dan Newhouse,Republican,House,WA,ULTA,2023-3-16,False,True
Dan Newhouse,Republican,House,WA,UNH,2022-8-4,True,False
Dan Newhouse,Republican,House,WA,VFC,2023-4-25,True,False
Dan Newhouse,Republican,House,WA,VZ,2023-3-16,True,False
Susie Lee,Democrat,House,NV,AQUA,2023-5-8,False,True
Susie Lee,Democrat,House,NV,IT,2023-5-8,False,True
Susie Lee,Democrat,House,NV,IQV,2023-5-8,False,True
Susie Lee,Democrat,House,NV,KEYS,2023-5-8,False,True
Susie Lee,Democrat,House,NV,MSI,2023-5-8,False,True
Susie Lee,Democrat,House,NV,NDAQ,2023-5-8,False,True
Susie Lee,Democrat,House,NV,ON,2023-5-8,False,True
Tracey Mann,Republican,House,KS,N/A,2023-5-24,True,False
Rick Larsen,Democrat,House,WA,ABT,2023-1-5,False,True
Rick Larsen,Democrat,House,WA,AVB,2022-7-5,False,True
Rick Larsen,Democrat,House,WA,BBY,2022-10-4,False,True
Rick Larsen,Democrat,House,WA,BLK,2023-1-5,False,True
Rick Larsen,Democrat,House,WA,ELV,2023-1-5,True,False
Rick Larsen,Democrat,House,WA,GD,2023-4-4,True,False
Rick Larsen,Democrat,House,WA,MMC,2023-1-5,True,False
Rick Larsen,Democrat,House,WA,MRK,2022-7-6,True,False
Rick Larsen,Democrat,House,WA,TGT,2022-10-4,True,False
Rick Larsen,Democrat,House,WA,TXN,2022-7-6,False,True
Rick Larsen,Democrat,House,WA,HSY,2022-10-4,True,False
Mark Green,Republican,House,TN,ET,2023-5-16,False,True
Mark Green,Republican,House,TN,ET,2023-5-16,False,True
Mark Green,Republican,House,TN,NGL,2023-5-16,True,False
Neal Dunn,Republican,House,FL,CADE,2023-5-4,True,False
Neal Dunn,Republican,House,FL,COF,2023-5-4,True,False
Neal Dunn,Republican,House,FL,JPM,2023-5-4,True,False
Neal Dunn,Republican,House,FL,JPM,2023-5-4,True,False
Neal Dunn,Republican,House,FL,JPM,2023-5-4,True,False
Neal Dunn,Republican,House,FL,KEY,2023-5-4,True,False
Neal Dunn,Republican,House,FL,RF,2023-5-4,True,False
Neal Dunn,Republican,House,FL,N/A,2023-5-4,True,False
Neal Dunn,Republican,House,FL,USB,2023-5-4,True,False
Neal Dunn,Republican,House,FL,WFC,2023-5-4,True,False
Neal Dunn,Republican,House,FL,WFC,2023-5-4,True,False
Neal Dunn,Republican,House,FL,WFC,2023-5-4,True,False
John Boozman,Republican,Senate,AR,WWGEX,2023-4-12,False,True
John Boozman,Republican,Senate,AR,KRE,2023-4-12,True,False
John Rutherford,Republican,House,FL,N/A,2023-4-27,True,False
Suzan DelBene,Democrat,House,WA,N/A,2023-5-2,True,False
Adrian Smith,Republican,House,NE,N/A,2022-6-17,True,False
Adrian Smith,Republican,House,NE,N/A,2023-1-31,True,False
Scott Franklin,Republican,House,FL,AAPL,2023-4-18,False,True
Scott Franklin,Republican,House,FL,CMCSA,2023-4-18,True,False
Scott Franklin,Republican,House,FL,CMCSA,2023-4-18,True,False
Scott Franklin,Republican,House,FL,COST,2023-4-18,True,False
Scott Franklin,Republican,House,FL,COST,2023-4-18,True,False
Scott Franklin,Republican,House,FL,FCNTX,2023-4-18,True,False
Scott Franklin,Republican,House,FL,FFRHX,2023-4-18,True,False
Scott Franklin,Republican,House,FL,FQAL,2023-4-18,True,False
Scott Franklin,Republican,House,FL,FMCSX,2023-4-18,False,True
Scott Franklin,Republican,House,FL,FSKAX,2023-4-18,False,True
Scott Franklin,Republican,House,FL,FSKAX,2023-4-18,False,True
Scott Franklin,Republican,House,FL,QQQ,2023-4-18,False,True
Scott Franklin,Republican,House,FL,IVV,2023-4-18,True,False
Scott Franklin,Republican,House,FL,IJR,2023-4-18,False,True
Scott Franklin,Republican,House,FL,LSYIX,2023-4-18,True,False
Scott Franklin,Republican,House,FL,LSYIX,2023-4-18,True,False
Scott Franklin,Republican,House,FL,LUBFX,2023-4-18,False,True
Scott Franklin,Republican,House,FL,SBUX,2023-4-18,False,True
Kathy Manning,Democrat,House,NC,ABT,2023-4-27,True,False
Kathy Manning,Democrat,House,NC,ABBV,2023-4-27,False,True
Kathy Manning,Democrat,House,NC,ABBV,2023-4-27,False,True
Kathy Manning,Democrat,House,NC,ABBV,2023-4-27,False,True
Kathy Manning,Democrat,House,NC,ACN,2023-4-27,True,False
Kathy Manning,Democrat,House,NC,ACN,2023-4-27,True,False
Kathy Manning,Democrat,House,NC,GOOGL,2023-4-27,False,True
Kathy Manning,Democrat,House,NC,GOOGL,2023-4-27,False,True
Kathy Manning,Democrat,House,NC,GOOGL,2023-4-27,False,True
Kathy Manning,Democrat,House,NC,AMGN,2023-4-27,True,False
Kathy Manning,Democrat,House,NC,AON,2023-4-27,True,False
Kathy Manning,Democrat,House,NC,AAPL,2023-4-27,True,False
Kathy Manning,Democrat,House,NC,AAPL,2023-4-27,True,False
Kathy Manning,Democrat,House,NC,AAPL,2023-4-27,True,False
Kathy Manning,Democrat,House,NC,CAT,2023-4-27,False,True
Kathy Manning,Democrat,House,NC,CNC,2023-4-27,True,False
Kathy Manning,Democrat,House,NC,CNC,2023-4-27,True,False
Kathy Manning,Democrat,House,NC,CB,2023-4-27,False,True
Kathy Manning,Democrat,House,NC,CFG,2023-4-27,True,False
Kathy Manning,Democrat,House,NC,CFG,2023-4-27,True,False
Kathy Manning,Democrat,House,NC,EL,2023-4-27,False,True
Kathy Manning,Democrat,House,NC,EL,2023-4-27,False,True
Kathy Manning,Democrat,House,NC,INTU,2023-4-27,True,False
Kathy Manning,Democrat,House,NC,INTU,2023-4-27,True,False
Kathy Manning,Democrat,House,NC,JPM,2023-4-27,False,True
Kathy Manning,Democrat,House,NC,JPM,2023-4-27,False,True
Kathy Manning,Democrat,House,NC,LRCX,2023-4-27,True,False
Kathy Manning,Democrat,House,NC,LMT,2023-4-27,False,True
Kathy Manning,Democrat,House,NC,LMT,2023-4-27,False,True
Kathy Manning,Democrat,House,NC,LMT,2023-4-27,False,True
Kathy Manning,Democrat,House,NC,MDT,2023-4-27,True,False
Kathy Manning,Democrat,House,NC,MDT,2023-4-27,True,False
Kathy Manning,Democrat,House,NC,MU,2023-4-27,False,True
Kathy Manning,Democrat,House,NC,MSFT,2023-4-27,True,False
Kathy Manning,Democrat,House,NC,MSFT,2023-4-27,True,False
Kathy Manning,Democrat,House,NC,MSFT,2023-4-27,True,False
Kathy Manning,Democrat,House,NC,NKE,2023-4-27,False,True
Kathy Manning,Democrat,House,NC,NKE,2023-4-27,False,True
Kathy Manning,Democrat,House,NC,NVDA,2023-4-27,True,False
Kathy Manning,Democrat,House,NC,NVDA,2023-4-27,True,False
Kathy Manning,Democrat,House,NC,PKG,2023-4-27,True,False
Kathy Manning,Democrat,House,NC,PKG,2023-4-27,True,False
Kathy Manning,Democrat,House,NC,PYPL,2023-4-27,True,False
Kathy Manning,Democrat,House,NC,PYPL,2023-4-27,True,False
Kathy Manning,Democrat,House,NC,PFE,2023-4-27,True,False
Kathy Manning,Democrat,House,NC,PG,2023-4-27,False,True
Kathy Manning,Democrat,House,NC,QCOM,2023-4-27,True,False
Kathy Manning,Democrat,House,NC,QCOM,2023-4-27,True,False
Kathy Manning,Democrat,House,NC,QCOM,2023-4-27,True,False
Kathy Manning,Democrat,House,NC,SBUX,2023-4-27,False,True
Kathy Manning,Democrat,House,NC,SBUX,2023-4-27,False,True
Kathy Manning,Democrat,House,NC,SBUX,2023-4-27,False,True
Kathy Manning,Democrat,House,NC,TJX,2023-4-27,False,True
Kathy Manning,Democrat,House,NC,TJX,2023-4-27,False,True
Kathy Manning,Democrat,House,NC,TJX,2023-4-27,False,True
Kathy Manning,Democrat,House,NC,WMT,2023-4-27,False,True
Kathy Manning,Democrat,House,NC,DIS,2023-4-27,False,True
Daniel S. Goldman,Democrat,House,NY,ABBV,2023-4-9,False,True
Daniel S. Goldman,Democrat,House,NY,AKR,2023-4-9,False,True
Daniel S. Goldman,Democrat,House,NY,ACN,2023-4-9,True,False
Daniel S. Goldman,Democrat,House,NY,AFRM,2023-4-9,True,False
Daniel S. Goldman,Democrat,House,NY,AGNC,2023-4-9,False,True
Daniel S. Goldman,Democrat,House,NY,ALB,2023-4-9,False,True
Daniel S. Goldman,Democrat,House,NY,ATUS,2023-4-9,True,False
Daniel S. Goldman,Democrat,House,NY,MO,2023-4-9,False,True
Daniel S. Goldman,Democrat,House,NY,AMZN,2023-4-9,True,False
Daniel S. Goldman,Democrat,House,NY,AAT,2023-4-9,False,True
Daniel S. Goldman,Democrat,House,NY,AIG,2023-4-9,False,True
Daniel S. Goldman,Democrat,House,NY,AIG,2023-4-9,False,True
Daniel S. Goldman,Democrat,House,NY,AMT,2023-4-9,True,False
Daniel S. Goldman,Democrat,House,NY,FOLD,2023-4-9,False,True
Daniel S. Goldman,Democrat,House,NY,APO,2023-4-9,False,True
Daniel S. Goldman,Democrat,House,NY,AAPL,2023-4-9,True,False
Daniel S. Goldman,Democrat,House,NY,APTV,2023-4-9,False,True
Daniel S. Goldman,Democrat,House,NY,ANET,2023-4-9,True,False
Daniel S. Goldman,Democrat,House,NY,ARRY,2023-4-9,False,True
Daniel S. Goldman,Democrat,House,NY,TEAM,2023-4-9,True,False
Daniel S. Goldman,Democrat,House,NY,CAR,2023-4-9,True,False
Daniel S. Goldman,Democrat,House,NY,AXS,2023-4-9,False,True
Daniel S. Goldman,Democrat,House,NY,BAC,2023-4-9,False,True
Daniel S. Goldman,Democrat,House,NY,BILL,2023-4-9,True,False
Daniel S. Goldman,Democrat,House,NY,BMY,2023-4-9,True,False
Daniel S. Goldman,Democrat,House,NY,CADE,2023-4-9,True,False
Daniel S. Goldman,Democrat,House,NY,CPT,2023-4-9,False,True
Daniel S. Goldman,Democrat,House,NY,COF,2023-4-9,False,True
Daniel S. Goldman,Democrat,House,NY,CAT,2023-4-9,False,True
Daniel S. Goldman,Democrat,House,NY,CNC,2023-4-9,True,False
Daniel S. Goldman,Democrat,House,NY,CJPRY,2023-4-12,True,False
Daniel S. Goldman,Democrat,House,NY,CHX,2023-4-9,True,False
Daniel S. Goldman,Democrat,House,NY,CHPT,2023-4-9,True,False
Daniel S. Goldman,Democrat,House,NY,GTLS,2023-4-9,True,False
Daniel S. Goldman,Democrat,House,NY,CB,2023-4-9,True,False
Daniel S. Goldman,Democrat,House,NY,CFG,2023-4-9,True,False
Daniel S. Goldman,Democrat,House,NY,YOU,2023-4-9,False,True
Daniel S. Goldman,Democrat,House,NY,CLF,2023-4-9,True,False
Daniel S. Goldman,Democrat,House,NY,KO,2023-4-9,True,False
Daniel S. Goldman,Democrat,House,NY,CTSH,2023-4-9,True,False
Daniel S. Goldman,Democrat,House,NY,N/A,2023-4-18,True,False
Daniel S. Goldman,Democrat,House,NY,COLB,2023-4-9,True,False
Daniel S. Goldman,Democrat,House,NY,CMSQY,2023-4-12,True,False
Daniel S. Goldman,Democrat,House,NY,CAG,2023-4-9,False,True
Daniel S. Goldman,Democrat,House,NY,CONN,2023-4-9,False,True
Daniel S. Goldman,Democrat,House,NY,CSGP,2023-4-9,True,False
Daniel S. Goldman,Democrat,House,NY,CCI,2023-4-9,True,False
Daniel S. Goldman,Democrat,House,NY,CWK,2023-4-9,False,True
Daniel S. Goldman,Democrat,House,NY,CVS,2023-4-9,False,True
Daniel S. Goldman,Democrat,House,NY,DDOG,2023-4-9,False,True
Daniel S. Goldman,Democrat,House,NY,DE,2023-4-9,False,True
Daniel S. Goldman,Democrat,House,NY,DLR,2023-4-9,False,True
Daniel S. Goldman,Democrat,House,NY,DISH,2023-4-9,True,False
Daniel S. Goldman,Democrat,House,NY,DG,2023-4-9,True,False
Daniel S. Goldman,Democrat,House,NY,DLTR,2023-4-9,True,False
Daniel S. Goldman,Democrat,House,NY,N/A,2023-4-12,True,False
Daniel S. Goldman,Democrat,House,NY,DNB,2023-4-9,False,True
Daniel S. Goldman,Democrat,House,NY,EWBC,2023-4-9,False,True
Daniel S. Goldman,Democrat,House,NY,EDIT,2023-4-9,False,True
Daniel S. Goldman,Democrat,House,NY,ESRT,2023-4-9,False,True
Daniel S. Goldman,Democrat,House,NY,ENPH,2023-4-9,False,True
Daniel S. Goldman,Democrat,House,NY,EPAM,2023-4-9,True,False
Daniel S. Goldman,Democrat,House,NY,EL,2023-4-9,False,True
Daniel S. Goldman,Democrat,House,NY,N/A,2023-4-24,False,True
Daniel S. Goldman,Democrat,House,NY,EXR,2023-4-9,False,True
Daniel S. Goldman,Democrat,House,NY,FIS,2023-4-9,True,False
Daniel S. Goldman,Democrat,House,NY,FITB,2023-4-9,False,True
Daniel S. Goldman,Democrat,House,NY,FCNCA,2023-4-9,True,False
Daniel S. Goldman,Democrat,House,NY,FLO,2023-4-9,False,True
Daniel S. Goldman,Democrat,House,NY,FNF,2023-4-9,True,False
Daniel S. Goldman,Democrat,House,NY,F,2023-4-9,False,True
Daniel S. Goldman,Democrat,House,NY,FCEL,2023-4-9,False,True
Daniel S. Goldman,Democrat,House,NY,GM,2023-4-9,False,True
Daniel S. Goldman,Democrat,House,NY,GM,2023-4-9,False,True
Daniel S. Goldman,Democrat,House,NY,GTLB,2023-4-9,False,True
Daniel S. Goldman,Democrat,House,NY,HAL,2023-4-9,True,False
Daniel S. Goldman,Democrat,House,NY,HQY,2023-4-9,False,True
Daniel S. Goldman,Democrat,House,NY,N/A,2023-4-9,True,False
Daniel S. Goldman,Democrat,House,NY,N/A,2023-4-24,False,True
Daniel S. Goldman,Democrat,House,NY,HRL,2023-4-9,False,True
Daniel S. Goldman,Democrat,House,NY,HUN,2023-4-9,False,True
Daniel S. Goldman,Democrat,House,NY,HUN,2023-4-9,False,True
Daniel S. Goldman,Democrat,House,NY,IIPR,2023-4-9,False,True
Daniel S. Goldman,Democrat,House,NY,INSP,2023-4-9,False,True
Daniel S. Goldman,Democrat,House,NY,PODD,2023-4-9,True,False
Daniel S. Goldman,Democrat,House,NY,IFF,2023-4-9,True,False
Daniel S. Goldman,Democrat,House,NY,IQV,2023-4-9,False,True
Daniel S. Goldman,Democrat,House,NY,JKHY,2023-4-9,False,True
Daniel S. Goldman,Democrat,House,NY,JBGS,2023-4-9,False,True
Daniel S. Goldman,Democrat,House,NY,JCI,2023-4-9,False,True
Daniel S. Goldman,Democrat,House,NY,JLL,2023-4-9,False,True
Daniel S. Goldman,Democrat,House,NY,JPM,2023-4-9,False,True
Daniel S. Goldman,Democrat,House,NY,KRTX,2023-4-9,False,True
Daniel S. Goldman,Democrat,House,NY,KDP,2023-4-9,False,True
Daniel S. Goldman,Democrat,House,NY,KR,2023-4-9,True,False
Daniel S. Goldman,Democrat,House,NY,LC,2023-4-9,False,True
Daniel S. Goldman,Democrat,House,NY,FWONK,2023-4-9,False,True
Daniel S. Goldman,Democrat,House,NY,LNC,2023-4-9,False,True
Daniel S. Goldman,Democrat,House,NY,LPSN,2023-4-9,False,True
Daniel S. Goldman,Democrat,House,NY,N/A,2023-4-11,True,False
Daniel S. Goldman,Democrat,House,NY,LUMN,2023-4-9,True,False
Daniel S. Goldman,Democrat,House,NY,MTB,2023-4-9,True,False
Daniel S. Goldman,Democrat,House,NY,MDGL,2023-4-9,False,True
Daniel S. Goldman,Democrat,House,NY,N/A,2023-4-10,False,True
Daniel S. Goldman,Democrat,House,NY,MRVI,2023-4-9,False,True
Daniel S. Goldman,Democrat,House,NY,MKTX,2023-4-9,True,False
Daniel S. Goldman,Democrat,House,NY,VAC,2023-4-9,False,True
Daniel S. Goldman,Democrat,House,NY,MPW,2023-4-9,True,False
Daniel S. Goldman,Democrat,House,NY,MRK,2023-4-9,True,False
Daniel S. Goldman,Democrat,House,NY,N/A,2023-4-12,False,True
Daniel S. Goldman,Democrat,House,NY,N/A,2023-4-9,False,True
Daniel S. Goldman,Democrat,House,NY,MSFT,2023-4-9,True,False
Daniel S. Goldman,Democrat,House,NY,MLKN,2023-4-9,False,True
Daniel S. Goldman,Democrat,House,NY,MRTX,2023-4-9,False,True
Daniel S. Goldman,Democrat,House,NY,MRNA,2023-4-9,True,False
Daniel S. Goldman,Democrat,House,NY,MOH,2023-4-9,True,False
Daniel S. Goldman,Democrat,House,NY,TAP,2023-4-9,False,True
Daniel S. Goldman,Democrat,House,NY,MDLZ,2023-4-9,True,False
Daniel S. Goldman,Democrat,House,NY,N/A,2023-4-10,False,True
Daniel S. Goldman,Democrat,House,NY,MOS,2023-4-9,False,True
Daniel S. Goldman,Democrat,House,NY,MOS,2023-4-9,True,False
Daniel S. Goldman,Democrat,House,NY,N/A,2023-4-18,False,True
Daniel S. Goldman,Democrat,House,NY,N/A,2023-4-18,True,False
Daniel S. Goldman,Democrat,House,NY,N/A,2023-4-10,True,False
Daniel S. Goldman,Democrat,House,NY,N/A,2023-4-25,True,False
Daniel S. Goldman,Democrat,House,NY,NDAQ,2023-4-9,False,True
Daniel S. Goldman,Democrat,House,NY,NTRA,2023-4-9,False,True
Daniel S. Goldman,Democrat,House,NY,NFG,2023-4-9,True,False
Daniel S. Goldman,Democrat,House,NY,N/A,2023-4-18,False,True
Daniel S. Goldman,Democrat,House,NY,NYCB,2023-4-9,False,True
Daniel S. Goldman,Democrat,House,NY,NEM,2023-4-9,False,True
Daniel S. Goldman,Democrat,House,NY,NTDOY,2023-4-12,True,False
Daniel S. Goldman,Democrat,House,NY,NOV,2023-4-9,False,True
Daniel S. Goldman,Democrat,House,NY,NTNX,2023-4-9,False,True
Daniel S. Goldman,Democrat,House,NY,NVDA,2023-4-9,True,False
Daniel S. Goldman,Democrat,House,NY,N/A,2023-4-3,True,False
Daniel S. Goldman,Democrat,House,NY,OLPX,2023-4-9,True,False
Daniel S. Goldman,Democrat,House,NY,N/A,2023-4-9,False,True
Daniel S. Goldman,Democrat,House,NY,OGS,2023-4-9,True,False
Daniel S. Goldman,Democrat,House,NY,OPEN,2023-4-9,True,False
Daniel S. Goldman,Democrat,House,NY,OUT,2023-4-9,False,True
Daniel S. Goldman,Democrat,House,NY,PFE,2023-4-9,False,True
Daniel S. Goldman,Democrat,House,NY,PLUG,2023-4-9,True,False
Daniel S. Goldman,Democrat,House,NY,QTWO,2023-4-9,False,True
Daniel S. Goldman,Democrat,House,NY,QABSY,2023-4-12,True,False
Daniel S. Goldman,Democrat,House,NY,QS,2023-4-9,True,False
Daniel S. Goldman,Democrat,House,NY,RGA,2023-4-9,False,True
Daniel S. Goldman,Democrat,House,NY,RNG,2023-4-9,False,True
Daniel S. Goldman,Democrat,House,NY,RBA,2023-4-9,False,True
Daniel S. Goldman,Democrat,House,NY,RITM,2023-4-9,False,True
Daniel S. Goldman,Democrat,House,NY,ROKU,2023-4-9,True,False
Daniel S. Goldman,Democrat,House,NY,SBRA,2023-4-9,False,True
Daniel S. Goldman,Democrat,House,NY,SRPT,2023-4-9,False,True
Daniel S. Goldman,Democrat,House,NY,SBAC,2023-4-9,True,False
Daniel S. Goldman,Democrat,House,NY,N/A,2023-4-19,True,False
Daniel S. Goldman,Democrat,House,NY,SHLS,2023-4-9,False,True
Daniel S. Goldman,Democrat,House,NY,SPG,2023-4-9,False,True
Daniel S. Goldman,Democrat,House,NY,SLG,2023-4-9,False,True
Daniel S. Goldman,Democrat,House,NY,SOBKY,2023-4-12,True,False
Daniel S. Goldman,Democrat,House,NY,N/A,2023-4-24,False,True
Daniel S. Goldman,Democrat,House,NY,SWX,2023-4-9,False,True
Daniel S. Goldman,Democrat,House,NY,SR,2023-4-9,False,True
Daniel S. Goldman,Democrat,House,NY,SYF,2023-4-9,False,True
Daniel S. Goldman,Democrat,House,NY,SYY,2023-4-9,False,True
Daniel S. Goldman,Democrat,House,NY,TFX,2023-4-9,True,False
Daniel S. Goldman,Democrat,House,NY,TLSYY,2023-4-12,True,False
Daniel S. Goldman,Democrat,House,NY,TEX,2023-4-9,True,False
Daniel S. Goldman,Democrat,House,NY,TSLA,2023-4-9,True,False
Daniel S. Goldman,Democrat,House,NY,TSLA,2023-4-9,True,False
Daniel S. Goldman,Democrat,House,NY,KHC,2023-4-9,True,False
Daniel S. Goldman,Democrat,House,NY,THO,2023-4-9,False,True
Daniel S. Goldman,Democrat,House,NY,N/A,2023-4-9,True,False
Daniel S. Goldman,Democrat,House,NY,USB,2023-4-9,True,False
Daniel S. Goldman,Democrat,House,NY,UGI,2023-4-9,False,True
Daniel S. Goldman,Democrat,House,NY,UGI,2023-4-9,False,True
Daniel S. Goldman,Democrat,House,NY,UAL,2023-4-9,True,False
Daniel S. Goldman,Democrat,House,NY,UAL,2023-4-9,False,True
Daniel S. Goldman,Democrat,House,NY,X,2023-4-9,False,True
Daniel S. Goldman,Democrat,House,NY,UNM,2023-4-9,False,True
Daniel S. Goldman,Democrat,House,NY,ESV,2023-4-9,True,False
Daniel S. Goldman,Democrat,House,NY,VTR,2023-4-9,False,True
Daniel S. Goldman,Democrat,House,NY,VCYT,2023-4-9,False,True
Daniel S. Goldman,Democrat,House,NY,VZ,2023-4-9,False,True
Daniel S. Goldman,Democrat,House,NY,VTRS,2023-4-9,False,True
Daniel S. Goldman,Democrat,House,NY,VNO,2023-4-9,True,False
Daniel S. Goldman,Democrat,House,NY,W,2023-4-9,False,True
Daniel S. Goldman,Democrat,House,NY,WBS,2023-4-9,True,False
Daniel S. Goldman,Democrat,House,NY,WFC,2023-4-9,False,True
Daniel S. Goldman,Democrat,House,NY,WFAFY,2023-4-12,False,True
Daniel S. Goldman,Democrat,House,NY,WJRYY,2023-4-12,True,False
Daniel S. Goldman,Democrat,House,NY,WY,2023-4-9,False,True
Daniel S. Goldman,Democrat,House,NY,WPM,2023-4-9,False,True
Daniel S. Goldman,Democrat,House,NY,WTW,2023-4-9,False,True
Daniel S. Goldman,Democrat,House,NY,ZTS,2023-4-9,False,True
Daniel S. Goldman,Democrat,House,NY,ZS,2023-4-9,False,True
Lois Frankel,Democrat,House,FL,BSX,2023-4-18,False,True
Lois Frankel,Democrat,House,FL,BSX,2023-4-30,False,True
Lois Frankel,Democrat,House,FL,CRL,2023-4-24,True,False
Lois Frankel,Democrat,House,FL,CMCSA,2023-5-2,False,True
Lois Frankel,Democrat,House,FL,EPAM,2023-4-18,False,True
Lois Frankel,Democrat,House,FL,IT,2023-4-18,False,True
Lois Frankel,Democrat,House,FL,HES,2023-4-23,False,True
Lois Frankel,Democrat,House,FL,PNC,2023-4-25,True,False
Lois Frankel,Democrat,House,FL,PNC,2023-4-18,True,False
Lois Frankel,Democrat,House,FL,PPG,2023-4-18,False,True
Lois Frankel,Democrat,House,FL,PPG,2023-4-25,False,True
Lois Frankel,Democrat,House,FL,PLD,2023-5-2,True,False
Lois Frankel,Democrat,House,FL,HSY,2023-4-23,False,True
Lois Frankel,Democrat,House,FL,UI,2023-4-18,False,True
Lois Frankel,Democrat,House,FL,UI,2023-5-2,False,True
Lois Frankel,Democrat,House,FL,VNT,2023-4-23,False,True
Lois Frankel,Democrat,House,FL,WRB,2023-4-30,True,False
Josh Gottheimer,Democrat,House,NJ,AMD,2023-4-27,True,False
Josh Gottheimer,Democrat,House,NJ,GOOGL,2023-4-23,True,False
Josh Gottheimer,Democrat,House,NJ,AMGN,2023-4-11,True,False
Josh Gottheimer,Democrat,House,NJ,APPF,2023-4-2,True,False
Josh Gottheimer,Democrat,House,NJ,AAPL,2023-4-5,True,False
Josh Gottheimer,Democrat,House,NJ,AAPL,2023-4-26,True,False
Josh Gottheimer,Democrat,House,NJ,AAPL,2023-4-19,True,False
Josh Gottheimer,Democrat,House,NJ,ARQT,2023-4-16,True,False
Josh Gottheimer,Democrat,House,NJ,AZO,2023-4-9,False,True
Josh Gottheimer,Democrat,House,NJ,N/A,2023-4-24,True,False
Josh Gottheimer,Democrat,House,NJ,COF,2023-4-26,False,True
Josh Gottheimer,Democrat,House,NJ,CHX,2023-4-4,True,False
Josh Gottheimer,Democrat,House,NJ,SCHW,2023-4-13,True,False
Josh Gottheimer,Democrat,House,NJ,CHDN,2023-4-4,False,True
Josh Gottheimer,Democrat,House,NJ,CTSH,2023-4-26,False,True
Josh Gottheimer,Democrat,House,NJ,COP,2023-4-11,False,True
Josh Gottheimer,Democrat,House,NJ,COP,2023-4-19,False,True
Josh Gottheimer,Democrat,House,NJ,CCI,2023-4-16,True,False
Josh Gottheimer,Democrat,House,NJ,ENPH,2023-4-5,False,True
Josh Gottheimer,Democrat,House,NJ,ETSY,2023-4-26,False,True
Josh Gottheimer,Democrat,House,NJ,FIS,2023-4-16,True,False
Josh Gottheimer,Democrat,House,NJ,FSLR,2023-4-23,True,False
Josh Gottheimer,Democrat,House,NJ,FSLR,2023-4-5,True,False
Josh Gottheimer,Democrat,House,NJ,FSLR,2023-4-18,True,False
Josh Gottheimer,Democrat,House,NJ,FOXF,2023-4-9,True,False
Josh Gottheimer,Democrat,House,NJ,GMED,2023-4-2,True,False
Josh Gottheimer,Democrat,House,NJ,LOW,2023-4-9,False,True
Josh Gottheimer,Democrat,House,NJ,MA,2023-4-9,False,True
Josh Gottheimer,Democrat,House,NJ,MSFT,2023-4-9,True,False
Josh Gottheimer,Democrat,House,NJ,MSFT,2023-4-26,False,True
Josh Gottheimer,Democrat,House,NJ,MNST,2023-4-26,True,False
Josh Gottheimer,Democrat,House,NJ,MNST,2023-4-9,False,True
Josh Gottheimer,Democrat,House,NJ,MS,2023-4-9,False,True
Josh Gottheimer,Democrat,House,NJ,MSCI,2023-4-26,False,True
Josh Gottheimer,Democrat,House,NJ,NFLX,2023-4-2,False,True
Josh Gottheimer,Democrat,House,NJ,NVDA,2023-4-2,False,True
Josh Gottheimer,Democrat,House,NJ,ORCL,2023-4-2,False,True
Josh Gottheimer,Democrat,House,NJ,SLGN,2023-4-27,True,False
Josh Gottheimer,Democrat,House,NJ,SNAP,2023-4-25,False,True
Josh Gottheimer,Democrat,House,NJ,SBUX,2023-4-20,True,False
Josh Gottheimer,Democrat,House,NJ,TXN,2023-4-27,False,True
Josh Gottheimer,Democrat,House,NJ,TWKS,2023-4-16,True,False
Josh Gottheimer,Democrat,House,NJ,UBER,2023-4-26,False,True
Josh Gottheimer,Democrat,House,NJ,UTZ,2023-4-13,True,False
Josh Gottheimer,Democrat,House,NJ,VBTX,2023-4-16,True,False
Sheldon Whitehouse,Democrat,Senate,RI,ESS,2023-4-17,False,True
Sheldon Whitehouse,Democrat,Senate,RI,ESS,2023-4-17,False,True
Michael Bennet,Democrat,Senate,CO,N/A,2023-4-25,True,False
Zoe Lofgren,Democrat,House,CA,N/A,2023-3-10,False,True
Zoe Lofgren,Democrat,House,CA,EXPE,2022-8-24,False,True
Zoe Lofgren,Democrat,House,CA,UNP,2022-4-3,True,False
Rudy Yakym,Republican,House,IN,N/A,2023-5-8,True,False
Marcy Kaptur,Democrat,House,OH,ANDE,2022-10-20,False,True
Debbie Dingell,Democrat,House,MI,DIS,2022-11-28,True,False
Ron Wyden,Democrat,Senate,OR,STX,2022-11-10,False,True
Ron Wyden,Democrat,Senate,OR,BALL,2022-11-10,False,True
Ron Wyden,Democrat,Senate,OR,COUP,2022-11-10,False,True
Ron Wyden,Democrat,Senate,OR,DIS,2022-11-10,False,True
Ron Wyden,Democrat,Senate,OR,META,2022-11-10,False,True
Ron Wyden,Democrat,Senate,OR,FDX,2022-11-10,False,True
Ron Wyden,Democrat,Senate,OR,IRBT,2022-11-10,False,True
Ron Wyden,Democrat,Senate,OR,JTKWY,2022-11-10,False,True
Ron Wyden,Democrat,Senate,OR,MTCH,2022-11-10,False,True
Ron Wyden,Democrat,Senate,OR,NFLX,2022-11-10,False,True
Ron Wyden,Democrat,Senate,OR,PYPL,2022-11-10,False,True
Ron Wyden,Democrat,Senate,OR,SQ,2022-11-10,False,True
Ron Wyden,Democrat,Senate,OR,MMM,2022-11-10,False,True
Ron Wyden,Democrat,Senate,OR,WDAY,2022-11-10,False,True
John Hickenlooper,Democrat,Senate,CO,TTD,2023-4-27,False,True
John Hickenlooper,Democrat,Senate,CO,PTON,2023-4-27,False,True
John Hickenlooper,Democrat,Senate,CO,DIS,2023-4-27,False,True
John Hickenlooper,Democrat,Senate,CO,CMCSA,2023-4-27,False,True
John Hickenlooper,Democrat,Senate,CO,CCCS,2023-4-27,False,True
John Hickenlooper,Democrat,Senate,CO,AMZN,2023-4-27,False,True
John Hickenlooper,Democrat,Senate,CO,BABA,2023-4-27,False,True
John Hickenlooper,Democrat,Senate,CO,SNAP,2023-4-27,False,True
John Hickenlooper,Democrat,Senate,CO,PINS,2023-4-27,False,True
John Hickenlooper,Democrat,Senate,CO,CARG,2023-4-11,False,True
John Hickenlooper,Democrat,Senate,CO,BBY,2023-4-11,False,True
John Hickenlooper,Democrat,Senate,CO,CMG,2023-4-30,False,True
Shelley Moore Capito,Republican,Senate,WV,UPS,2023-4-3,False,True
Shelley Moore Capito,Republican,Senate,WV,MCD,2023-4-3,False,True
Shelley Moore Capito,Republican,Senate,WV,DUK,2023-4-3,False,True
John Sarbanes,Democrat,House,MD,N/A,2022-6-9,True,False
John Sarbanes,Democrat,House,MD,N/A,2022-6-26,True,False
Jared Moskowitz,Democrat,House,FL,ADI,2023-4-13,True,False
Jared Moskowitz,Democrat,House,FL,KMB,2023-4-13,False,True
Jared Moskowitz,Democrat,House,FL,PEG,2023-4-13,False,True
Jared Moskowitz,Democrat,House,FL,ROP,2023-4-13,True,False
Jared Moskowitz,Democrat,House,FL,SHW,2023-4-13,False,True
Deborah Ross,Democrat,House,NC,U,2022-11-6,False,False
Deborah Ross,Democrat,House,NC,IS,2022-11-6,False,False
Susie Lee,Democrat,House,NV,AJG,2023-4-19,False,True
Susie Lee,Democrat,House,NV,IQV,2023-4-19,False,True
Susie Lee,Democrat,House,NV,LPLA,2023-4-19,False,True
Michael McCaul,Republican,House,TX,N/A,2023-4-17,True,False
Michael McCaul,Republican,House,TX,ANET,2023-4-4,True,False
Michael McCaul,Republican,House,TX,N/A,2023-4-2,True,False
Michael McCaul,Republican,House,TX,N/A,2023-4-16,True,False
Michael McCaul,Republican,House,TX,SCHW,2023-4-20,True,False
Michael McCaul,Republican,House,TX,N/A,2023-4-24,True,False
Michael McCaul,Republican,House,TX,N/A,2023-4-9,True,False
Michael McCaul,Republican,House,TX,N/A,2023-4-16,True,False
Michael McCaul,Republican,House,TX,N/A,2023-4-26,True,False
Michael McCaul,Republican,House,TX,SCHW,2023-4-20,True,False
Michael McCaul,Republican,House,TX,SEDG,2023-4-4,True,False
Michael McCaul,Republican,House,TX,N/A,2023-4-20,True,False
Michael McCaul,Republican,House,TX,EPAM,2023-4-2,True,False
Michael McCaul,Republican,House,TX,PYPL,2023-4-2,True,False
Michael McCaul,Republican,House,TX,ADSK,2023-4-2,True,False
Michael McCaul,Republican,House,TX,ADSK,2023-4-4,True,False
Michael McCaul,Republican,House,TX,ACN,2023-4-4,True,False
Michael McCaul,Republican,House,TX,EPAM,2023-4-4,True,False
Michael McCaul,Republican,House,TX,N/A,2023-4-27,True,False
Michael McCaul,Republican,House,TX,N/A,2023-4-13,False,True
Michael McCaul,Republican,House,TX,NSIT,2023-4-4,False,True
Michael McCaul,Republican,House,TX,MNST,2023-4-4,False,True
Michael McCaul,Republican,House,TX,BSX,2023-4-20,False,True
Michael McCaul,Republican,House,TX,BSX,2023-4-4,False,True
Michael McCaul,Republican,House,TX,SCHW,2023-4-4,False,True
Michael McCaul,Republican,House,TX,N/A,2023-4-26,False,True
Michael McCaul,Republican,House,TX,SCHW,2023-4-2,False,True
Michael McCaul,Republican,House,TX,SCHW,2023-4-20,False,True
Michael McCaul,Republican,House,TX,N/A,2023-4-2,False,True
Michael McCaul,Republican,House,TX,AON,2023-4-4,False,True
Michael McCaul,Republican,House,TX,N/A,2023-4-16,False,True
Michael McCaul,Republican,House,TX,N/A,2023-4-18,False,True
Michael McCaul,Republican,House,TX,N/A,2023-4-16,False,True
Michael McCaul,Republican,House,TX,N/A,2023-4-2,False,True
Michael McCaul,Republican,House,TX,N/A,2023-4-23,True,False
Michael McCaul,Republican,House,TX,N/A,2023-4-23,True,False
Michael McCaul,Republican,House,TX,N/A,2023-4-19,True,False
Michael McCaul,Republican,House,TX,N/A,2023-4-18,True,False
Michael McCaul,Republican,House,TX,TSN,2023-4-19,True,False
Michael McCaul,Republican,House,TX,TSN,2023-4-25,True,False
Michael McCaul,Republican,House,TX,EQH,2023-4-13,True,False
Michael McCaul,Republican,House,TX,TSN,2023-4-2,True,False
Michael McCaul,Republican,House,TX,MLKN,2023-4-5,False,True
Michael McCaul,Republican,House,TX,MLKN,2023-4-2,False,True
Michael McCaul,Republican,House,TX,CNHI,2023-4-24,False,True
Michael McCaul,Republican,House,TX,MLKN,2023-4-4,False,True
Michael McCaul,Republican,House,TX,MLKN,2023-4-3,False,True
Michael McCaul,Republican,House,TX,DOW,2023-4-25,False,True
Michael McCaul,Republican,House,TX,AIG,2023-4-13,False,True
Michael McCaul,Republican,House,TX,INTC,2023-4-19,False,True
Michael McCaul,Republican,House,TX,VWLUX,2023-4-2,True,False
Michael McCaul,Republican,House,TX,DFCEX,2023-4-2,True,False
Michael McCaul,Republican,House,TX,N/A,2023-4-26,True,False
Michael McCaul,Republican,House,TX,VMFXX,2023-4-26,False,True
Michael McCaul,Republican,House,TX,VMFXX,2023-4-19,True,False
Michael McCaul,Republican,House,TX,N/A,2023-4-17,True,False
Michael McCaul,Republican,House,TX,ANET,2023-4-4,True,False
Michael McCaul,Republican,House,TX,N/A,2023-4-2,True,False
Michael McCaul,Republican,House,TX,N/A,2023-4-16,True,False
Michael McCaul,Republican,House,TX,SCHW,2023-4-20,True,False
Michael McCaul,Republican,House,TX,N/A,2023-4-24,True,False
Michael McCaul,Republican,House,TX,N/A,2023-4-9,True,False
Michael McCaul,Republican,House,TX,N/A,2023-4-16,True,False
Michael McCaul,Republican,House,TX,N/A,2023-4-26,True,False
Michael McCaul,Republican,House,TX,SCHW,2023-4-20,True,False
Michael McCaul,Republican,House,TX,SEDG,2023-4-4,True,False
Michael McCaul,Republican,House,TX,N/A,2023-4-20,True,False
Michael McCaul,Republican,House,TX,EPAM,2023-4-2,True,False
Michael McCaul,Republican,House,TX,PYPL,2023-4-2,True,False
Michael McCaul,Republican,House,TX,ADSK,2023-4-2,True,False
Michael McCaul,Republican,House,TX,ADSK,2023-4-4,True,False
Michael McCaul,Republican,House,TX,ACN,2023-4-4,True,False
Michael McCaul,Republican,House,TX,EPAM,2023-4-4,True,False
Michael McCaul,Republican,House,TX,N/A,2023-4-27,True,False
Michael McCaul,Republican,House,TX,N/A,2023-4-13,False,True
Michael McCaul,Republican,House,TX,NSIT,2023-4-4,False,True
Michael McCaul,Republican,House,TX,MNST,2023-4-4,False,True
Michael McCaul,Republican,House,TX,BSX,2023-4-20,False,True
Michael McCaul,Republican,House,TX,BSX,2023-4-4,False,True
Michael McCaul,Republican,House,TX,SCHW,2023-4-4,False,True
Michael McCaul,Republican,House,TX,N/A,2023-4-26,False,True
Michael McCaul,Republican,House,TX,SCHW,2023-4-2,False,True
Michael McCaul,Republican,House,TX,SCHW,2023-4-20,False,True
Michael McCaul,Republican,House,TX,N/A,2023-4-2,False,True
Michael McCaul,Republican,House,TX,AON,2023-4-4,False,True
Michael McCaul,Republican,House,TX,N/A,2023-4-16,False,True
Michael McCaul,Republican,House,TX,N/A,2023-4-18,False,True
Michael McCaul,Republican,House,TX,N/A,2023-4-16,False,True
Michael McCaul,Republican,House,TX,N/A,2023-4-2,False,True
Michael McCaul,Republican,House,TX,N/A,2023-4-23,True,False
Michael McCaul,Republican,House,TX,N/A,2023-4-23,True,False
Michael McCaul,Republican,House,TX,N/A,2023-4-19,True,False
Michael McCaul,Republican,House,TX,N/A,2023-4-18,True,False
Michael McCaul,Republican,House,TX,TSN,2023-4-19,True,False
Michael McCaul,Republican,House,TX,TSN,2023-4-25,True,False
Michael McCaul,Republican,House,TX,EQH,2023-4-13,True,False
Michael McCaul,Republican,House,TX,TSN,2023-4-2,True,False
Michael McCaul,Republican,House,TX,MLKN,2023-4-5,False,True
Michael McCaul,Republican,House,TX,MLKN,2023-4-2,False,True
Michael McCaul,Republican,House,TX,CNHI,2023-4-24,False,True
Michael McCaul,Republican,House,TX,MLKN,2023-4-4,False,True
Michael McCaul,Republican,House,TX,MLKN,2023-4-3,False,True
Michael McCaul,Republican,House,TX,DOW,2023-4-25,False,True
Michael McCaul,Republican,House,TX,AIG,2023-4-13,False,True
Michael McCaul,Republican,House,TX,INTC,2023-4-19,False,True
Michael McCaul,Republican,House,TX,VWLUX,2023-4-2,True,False
Michael McCaul,Republican,House,TX,DFCEX,2023-4-2,True,False
Michael McCaul,Republican,House,TX,N/A,2023-4-26,True,False
Michael McCaul,Republican,House,TX,VMFXX,2023-4-26,False,True
Michael McCaul,Republican,House,TX,VMFXX,2023-4-19,True,False
Jonathan Jackson,Democrat,House,IL,N/A,2023-4-27,False,True
Jonathan Jackson,Democrat,House,IL,AME,2023-1-22,True,False
Jonathan Jackson,Democrat,House,IL,BHF,2023-2-27,True,False
Jonathan Jackson,Democrat,House,IL,BHF,2023-4-13,False,True
Jonathan Jackson,Democrat,House,IL,DE,2023-1-16,True,False
Jonathan Jackson,Democrat,House,IL,N/A,2023-4-13,True,False
Jonathan Jackson,Democrat,House,IL,NVDA,2023-4-13,True,False
Jonathan Jackson,Democrat,House,IL,PH,2023-1-8,True,False
Jonathan Jackson,Democrat,House,IL,UNH,2023-2-27,False,True
Jonathan Jackson,Democrat,House,IL,V,2023-1-9,True,False
Chuck Fleischmann,Republican,House,TN,PDBC,2023-4-25,False,True
Chuck Fleischmann,Republican,House,TN,XMHQ,2023-4-25,True,False
Chuck Fleischmann,Republican,House,TN,HYBB,2023-4-25,False,True
Chuck Fleischmann,Republican,House,TN,CALF,2023-4-25,False,True
Chuck Fleischmann,Republican,House,TN,SLYG,2023-4-25,False,True
Chuck Fleischmann,Republican,House,TN,MDYG,2023-4-25,True,False
Chuck Fleischmann,Republican,House,TN,MDYV,2023-4-25,False,True
Chuck Fleischmann,Republican,House,TN,GRMN,2023-4-9,True,False
Chuck Fleischmann,Republican,House,TN,DKNG,2023-4-9,False,True
Chuck Fleischmann,Republican,House,TN,PNFP,2023-4-9,True,False
Chuck Fleischmann,Republican,House,TN,TROW,2023-4-9,True,False
Chuck Fleischmann,Republican,House,TN,TCEHY,2023-4-9,False,True
Chuck Fleischmann,Republican,House,TN,MMM,2023-4-9,True,False
Chuck Fleischmann,Republican,House,TN,UPWK,2023-4-9,False,True
Tommy Tuberville,Republican,Senate,AL,CLF,2023-4-27,False,True
Tommy Tuberville,Republican,Senate,AL,CLF,2023-4-27,False,True
Tommy Tuberville,Republican,Senate,AL,CLF,2023-4-27,False,True
Tommy Tuberville,Republican,Senate,AL,CLF,2023-4-27,False,True
Tommy Tuberville,Republican,Senate,AL,CLF,2023-4-27,False,True
Tommy Tuberville,Republican,Senate,AL,F,2023-4-27,True,False
Tommy Tuberville,Republican,Senate,AL,F,2023-4-26,True,False
Tommy Tuberville,Republican,Senate,AL,F,2023-4-25,True,False
Tommy Tuberville,Republican,Senate,AL,ATVI,2023-4-25,False,True
Tommy Tuberville,Republican,Senate,AL,CLF,2023-4-23,False,True
Tommy Tuberville,Republican,Senate,AL,CLF,2023-4-23,False,True
Tommy Tuberville,Republican,Senate,AL,CLF,2023-4-23,False,True
Tommy Tuberville,Republican,Senate,AL,X,2023-4-23,False,True
Tommy Tuberville,Republican,Senate,AL,X,2023-4-23,False,True
Tommy Tuberville,Republican,Senate,AL,CLF,2023-4-23,True,False
Tommy Tuberville,Republican,Senate,AL,OXY,2023-4-17,False,True
Tommy Tuberville,Republican,Senate,AL,KMB,2023-4-13,False,True
Tommy Tuberville,Republican,Senate,AL,MMM,2023-4-13,True,False
Tommy Tuberville,Republican,Senate,AL,MRO,2023-4-13,False,True
Tommy Tuberville,Republican,Senate,AL,KR,2023-4-9,False,True
Tommy Tuberville,Republican,Senate,AL,MDLZ,2023-4-9,False,True
Tommy Tuberville,Republican,Senate,AL,PARA,2023-4-9,False,True
Tommy Tuberville,Republican,Senate,AL,HPQ,2023-4-9,False,True
Tommy Tuberville,Republican,Senate,AL,TSLA,2023-4-3,False,True
Tommy Tuberville,Republican,Senate,AL,TXN,2023-4-2,False,True
Tommy Tuberville,Republican,Senate,AL,XP,2023-4-2,True,False
Tommy Tuberville,Republican,Senate,AL,VCTR,2023-4-2,False,True
Tommy Tuberville,Republican,Senate,AL,VZ,2023-4-2,True,False
Tommy Tuberville,Republican,Senate,AL,TREX,2023-4-2,False,True
Tommy Tuberville,Republican,Senate,AL,MMM,2023-4-2,True,False
Tommy Tuberville,Republican,Senate,AL,TMO,2023-4-2,False,True
Tommy Tuberville,Republican,Senate,AL,MSFT,2023-4-2,False,True
Tommy Tuberville,Republican,Senate,AL,TSLA,2023-4-2,True,False
Tommy Tuberville,Republican,Senate,AL,SKY,2023-4-2,True,False
Tommy Tuberville,Republican,Senate,AL,SSD,2023-4-2,True,False
Tommy Tuberville,Republican,Senate,AL,SCI,2023-4-2,False,True
Tommy Tuberville,Republican,Senate,AL,QSR,2023-4-2,True,False
Tommy Tuberville,Republican,Senate,AL,REGN,2023-4-2,True,False
Tommy Tuberville,Republican,Senate,AL,RRC,2023-4-2,True,False
Tommy Tuberville,Republican,Senate,AL,RH,2023-4-2,False,True
Tommy Tuberville,Republican,Senate,AL,PHM,2023-4-2,False,True
Tommy Tuberville,Republican,Senate,AL,PAM,2023-4-2,True,False
Tommy Tuberville,Republican,Senate,AL,NSC,2023-4-2,True,False
Tommy Tuberville,Republican,Senate,AL,NDSN,2023-4-2,True,False
Tommy Tuberville,Republican,Senate,AL,NVDA,2023-4-2,True,False
Tommy Tuberville,Republican,Senate,AL,MCO,2023-4-2,False,True
Tommy Tuberville,Republican,Senate,AL,MPWR,2023-4-2,False,True
Tommy Tuberville,Republican,Senate,AL,MPWR,2023-4-2,False,True
Tommy Tuberville,Republican,Senate,AL,MTD,2023-4-2,False,True
Tommy Tuberville,Republican,Senate,AL,MMC,2023-4-2,False,True
Tommy Tuberville,Republican,Senate,AL,MKSI,2023-4-2,False,True
Tommy Tuberville,Republican,Senate,AL,LMST,2023-4-2,False,True
Tommy Tuberville,Republican,Senate,AL,ITW,2023-4-2,False,True
Tommy Tuberville,Republican,Senate,AL,IDXX,2023-4-2,True,False
Tommy Tuberville,Republican,Senate,AL,GFI,2023-4-2,False,True
Tommy Tuberville,Republican,Senate,AL,FLT,2023-4-2,False,True
Tommy Tuberville,Republican,Senate,AL,META,2023-4-2,False,True
Tommy Tuberville,Republican,Senate,AL,ETSY,2023-4-2,False,True
Tommy Tuberville,Republican,Senate,AL,EW,2023-4-2,False,True
Tommy Tuberville,Republican,Senate,AL,DQ,2023-4-2,False,True
Tommy Tuberville,Republican,Senate,AL,CROX,2023-4-2,False,True
Tommy Tuberville,Republican,Senate,AL,CSCO,2023-4-2,False,True
Tommy Tuberville,Republican,Senate,AL,ANET,2023-4-2,False,True
Tommy Tuberville,Republican,Senate,AL,AMT,2023-4-2,False,True
Tommy Tuberville,Republican,Senate,AL,ALLE,2023-4-2,False,True
Tommy Tuberville,Republican,Senate,AL,ABBV,2023-4-2,False,True
Tommy Tuberville,Republican,Senate,AL,GSK,2023-4-2,True,False
Tommy Tuberville,Republican,Senate,AL,GNTX,2023-4-2,True,False
Tommy Tuberville,Republican,Senate,AL,GRMN,2023-4-2,True,False
Tommy Tuberville,Republican,Senate,AL,DIOD,2023-4-2,True,False
Tommy Tuberville,Republican,Senate,AL,CBSH,2023-4-2,True,False
Tommy Tuberville,Republican,Senate,AL,CRUS,2023-4-2,True,False
Tommy Tuberville,Republican,Senate,AL,AVGO,2023-4-2,True,False
Tommy Tuberville,Republican,Senate,AL,ADSK,2023-4-2,True,False
Tommy Tuberville,Republican,Senate,AL,APH,2023-4-2,True,False
Tommy Tuberville,Republican,Senate,AL,A,2023-4-2,True,False
Mike Simpson,Republican,House,ID,TRBCX,2022-8-2,True,False
Mike Simpson,Republican,House,ID,USB,2023-3-13,True,False
Scott Peters,Democrat,House,CA,N/A,2023-4-2,False,True
Scott Peters,Democrat,House,CA,N/A,2023-4-23,True,False
Scott Peters,Democrat,House,CA,N/A,2023-4-24,True,False
Scott Peters,Democrat,House,CA,N/A,2023-4-24,True,False
Kevin Hern,Republican,House,OK,AHCO,2023-4-5,False,True
Kevin Hern,Republican,House,OK,AHCO,2023-4-5,False,True
Kevin Hern,Republican,House,OK,FSEN,2023-4-12,True,False
Kevin Hern,Republican,House,OK,INRE,2023-4-5,True,False
Kevin Hern,Republican,House,OK,JPM,2023-4-27,True,False
John Curtis,Republican,House,UT,BRK/B,2023-4-25,True,False
John Curtis,Republican,House,UT,BSX,2023-4-25,False,True
John Curtis,Republican,House,UT,CAT,2023-4-25,False,True
John Curtis,Republican,House,UT,CSX,2023-4-25,True,False
John Curtis,Republican,House,UT,EW,2023-4-25,True,False
John Curtis,Republican,House,UT,ELV,2023-4-25,True,False
John Curtis,Republican,House,UT,MA,2023-4-25,False,True
John Curtis,Republican,House,UT,NVDA,2023-4-25,False,True
John Curtis,Republican,House,UT,SBUX,2023-4-25,False,True
John Curtis,Republican,House,UT,N/A,2023-4-26,True,False
John Curtis,Republican,House,UT,V,2023-4-25,False,True
Rick Scott,Republican,Senate,FL,N/A,2023-4-10,True,False
Rick Scott,Republican,Senate,FL,N/A,2023-4-10,True,False
Rick Scott,Republican,Senate,FL,N/A,2023-4-10,True,False
Rick Scott,Republican,Senate,FL,N/A,2023-4-10,True,False
Gary Peters,Democrat,Senate,MI,N/A,2023-4-13,True,False
Gary Peters,Democrat,Senate,MI,N/A,2023-4-26,True,False
Victoria Spartz,Republican,House,IN,SPG,2023-5-2,True,False
Victoria Spartz,Republican,House,IN,SPG,2023-5-2,True,False
Ro Khanna,Democrat,House,CA,UNH,2023-4-4,True,False
Ro Khanna,Democrat,House,CA,CDNS,2023-4-11,False,True
Ro Khanna,Democrat,House,CA,N/A,2023-4-25,True,False
Ro Khanna,Democrat,House,CA,MSFT,2023-4-27,False,True
Ro Khanna,Democrat,House,CA,TD,2023-4-16,True,False
Ro Khanna,Democrat,House,CA,CM,2023-4-18,True,False
Ro Khanna,Democrat,House,CA,N/A,2023-4-23,True,False
Ro Khanna,Democrat,House,CA,BNPQY,2023-4-27,True,False
Ro Khanna,Democrat,House,CA,TD,2023-4-20,True,False
Ro Khanna,Democrat,House,CA,RY,2023-4-26,True,False
Ro Khanna,Democrat,House,CA,APTV,2023-4-5,True,False
Ro Khanna,Democrat,House,CA,FERG,2023-4-25,True,False
Ro Khanna,Democrat,House,CA,FERG,2023-4-16,True,False
Ro Khanna,Democrat,House,CA,FERG,2023-4-13,True,False
Ro Khanna,Democrat,House,CA,SPX,2023-4-18,True,False
Ro Khanna,Democrat,House,CA,SPX,2023-4-18,False,True
Ro Khanna,Democrat,House,CA,SPX,2023-4-18,False,True
Ro Khanna,Democrat,House,CA,PFF,2023-4-17,False,True
Ro Khanna,Democrat,House,CA,PG,2023-4-5,False,True
Ro Khanna,Democrat,House,CA,HCA,2023-4-11,False,True
Ro Khanna,Democrat,House,CA,SYK,2023-4-11,False,True
Ro Khanna,Democrat,House,CA,AIG,2023-4-11,False,True
Ro Khanna,Democrat,House,CA,HUM,2023-4-11,False,True
Ro Khanna,Democrat,House,CA,WY,2023-4-27,False,True
Ro Khanna,Democrat,House,CA,AXTA,2023-4-27,False,True
Ro Khanna,Democrat,House,CA,AXTA,2023-4-2,False,True
Ro Khanna,Democrat,House,CA,TD,2023-4-23,True,False
Ro Khanna,Democrat,House,CA,N/A,2023-4-25,True,False
Ro Khanna,Democrat,House,CA,AAPL,2023-4-24,True,False
Ro Khanna,Democrat,House,CA,BMY,2023-4-24,True,False
Ro Khanna,Democrat,House,CA,CVS,2023-4-24,True,False
Ro Khanna,Democrat,House,CA,GM,2023-4-24,True,False
Ro Khanna,Democrat,House,CA,CNP,2023-4-19,True,False
Ro Khanna,Democrat,House,CA,USB,2023-4-19,True,False
Ro Khanna,Democrat,House,CA,TD,2023-4-19,True,False
Ro Khanna,Democrat,House,CA,BMO,2023-4-19,True,False
Ro Khanna,Democrat,House,CA,BNS,2023-4-19,True,False
Ro Khanna,Democrat,House,CA,MS,2023-4-19,True,False
Ro Khanna,Democrat,House,CA,SPG,2023-4-19,True,False
Ro Khanna,Democrat,House,CA,PNC,2023-4-19,True,False
Ro Khanna,Democrat,House,CA,C,2023-4-19,True,False
Ro Khanna,Democrat,House,CA,ARE,2023-4-19,True,False
Ro Khanna,Democrat,House,CA,NXPI,2023-4-19,True,False
Ro Khanna,Democrat,House,CA,MO,2023-4-19,True,False
Ro Khanna,Democrat,House,CA,ACF,2023-4-19,True,False
Ro Khanna,Democrat,House,CA,TMUS,2023-4-19,True,False
Ro Khanna,Democrat,House,CA,AL,2023-4-19,True,False
Ro Khanna,Democrat,House,CA,RAI,2023-4-19,True,False
Ro Khanna,Democrat,House,CA,FOXA,2023-4-19,True,False
Ro Khanna,Democrat,House,CA,WMB,2023-4-19,True,False
Ro Khanna,Democrat,House,CA,BAX,2023-4-19,True,False
Ro Khanna,Democrat,House,CA,BAC,2023-4-24,True,False
Ro Khanna,Democrat,House,CA,BAC,2023-4-19,True,False
Ro Khanna,Democrat,House,CA,GNRC,2023-4-24,True,False
Ro Khanna,Democrat,House,CA,EMC,2023-4-19,True,False
Ro Khanna,Democrat,House,CA,N/A,2023-4-19,True,False
Ro Khanna,Democrat,House,CA,AN,2023-4-19,True,False
Ro Khanna,Democrat,House,CA,F,2023-4-24,True,False
Ro Khanna,Democrat,House,CA,DTE,2023-4-19,True,False
Ro Khanna,Democrat,House,CA,INTC,2023-4-24,True,False
Ro Khanna,Democrat,House,CA,GPN,2023-4-19,True,False
Ro Khanna,Democrat,House,CA,N/A,2023-4-2,True,False
Ro Khanna,Democrat,House,CA,N/A,2023-4-4,True,False
Ro Khanna,Democrat,House,CA,N/A,2023-4-19,True,False
Ro Khanna,Democrat,House,CA,AVGO,2023-4-19,True,False
Ro Khanna,Democrat,House,CA,ORCL,2023-4-19,True,False
Ro Khanna,Democrat,House,CA,N/A,2023-4-19,True,False
Ro Khanna,Democrat,House,CA,BXP,2023-4-24,True,False
Ro Khanna,Democrat,House,CA,PM,2023-4-24,True,False
Ro Khanna,Democrat,House,CA,AMT,2023-4-24,True,False
Ro Khanna,Democrat,House,CA,OGN,2023-4-24,True,False
Ro Khanna,Democrat,House,CA,TRMB,2023-4-24,True,False
Ro Khanna,Democrat,House,CA,MMM,2023-4-24,True,False
Ro Khanna,Democrat,House,CA,SWK,2023-4-24,True,False
Ro Khanna,Democrat,House,CA,MPLX,2023-4-19,True,False
Ro Khanna,Democrat,House,CA,NTRS,2023-4-19,True,False
Ro Khanna,Democrat,House,CA,BAC,2023-4-19,True,False
Ro Khanna,Democrat,House,CA,559242Z,2023-4-19,True,False
Ro Khanna,Democrat,House,CA,HUM,2023-4-19,True,False
Ro Khanna,Democrat,House,CA,MRNA,2023-4-24,True,False
Ro Khanna,Democrat,House,CA,N/A,2023-4-19,True,False
Ro Khanna,Democrat,House,CA,FI,2023-4-19,True,False
Ro Khanna,Democrat,House,CA,BDX,2023-4-19,True,False
Ro Khanna,Democrat,House,CA,N/A,2023-4-19,True,False
Ro Khanna,Democrat,House,CA,ALGN,2023-4-24,True,False
Ro Khanna,Democrat,House,CA,ALB,2023-4-24,True,False
Ro Khanna,Democrat,House,CA,EW,2023-4-24,True,False
Ro Khanna,Democrat,House,CA,CTLT,2023-4-24,True,False
Ro Khanna,Democrat,House,CA,NCLH,2023-4-24,True,False
Ro Khanna,Democrat,House,CA,WBD,2023-4-24,True,False
Ro Khanna,Democrat,House,CA,MPLX,2023-4-19,True,False
Ro Khanna,Democrat,House,CA,CCL,2023-4-24,True,False
Ro Khanna,Democrat,House,CA,MTCH,2023-4-24,True,False
Ro Khanna,Democrat,House,CA,KMX,2023-4-24,True,False
Ro Khanna,Democrat,House,CA,VFC,2023-4-24,True,False
