Name,Party,Chamber,State,Ticker,Date,Buy,Sell
Ro Khanna,Democrat,House,CA,N/A,2022-5-1,True,False
Ro Khanna,Democrat,House,CA,MSFT,2022-5-1,True,False
Ro Khanna,Democrat,House,CA,AMZN,2022-5-5,True,False
Ro Khanna,Democrat,House,CA,N/A,2022-5-5,True,False
Ro Khanna,Democrat,House,CA,DIS,2022-5-5,True,False
Ro Khanna,Democrat,House,CA,GM,2022-5-5,True,False
Ro Khanna,Democrat,House,CA,KKR,2022-5-5,True,False
Ro Khanna,Democrat,House,CA,CTSH,2022-5-5,True,False
Ro Khanna,Democrat,House,CA,DE,2022-5-5,True,False
Ro Khanna,Democrat,House,CA,UNP,2022-5-18,True,False
Ro Khanna,Democrat,House,CA,CARR,2022-5-5,True,False
Ro Khanna,Democrat,House,CA,UNP,2022-5-8,True,False
Ro Khanna,Democrat,House,CA,UNP,2022-5-18,True,False
Ro Khanna,Democrat,House,CA,UNP,2022-5-19,True,False
Ro Khanna,Democrat,House,CA,UNP,2022-5-10,True,False
Ro Khanna,Democrat,House,CA,UNP,2022-5-8,True,False
Ro Khanna,Democrat,House,CA,UNP,2022-5-17,True,False
Ro Khanna,Democrat,House,CA,UNP,2022-5-9,True,False
Ro Khanna,Democrat,House,CA,TTWO,2022-5-23,True,False
Ro Khanna,Democrat,House,CA,GOOGL,2022-5-23,True,False
Ro Khanna,Democrat,House,CA,N/A,2022-5-3,False,True
Ro Khanna,Democrat,House,CA,META,2022-5-1,False,True
Ro Khanna,Democrat,House,CA,PEP,2022-5-11,False,True
Ro Khanna,Democrat,House,CA,MDLZ,2022-5-16,False,True
Ro Khanna,Democrat,House,CA,PFE,2022-5-11,False,True
Ro Khanna,Democrat,House,CA,BRK/B,2022-5-9,False,True
Ro Khanna,Democrat,House,CA,FIS,2022-5-8,False,True
Ro Khanna,Democrat,House,CA,HIG,2022-5-15,False,True
Ro Khanna,Democrat,House,CA,ADM,2022-5-15,False,True
Ro Khanna,Democrat,House,CA,ADM,2022-5-16,False,True
Ro Khanna,Democrat,House,CA,ADM,2022-5-16,False,True
Ro Khanna,Democrat,House,CA,FIS,2022-5-8,False,True
Ro Khanna,Democrat,House,CA,ADM,2022-5-10,False,True
Ro Khanna,Democrat,House,CA,CMCSA,2022-5-3,False,True
Ro Khanna,Democrat,House,CA,MDLZ,2022-5-19,False,True
Ro Khanna,Democrat,House,CA,V,2022-5-4,False,True
Ro Khanna,Democrat,House,CA,SNAP,2022-5-4,False,True
Ro Khanna,Democrat,House,CA,SPGI,2022-5-4,False,True
Ro Khanna,Democrat,House,CA,PYPL,2022-5-4,False,True
Ro Khanna,Democrat,House,CA,NVDA,2022-5-4,False,True
Ro Khanna,Democrat,House,CA,NKE,2022-5-4,False,True
Ro Khanna,Democrat,House,CA,NFLX,2022-5-4,False,True
Ro Khanna,Democrat,House,CA,MSFT,2022-5-4,False,True
Ro Khanna,Democrat,House,CA,MTCH,2022-5-4,False,True
Ro Khanna,Democrat,House,CA,EL,2022-5-4,False,True
Ro Khanna,Democrat,House,CA,INTU,2022-5-4,False,True
Ro Khanna,Democrat,House,CA,ISRG,2022-5-4,False,True
Ro Khanna,Democrat,House,CA,ILMN,2022-5-4,False,True
Ro Khanna,Democrat,House,CA,META,2022-5-4,False,True
Ro Khanna,Democrat,House,CA,EQIX,2022-5-4,False,True
Ro Khanna,Democrat,House,CA,DHR,2022-5-4,False,True
Ro Khanna,Democrat,House,CA,CMG,2022-5-4,False,True
Ro Khanna,Democrat,House,CA,CME,2022-5-4,False,True
Ro Khanna,Democrat,House,CA,AMT,2022-5-4,False,True
Ro Khanna,Democrat,House,CA,AMZN,2022-5-4,False,True
Ro Khanna,Democrat,House,CA,ALGN,2022-5-4,False,True
Ro Khanna,Democrat,House,CA,ADBE,2022-5-4,False,True
Ro Khanna,Democrat,House,CA,V,2022-5-4,False,True
Ro Khanna,Democrat,House,CA,SNAP,2022-5-4,False,True
Ro Khanna,Democrat,House,CA,SPGI,2022-5-4,False,True
Ro Khanna,Democrat,House,CA,PYPL,2022-5-4,False,True
Ro Khanna,Democrat,House,CA,NVDA,2022-5-4,False,True
Ro Khanna,Democrat,House,CA,NKE,2022-5-4,False,True
Ro Khanna,Democrat,House,CA,NFLX,2022-5-4,False,True
Ro Khanna,Democrat,House,CA,MSFT,2022-5-4,False,True
Ro Khanna,Democrat,House,CA,MTCH,2022-5-4,False,True
Ro Khanna,Democrat,House,CA,EL,2022-5-4,False,True
Ro Khanna,Democrat,House,CA,INTU,2022-5-4,False,True
Ro Khanna,Democrat,House,CA,ISRG,2022-5-4,False,True
Ro Khanna,Democrat,House,CA,ILMN,2022-5-4,False,True
Ro Khanna,Democrat,House,CA,META,2022-5-4,False,True
Ro Khanna,Democrat,House,CA,EQIX,2022-5-4,False,True
Ro Khanna,Democrat,House,CA,DHR,2022-5-4,False,True
Ro Khanna,Democrat,House,CA,CMG,2022-5-4,False,True
Ro Khanna,Democrat,House,CA,CME,2022-5-4,False,True
Ro Khanna,Democrat,House,CA,AMT,2022-5-4,False,True
Ro Khanna,Democrat,House,CA,AMZN,2022-5-4,False,True
Ro Khanna,Democrat,House,CA,ALGN,2022-5-4,False,True
Ro Khanna,Democrat,House,CA,ADBE,2022-5-4,False,True
Ro Khanna,Democrat,House,CA,SYK,2022-5-22,True,False
Ro Khanna,Democrat,House,CA,VFC,2022-5-5,True,False
Mike Kelly,Republican,House,PA,N/A,2022-4-21,False,True
Mike Kelly,Republican,House,PA,N/A,2022-4-27,True,False
Kevin Hern,Republican,House,OK,ABB,2022-5-10,True,False
Kevin Hern,Republican,House,OK,ACN,2022-5-12,True,False
Kevin Hern,Republican,House,OK,MTBC,2022-5-15,False,True
Kevin Hern,Republican,House,OK,EXAS,2022-5-15,False,True
Kevin Hern,Republican,House,OK,MMP,2022-5-12,True,False
Kevin Hern,Republican,House,OK,OKE,2022-5-15,True,False
Kevin Hern,Republican,House,OK,TXN,2022-5-16,True,False
Trey Hollingsworth,Republican,House,IN,ORCC,2022-5-10,True,False
Trey Hollingsworth,Republican,House,IN,ORCC,2022-5-11,True,False
Trey Hollingsworth,Republican,House,IN,ORCC,2022-5-17,True,False
Trey Hollingsworth,Republican,House,IN,ORCC,2022-5-18,True,False
Trey Hollingsworth,Republican,House,IN,ORCC,2022-5-19,True,False
Trey Hollingsworth,Republican,House,IN,ORCC,2022-6-2,True,False
Trey Hollingsworth,Republican,House,IN,ORCC,2022-6-7,True,False
Trey Hollingsworth,Republican,House,IN,ORCC,2022-5-23,True,False
Tom Cole,Republican,House,OK,LNT,2022-5-24,False,True
John Hickenlooper,Democrat,Senate,CO,LBRDA,2022-5-12,True,False
John Hickenlooper,Democrat,Senate,CO,LBRDA,2022-5-12,True,False
John Hickenlooper,Democrat,Senate,CO,FWONK,2022-5-12,True,False
John Hickenlooper,Democrat,Senate,CO,FWONK,2022-5-12,True,False
John Hickenlooper,Democrat,Senate,CO,LBRDA,2022-5-12,False,True
John Hickenlooper,Democrat,Senate,CO,LBRDA,2022-5-12,False,True
John Hickenlooper,Democrat,Senate,CO,FWONK,2022-5-12,False,True
John Hickenlooper,Democrat,Senate,CO,FWONK,2022-5-12,False,True
John Hickenlooper,Democrat,Senate,CO,CMG,2022-5-18,False,True
Tommy Tuberville,Republican,Senate,AL,X,2022-5-30,False,True
Tommy Tuberville,Republican,Senate,AL,X,2022-5-30,False,True
Tommy Tuberville,Republican,Senate,AL,X,2022-5-30,True,False
Tommy Tuberville,Republican,Senate,AL,PYPL,2022-5-19,True,False
Tommy Tuberville,Republican,Senate,AL,PYPL,2022-5-18,True,False
Tommy Tuberville,Republican,Senate,AL,N/A,2022-5-8,False,True
Tommy Tuberville,Republican,Senate,AL,N/A,2022-5-3,False,True
Mitch McConnell,Republican,Senate,KY,WFC,2022-6-2,True,False
David McKinley,Republican,House,WV,GPN,2022-5-19,True,False
Debbie Dingell,Democrat,House,MI,ALLY,2022-5-30,True,False
Debbie Dingell,Democrat,House,MI,PARA,2022-5-30,True,False
Suzan DelBene,Democrat,House,WA,N/A,2022-5-17,True,False
Suzan DelBene,Democrat,House,WA,N/A,2022-5-18,False,True
Mo Brooks,Republican,House,AL,DUK,2022-6-2,True,False
Roy Blunt,Republican,Senate,MO,AMBP,2022-6-5,True,False
Roy Blunt,Republican,Senate,MO,MDT,2022-6-5,False,True
Shelley Moore Capito,Republican,Senate,WV,WEC,2022-5-24,False,True
Shelley Moore Capito,Republican,Senate,WV,NEE,2022-5-25,False,True
David Joyce,Republican,House,OH,VCSH,2022-5-16,False,True
David Joyce,Republican,House,OH,PAVE,2022-5-18,False,True
David Joyce,Republican,House,OH,PPA,2022-5-18,True,False
Lois Frankel,Democrat,House,FL,Y,2022-5-1,False,True
Lois Frankel,Democrat,House,FL,Y,2022-4-28,False,True
Lois Frankel,Democrat,House,FL,COLD,2022-4-28,True,False
Lois Frankel,Democrat,House,FL,COLD,2022-5-1,True,False
Lois Frankel,Democrat,House,FL,AVY,2022-4-24,True,False
Lois Frankel,Democrat,House,FL,C,2022-5-10,False,True
Lois Frankel,Democrat,House,FL,C,2022-4-26,False,True
Lois Frankel,Democrat,House,FL,GD,2022-5-3,True,False
Lois Frankel,Democrat,House,FL,GXO,2022-4-26,True,False
Lois Frankel,Democrat,House,FL,JNJ,2022-5-3,False,True
Lois Frankel,Democrat,House,FL,JNJ,2022-4-24,False,True
Lois Frankel,Democrat,House,FL,JCI,2022-5-10,True,False
Lois Frankel,Democrat,House,FL,PXD,2022-4-26,True,False
Lois Frankel,Democrat,House,FL,SHW,2022-4-24,True,False
Lois Frankel,Democrat,House,FL,VNT,2022-4-24,True,False
John Boozman,Republican,Senate,AR,VNQ,2022-5-1,False,True
John Boozman,Republican,Senate,AR,VNQI,2022-5-1,True,False
Richard Blumenthal,Democrat,Senate,CT,BRPR3,2022-5-8,False,True
Richard Blumenthal,Democrat,Senate,CT,BRPR3,2022-5-9,False,True
Richard Blumenthal,Democrat,Senate,CT,BRPR3,2022-5-10,False,True
Richard Blumenthal,Democrat,Senate,CT,BRPR3,2022-5-11,False,True
Richard Blumenthal,Democrat,Senate,CT,BRPR3,2022-5-8,False,True
Richard Blumenthal,Democrat,Senate,CT,BRPR3,2022-5-9,False,True
Richard Blumenthal,Democrat,Senate,CT,BRPR3,2022-5-10,False,True
Richard Blumenthal,Democrat,Senate,CT,N/A,2022-5-11,True,False
Richard Blumenthal,Democrat,Senate,CT,KDP,2022-4-27,False,True
Richard Blumenthal,Democrat,Senate,CT,KDP,2022-4-27,False,True
Greg Murphy,Republican,House,NC,N/A,2022-4-30,False,True
Jim Langevin,Democrat,House,RI,ABNB,2022-5-10,True,False
Jim Langevin,Democrat,House,RI,ABNB,2022-5-25,False,True
Jim Langevin,Democrat,House,RI,SQ,2022-5-25,False,True
Jim Langevin,Democrat,House,RI,SQ,2022-5-10,True,False
Jim Langevin,Democrat,House,RI,SQ,2022-5-12,False,True
Jim Langevin,Democrat,House,RI,DASH,2022-5-16,False,True
Jim Langevin,Democrat,House,RI,DASH,2022-5-10,True,False
Jim Langevin,Democrat,House,RI,DASH,2022-5-30,True,False
Jim Langevin,Democrat,House,RI,DASH,2022-5-26,False,True
Jim Langevin,Democrat,House,RI,GNRC,2022-5-10,True,False
Jim Langevin,Democrat,House,RI,GNRC,2022-5-22,False,True
Jim Langevin,Democrat,House,RI,GNRC,2022-5-24,False,True
Jim Langevin,Democrat,House,RI,META,2022-5-19,False,True
Madison Cawthorn,Republican,House,NC,SPY,2022-5-17,True,False
Madison Cawthorn,Republican,House,NC,$BTC,2022-3-29,True,False
Earl Blumenauer,Democrat,House,OR,NWN,2022-5-12,True,False
Kathy Manning,Democrat,House,NC,AMZN,2022-5-26,True,False
Kathy Manning,Democrat,House,NC,AMT,2022-5-26,False,True
Kathy Manning,Democrat,House,NC,N/A,2022-5-26,True,False
Kathy Manning,Democrat,House,NC,CME,2022-5-26,False,True
Kathy Manning,Democrat,House,NC,EL,2022-5-26,True,False
Kathy Manning,Democrat,House,NC,NOW,2022-5-26,True,False
Kathy Manning,Democrat,House,NC,V,2022-5-26,False,True
Lloyd Doggett,Democrat,House,TX,PG,2022-5-15,True,False
Rob Wittman,Republican,House,VA,DRE,2022-5-9,False,True
Rob Wittman,Republican,House,VA,HEFA,2022-5-9,True,False
Rob Wittman,Republican,House,VA,SHYG,2022-5-9,True,False
Rob Wittman,Republican,House,VA,IEFA,2022-5-9,False,True
Rob Wittman,Republican,House,VA,IEUR,2022-5-9,False,True
Rob Wittman,Republican,House,VA,EFG,2022-5-9,False,True
Rob Wittman,Republican,House,VA,BBCA,2022-5-9,True,False
Rob Wittman,Republican,House,VA,JEPI,2022-5-9,True,False
Rob Wittman,Republican,House,VA,SRLN,2022-5-9,True,False
Rob Wittman,Republican,House,VA,SBUX,2022-5-9,False,True
Rob Wittman,Republican,House,VA,BND,2022-5-9,False,True
Kurt Schrader,Democrat,House,OR,WMT,2022-5-8,True,False
Kurt Schrader,Democrat,House,OR,GOOGL,2022-5-9,False,True
Kurt Schrader,Democrat,House,OR,NRG,2022-5-17,False,True
Chellie Pingree,Democrat,House,ME,N/A,2022-5-25,True,False
Nancy Pelosi,Democrat,House,CA,AAPL,2022-5-12,True,False
Nancy Pelosi,Democrat,House,CA,AAPL,2022-5-23,True,False
Nancy Pelosi,Democrat,House,CA,MSFT,2022-5-23,True,False
Nancy Pelosi,Democrat,House,CA,MSFT,2022-5-23,True,False
Virginia Foxx,Republican,House,NC,MO,2022-5-1,True,False
Virginia Foxx,Republican,House,NC,ADM,2022-5-18,False,True
Virginia Foxx,Republican,House,NC,T,2022-5-5,True,False
Virginia Foxx,Republican,House,NC,T,2022-5-2,True,False
Virginia Foxx,Republican,House,NC,EPD,2022-5-12,True,False
Virginia Foxx,Republican,House,NC,GPP,2022-5-15,True,False
Virginia Foxx,Republican,House,NC,HTGC,2022-5-8,True,False
Virginia Foxx,Republican,House,NC,HTGC,2022-5-18,False,True
Virginia Foxx,Republican,House,NC,KMI,2022-5-16,True,False
Virginia Foxx,Republican,House,NC,KNOP,2022-5-12,True,False
Virginia Foxx,Republican,House,NC,MMP,2022-5-15,True,False
Virginia Foxx,Republican,House,NC,ORI,2022-5-11,False,True
Virginia Foxx,Republican,House,NC,OXBR,2022-5-17,False,True
Virginia Foxx,Republican,House,NC,PAA,2022-5-15,True,False
Virginia Foxx,Republican,House,NC,SIRE,2022-5-18,True,False
Virginia Foxx,Republican,House,NC,SIRE,2022-5-16,True,False
Virginia Foxx,Republican,House,NC,SIRE,2022-5-2,True,False
Virginia Foxx,Republican,House,NC,SIRE,2022-5-5,True,False
Virginia Foxx,Republican,House,NC,USDP,2022-5-8,True,False
Virginia Foxx,Republican,House,NC,WBD,2022-5-16,False,True
Ron Estes,Republican,House,KS,HON,2022-5-30,False,True
Michael Burgess,Republican,House,TX,SYK,2022-5-22,False,True
Michael Burgess,Republican,House,TX,SYK,2022-5-23,False,True
Earl Blumenauer,Democrat,House,OR,C,2022-5-24,False,True
Earl Blumenauer,Democrat,House,OR,IBM,2022-5-24,True,False
Earl Blumenauer,Democrat,House,OR,VOD,2022-5-2,False,True
Cindy Axne,Democrat,House,IA,DHR,2022-5-9,True,False
Cindy Axne,Democrat,House,IA,DHR,2022-5-9,True,False
Cindy Axne,Democrat,House,IA,DHR,2022-5-9,True,False
Cindy Axne,Democrat,House,IA,JNJ,2022-5-3,False,True
Cindy Axne,Democrat,House,IA,JNJ,2022-5-3,False,True
Cindy Axne,Democrat,House,IA,JNJ,2022-5-3,False,True
Cindy Axne,Democrat,House,IA,JPM,2022-5-11,False,True
Cindy Axne,Democrat,House,IA,JPM,2022-5-11,False,True
Cindy Axne,Democrat,House,IA,JPM,2022-5-11,False,True
Cindy Axne,Democrat,House,IA,KKR,2022-5-24,True,False
Cindy Axne,Democrat,House,IA,KKR,2022-5-24,True,False
Cindy Axne,Democrat,House,IA,KKR,2022-5-24,True,False
Tom Carper,Democrat,Senate,DE,R,2022-5-22,True,False
Tom Carper,Democrat,Senate,DE,WMB,2022-5-15,False,True
Tom Carper,Democrat,Senate,DE,ABYAX,2022-5-15,True,False
Tom Carper,Democrat,Senate,DE,GSMYX,2022-5-15,False,True
Tom Carper,Democrat,Senate,DE,FIMKX,2022-5-15,False,True
Tom Carper,Democrat,Senate,DE,FCPIX,2022-5-15,False,True
Tom Carper,Democrat,Senate,DE,JCI,2022-5-15,False,True
Tom Carper,Democrat,Senate,DE,LUBFX,2022-5-9,False,True
Tom Carper,Democrat,Senate,DE,ABYAX,2022-5-9,True,False
Tom Carper,Democrat,Senate,DE,GSMYX,2022-5-9,False,True
Tom Carper,Democrat,Senate,DE,IVV,2022-5-9,False,True
Tom Carper,Democrat,Senate,DE,GLD,2022-5-9,False,True
Tom Carper,Democrat,Senate,DE,GNR,2022-5-9,True,False
Tom Carper,Democrat,Senate,DE,CIBR,2022-5-9,False,True
Tom Carper,Democrat,Senate,DE,QTEC,2022-5-9,False,True
Tom Carper,Democrat,Senate,DE,FDN,2022-5-9,False,True
Tom Carper,Democrat,Senate,DE,RTH,2022-5-9,False,True
Tom Carper,Democrat,Senate,DE,FINX,2022-5-9,False,True
Tom Carper,Democrat,Senate,DE,NXTG,2022-5-9,False,True
Diana Harshbarger,Republican,House,TN,TMO,2022-4-24,False,True
Diana Harshbarger,Republican,House,TN,TMO,2022-4-24,False,True
Diana Harshbarger,Republican,House,TN,CME,2022-4-26,False,True
Diana Harshbarger,Republican,House,TN,CME,2022-4-26,False,True
Diana Harshbarger,Republican,House,TN,N/A,2022-4-26,False,True
Diana Harshbarger,Republican,House,TN,N/A,2022-4-27,True,False
Diana Harshbarger,Republican,House,TN,N/A,2022-4-27,True,False
Diana Harshbarger,Republican,House,TN,N/A,2022-4-28,True,False
Diana Harshbarger,Republican,House,TN,N/A,2022-4-28,True,False
Diana Harshbarger,Republican,House,TN,ALLE,2022-5-1,True,False
Diana Harshbarger,Republican,House,TN,ALLE,2022-5-1,True,False
Diana Harshbarger,Republican,House,TN,ALLE,2022-5-1,True,False
Diana Harshbarger,Republican,House,TN,KO,2022-5-1,True,False
Diana Harshbarger,Republican,House,TN,KO,2022-5-1,True,False
Diana Harshbarger,Republican,House,TN,KO,2022-5-1,True,False
Diana Harshbarger,Republican,House,TN,PG,2022-5-1,True,False
Diana Harshbarger,Republican,House,TN,PG,2022-5-1,True,False
Diana Harshbarger,Republican,House,TN,V,2022-5-1,True,False
Diana Harshbarger,Republican,House,TN,V,2022-5-1,True,False
Diana Harshbarger,Republican,House,TN,V,2022-5-1,True,False
Diana Harshbarger,Republican,House,TN,N/A,2022-5-9,False,True
Diana Harshbarger,Republican,House,TN,N/A,2022-5-9,False,True
Diana Harshbarger,Republican,House,TN,N/A,2022-5-10,True,False
Diana Harshbarger,Republican,House,TN,AZO,2022-5-10,False,True
Diana Harshbarger,Republican,House,TN,EA,2022-5-10,False,True
Diana Harshbarger,Republican,House,TN,WDC,2022-5-11,True,False
Diana Harshbarger,Republican,House,TN,WDC,2022-5-11,True,False
Diana Harshbarger,Republican,House,TN,WDC,2022-5-11,True,False
Diana Harshbarger,Republican,House,TN,WDC,2022-5-11,True,False
Diana Harshbarger,Republican,House,TN,LNT,2022-5-11,False,True
Diana Harshbarger,Republican,House,TN,LNT,2022-5-11,False,True
Diana Harshbarger,Republican,House,TN,N/A,2022-5-11,False,True
Diana Harshbarger,Republican,House,TN,MU,2022-5-11,False,True
Diana Harshbarger,Republican,House,TN,MU,2022-5-11,False,True
Diana Harshbarger,Republican,House,TN,MU,2022-5-11,False,True
Diana Harshbarger,Republican,House,TN,MU,2022-5-11,False,True
Diana Harshbarger,Republican,House,TN,GM,2022-5-12,True,False
Diana Harshbarger,Republican,House,TN,PYPL,2022-5-12,True,False
Diana Harshbarger,Republican,House,TN,PYPL,2022-5-12,True,False
Diana Harshbarger,Republican,House,TN,WTW,2022-5-12,True,False
Diana Harshbarger,Republican,House,TN,N/A,2022-4-18,True,False
Diana Harshbarger,Republican,House,TN,N/A,2022-4-18,False,True
Diana Harshbarger,Republican,House,TN,N/A,2022-4-18,False,True
Diana Harshbarger,Republican,House,TN,OTIS,2022-4-20,True,False
Diana Harshbarger,Republican,House,TN,N/A,2022-4-20,True,False
Diana Harshbarger,Republican,House,TN,WFC,2022-4-21,True,False
Diana Harshbarger,Republican,House,TN,BKR,2022-4-24,True,False
Diana Harshbarger,Republican,House,TN,CVS,2022-4-24,True,False
Diana Harshbarger,Republican,House,TN,CVS,2022-4-24,True,False
Diana Harshbarger,Republican,House,TN,CVS,2022-4-24,True,False
Diana Harshbarger,Republican,House,TN,CVS,2022-4-24,True,False
Diana Harshbarger,Republican,House,TN,GIS,2022-4-24,True,False
Diana Harshbarger,Republican,House,TN,GIS,2022-4-24,True,False
Diana Harshbarger,Republican,House,TN,GIS,2022-4-24,True,False
Diana Harshbarger,Republican,House,TN,GIS,2022-4-24,True,False
Diana Harshbarger,Republican,House,TN,G,2022-4-24,True,False
Diana Harshbarger,Republican,House,TN,G,2022-4-24,True,False
Diana Harshbarger,Republican,House,TN,G,2022-4-24,True,False
Diana Harshbarger,Republican,House,TN,JNJ,2022-4-24,True,False
Diana Harshbarger,Republican,House,TN,JNJ,2022-4-24,True,False
Diana Harshbarger,Republican,House,TN,JNJ,2022-4-24,True,False
Diana Harshbarger,Republican,House,TN,PG,2022-4-24,True,False
Diana Harshbarger,Republican,House,TN,VRSN,2022-4-24,True,False
Diana Harshbarger,Republican,House,TN,VRSN,2022-4-24,True,False
Diana Harshbarger,Republican,House,TN,VRSN,2022-4-24,True,False
Diana Harshbarger,Republican,House,TN,VRSN,2022-4-24,True,False
Diana Harshbarger,Republican,House,TN,VMW,2022-4-24,True,False
Diana Harshbarger,Republican,House,TN,WTW,2022-4-24,True,False
Diana Harshbarger,Republican,House,TN,LNT,2022-4-24,False,True
Diana Harshbarger,Republican,House,TN,LNT,2022-4-24,False,True
Diana Harshbarger,Republican,House,TN,LNT,2022-4-24,False,True
Diana Harshbarger,Republican,House,TN,LNT,2022-4-24,False,True
Diana Harshbarger,Republican,House,TN,AZO,2022-4-24,False,True
Diana Harshbarger,Republican,House,TN,N/A,2022-4-24,False,True
Diana Harshbarger,Republican,House,TN,N/A,2022-4-24,False,True
Diana Harshbarger,Republican,House,TN,ELV,2022-5-19,False,True
Diana Harshbarger,Republican,House,TN,ELV,2022-5-19,False,True
Diana Harshbarger,Republican,House,TN,BAH,2022-5-19,False,True
Diana Harshbarger,Republican,House,TN,BAH,2022-5-19,False,True
Diana Harshbarger,Republican,House,TN,CL,2022-5-19,False,True
Diana Harshbarger,Republican,House,TN,CL,2022-5-19,False,True
Diana Harshbarger,Republican,House,TN,CL,2022-5-19,False,True
Diana Harshbarger,Republican,House,TN,CL,2022-5-19,False,True
Diana Harshbarger,Republican,House,TN,DECK,2022-5-19,False,True
Diana Harshbarger,Republican,House,TN,DECK,2022-5-19,False,True
Diana Harshbarger,Republican,House,TN,DECK,2022-5-19,False,True
Diana Harshbarger,Republican,House,TN,DECK,2022-5-19,False,True
Diana Harshbarger,Republican,House,TN,HD,2022-5-19,False,True
Diana Harshbarger,Republican,House,TN,HD,2022-5-19,False,True
Diana Harshbarger,Republican,House,TN,NOC,2022-5-19,False,True
Diana Harshbarger,Republican,House,TN,NOC,2022-5-19,False,True
Diana Harshbarger,Republican,House,TN,NOC,2022-5-19,False,True
Diana Harshbarger,Republican,House,TN,NOC,2022-5-19,False,True
Diana Harshbarger,Republican,House,TN,PG,2022-5-19,False,True
Diana Harshbarger,Republican,House,TN,SPGI,2022-5-19,False,True
Diana Harshbarger,Republican,House,TN,V,2022-5-1,True,False
Diana Harshbarger,Republican,House,TN,LNT,2022-5-1,False,True
Diana Harshbarger,Republican,House,TN,N/A,2022-5-1,False,True
Diana Harshbarger,Republican,House,TN,N/A,2022-5-2,True,False
Diana Harshbarger,Republican,House,TN,AZO,2022-5-2,False,True
Diana Harshbarger,Republican,House,TN,JNJ,2022-5-4,True,False
Diana Harshbarger,Republican,House,TN,N/A,2022-5-4,False,True
Diana Harshbarger,Republican,House,TN,WTW,2022-5-8,True,False
Diana Harshbarger,Republican,House,TN,WTW,2022-5-8,True,False
Diana Harshbarger,Republican,House,TN,AZO,2022-5-8,False,True
Diana Harshbarger,Republican,House,TN,TJX,2022-5-8,False,True
Diana Harshbarger,Republican,House,TN,TJX,2022-5-8,False,True
Diana Harshbarger,Republican,House,TN,ADBE,2022-5-9,True,False
Diana Harshbarger,Republican,House,TN,ADBE,2022-5-9,True,False
Diana Harshbarger,Republican,House,TN,ADBE,2022-5-9,True,False
Diana Harshbarger,Republican,House,TN,ADBE,2022-5-9,True,False
Diana Harshbarger,Republican,House,TN,G,2022-5-9,True,False
Diana Harshbarger,Republican,House,TN,NOW,2022-5-9,True,False
Diana Harshbarger,Republican,House,TN,NOW,2022-5-9,True,False
Diana Harshbarger,Republican,House,TN,N/A,2022-5-9,False,True
Diana Harshbarger,Republican,House,TN,N/A,2022-4-24,False,True
Diana Harshbarger,Republican,House,TN,CME,2022-4-24,False,True
Diana Harshbarger,Republican,House,TN,CME,2022-4-24,False,True
Diana Harshbarger,Republican,House,TN,CME,2022-4-24,False,True
Diana Harshbarger,Republican,House,TN,CME,2022-4-24,False,True
Diana Harshbarger,Republican,House,TN,GNRC,2022-4-24,False,True
Diana Harshbarger,Republican,House,TN,META,2022-4-24,False,True
Diana Harshbarger,Republican,House,TN,NEE,2022-4-24,False,True
Diana Harshbarger,Republican,House,TN,NEE,2022-4-24,False,True
Diana Harshbarger,Republican,House,TN,NEE,2022-4-24,False,True
Diana Harshbarger,Republican,House,TN,NEE,2022-4-24,False,True
Diana Harshbarger,Republican,House,TN,N/A,2022-4-24,False,True
Diana Harshbarger,Republican,House,TN,PAYX,2022-4-24,False,True
Diana Harshbarger,Republican,House,TN,N/A,2022-4-24,False,True
Diana Harshbarger,Republican,House,TN,SPGI,2022-4-24,False,True
Diana Harshbarger,Republican,House,TN,SPGI,2022-4-24,False,True
Diana Harshbarger,Republican,House,TN,SPGI,2022-4-24,False,True
Diana Harshbarger,Republican,House,TN,SPGI,2022-4-24,False,True
Diana Harshbarger,Republican,House,TN,TMO,2022-4-24,False,True
Diana Harshbarger,Republican,House,TN,TMO,2022-4-24,False,True
Diana Harshbarger,Republican,House,TN,WTW,2022-5-12,True,False
Diana Harshbarger,Republican,House,TN,HD,2022-5-12,False,True
Diana Harshbarger,Republican,House,TN,STLA,2022-5-12,False,True
Diana Harshbarger,Republican,House,TN,N/A,2022-5-15,True,False
Diana Harshbarger,Republican,House,TN,N/A,2022-5-15,True,False
Diana Harshbarger,Republican,House,TN,AZO,2022-5-15,False,True
Diana Harshbarger,Republican,House,TN,WDC,2022-5-15,True,False
Diana Harshbarger,Republican,House,TN,EA,2022-5-16,True,False
Diana Harshbarger,Republican,House,TN,EA,2022-5-16,True,False
Diana Harshbarger,Republican,House,TN,EA,2022-5-16,True,False
Diana Harshbarger,Republican,House,TN,EA,2022-5-16,True,False
Diana Harshbarger,Republican,House,TN,PG,2022-5-16,False,True
Diana Harshbarger,Republican,House,TN,PG,2022-5-16,False,True
Diana Harshbarger,Republican,House,TN,N/A,2022-5-17,True,False
Diana Harshbarger,Republican,House,TN,WTW,2022-5-17,True,False
Diana Harshbarger,Republican,House,TN,MISHX,2022-5-18,True,False
Diana Harshbarger,Republican,House,TN,PYPL,2022-5-18,True,False
Diana Harshbarger,Republican,House,TN,PYPL,2022-5-18,True,False
Diana Harshbarger,Republican,House,TN,DOX,2022-5-19,True,False
Diana Harshbarger,Republican,House,TN,CMCSA,2022-5-19,True,False
Diana Harshbarger,Republican,House,TN,CMCSA,2022-5-19,True,False
Diana Harshbarger,Republican,House,TN,CMCSA,2022-5-19,True,False
Diana Harshbarger,Republican,House,TN,CMCSA,2022-5-19,True,False
Diana Harshbarger,Republican,House,TN,LMT,2022-5-19,True,False
Diana Harshbarger,Republican,House,TN,LMT,2022-5-19,True,False
Diana Harshbarger,Republican,House,TN,LMT,2022-5-19,True,False
Diana Harshbarger,Republican,House,TN,MCK,2022-5-19,True,False
Diana Harshbarger,Republican,House,TN,MCK,2022-5-19,True,False
Diana Harshbarger,Republican,House,TN,MCK,2022-5-19,True,False
Diana Harshbarger,Republican,House,TN,MCK,2022-5-19,True,False
Diana Harshbarger,Republican,House,TN,VRSN,2022-5-19,True,False
Diana Harshbarger,Republican,House,TN,VRSN,2022-5-19,True,False
Diana Harshbarger,Republican,House,TN,VRSN,2022-5-19,True,False
Diana Harshbarger,Republican,House,TN,VRSN,2022-5-19,True,False
Diana Harshbarger,Republican,House,TN,AMZN,2022-5-19,False,True
Diana Harshbarger,Republican,House,TN,AMZN,2022-5-19,False,True
Diana Harshbarger,Republican,House,TN,AMZN,2022-5-19,False,True
Diana Harshbarger,Republican,House,TN,AMZN,2022-5-19,False,True
Diana Harshbarger,Republican,House,TN,ELV,2022-5-19,False,True
Diana Harshbarger,Republican,House,TN,ELV,2022-5-19,False,True
Debbie Wasserman Schultz,Democrat,House,FL,PTEN,2022-5-19,False,True
Debbie Wasserman Schultz,Democrat,House,FL,PTEN,2022-5-19,False,True
Debbie Wasserman Schultz,Democrat,House,FL,PTEN,2022-5-19,False,True
Mark Green,Republican,House,TN,ET,2022-5-25,False,True
Don Beyer,Democrat,House,VA,N/A,2022-5-1,False,True
Michael McCaul,Republican,House,TX,NFLX,2022-4-21,True,False
Michael McCaul,Republican,House,TX,AZN,2022-4-27,True,False
Michael McCaul,Republican,House,TX,N/A,2022-4-6,True,False
Michael McCaul,Republican,House,TX,N/A,2022-4-4,True,False
Michael McCaul,Republican,House,TX,ORLY,2022-4-27,True,False
Michael McCaul,Republican,House,TX,FERG,2022-4-20,True,False
Michael McCaul,Republican,House,TX,N/A,2022-4-21,True,False
Michael McCaul,Republican,House,TX,UPS,2022-4-27,True,False
Michael McCaul,Republican,House,TX,N/A,2022-4-28,True,False
Michael McCaul,Republican,House,TX,N/A,2022-4-19,True,False
Michael McCaul,Republican,House,TX,N/A,2022-4-11,True,False
Michael McCaul,Republican,House,TX,KDP,2022-4-27,True,False
Michael McCaul,Republican,House,TX,SCHW,2022-4-7,True,False
Michael McCaul,Republican,House,TX,SCHW,2022-4-27,True,False
Michael McCaul,Republican,House,TX,DOV,2022-4-27,True,False
Michael McCaul,Republican,House,TX,ARW,2022-4-19,True,False
Michael McCaul,Republican,House,TX,BECN,2022-4-13,True,False
Michael McCaul,Republican,House,TX,PRI,2022-4-19,True,False
Michael McCaul,Republican,House,TX,DCI,2022-4-13,True,False
Michael McCaul,Republican,House,TX,SSD,2022-4-13,True,False
Michael McCaul,Republican,House,TX,LCII,2022-4-13,True,False
Michael McCaul,Republican,House,TX,NSIT,2022-4-13,True,False
Michael McCaul,Republican,House,TX,SSD,2022-4-19,True,False
Michael McCaul,Republican,House,TX,DCI,2022-4-19,True,False
Michael McCaul,Republican,House,TX,BJ,2022-4-19,True,False
Michael McCaul,Republican,House,TX,GTES,2022-4-19,True,False
Michael McCaul,Republican,House,TX,LGIH,2022-4-13,True,False
Michael McCaul,Republican,House,TX,N/A,2022-3-31,False,True
Michael McCaul,Republican,House,TX,FCN,2022-4-6,False,True
Michael McCaul,Republican,House,TX,MAR,2022-4-20,False,True
Michael McCaul,Republican,House,TX,JPM,2022-4-27,False,True
Michael McCaul,Republican,House,TX,N/A,2022-3-31,False,True
Michael McCaul,Republican,House,TX,GOOGL,2022-4-7,False,True
Michael McCaul,Republican,House,TX,GOOGL,2022-4-21,False,True
Michael McCaul,Republican,House,TX,XRAY,2022-4-18,False,True
Michael McCaul,Republican,House,TX,FLS,2022-4-13,False,True
Michael McCaul,Republican,House,TX,ADP,2022-4-7,False,True
Michael McCaul,Republican,House,TX,NVDA,2022-4-3,False,True
Michael McCaul,Republican,House,TX,PPG,2022-4-20,False,True
Michael McCaul,Republican,House,TX,MSFT,2022-4-21,False,True
Michael McCaul,Republican,House,TX,PYPL,2022-4-21,False,True
Michael McCaul,Republican,House,TX,GOOGL,2022-4-21,False,True
Michael McCaul,Republican,House,TX,N/A,2022-3-31,False,True
Michael McCaul,Republican,House,TX,N/A,2022-4-10,False,True
Michael McCaul,Republican,House,TX,N/A,2022-4-19,False,True
Michael McCaul,Republican,House,TX,N/A,2022-3-31,False,True
Michael McCaul,Republican,House,TX,N/A,2022-4-10,False,True
Michael McCaul,Republican,House,TX,NFLX,2022-4-24,False,True
Michael McCaul,Republican,House,TX,NFLX,2022-4-21,True,False
Michael McCaul,Republican,House,TX,AZN,2022-4-27,True,False
Michael McCaul,Republican,House,TX,N/A,2022-4-6,True,False
Michael McCaul,Republican,House,TX,N/A,2022-4-4,True,False
Michael McCaul,Republican,House,TX,FERG,2022-4-20,True,False
Michael McCaul,Republican,House,TX,ORLY,2022-4-27,True,False
Michael McCaul,Republican,House,TX,N/A,2022-4-21,True,False
Michael McCaul,Republican,House,TX,UPS,2022-4-27,True,False
Michael McCaul,Republican,House,TX,N/A,2022-4-28,True,False
Michael McCaul,Republican,House,TX,N/A,2022-4-19,True,False
Michael McCaul,Republican,House,TX,N/A,2022-4-11,True,False
Michael McCaul,Republican,House,TX,KDP,2022-4-27,True,False
Michael McCaul,Republican,House,TX,SCHW,2022-4-7,True,False
Michael McCaul,Republican,House,TX,SCHW,2022-4-27,True,False
Michael McCaul,Republican,House,TX,ARW,2022-4-19,True,False
Michael McCaul,Republican,House,TX,DOV,2022-4-27,True,False
Michael McCaul,Republican,House,TX,BECN,2022-4-13,True,False
Michael McCaul,Republican,House,TX,PRI,2022-4-19,True,False
Michael McCaul,Republican,House,TX,DCI,2022-4-13,True,False
Michael McCaul,Republican,House,TX,SSD,2022-4-13,True,False
Michael McCaul,Republican,House,TX,LCII,2022-4-13,True,False
Michael McCaul,Republican,House,TX,NSIT,2022-4-13,True,False
Michael McCaul,Republican,House,TX,SSD,2022-4-19,True,False
Michael McCaul,Republican,House,TX,DCI,2022-4-19,True,False
Michael McCaul,Republican,House,TX,BJ,2022-4-19,True,False
Michael McCaul,Republican,House,TX,GTES,2022-4-19,True,False
Michael McCaul,Republican,House,TX,LGIH,2022-4-13,True,False
Michael McCaul,Republican,House,TX,N/A,2022-3-31,False,True
Michael McCaul,Republican,House,TX,MAR,2022-4-20,False,True
Michael McCaul,Republican,House,TX,FCN,2022-4-6,False,True
Michael McCaul,Republican,House,TX,N/A,2022-3-31,False,True
Michael McCaul,Republican,House,TX,JPM,2022-4-27,False,True
Michael McCaul,Republican,House,TX,GOOGL,2022-4-7,False,True
Michael McCaul,Republican,House,TX,GOOGL,2022-4-21,False,True
Michael McCaul,Republican,House,TX,ADP,2022-4-7,False,True
Michael McCaul,Republican,House,TX,NVDA,2022-4-3,False,True
Michael McCaul,Republican,House,TX,XRAY,2022-4-18,False,True
Michael McCaul,Republican,House,TX,FLS,2022-4-13,False,True
Michael McCaul,Republican,House,TX,MSFT,2022-4-21,False,True
Michael McCaul,Republican,House,TX,PPG,2022-4-20,False,True
Michael McCaul,Republican,House,TX,PYPL,2022-4-21,False,True
Michael McCaul,Republican,House,TX,GOOGL,2022-4-21,False,True
Michael McCaul,Republican,House,TX,N/A,2022-3-31,False,True
Michael McCaul,Republican,House,TX,N/A,2022-4-10,False,True
Michael McCaul,Republican,House,TX,N/A,2022-4-19,False,True
Michael McCaul,Republican,House,TX,N/A,2022-3-31,False,True
Michael McCaul,Republican,House,TX,N/A,2022-4-10,False,True
Michael McCaul,Republican,House,TX,NFLX,2022-4-24,False,True
Michael McCaul,Republican,House,TX,RS,2022-3-31,False,True
Michael McCaul,Republican,House,TX,RS,2022-3-31,False,True
Michael McCaul,Republican,House,TX,N/A,2022-4-10,True,False
Mike Kelly,Republican,House,PA,N/A,2022-4-21,False,True
Mike Kelly,Republican,House,PA,VBR,2022-4-1,False,True
August Pfluger,Republican,House,TX,LSXMA,2022-4-11,True,False
August Pfluger,Republican,House,TX,MSFT,2022-4-11,False,True
August Pfluger,Republican,House,TX,WBD,2022-4-10,False,False
August Pfluger,Republican,House,TX,WBD,2022-4-11,True,False
August Pfluger,Republican,House,TX,WBD,2022-4-10,False,False
August Pfluger,Republican,House,TX,WBD,2022-4-10,False,False
August Pfluger,Republican,House,TX,WBD,2022-4-10,False,False
Sheldon Whitehouse,Democrat,Senate,RI,T,2022-4-10,False,False
Sheldon Whitehouse,Democrat,Senate,RI,T,2022-4-10,False,False
Sheldon Whitehouse,Democrat,Senate,RI,WBD,2022-4-10,False,False
Sheldon Whitehouse,Democrat,Senate,RI,WBD,2022-4-10,False,False
Mikie Sherrill,Democrat,House,NJ,UBS,2022-5-22,False,True
Suzan DelBene,Democrat,House,WA,N/A,2022-5-15,False,True
Suzan DelBene,Democrat,House,WA,N/A,2022-5-5,False,True
Suzan DelBene,Democrat,House,WA,N/A,2022-5-2,True,False
Suzan DelBene,Democrat,House,WA,N/A,2022-5-5,True,False
Suzan DelBene,Democrat,House,WA,N/A,2022-5-9,True,False
Tom Suozzi,Democrat,House,NY,SQ,2022-5-4,False,True
Tom Suozzi,Democrat,House,NY,GNRC,2022-5-4,True,False
Tom Suozzi,Democrat,House,NY,GNRC,2022-5-4,True,False
Tom Suozzi,Democrat,House,NY,GS,2022-5-15,True,False
Tom Suozzi,Democrat,House,NY,GS,2022-5-15,True,False
Tom Suozzi,Democrat,House,NY,MP,2022-5-4,True,False
Tom Suozzi,Democrat,House,NY,PYPL,2022-5-4,False,True
Tom Suozzi,Democrat,House,NY,PPG,2022-5-4,False,True
Tom Suozzi,Democrat,House,NY,RH,2022-5-4,True,False
Tom Suozzi,Democrat,House,NY,UPST,2022-5-15,False,True
Tom Suozzi,Democrat,House,NY,UPST,2022-5-4,True,False
Tom Suozzi,Democrat,House,NY,UPST,2022-5-4,True,False
Tom Suozzi,Democrat,House,NY,UPST,2022-5-15,False,True
Alan Lowenthal,Democrat,House,CA,JPM,2022-5-16,True,False
Alan Lowenthal,Democrat,House,CA,TMUS,2022-5-16,True,False
Alan Lowenthal,Democrat,House,CA,STZ,2022-5-1,True,False
Alan Lowenthal,Democrat,House,CA,ICE,2022-5-4,False,True
Alan Lowenthal,Democrat,House,CA,ICE,2022-5-5,False,True
Michael Guest,Republican,House,MS,N/A,2022-4-24,True,False
Michael Guest,Republican,House,MS,N/A,2022-5-10,True,False
Michael Guest,Republican,House,MS,N/A,2022-4-24,True,False
Chris Jacobs,Republican,House,NY,PLAN,2022-4-10,False,True
Chris Jacobs,Republican,House,NY,AR,2022-4-10,True,False
Chris Jacobs,Republican,House,NY,CPE,2022-4-10,True,False
Chris Jacobs,Republican,House,NY,PR,2022-4-10,True,False
Chris Jacobs,Republican,House,NY,UUUU,2022-4-10,True,False
Chris Jacobs,Republican,House,NY,KOS,2022-4-10,True,False
Chris Jacobs,Republican,House,NY,NBR,2022-4-10,True,False
Chris Jacobs,Republican,House,NY,NEX,2022-4-10,True,False
Chris Jacobs,Republican,House,NY,PTEN,2022-4-10,True,False
Chris Jacobs,Republican,House,NY,PTON,2022-4-10,False,True
Chris Jacobs,Republican,House,NY,SM,2022-4-10,True,False
Chris Jacobs,Republican,House,NY,TELL,2022-4-10,True,False
Chris Jacobs,Republican,House,NY,UBER,2022-4-10,False,True
Chris Jacobs,Republican,House,NY,UEC,2022-4-10,True,False
Chris Jacobs,Republican,House,NY,DIS,2022-4-10,False,True
Chris Jacobs,Republican,House,NY,N/A,2022-4-10,False,True
Chris Jacobs,Republican,House,NY,ZG,2022-4-10,False,True
Debbie Dingell,Democrat,House,MI,WMB,2022-5-15,False,True
Kurt Schrader,Democrat,House,OR,AON,2022-4-3,True,False
Kurt Schrader,Democrat,House,OR,BAM,2022-4-4,True,False
Kurt Schrader,Democrat,House,OR,JPM,2022-4-4,True,False
Kurt Schrader,Democrat,House,OR,VDC,2022-4-7,True,False
Kurt Schrader,Democrat,House,OR,XLV,2022-4-7,True,False
Kurt Schrader,Democrat,House,OR,DG,2022-4-20,True,False
Kurt Schrader,Democrat,House,OR,APTV,2022-4-3,False,True
Kurt Schrader,Democrat,House,OR,C,2022-4-4,False,True
Kurt Schrader,Democrat,House,OR,SPY,2022-4-7,False,True
Kurt Schrader,Democrat,House,OR,AAPL,2022-4-20,False,True
Scott Peters,Democrat,House,CA,N/A,2022-4-18,True,False
Susie Lee,Democrat,House,NV,FLL,2022-5-11,True,False
Hal Rogers,Republican,House,KY,BBVSX,2022-3-29,False,True
Hal Rogers,Republican,House,KY,IWR,2022-3-29,False,True
Hal Rogers,Republican,House,KY,VTV,2022-3-29,False,True
Hal Rogers,Republican,House,KY,BBGLX,2022-3-29,True,False
Hal Rogers,Republican,House,KY,BBGSX,2022-3-29,True,False
Chuck Fleischmann,Republican,House,TN,PDBC,2022-4-24,True,False
Chuck Fleischmann,Republican,House,TN,ITA,2022-4-24,True,False
Chuck Fleischmann,Republican,House,TN,IBDP,2022-4-24,False,True
Chuck Fleischmann,Republican,House,TN,EWU,2022-4-24,False,True
Chuck Fleischmann,Republican,House,TN,HYBB,2022-4-24,True,False
Chuck Fleischmann,Republican,House,TN,IBDU,2022-4-24,True,False
Chuck Fleischmann,Republican,House,TN,IBTK,2022-4-24,True,False
Chuck Fleischmann,Republican,House,TN,IBTF,2022-4-24,False,True
Chuck Fleischmann,Republican,House,TN,SPDW,2022-4-24,False,True
Chuck Fleischmann,Republican,House,TN,SPYG,2022-4-24,True,False
Chuck Fleischmann,Republican,House,TN,SPYV,2022-4-24,True,False
Chuck Fleischmann,Republican,House,TN,MDYG,2022-4-24,False,True
Chuck Fleischmann,Republican,House,TN,MDYV,2022-4-24,False,True
Chuck Fleischmann,Republican,House,TN,XHB,2022-4-24,False,True
Chuck Fleischmann,Republican,House,TN,XLB,2022-4-24,False,True
Chuck Fleischmann,Republican,House,TN,XLP,2022-4-24,True,False
Chuck Fleischmann,Republican,House,TN,XLE,2022-4-24,True,False
Chuck Fleischmann,Republican,House,TN,XLF,2022-4-24,False,True
Chuck Fleischmann,Republican,House,TN,DXJ,2022-4-24,True,False
Victoria Spartz,Republican,House,IN,SPG,2022-5-13,True,False
Josh Gottheimer,Democrat,House,NJ,APD,2022-4-18,True,False
Josh Gottheimer,Democrat,House,NJ,ALGN,2022-4-27,False,True
Josh Gottheimer,Democrat,House,NJ,AAPL,2022-4-18,True,False
Josh Gottheimer,Democrat,House,NJ,BRK/B,2022-3-31,False,True
Josh Gottheimer,Democrat,House,NJ,BKNG,2022-4-13,False,True
Josh Gottheimer,Democrat,House,NJ,CRNC,2022-4-18,True,False
Josh Gottheimer,Democrat,House,NJ,CHX,2022-4-20,True,False
Josh Gottheimer,Democrat,House,NJ,CCXI,2022-4-18,True,False
Josh Gottheimer,Democrat,House,NJ,CVX,2022-3-31,False,True
Josh Gottheimer,Democrat,House,NJ,CTSH,2022-4-26,True,False
Josh Gottheimer,Democrat,House,NJ,COP,2022-4-27,True,False
Josh Gottheimer,Democrat,House,NJ,COP,2022-4-13,True,False
Josh Gottheimer,Democrat,House,NJ,CVET,2022-4-18,True,False
Josh Gottheimer,Democrat,House,NJ,1093,2022-4-18,True,False
Josh Gottheimer,Democrat,House,NJ,LLY,2022-4-13,True,False
Josh Gottheimer,Democrat,House,NJ,LLY,2022-4-27,True,False
Josh Gottheimer,Democrat,House,NJ,XNGSY,2022-4-18,True,False
Josh Gottheimer,Democrat,House,NJ,EL,2022-4-13,False,True
Josh Gottheimer,Democrat,House,NJ,HSHCY,2022-4-18,True,False
Josh Gottheimer,Democrat,House,NJ,INTU,2022-4-18,True,False
Josh Gottheimer,Democrat,House,NJ,LOW,2022-3-31,False,True
Josh Gottheimer,Democrat,House,NJ,MGY,2022-4-20,False,True
Josh Gottheimer,Democrat,House,NJ,MAR,2022-4-13,True,False
Josh Gottheimer,Democrat,House,NJ,MTCH,2022-4-19,False,True
Josh Gottheimer,Democrat,House,NJ,META,2022-4-19,False,True
Josh Gottheimer,Democrat,House,NJ,MDB,2022-4-18,True,False
Josh Gottheimer,Democrat,House,NJ,MNST,2022-4-13,False,True
Josh Gottheimer,Democrat,House,NJ,MS,2022-4-26,False,True
Josh Gottheimer,Democrat,House,NJ,NSC,2022-3-31,False,True
Josh Gottheimer,Democrat,House,NJ,PTEN,2022-4-20,True,False
Josh Gottheimer,Democrat,House,NJ,PYCR,2022-4-18,True,False
Josh Gottheimer,Democrat,House,NJ,PNGAY,2022-4-18,True,False
Josh Gottheimer,Democrat,House,NJ,SSDOY,2022-4-20,True,False
Josh Gottheimer,Democrat,House,NJ,SPXC,2022-4-18,True,False
Josh Gottheimer,Democrat,House,NJ,SBUX,2022-3-31,True,False
Josh Gottheimer,Democrat,House,NJ,TPR,2022-4-13,False,True
Josh Gottheimer,Democrat,House,NJ,TGT,2022-4-13,True,False
Josh Gottheimer,Democrat,House,NJ,TCEHY,2022-4-18,True,False
Josh Gottheimer,Democrat,House,NJ,TEX,2022-4-18,True,False
Josh Gottheimer,Democrat,House,NJ,TWKS,2022-4-12,True,False
Josh Gottheimer,Democrat,House,NJ,UNICY,2022-4-20,False,True
Josh Gottheimer,Democrat,House,NJ,ECOL,2022-4-12,False,True
Bob Gibbs,Republican,House,OH,AAPL,2022-5-10,True,False
Bill Hagerty,Republican,Senate,TN,N/A,2022-4-21,True,False
Bill Hagerty,Republican,Senate,TN,N/A,2022-4-21,True,False
Bill Hagerty,Republican,Senate,TN,N/A,2022-4-21,True,False
Bill Hagerty,Republican,Senate,TN,N/A,2022-4-21,True,False
Bill Hagerty,Republican,Senate,TN,LMND,2022-5-5,False,True
Susan Collins,Republican,Senate,ME,N/A,2022-4-20,True,False
Rob Wittman,Republican,House,VA,ABT,2022-4-18,True,False
Rob Wittman,Republican,House,VA,IWB,2022-4-18,False,True
Rob Wittman,Republican,House,VA,PSDTX,2022-4-25,False,True
Rob Wittman,Republican,House,VA,SPY,2022-4-18,True,False
Rob Wittman,Republican,House,VA,TJX,2022-4-18,True,False
John Boozman,Republican,Senate,AR,DBLEX,2022-4-26,False,True
John Boozman,Republican,Senate,AR,GBIL,2022-4-26,False,True
John Boozman,Republican,Senate,AR,AGG,2022-4-26,False,True
John Boozman,Republican,Senate,AR,TPYP,2022-4-7,False,True
John Boozman,Republican,Senate,AR,SCHP,2022-4-26,False,True
John Boozman,Republican,Senate,AR,GIGB,2022-4-26,True,False
John Boozman,Republican,Senate,AR,AGG,2022-4-7,True,False
John Boozman,Republican,Senate,AR,TLH,2022-4-26,True,False
John Boozman,Republican,Senate,AR,SHY,2022-4-26,True,False
John Boozman,Republican,Senate,AR,JMBS,2022-4-26,True,False
Tommy Tuberville,Republican,Senate,AL,SQ,2022-4-10,False,True
Tommy Tuberville,Republican,Senate,AL,PYPL,2022-4-10,True,False
Tommy Tuberville,Republican,Senate,AL,N/A,2022-4-28,False,True
Tommy Tuberville,Republican,Senate,AL,N/A,2022-4-11,True,False
Tommy Tuberville,Republican,Senate,AL,N/A,2022-4-11,False,True
Tommy Tuberville,Republican,Senate,AL,N/A,2022-4-6,False,True
Tommy Tuberville,Republican,Senate,AL,PYPL,2022-4-27,False,True
Tommy Tuberville,Republican,Senate,AL,PYPL,2022-4-27,True,False
Tommy Tuberville,Republican,Senate,AL,PYPL,2022-4-27,False,True
Tommy Tuberville,Republican,Senate,AL,ECOM,2022-4-20,True,False
John Thune,Republican,Senate,SD,IRT,2022-5-4,False,True
Ro Khanna,Democrat,House,CA,V,2022-4-26,False,True
Ro Khanna,Democrat,House,CA,NOW,2022-4-26,True,False
Ro Khanna,Democrat,House,CA,V,2022-4-28,False,True
Ro Khanna,Democrat,House,CA,N/A,2022-4-28,True,False
Ro Khanna,Democrat,House,CA,N/A,2022-3-31,True,False
Ro Khanna,Democrat,House,CA,N/A,2022-3-31,True,False
Ro Khanna,Democrat,House,CA,AIG,2022-4-21,True,False
Ro Khanna,Democrat,House,CA,ABT,2022-4-21,True,False
Ro Khanna,Democrat,House,CA,BAC,2022-4-21,True,False
Ro Khanna,Democrat,House,CA,BRK/B,2022-4-21,True,False
Ro Khanna,Democrat,House,CA,KKR,2022-4-26,True,False
Ro Khanna,Democrat,House,CA,N/A,2022-4-21,True,False
Ro Khanna,Democrat,House,CA,PEP,2022-4-21,True,False
Ro Khanna,Democrat,House,CA,DIS,2022-4-21,True,False
Ro Khanna,Democrat,House,CA,NVR,2022-4-21,True,False
Ro Khanna,Democrat,House,CA,GM,2022-4-21,True,False
Ro Khanna,Democrat,House,CA,META,2022-4-21,True,False
Ro Khanna,Democrat,House,CA,PFE,2022-4-21,True,False
Ro Khanna,Democrat,House,CA,AMZN,2022-4-21,True,False
Ro Khanna,Democrat,House,CA,HD,2022-4-21,True,False
Ro Khanna,Democrat,House,CA,GOOGL,2022-4-21,True,False
Ro Khanna,Democrat,House,CA,CAT,2022-4-21,True,False
Ro Khanna,Democrat,House,CA,PH,2022-4-21,True,False
Ro Khanna,Democrat,House,CA,MMC,2022-4-21,True,False
Ro Khanna,Democrat,House,CA,ILMN,2022-4-21,True,False
Ro Khanna,Democrat,House,CA,TXN,2022-4-21,True,False
Ro Khanna,Democrat,House,CA,MDLZ,2022-4-21,True,False
Ro Khanna,Democrat,House,CA,MDT,2022-4-21,True,False
Ro Khanna,Democrat,House,CA,VFC,2022-4-21,True,False
Ro Khanna,Democrat,House,CA,BDX,2022-4-21,True,False
Ro Khanna,Democrat,House,CA,NDAQ,2022-4-21,True,False
Ro Khanna,Democrat,House,CA,CTSH,2022-4-21,True,False
Ro Khanna,Democrat,House,CA,ADM,2022-4-21,True,False
Ro Khanna,Democrat,House,CA,SSNC,2022-4-21,True,False
Ro Khanna,Democrat,House,CA,BKNG,2022-4-21,True,False
Ro Khanna,Democrat,House,CA,FIS,2022-4-21,True,False
Ro Khanna,Democrat,House,CA,SIVBQ,2022-4-21,True,False
Ro Khanna,Democrat,House,CA,DE,2022-4-21,True,False
Ro Khanna,Democrat,House,CA,WY,2022-4-21,True,False
Ro Khanna,Democrat,House,CA,LIN,2022-4-21,True,False
Ro Khanna,Democrat,House,CA,HIG,2022-4-21,True,False
Ro Khanna,Democrat,House,CA,CARR,2022-4-21,True,False
Ro Khanna,Democrat,House,CA,V,2022-4-21,True,False
Ro Khanna,Democrat,House,CA,HBI,2022-4-21,True,False
Ro Khanna,Democrat,House,CA,WM,2022-4-21,True,False
Ro Khanna,Democrat,House,CA,ABBV,2022-4-21,True,False
Ro Khanna,Democrat,House,CA,SHW,2022-4-21,True,False
Ro Khanna,Democrat,House,CA,CMCSA,2022-4-21,True,False
Ro Khanna,Democrat,House,CA,HON,2022-4-21,True,False
Ro Khanna,Democrat,House,CA,ZNGA,2022-4-21,True,False
Ro Khanna,Democrat,House,CA,WFC,2022-4-21,True,False
Ro Khanna,Democrat,House,CA,VZ,2022-4-21,True,False
Ro Khanna,Democrat,House,CA,BWA,2022-4-21,True,False
Ro Khanna,Democrat,House,CA,SBAC,2022-4-21,True,False
Ro Khanna,Democrat,House,CA,MSFT,2022-4-25,True,False
Ro Khanna,Democrat,House,CA,MSFT,2022-4-26,True,False
Ro Khanna,Democrat,House,CA,TXN,2022-4-26,True,False
Ro Khanna,Democrat,House,CA,SLB,2022-4-21,True,False
Ro Khanna,Democrat,House,CA,AMZN,2022-4-11,True,False
Ro Khanna,Democrat,House,CA,BAC,2022-4-18,True,False
Ro Khanna,Democrat,House,CA,MSFT,2022-4-28,True,False
Ro Khanna,Democrat,House,CA,ABT,2022-4-28,True,False
Ro Khanna,Democrat,House,CA,ABT,2022-4-20,True,False
Ro Khanna,Democrat,House,CA,DHR,2022-4-11,True,False
Ro Khanna,Democrat,House,CA,KKR,2022-4-7,True,False
Ro Khanna,Democrat,House,CA,SIVBQ,2022-4-4,True,False
Ro Khanna,Democrat,House,CA,SIVBQ,2022-4-11,True,False
Ro Khanna,Democrat,House,CA,ADBE,2022-4-11,True,False
Ro Khanna,Democrat,House,CA,NVO,2022-4-19,True,False
Ro Khanna,Democrat,House,CA,NVDA,2022-3-31,True,False
Ro Khanna,Democrat,House,CA,LLY,2022-4-12,True,False
Ro Khanna,Democrat,House,CA,ISRG,2022-4-19,True,False
Ro Khanna,Democrat,House,CA,SIVBQ,2022-4-3,True,False
Ro Khanna,Democrat,House,CA,SIVBQ,2022-4-4,True,False
Ro Khanna,Democrat,House,CA,AMT,2022-4-7,True,False
Ro Khanna,Democrat,House,CA,DHR,2022-4-3,True,False
Ro Khanna,Democrat,House,CA,AMZN,2022-4-6,True,False
Ro Khanna,Democrat,House,CA,SIVBQ,2022-4-13,True,False
Ro Khanna,Democrat,House,CA,N/A,2022-4-12,True,False
Ro Khanna,Democrat,House,CA,AMZN,2022-4-13,True,False
Ro Khanna,Democrat,House,CA,AMZN,2022-4-11,True,False
Ro Khanna,Democrat,House,CA,NEE,2022-4-11,True,False
Ro Khanna,Democrat,House,CA,GOOGL,2022-3-31,True,False
Ro Khanna,Democrat,House,CA,BAC,2022-4-20,True,False
Ro Khanna,Democrat,House,CA,V,2022-4-28,True,False
Ro Khanna,Democrat,House,CA,SIVBQ,2022-4-5,True,False
Ro Khanna,Democrat,House,CA,APTV,2022-4-11,True,False
Ro Khanna,Democrat,House,CA,DHR,2022-4-19,True,False
Ro Khanna,Democrat,House,CA,LGF/A,2022-4-5,False,True
Ro Khanna,Democrat,House,CA,MRK,2022-4-5,False,True
Ro Khanna,Democrat,House,CA,BRK/B,2022-4-5,False,True
Ro Khanna,Democrat,House,CA,GPK,2022-4-5,False,True
Ro Khanna,Democrat,House,CA,KO,2022-4-5,False,True
Ro Khanna,Democrat,House,CA,WBA,2022-4-7,False,True
Ro Khanna,Democrat,House,CA,AXTA,2022-4-5,False,True
Ro Khanna,Democrat,House,CA,RF,2022-4-5,False,True
Ro Khanna,Democrat,House,CA,T,2022-4-5,False,True
Ro Khanna,Democrat,House,CA,URBN,2022-4-5,False,True
Ro Khanna,Democrat,House,CA,GM,2022-4-5,False,True
Ro Khanna,Democrat,House,CA,BAC,2022-4-5,False,True
Ro Khanna,Democrat,House,CA,HBI,2022-4-5,False,True
Ro Khanna,Democrat,House,CA,WAB,2022-4-5,False,True
Ro Khanna,Democrat,House,CA,FDX,2022-4-5,False,True
Ro Khanna,Democrat,House,CA,BK,2022-4-6,False,True
Ro Khanna,Democrat,House,CA,GOOGL,2022-4-5,False,True
Ro Khanna,Democrat,House,CA,MU,2022-4-5,False,True
Ro Khanna,Democrat,House,CA,SCHW,2022-4-6,False,True
Ro Khanna,Democrat,House,CA,DIS,2022-4-5,False,True
Ro Khanna,Democrat,House,CA,NVDA,2022-4-11,False,True
Ro Khanna,Democrat,House,CA,IFF,2022-4-5,False,True
Ro Khanna,Democrat,House,CA,GLW,2022-4-5,False,True
Ro Khanna,Democrat,House,CA,MHK,2022-4-5,False,True
Ro Khanna,Democrat,House,CA,USB,2022-4-6,False,True
Ro Khanna,Democrat,House,CA,PNC,2022-4-6,False,True
Ro Khanna,Democrat,House,CA,DD,2022-4-5,False,True
Ro Khanna,Democrat,House,CA,AXP,2022-4-6,False,True
Ro Khanna,Democrat,House,CA,SIVBQ,2022-4-6,False,True
Ro Khanna,Democrat,House,CA,ADM,2022-4-26,False,True
Ro Khanna,Democrat,House,CA,JPM,2022-4-6,False,True
Ro Khanna,Democrat,House,CA,MTB,2022-4-6,False,True
Ro Khanna,Democrat,House,CA,BAC,2022-4-6,False,True
Ro Khanna,Democrat,House,CA,MS,2022-4-6,False,True
Ro Khanna,Democrat,House,CA,ADM,2022-4-25,False,True
Ro Khanna,Democrat,House,CA,TSLA,2022-4-24,False,True
Ro Khanna,Democrat,House,CA,AXP,2022-3-31,False,True
Ro Khanna,Democrat,House,CA,BK,2022-4-6,False,True
Ro Khanna,Democrat,House,CA,C,2022-4-6,False,True
Ro Khanna,Democrat,House,CA,NFLX,2022-4-21,False,True
Ro Khanna,Democrat,House,CA,EQH,2022-4-6,False,True
Ro Khanna,Democrat,House,CA,ADM,2022-4-11,False,True
Ro Khanna,Democrat,House,CA,ALGN,2022-4-24,False,True
Ro Khanna,Democrat,House,CA,INFN,2022-4-5,False,True
Ro Khanna,Democrat,House,CA,NFLX,2022-4-20,False,True
Ro Khanna,Democrat,House,CA,PPRUY,2022-4-12,False,True
Ro Khanna,Democrat,House,CA,FCNCA,2022-4-6,False,True
Ro Khanna,Democrat,House,CA,META,2022-4-5,False,True
Ro Khanna,Democrat,House,CA,SHOP,2022-4-21,False,True
Ro Khanna,Democrat,House,CA,COF,2022-4-6,False,True
Ro Khanna,Democrat,House,CA,GOOGL,2022-4-26,False,True
Ro Khanna,Democrat,House,CA,AL,2022-4-6,False,True
Ro Khanna,Democrat,House,CA,GOOGL,2022-4-21,False,True
Ro Khanna,Democrat,House,CA,MMC,2022-4-5,False,True
Ro Khanna,Democrat,House,CA,CHTR,2022-4-10,False,True
Ro Khanna,Democrat,House,CA,SBAC,2022-4-5,False,True
Ro Khanna,Democrat,House,CA,AL,2022-4-6,False,True
Ro Khanna,Democrat,House,CA,PEP,2022-4-5,False,True
Ro Khanna,Democrat,House,CA,CHTR,2022-4-12,False,True
Ro Khanna,Democrat,House,CA,WFC,2022-4-6,False,True
Ro Khanna,Democrat,House,CA,SHOP,2022-4-19,False,True
Ro Khanna,Democrat,House,CA,NVDA,2022-4-6,False,True
Ro Khanna,Democrat,House,CA,NFLX,2022-4-19,False,True
Ro Khanna,Democrat,House,CA,ALLY,2022-3-31,False,True
Ro Khanna,Democrat,House,CA,ADBE,2022-3-31,False,True
Ro Khanna,Democrat,House,CA,AIG,2022-4-7,False,True
Ro Khanna,Democrat,House,CA,MDT,2022-4-5,False,True
Ro Khanna,Democrat,House,CA,PPRUY,2022-4-7,False,True
Ro Khanna,Democrat,House,CA,CHTR,2022-4-13,False,True
Ro Khanna,Democrat,House,CA,CHTR,2022-4-11,False,True
Ro Khanna,Democrat,House,CA,PFE,2022-4-5,False,True
Ro Khanna,Democrat,House,CA,PPRUY,2022-4-5,False,True
Ro Khanna,Democrat,House,CA,HIG,2022-4-26,False,True
Ro Khanna,Democrat,House,CA,SHOP,2022-4-7,False,True
Ro Khanna,Democrat,House,CA,MTB,2022-4-6,False,True
Ro Khanna,Democrat,House,CA,WM,2022-4-5,False,True
Ro Khanna,Democrat,House,CA,HIG,2022-4-27,False,True
Ro Khanna,Democrat,House,CA,BAC,2022-4-6,False,True
Ro Khanna,Democrat,House,CA,CHTR,2022-4-13,False,True
Ro Khanna,Democrat,House,CA,AIG,2022-4-12,False,True
Ro Khanna,Democrat,House,CA,TWLO,2022-4-11,False,True
Ro Khanna,Democrat,House,CA,SNAP,2022-4-24,False,True
Ro Khanna,Democrat,House,CA,MSFT,2022-4-20,True,False
Ro Khanna,Democrat,House,CA,GOOGL,2022-4-20,True,False
Ro Khanna,Democrat,House,CA,AAPL,2022-4-20,True,False
Ro Khanna,Democrat,House,CA,JPM,2022-4-12,True,False
Ro Khanna,Democrat,House,CA,N/A,2022-3-31,True,False
Ro Khanna,Democrat,House,CA,WMT,2022-4-20,True,False
Ro Khanna,Democrat,House,CA,TSLA,2022-4-20,True,False
Ro Khanna,Democrat,House,CA,V,2022-4-20,True,False
Ro Khanna,Democrat,House,CA,CSCO,2022-4-20,True,False
Ro Khanna,Democrat,House,CA,HD,2022-4-20,True,False
Ro Khanna,Democrat,House,CA,META,2022-4-12,True,False
Ro Khanna,Democrat,House,CA,TXN,2022-4-20,True,False
Ro Khanna,Democrat,House,CA,ABT,2022-4-20,True,False
Ro Khanna,Democrat,House,CA,TSLA,2022-4-12,True,False
Ro Khanna,Democrat,House,CA,META,2022-4-20,True,False
Ro Khanna,Democrat,House,CA,HD,2022-4-12,True,False
Ro Khanna,Democrat,House,CA,AMZN,2022-4-20,True,False
Ro Khanna,Democrat,House,CA,DHR,2022-4-20,True,False
Ro Khanna,Democrat,House,CA,PYPL,2022-4-12,True,False
Ro Khanna,Democrat,House,CA,ACN,2022-4-20,True,False
Ro Khanna,Democrat,House,CA,BRK/B,2022-4-20,True,False
Ro Khanna,Democrat,House,CA,MDT,2022-4-12,True,False
Ro Khanna,Democrat,House,CA,LIN,2022-4-20,True,False
Ro Khanna,Democrat,House,CA,INTC,2022-4-12,True,False
Ro Khanna,Democrat,House,CA,INTU,2022-4-20,True,False
Ro Khanna,Democrat,House,CA,MCD,2022-4-12,True,False
Ro Khanna,Democrat,House,CA,INTC,2022-4-20,True,False
Ro Khanna,Democrat,House,CA,BLK,2022-4-20,True,False
Ro Khanna,Democrat,House,CA,NKE,2022-4-12,True,False
Ro Khanna,Democrat,House,CA,V,2022-4-12,True,False
Ro Khanna,Democrat,House,CA,CCI,2022-4-20,True,False
Ro Khanna,Democrat,House,CA,CAT,2022-4-20,True,False
Ro Khanna,Democrat,House,CA,LLY,2022-4-20,True,False
Ro Khanna,Democrat,House,CA,ORCL,2022-4-20,True,False
Ro Khanna,Democrat,House,CA,MCD,2022-4-20,True,False
Ro Khanna,Democrat,House,CA,PG,2022-4-20,True,False
Ro Khanna,Democrat,House,CA,CSX,2022-4-20,True,False
Ro Khanna,Democrat,House,CA,MA,2022-4-20,True,False
Ro Khanna,Democrat,House,CA,SYK,2022-4-20,True,False
Ro Khanna,Democrat,House,CA,KO,2022-4-20,True,False
Ro Khanna,Democrat,House,CA,AMAT,2022-4-20,True,False
Ro Khanna,Democrat,House,CA,N/A,2022-4-20,True,False
Ro Khanna,Democrat,House,CA,N/A,2022-4-18,True,False
Ro Khanna,Democrat,House,CA,ETN,2022-4-20,True,False
Ro Khanna,Democrat,House,CA,LIN,2022-4-12,True,False
Ro Khanna,Democrat,House,CA,MRK,2022-4-20,True,False
Ro Khanna,Democrat,House,CA,LRCX,2022-4-20,True,False
Ro Khanna,Democrat,House,CA,NVDA,2022-4-20,True,False
Ro Khanna,Democrat,House,CA,BKNG,2022-4-20,True,False
Ro Khanna,Democrat,House,CA,RF,2022-4-20,True,False
Ro Khanna,Democrat,House,CA,BK,2022-4-20,True,False
Ro Khanna,Democrat,House,CA,CSCO,2022-4-12,True,False
Ro Khanna,Democrat,House,CA,CI,2022-4-20,True,False
Ro Khanna,Democrat,House,CA,NXPI,2022-4-20,True,False
Ro Khanna,Democrat,House,CA,EQIX,2022-4-20,True,False
Ro Khanna,Democrat,House,CA,NKE,2022-4-20,True,False
Ro Khanna,Democrat,House,CA,MNST,2022-4-20,True,False
Ro Khanna,Democrat,House,CA,MSFT,2022-4-12,True,False
Ro Khanna,Democrat,House,CA,BLK,2022-4-12,True,False
Ro Khanna,Democrat,House,CA,DHR,2022-4-12,True,False
Ro Khanna,Democrat,House,CA,GILD,2022-4-20,True,False
Ro Khanna,Democrat,House,CA,EW,2022-4-20,True,False
Ro Khanna,Democrat,House,CA,T,2022-4-20,True,False
Ro Khanna,Democrat,House,CA,BKNG,2022-4-20,True,False
Ro Khanna,Democrat,House,CA,DIS,2022-4-12,True,False
Ro Khanna,Democrat,House,CA,MDT,2022-4-12,True,False
Ro Khanna,Democrat,House,CA,POOL,2022-4-20,True,False
Ro Khanna,Democrat,House,CA,ECL,2022-4-20,True,False
Ro Khanna,Democrat,House,CA,WMT,2022-4-12,True,False
Ro Khanna,Democrat,House,CA,APD,2022-4-20,True,False
Ro Khanna,Democrat,House,CA,ITW,2022-4-20,True,False
Ro Khanna,Democrat,House,CA,FDX,2022-4-12,True,False
Ro Khanna,Democrat,House,CA,JCI,2022-4-20,True,False
Ro Khanna,Democrat,House,CA,MCHP,2022-4-20,True,False
Ro Khanna,Democrat,House,CA,ADSK,2022-4-12,True,False
Ro Khanna,Democrat,House,CA,ABT,2022-4-12,True,False
Ro Khanna,Democrat,House,CA,AMAT,2022-4-12,True,False
Ro Khanna,Democrat,House,CA,MELI,2022-4-12,True,False
Ro Khanna,Democrat,House,CA,FITB,2022-4-20,True,False
Ro Khanna,Democrat,House,CA,ROK,2022-4-20,True,False
Ro Khanna,Democrat,House,CA,MMC,2022-4-20,True,False
Ro Khanna,Democrat,House,CA,LYV,2022-4-20,True,False
Ro Khanna,Democrat,House,CA,NFLX,2022-4-12,True,False
Ro Khanna,Democrat,House,CA,JPM,2022-4-20,True,False
Ro Khanna,Democrat,House,CA,CHTR,2022-4-20,True,False
Ro Khanna,Democrat,House,CA,GOOGL,2022-4-12,True,False
Ro Khanna,Democrat,House,CA,FDX,2022-4-20,True,False
Ro Khanna,Democrat,House,CA,EFX,2022-4-20,True,False
Ro Khanna,Democrat,House,CA,SHW,2022-4-20,True,False
Ro Khanna,Democrat,House,CA,WM,2022-4-20,True,False
Ro Khanna,Democrat,House,CA,NWSA,2022-4-20,True,False
Ro Khanna,Democrat,House,CA,FTV,2022-4-20,True,False
Ro Khanna,Democrat,House,CA,DHI,2022-4-20,True,False
Ro Khanna,Democrat,House,CA,LRCX,2022-4-12,True,False
Ro Khanna,Democrat,House,CA,INTU,2022-4-12,True,False
Ro Khanna,Democrat,House,CA,ETSY,2022-4-12,True,False
Ro Khanna,Democrat,House,CA,ROP,2022-4-20,True,False
Ro Khanna,Democrat,House,CA,ZION,2022-4-20,True,False
Ro Khanna,Democrat,House,CA,PPG,2022-4-20,True,False
Ro Khanna,Democrat,House,CA,EBAY,2022-4-20,True,False
Ro Khanna,Democrat,House,CA,AXP,2022-4-20,True,False
Ro Khanna,Democrat,House,CA,AME,2022-4-20,True,False
Ro Khanna,Democrat,House,CA,CAT,2022-4-12,True,False
Ro Khanna,Democrat,House,CA,PH,2022-4-20,True,False
Ro Khanna,Democrat,House,CA,CTAS,2022-4-20,True,False
Ro Khanna,Democrat,House,CA,STT,2022-4-20,True,False
Ro Khanna,Democrat,House,CA,FRC,2022-4-20,True,False
Ro Khanna,Democrat,House,CA,SPG,2022-4-20,True,False
Ro Khanna,Democrat,House,CA,WELL,2022-4-20,True,False
Ro Khanna,Democrat,House,CA,CDNS,2022-4-20,True,False
Ro Khanna,Democrat,House,CA,AIG,2022-4-20,True,False
Ro Khanna,Democrat,House,CA,TT,2022-4-12,True,False
Ro Khanna,Democrat,House,CA,ZTS,2022-4-20,True,False
Ro Khanna,Democrat,House,CA,CARR,2022-4-20,True,False
Ro Khanna,Democrat,House,CA,ANET,2022-4-20,True,False
Ro Khanna,Democrat,House,CA,PRU,2022-4-20,True,False
Ro Khanna,Democrat,House,CA,GM,2022-4-20,True,False
Ro Khanna,Democrat,House,CA,ILMN,2022-4-12,True,False
Ro Khanna,Democrat,House,CA,URI,2022-4-20,True,False
Ro Khanna,Democrat,House,CA,WBS,2022-4-20,True,False
Ro Khanna,Democrat,House,CA,ILMN,2022-4-20,True,False
Ro Khanna,Democrat,House,CA,EBAY,2022-4-12,True,False
Ro Khanna,Democrat,House,CA,BIIB,2022-4-20,True,False
Ro Khanna,Democrat,House,CA,KKR,2022-4-20,True,False
Ro Khanna,Democrat,House,CA,FTNT,2022-4-20,True,False
Ro Khanna,Democrat,House,CA,WDAY,2022-4-20,True,False
Ro Khanna,Democrat,House,CA,JCI,2022-4-12,True,False
Ro Khanna,Democrat,House,CA,WAL,2022-4-12,True,False
Ro Khanna,Democrat,House,CA,TT,2022-4-20,True,False
Ro Khanna,Democrat,House,CA,ETSY,2022-4-20,True,False
Ro Khanna,Democrat,House,CA,DLR,2022-4-20,True,False
Ro Khanna,Democrat,House,CA,ADSK,2022-4-20,True,False
Ro Khanna,Democrat,House,CA,TMO,2022-4-20,True,False
Ro Khanna,Democrat,House,CA,MRNA,2022-4-20,True,False
Ro Khanna,Democrat,House,CA,SWK,2022-4-20,True,False
Ro Khanna,Democrat,House,CA,CL,2022-4-20,True,False
Ro Khanna,Democrat,House,CA,CSGP,2022-4-12,True,False
Ro Khanna,Democrat,House,CA,EWBC,2022-4-20,True,False
Ro Khanna,Democrat,House,CA,USB,2022-4-12,True,False
Ro Khanna,Democrat,House,CA,CARR,2022-4-12,True,False
Ro Khanna,Democrat,House,CA,EL,2022-4-20,True,False
Ro Khanna,Democrat,House,CA,SBNY,2022-4-20,True,False
Ro Khanna,Democrat,House,CA,TRV,2022-4-20,True,False
Ro Khanna,Democrat,House,CA,KHC,2022-4-20,True,False
Ro Khanna,Democrat,House,CA,DOCU,2022-4-12,True,False
Ro Khanna,Democrat,House,CA,SIVBQ,2022-4-12,True,False
Ro Khanna,Democrat,House,CA,FAST,2022-4-20,True,False
Ro Khanna,Democrat,House,CA,DHI,2022-4-12,True,False
Ro Khanna,Democrat,House,CA,UAL,2022-4-20,True,False
Ro Khanna,Democrat,House,CA,TEAM,2022-4-20,True,False
Ro Khanna,Democrat,House,CA,SIVBQ,2022-4-20,True,False
Ro Khanna,Democrat,House,CA,AMZN,2022-4-12,False,True
Ro Khanna,Democrat,House,CA,CRM,2022-4-12,False,True
Ro Khanna,Democrat,House,CA,SBUX,2022-4-12,False,True
Ro Khanna,Democrat,House,CA,MMM,2022-4-20,False,True
Ro Khanna,Democrat,House,CA,ADBE,2022-4-12,False,True
Ro Khanna,Democrat,House,CA,BAC,2022-4-12,False,True
Ro Khanna,Democrat,House,CA,PNC,2022-4-12,False,True
Ro Khanna,Democrat,House,CA,NOW,2022-4-12,False,True
Ro Khanna,Democrat,House,CA,PH,2022-4-12,False,True
Ro Khanna,Democrat,House,CA,C,2022-4-12,False,True
Ro Khanna,Democrat,House,CA,N/A,2022-4-12,False,True
Ro Khanna,Democrat,House,CA,EMR,2022-4-12,False,True
Ro Khanna,Democrat,House,CA,QCOM,2022-4-20,False,True
Ro Khanna,Democrat,House,CA,AMD,2022-4-12,False,True
Ro Khanna,Democrat,House,CA,FBIN,2022-4-20,False,True
Ro Khanna,Democrat,House,CA,TJX,2022-4-12,False,True
Ro Khanna,Democrat,House,CA,PM,2022-4-12,False,True
Ro Khanna,Democrat,House,CA,WFC,2022-4-12,False,True
Ro Khanna,Democrat,House,CA,UPS,2022-4-12,False,True
Ro Khanna,Democrat,House,CA,APH,2022-4-12,False,True
Ro Khanna,Democrat,House,CA,LEN,2022-4-12,False,True
Ro Khanna,Democrat,House,CA,DIS,2022-4-20,False,True
Ro Khanna,Democrat,House,CA,CPRT,2022-4-12,False,True
Ro Khanna,Democrat,House,CA,WEX,2022-4-12,False,True
Ro Khanna,Democrat,House,CA,TWTR,2022-4-12,False,True
Ro Khanna,Democrat,House,CA,TWTR,2022-4-12,False,True
Ro Khanna,Democrat,House,CA,LYV,2022-4-12,False,True
Ro Khanna,Democrat,House,CA,LEA,2022-4-12,False,True
Ro Khanna,Democrat,House,CA,ADBE,2022-4-20,False,True
Ro Khanna,Democrat,House,CA,WBA,2022-4-12,False,True
Ro Khanna,Democrat,House,CA,ZTS,2022-4-12,False,True
Ro Khanna,Democrat,House,CA,TWLO,2022-4-20,False,True
Ro Khanna,Democrat,House,CA,CIEN,2022-4-12,False,True
Ro Khanna,Democrat,House,CA,NFLX,2022-4-20,False,True
Ro Khanna,Democrat,House,CA,PINS,2022-4-12,False,True
Ro Khanna,Democrat,House,CA,CBRE,2022-4-12,False,True
Ro Khanna,Democrat,House,CA,TRU,2022-4-24,False,True
Ro Khanna,Democrat,House,CA,ADI,2022-4-24,False,True
Ro Khanna,Democrat,House,CA,TEL,2022-4-24,False,True
Ro Khanna,Democrat,House,CA,TPR,2022-4-12,False,True
Ro Khanna,Democrat,House,CA,SNAP,2022-4-20,False,True
Ro Khanna,Democrat,House,CA,FRC,2022-4-12,False,True
Ro Khanna,Democrat,House,CA,ANSS,2022-4-12,False,True
Ro Khanna,Democrat,House,CA,SWKS,2022-4-20,False,True
Ro Khanna,Democrat,House,CA,AMP,2022-4-12,False,True
Ro Khanna,Democrat,House,CA,BIO,2022-4-12,False,True
Ro Khanna,Democrat,House,CA,VMC,2022-4-12,False,True
Ro Khanna,Democrat,House,CA,CSGP,2022-4-20,False,True
Ro Khanna,Democrat,House,CA,EMN,2022-4-12,False,True
Ro Khanna,Democrat,House,CA,OLED,2022-4-20,False,True
Ro Khanna,Democrat,House,CA,ODFL,2022-4-12,False,True
Ro Khanna,Democrat,House,CA,APO,2022-4-12,False,True
Ro Khanna,Democrat,House,CA,MSFT,2022-4-20,True,False
Ro Khanna,Democrat,House,CA,GOOGL,2022-4-20,True,False
Ro Khanna,Democrat,House,CA,AAPL,2022-4-20,True,False
Ro Khanna,Democrat,House,CA,JPM,2022-4-12,True,False
Ro Khanna,Democrat,House,CA,N/A,2022-3-31,True,False
Ro Khanna,Democrat,House,CA,WMT,2022-4-20,True,False
Ro Khanna,Democrat,House,CA,TSLA,2022-4-20,True,False
Ro Khanna,Democrat,House,CA,V,2022-4-20,True,False
Ro Khanna,Democrat,House,CA,CSCO,2022-4-20,True,False
Ro Khanna,Democrat,House,CA,HD,2022-4-20,True,False
Ro Khanna,Democrat,House,CA,META,2022-4-12,True,False
Ro Khanna,Democrat,House,CA,TXN,2022-4-20,True,False
Ro Khanna,Democrat,House,CA,ABT,2022-4-20,True,False
Ro Khanna,Democrat,House,CA,TSLA,2022-4-12,True,False
Ro Khanna,Democrat,House,CA,META,2022-4-20,True,False
Ro Khanna,Democrat,House,CA,HD,2022-4-12,True,False
Ro Khanna,Democrat,House,CA,AMZN,2022-4-20,True,False
Ro Khanna,Democrat,House,CA,DHR,2022-4-20,True,False
Ro Khanna,Democrat,House,CA,PYPL,2022-4-12,True,False
Ro Khanna,Democrat,House,CA,ACN,2022-4-20,True,False
Ro Khanna,Democrat,House,CA,BRK/B,2022-4-20,True,False
Ro Khanna,Democrat,House,CA,MDT,2022-4-20,True,False
Ro Khanna,Democrat,House,CA,LIN,2022-4-20,True,False
Ro Khanna,Democrat,House,CA,INTC,2022-4-12,True,False
Ro Khanna,Democrat,House,CA,INTU,2022-4-20,True,False
Ro Khanna,Democrat,House,CA,MCD,2022-4-12,True,False
Ro Khanna,Democrat,House,CA,INTC,2022-4-20,True,False
Ro Khanna,Democrat,House,CA,BLK,2022-4-20,True,False
Ro Khanna,Democrat,House,CA,NKE,2022-4-12,True,False
Ro Khanna,Democrat,House,CA,V,2022-4-12,True,False
Ro Khanna,Democrat,House,CA,CCI,2022-4-20,True,False
Ro Khanna,Democrat,House,CA,CAT,2022-4-20,True,False
Ro Khanna,Democrat,House,CA,LLY,2022-4-20,True,False
Ro Khanna,Democrat,House,CA,ORCL,2022-4-20,True,False
Ro Khanna,Democrat,House,CA,MCD,2022-4-20,True,False
Ro Khanna,Democrat,House,CA,PG,2022-4-20,True,False
Ro Khanna,Democrat,House,CA,CSX,2022-4-20,True,False
Ro Khanna,Democrat,House,CA,MA,2022-4-20,True,False
Ro Khanna,Democrat,House,CA,SYK,2022-4-20,True,False
Ro Khanna,Democrat,House,CA,KO,2022-4-20,True,False
Ro Khanna,Democrat,House,CA,AMAT,2022-4-20,True,False
Ro Khanna,Democrat,House,CA,N/A,2022-4-17,True,False
Ro Khanna,Democrat,House,CA,N/A,2022-4-18,True,False
Ro Khanna,Democrat,House,CA,ETN,2022-4-20,True,False
Ro Khanna,Democrat,House,CA,LIN,2022-4-12,True,False
Ro Khanna,Democrat,House,CA,MRK,2022-4-20,True,False
Ro Khanna,Democrat,House,CA,LRCX,2022-4-20,True,False
Ro Khanna,Democrat,House,CA,NVDA,2022-4-20,True,False
Ro Khanna,Democrat,House,CA,BKNG,2022-4-20,True,False
Ro Khanna,Democrat,House,CA,RF,2022-4-20,True,False
Ro Khanna,Democrat,House,CA,BK,2022-4-20,True,False
Ro Khanna,Democrat,House,CA,CSCO,2022-4-20,True,False
Ro Khanna,Democrat,House,CA,CI,2022-4-20,True,False
Ro Khanna,Democrat,House,CA,NXPI,2022-4-20,True,False
Ro Khanna,Democrat,House,CA,EQIX,2022-4-20,True,False
Ro Khanna,Democrat,House,CA,NKE,2022-4-20,True,False
Ro Khanna,Democrat,House,CA,MNST,2022-4-20,True,False
Ro Khanna,Democrat,House,CA,MSFT,2022-4-12,True,False
Ro Khanna,Democrat,House,CA,BLK,2022-4-18,True,False
Ro Khanna,Democrat,House,CA,DHR,2022-4-20,True,False
Ro Khanna,Democrat,House,CA,GILD,2022-4-20,True,False
Ro Khanna,Democrat,House,CA,EW,2022-4-20,True,False
Ro Khanna,Democrat,House,CA,T,2022-4-20,True,False
Ro Khanna,Democrat,House,CA,BKNG,2022-4-20,True,False
Ro Khanna,Democrat,House,CA,DIS,2022-4-12,True,False
Ro Khanna,Democrat,House,CA,MDT,2022-4-12,True,False
Ro Khanna,Democrat,House,CA,POOL,2022-4-20,True,False
Ro Khanna,Democrat,House,CA,ECL,2022-4-20,True,False
Ro Khanna,Democrat,House,CA,WMT,2022-4-12,True,False
Ro Khanna,Democrat,House,CA,APD,2022-4-20,True,False
Ro Khanna,Democrat,House,CA,ITW,2022-4-20,True,False
Ro Khanna,Democrat,House,CA,FDX,2022-4-12,True,False
Ro Khanna,Democrat,House,CA,JCI,2022-4-20,True,False
Ro Khanna,Democrat,House,CA,MCHP,2022-4-20,True,False
Ro Khanna,Democrat,House,CA,ADSK,2022-4-12,True,False
Ro Khanna,Democrat,House,CA,ABT,2022-4-12,True,False
Ro Khanna,Democrat,House,CA,AMAT,2022-4-12,True,False
Ro Khanna,Democrat,House,CA,MELI,2022-4-12,True,False
Ro Khanna,Democrat,House,CA,FITB,2022-4-20,True,False
Ro Khanna,Democrat,House,CA,ROK,2022-4-20,True,False
Ro Khanna,Democrat,House,CA,MMC,2022-4-20,True,False
Ro Khanna,Democrat,House,CA,LYV,2022-4-20,True,False
Ro Khanna,Democrat,House,CA,NFLX,2022-4-12,True,False
Ro Khanna,Democrat,House,CA,JPM,2022-4-20,True,False
Ro Khanna,Democrat,House,CA,CHTR,2022-4-20,True,False
Ro Khanna,Democrat,House,CA,GOOGL,2022-4-12,True,False
Ro Khanna,Democrat,House,CA,FDX,2022-4-20,True,False
Ro Khanna,Democrat,House,CA,EFX,2022-4-20,True,False
Ro Khanna,Democrat,House,CA,SHW,2022-4-20,True,False
Ro Khanna,Democrat,House,CA,WM,2022-4-20,True,False
Ro Khanna,Democrat,House,CA,NWSA,2022-4-20,True,False
Ro Khanna,Democrat,House,CA,FTV,2022-4-20,True,False
Ro Khanna,Democrat,House,CA,DHI,2022-4-20,True,False
Ro Khanna,Democrat,House,CA,LRCX,2022-4-12,True,False
Ro Khanna,Democrat,House,CA,INTU,2022-4-12,True,False
Ro Khanna,Democrat,House,CA,ETSY,2022-4-12,True,False
Ro Khanna,Democrat,House,CA,ROP,2022-4-20,True,False
Ro Khanna,Democrat,House,CA,ZION,2022-4-20,True,False
Ro Khanna,Democrat,House,CA,PPG,2022-4-20,True,False
Ro Khanna,Democrat,House,CA,EBAY,2022-4-20,True,False
Ro Khanna,Democrat,House,CA,AXP,2022-4-20,True,False
Ro Khanna,Democrat,House,CA,AME,2022-4-20,True,False
Ro Khanna,Democrat,House,CA,CAT,2022-4-12,True,False
Ro Khanna,Democrat,House,CA,PH,2022-4-20,True,False
Ro Khanna,Democrat,House,CA,CTAS,2022-4-20,True,False
Ro Khanna,Democrat,House,CA,STT,2022-4-20,True,False
Ro Khanna,Democrat,House,CA,FRC,2022-4-20,True,False
Ro Khanna,Democrat,House,CA,SPG,2022-4-20,True,False
Ro Khanna,Democrat,House,CA,WELL,2022-4-20,True,False
Ro Khanna,Democrat,House,CA,CDNS,2022-4-20,True,False
Ro Khanna,Democrat,House,CA,AIG,2022-4-20,True,False
Ro Khanna,Democrat,House,CA,TT,2022-4-20,True,False
Ro Khanna,Democrat,House,CA,ZTS,2022-4-20,True,False
Ro Khanna,Democrat,House,CA,CARR,2022-4-20,True,False
Ro Khanna,Democrat,House,CA,ANET,2022-4-20,True,False
Ro Khanna,Democrat,House,CA,PRU,2022-4-20,True,False
Ro Khanna,Democrat,House,CA,GM,2022-4-20,True,False
Ro Khanna,Democrat,House,CA,ILMN,2022-4-12,True,False
Ro Khanna,Democrat,House,CA,URI,2022-4-20,True,False
Ro Khanna,Democrat,House,CA,WBS,2022-4-20,True,False
Ro Khanna,Democrat,House,CA,ILMN,2022-4-20,True,False
Ro Khanna,Democrat,House,CA,EBAY,2022-4-12,True,False
Ro Khanna,Democrat,House,CA,BIIB,2022-4-20,True,False
Ro Khanna,Democrat,House,CA,KKR,2022-4-20,True,False
Ro Khanna,Democrat,House,CA,FTNT,2022-4-20,True,False
Ro Khanna,Democrat,House,CA,WDAY,2022-4-20,True,False
Ro Khanna,Democrat,House,CA,JCI,2022-4-12,True,False
Ro Khanna,Democrat,House,CA,WAL,2022-4-12,True,False
Ro Khanna,Democrat,House,CA,TT,2022-4-20,True,False
Ro Khanna,Democrat,House,CA,ETSY,2022-4-20,True,False
Ro Khanna,Democrat,House,CA,DLR,2022-4-20,True,False
Ro Khanna,Democrat,House,CA,ADSK,2022-4-20,True,False
Ro Khanna,Democrat,House,CA,TMO,2022-4-20,True,False
