Name,Party,Chamber,State,Ticker,Date,Buy,Sell
Michael McCaul,Republican,House,TX,N/A,2022-6-7,True,False
Michael McCaul,Republican,House,TX,N/A,2022-6-21,True,False
Michael McCaul,Republican,House,TX,N/A,2022-6-7,True,False
Michael McCaul,Republican,House,TX,N/A,2022-6-7,True,False
Michael McCaul,Republican,House,TX,N/A,2022-6-22,True,False
Michael McCaul,Republican,House,TX,LYB,2022-6-1,True,False
Michael McCaul,Republican,House,TX,FIVE,2022-6-12,True,False
Michael McCaul,Republican,House,TX,ACN,2022-6-27,True,False
Michael McCaul,Republican,House,TX,N/A,2022-6-22,True,False
Michael McCaul,Republican,House,TX,N/A,2022-6-22,True,False
Michael McCaul,Republican,House,TX,N/A,2022-6-27,True,False
Michael McCaul,Republican,House,TX,AVY,2022-6-2,True,False
Michael McCaul,Republican,House,TX,CDW,2022-6-2,True,False
Michael McCaul,Republican,House,TX,SAP,2022-6-2,True,False
Michael McCaul,Republican,House,TX,BKNG,2022-6-14,True,False
Michael McCaul,Republican,House,TX,FIVE,2022-6-26,True,False
Michael McCaul,Republican,House,TX,FERG,2022-6-28,True,False
Michael McCaul,Republican,House,TX,CDW,2022-6-28,True,False
Michael McCaul,Republican,House,TX,CSL,2022-6-28,True,False
Michael McCaul,Republican,House,TX,GOOGL,2022-6-2,True,False
Michael McCaul,Republican,House,TX,AVY,2022-6-28,True,False
Michael McCaul,Republican,House,TX,ETN,2022-6-26,True,False
Michael McCaul,Republican,House,TX,SONY,2022-6-27,True,False
Michael McCaul,Republican,House,TX,SAP,2022-6-27,True,False
Michael McCaul,Republican,House,TX,SCHW,2022-6-2,True,False
Michael McCaul,Republican,House,TX,SSD,2022-6-28,True,False
Michael McCaul,Republican,House,TX,SCHW,2022-6-14,True,False
Michael McCaul,Republican,House,TX,MU,2022-6-14,True,False
Michael McCaul,Republican,House,TX,BJ,2022-6-14,True,False
Michael McCaul,Republican,House,TX,LGIH,2022-6-15,True,False
Michael McCaul,Republican,House,TX,BECN,2022-6-27,True,False
Michael McCaul,Republican,House,TX,N/A,2022-5-31,False,True
Michael McCaul,Republican,House,TX,FCN,2022-6-28,False,True
Michael McCaul,Republican,House,TX,PGR,2022-6-29,False,True
Michael McCaul,Republican,House,TX,BRC,2022-6-9,False,True
Michael McCaul,Republican,House,TX,MSFT,2022-6-27,False,True
Michael McCaul,Republican,House,TX,GOOGL,2022-6-22,False,True
Michael McCaul,Republican,House,TX,GOOGL,2022-6-27,False,True
Michael McCaul,Republican,House,TX,SLB,2022-6-2,False,True
Michael McCaul,Republican,House,TX,MAS,2022-6-2,False,True
Michael McCaul,Republican,House,TX,GOOGL,2022-6-22,False,True
Michael McCaul,Republican,House,TX,DOV,2022-6-27,False,True
Michael McCaul,Republican,House,TX,DOV,2022-6-28,False,True
Michael McCaul,Republican,House,TX,MSFT,2022-6-22,False,True
Michael McCaul,Republican,House,TX,N/A,2022-6-14,False,True
Michael McCaul,Republican,House,TX,N/A,2022-6-22,False,True
Michael McCaul,Republican,House,TX,UPS,2022-6-8,False,True
Michael McCaul,Republican,House,TX,AON,2022-6-1,False,True
Michael McCaul,Republican,House,TX,N/A,2022-6-15,False,True
Michael McCaul,Republican,House,TX,N/A,2022-6-2,False,True
Michael McCaul,Republican,House,TX,FDX,2022-6-15,True,False
Michael McCaul,Republican,House,TX,ALLY,2022-6-27,True,False
Michael McCaul,Republican,House,TX,LVS,2022-6-15,True,False
Michael McCaul,Republican,House,TX,WBD,2022-6-22,True,False
Michael McCaul,Republican,House,TX,NWL,2022-6-16,True,False
Michael McCaul,Republican,House,TX,MLKN,2022-5-31,True,False
Michael McCaul,Republican,House,TX,MLKN,2022-6-1,True,False
Michael McCaul,Republican,House,TX,LNC,2022-6-27,False,True
Michael McCaul,Republican,House,TX,CVX,2022-6-5,False,True
Michael McCaul,Republican,House,TX,C,2022-6-15,False,True
Michael McCaul,Republican,House,TX,N/A,2022-6-7,True,False
Michael McCaul,Republican,House,TX,N/A,2022-6-9,True,False
Michael McCaul,Republican,House,TX,N/A,2022-6-7,True,False
Michael McCaul,Republican,House,TX,N/A,2022-6-7,True,False
Michael McCaul,Republican,House,TX,LYB,2022-6-1,True,False
Michael McCaul,Republican,House,TX,N/A,2022-6-22,True,False
Michael McCaul,Republican,House,TX,FIVE,2022-6-12,True,False
Michael McCaul,Republican,House,TX,ACN,2022-6-27,True,False
Michael McCaul,Republican,House,TX,N/A,2022-6-22,True,False
Michael McCaul,Republican,House,TX,N/A,2022-6-22,True,False
Michael McCaul,Republican,House,TX,N/A,2022-6-27,True,False
Michael McCaul,Republican,House,TX,AVY,2022-6-2,True,False
Michael McCaul,Republican,House,TX,CDW,2022-6-2,True,False
Michael McCaul,Republican,House,TX,SAP,2022-6-2,True,False
Michael McCaul,Republican,House,TX,BKNG,2022-6-14,True,False
Michael McCaul,Republican,House,TX,FIVE,2022-6-26,True,False
Michael McCaul,Republican,House,TX,FERG,2022-6-28,True,False
Michael McCaul,Republican,House,TX,CDW,2022-6-28,True,False
Michael McCaul,Republican,House,TX,CSL,2022-6-28,True,False
Michael McCaul,Republican,House,TX,GOOGL,2022-6-2,True,False
Michael McCaul,Republican,House,TX,AVY,2022-6-28,True,False
Michael McCaul,Republican,House,TX,ETN,2022-6-26,True,False
Michael McCaul,Republican,House,TX,SONY,2022-6-27,True,False
Michael McCaul,Republican,House,TX,SAP,2022-6-27,True,False
Michael McCaul,Republican,House,TX,SCHW,2022-6-2,True,False
Michael McCaul,Republican,House,TX,SSD,2022-6-28,True,False
Michael McCaul,Republican,House,TX,SCHW,2022-6-14,True,False
Michael McCaul,Republican,House,TX,MU,2022-6-14,True,False
Michael McCaul,Republican,House,TX,LGIH,2022-6-15,True,False
Michael McCaul,Republican,House,TX,BECN,2022-6-27,True,False
Michael McCaul,Republican,House,TX,BJ,2022-6-14,True,False
Michael McCaul,Republican,House,TX,N/A,2022-5-31,False,True
Michael McCaul,Republican,House,TX,FCN,2022-6-28,False,True
Michael McCaul,Republican,House,TX,PGR,2022-6-29,False,True
Michael McCaul,Republican,House,TX,MSFT,2022-6-27,False,True
Michael McCaul,Republican,House,TX,GOOGL,2022-6-22,False,True
Michael McCaul,Republican,House,TX,BRC,2022-6-9,False,True
Michael McCaul,Republican,House,TX,GOOGL,2022-6-27,False,True
Michael McCaul,Republican,House,TX,GOOGL,2022-6-22,False,True
Michael McCaul,Republican,House,TX,SLB,2022-6-2,False,True
Michael McCaul,Republican,House,TX,MAS,2022-6-2,False,True
Michael McCaul,Republican,House,TX,N/A,2022-6-14,False,True
Michael McCaul,Republican,House,TX,MSFT,2022-6-22,False,True
Michael McCaul,Republican,House,TX,DOV,2022-6-27,False,True
Michael McCaul,Republican,House,TX,DOV,2022-6-28,False,True
Michael McCaul,Republican,House,TX,N/A,2022-6-22,False,True
Michael McCaul,Republican,House,TX,UPS,2022-6-8,False,True
Michael McCaul,Republican,House,TX,N/A,2022-6-15,False,True
Michael McCaul,Republican,House,TX,AON,2022-6-1,False,True
Michael McCaul,Republican,House,TX,N/A,2022-6-2,False,True
Michael McCaul,Republican,House,TX,FDX,2022-6-15,True,False
Michael McCaul,Republican,House,TX,ALLY,2022-6-27,True,False
Michael McCaul,Republican,House,TX,LVS,2022-6-15,True,False
Michael McCaul,Republican,House,TX,WBD,2022-6-22,True,False
Michael McCaul,Republican,House,TX,NWL,2022-6-16,True,False
Michael McCaul,Republican,House,TX,MLKN,2022-5-31,True,False
Michael McCaul,Republican,House,TX,MLKN,2022-6-1,True,False
Michael McCaul,Republican,House,TX,LNC,2022-6-27,True,False
Michael McCaul,Republican,House,TX,CVX,2022-6-5,False,True
Michael McCaul,Republican,House,TX,C,2022-6-15,False,True
Michael McCaul,Republican,House,TX,N/A,2022-6-26,True,False
Michael McCaul,Republican,House,TX,N/A,2022-6-26,True,False
Michael McCaul,Republican,House,TX,N/A,2022-6-21,True,False
Michael McCaul,Republican,House,TX,N/A,2022-6-21,True,False
Michael McCaul,Republican,House,TX,N/A,2022-6-26,True,False
Michael McCaul,Republican,House,TX,N/A,2022-6-26,True,False
Michael McCaul,Republican,House,TX,N/A,2022-6-21,True,False
Michael McCaul,Republican,House,TX,N/A,2022-6-21,True,False
Alan Lowenthal,Democrat,House,CA,SPGI,2022-7-18,True,False
Alan Lowenthal,Democrat,House,CA,ECL,2022-7-18,True,False
Alan Lowenthal,Democrat,House,CA,ECL,2022-7-19,True,False
Josh Gottheimer,Democrat,House,NJ,AAPL,2022-6-13,False,True
Josh Gottheimer,Democrat,House,NJ,ARQT,2022-6-14,True,False
Josh Gottheimer,Democrat,House,NJ,AVNT,2022-6-20,False,True
Josh Gottheimer,Democrat,House,NJ,COF,2022-6-13,False,True
Josh Gottheimer,Democrat,House,NJ,DFKCY,2022-6-28,True,False
Josh Gottheimer,Democrat,House,NJ,DFKCY,2022-6-29,True,False
Josh Gottheimer,Democrat,House,NJ,DE,2022-6-13,False,True
Josh Gottheimer,Democrat,House,NJ,DEO,2022-6-28,False,True
Josh Gottheimer,Democrat,House,NJ,DEO,2022-6-27,False,True
Josh Gottheimer,Democrat,House,NJ,EFX,2022-6-13,False,True
Josh Gottheimer,Democrat,House,NJ,FIS,2022-6-13,False,True
Josh Gottheimer,Democrat,House,NJ,HCA,2022-6-20,False,True
Josh Gottheimer,Democrat,House,NJ,INTU,2022-6-13,False,True
Josh Gottheimer,Democrat,House,NJ,ITT,2022-6-20,True,False
Josh Gottheimer,Democrat,House,NJ,PPRUY,2022-6-27,True,False
Josh Gottheimer,Democrat,House,NJ,PPRUY,2022-6-28,True,False
Josh Gottheimer,Democrat,House,NJ,LHCG,2022-6-20,False,True
Josh Gottheimer,Democrat,House,NJ,MFC,2022-6-27,True,False
Josh Gottheimer,Democrat,House,NJ,MSFT,2022-6-13,False,True
Josh Gottheimer,Democrat,House,NJ,NSRGY,2022-6-27,False,True
Josh Gottheimer,Democrat,House,NJ,NSRGY,2022-6-28,False,True
Josh Gottheimer,Democrat,House,NJ,NTDOY,2022-6-13,False,True
Josh Gottheimer,Democrat,House,NJ,ORCL,2022-6-13,False,True
Josh Gottheimer,Democrat,House,NJ,ORCL,2022-6-7,False,True
Josh Gottheimer,Democrat,House,NJ,SSDOY,2022-6-13,False,True
Josh Gottheimer,Democrat,House,NJ,SKY,2022-6-20,False,True
Josh Gottheimer,Democrat,House,NJ,SBUX,2022-6-13,False,True
Josh Gottheimer,Democrat,House,NJ,SIVBQ,2022-6-13,False,True
Josh Gottheimer,Democrat,House,NJ,TGT,2022-6-13,False,True
Josh Gottheimer,Democrat,House,NJ,TXRH,2022-6-20,False,True
Josh Gottheimer,Democrat,House,NJ,TT,2022-6-13,False,True
Josh Gottheimer,Democrat,House,NJ,UPS,2022-6-13,False,True
Josh Gottheimer,Democrat,House,NJ,UNH,2022-6-20,True,False
Josh Gottheimer,Democrat,House,NJ,UNH,2022-6-22,True,False
Josh Gottheimer,Democrat,House,NJ,VBTX,2022-6-20,True,False
Josh Gottheimer,Democrat,House,NJ,XP,2022-6-13,False,True
Anthony Gonzalez,Republican,House,OH,AMZN,2022-6-27,False,True
Lois Frankel,Democrat,House,FL,AXP,2022-6-21,True,False
Lois Frankel,Democrat,House,FL,CMCSA,2022-6-14,True,False
Lois Frankel,Democrat,House,FL,DUK,2022-6-21,False,True
Lois Frankel,Democrat,House,FL,HPP,2022-7-14,False,True
Lois Frankel,Democrat,House,FL,SWK,2022-6-28,False,True
Lois Frankel,Democrat,House,FL,TT,2022-7-12,False,True
Peter Meijer,Republican,House,MI,DE,2022-6-26,False,True
Bob Latta,Republican,House,OH,FMAO,2022-7-11,True,False
John Boozman,Republican,Senate,AR,DBLEX,2022-6-21,False,True
John Boozman,Republican,Senate,AR,NFRA,2022-6-13,False,True
John Boozman,Republican,Senate,AR,GIGB,2022-6-21,False,True
John Boozman,Republican,Senate,AR,PHB,2022-6-21,False,True
John Boozman,Republican,Senate,AR,AGZ,2022-6-21,False,True
John Boozman,Republican,Senate,AR,MBB,2022-6-21,False,True
John Boozman,Republican,Senate,AR,TLT,2022-6-21,False,True
John Boozman,Republican,Senate,AR,CMBS,2022-6-21,False,True
John Boozman,Republican,Senate,AR,TLH,2022-6-21,False,True
John Boozman,Republican,Senate,AR,SHY,2022-6-21,False,True
John Boozman,Republican,Senate,AR,IEF,2022-6-21,False,True
John Boozman,Republican,Senate,AR,GBIL,2022-6-21,True,False
John Boozman,Republican,Senate,AR,JMBS,2022-6-21,True,False
John Boozman,Republican,Senate,AR,SCHP,2022-6-21,True,False
John Boozman,Republican,Senate,AR,VTI,2022-6-13,True,False
John Boozman,Republican,Senate,AR,VNQI,2022-6-13,True,False
Deb Fischer,Republican,Senate,NE,LMT,2022-6-22,False,True
Deb Fischer,Republican,Senate,NE,KO,2022-6-22,False,True
Deb Fischer,Republican,Senate,NE,CSCO,2022-6-22,False,True
Deb Fischer,Republican,Senate,NE,CAT,2022-6-22,False,True
Carolyn Maloney,Democrat,House,NY,N/A,2022-6-7,True,False
Mo Brooks,Republican,House,AL,DUK,2022-6-21,True,False
Mo Brooks,Republican,House,AL,NI,2022-7-12,True,False
Ron Estes,Republican,House,KS,N/A,2022-6-16,True,False
Scott Peters,Democrat,House,CA,N/A,2022-6-20,True,False
Scott Peters,Democrat,House,CA,N/A,2022-6-1,True,False
Kevin Hern,Republican,House,OK,AGCO,2022-6-20,True,False
Kevin Hern,Republican,House,OK,CERN,2022-6-9,False,True
Kevin Hern,Republican,House,OK,DVN,2022-6-29,True,False
Kevin Hern,Republican,House,OK,DVN,2022-6-29,True,False
Kevin Hern,Republican,House,OK,EMR,2022-6-9,True,False
Kevin Hern,Republican,House,OK,XOM,2022-6-9,True,False
Kevin Hern,Republican,House,OK,HD,2022-6-15,True,False
Kevin Hern,Republican,House,OK,INTC,2022-5-31,True,False
Kevin Hern,Republican,House,OK,JNJ,2022-6-6,True,False
Kevin Hern,Republican,House,OK,LMT,2022-6-23,True,False
Kevin Hern,Republican,House,OK,MSFT,2022-6-8,True,False
Kevin Hern,Republican,House,OK,NEE,2022-6-14,True,False
Kevin Hern,Republican,House,OK,PXD,2022-6-13,True,False
Kevin Hern,Republican,House,OK,PXD,2022-6-13,True,False
Kevin Hern,Republican,House,OK,RTX,2022-6-15,True,False
Kevin Hern,Republican,House,OK,ROK,2022-6-9,True,False
Kevin Hern,Republican,House,OK,WMB,2022-6-26,True,False
Shelley Moore Capito,Republican,Senate,WV,INTC,2022-6-15,False,True
Shelley Moore Capito,Republican,Senate,WV,F,2022-6-15,False,True
Shelley Moore Capito,Republican,Senate,WV,MMM,2022-6-29,False,True
Shelley Moore Capito,Republican,Senate,WV,CMS,2022-5-31,True,False
Shelley Moore Capito,Republican,Senate,WV,MSFT,2022-6-16,False,True
Shelley Moore Capito,Republican,Senate,WV,IBM,2022-6-16,False,True
Shelley Moore Capito,Republican,Senate,WV,INTC,2022-6-16,False,True
Shelley Moore Capito,Republican,Senate,WV,KO,2022-6-16,False,True
Shelley Moore Capito,Republican,Senate,WV,BMY,2022-6-16,False,True
Mike Kelly,Republican,House,PA,N/A,2022-5-31,False,True
Dan Sullivan,Republican,Senate,AK,RPM,2022-6-20,False,True
Brad Sherman,Democrat,House,CA,N/A,2022-7-12,True,False
Brad Sherman,Democrat,House,CA,N/A,2022-5-9,True,False
Nancy Pelosi,Democrat,House,CA,AAPL,2022-6-16,False,True
Nancy Pelosi,Democrat,House,CA,NVDA,2022-6-16,True,False
Nancy Pelosi,Democrat,House,CA,V,2022-6-20,False,True
Zoe Lofgren,Democrat,House,CA,ALLY,2022-6-14,False,True
Bill Hagerty,Republican,Senate,TN,N/A,2022-6-14,True,False
Bill Hagerty,Republican,Senate,TN,N/A,2022-6-14,True,False
Bill Hagerty,Republican,Senate,TN,N/A,2022-6-14,True,False
Bill Hagerty,Republican,Senate,TN,N/A,2022-6-14,True,False
Tommy Tuberville,Republican,Senate,AL,BRK/B,2022-6-16,False,True
Tommy Tuberville,Republican,Senate,AL,N/A,2022-6-29,True,False
Tommy Tuberville,Republican,Senate,AL,PYPL,2022-6-28,True,False
Tommy Tuberville,Republican,Senate,AL,QCOM,2022-6-27,False,True
Tommy Tuberville,Republican,Senate,AL,QCOM,2022-6-27,False,True
Tommy Tuberville,Republican,Senate,AL,X,2022-6-21,False,True
Tommy Tuberville,Republican,Senate,AL,GOLD,2022-6-21,True,False
Tommy Tuberville,Republican,Senate,AL,X,2022-6-21,False,True
Tommy Tuberville,Republican,Senate,AL,GOLD,2022-6-21,False,True
Tommy Tuberville,Republican,Senate,AL,X,2022-6-20,True,False
Tommy Tuberville,Republican,Senate,AL,SSYS,2022-6-20,True,False
Tommy Tuberville,Republican,Senate,AL,INTC,2022-6-20,True,False
Tommy Tuberville,Republican,Senate,AL,SCCO,2022-6-16,False,True
Tommy Tuberville,Republican,Senate,AL,PYPL,2022-6-16,True,False
Tommy Tuberville,Republican,Senate,AL,EVT,2022-6-16,False,True
Tommy Tuberville,Republican,Senate,AL,CVX,2022-6-16,False,True
Tommy Tuberville,Republican,Senate,AL,QCOM,2022-6-15,True,False
Tommy Tuberville,Republican,Senate,AL,PYPL,2022-6-15,True,False
Tommy Tuberville,Republican,Senate,AL,NVDA,2022-6-14,False,True
Tommy Tuberville,Republican,Senate,AL,PYPL,2022-6-14,False,True
Tommy Tuberville,Republican,Senate,AL,PYPL,2022-6-14,True,False
Tommy Tuberville,Republican,Senate,AL,QCOM,2022-6-14,True,False
Tommy Tuberville,Republican,Senate,AL,NVDA,2022-6-14,True,False
Tommy Tuberville,Republican,Senate,AL,SSYS,2022-6-13,True,False
Tommy Tuberville,Republican,Senate,AL,SSYS,2022-6-8,True,False
Tommy Tuberville,Republican,Senate,AL,INTC,2022-6-8,True,False
Tommy Tuberville,Republican,Senate,AL,NVDA,2022-6-7,True,False
Tommy Tuberville,Republican,Senate,AL,EVT,2022-6-5,True,False
Tommy Tuberville,Republican,Senate,AL,ECOM,2022-5-31,True,False
Tommy Tuberville,Republican,Senate,AL,N/A,2022-6-29,False,True
Tommy Tuberville,Republican,Senate,AL,N/A,2022-6-23,True,False
Tommy Tuberville,Republican,Senate,AL,N/A,2022-6-20,False,True
Tommy Tuberville,Republican,Senate,AL,N/A,2022-6-7,False,True
Tommy Tuberville,Republican,Senate,AL,N/A,2022-6-7,False,True
Tommy Tuberville,Republican,Senate,AL,N/A,2022-6-6,True,False
Tommy Tuberville,Republican,Senate,AL,N/A,2022-6-6,False,True
Tommy Tuberville,Republican,Senate,AL,N/A,2022-6-6,True,False
Lindsey Graham,Republican,Senate,SC,VTIP,2022-6-29,False,True
Lindsey Graham,Republican,Senate,SC,IBDO,2022-6-29,True,False
Lindsey Graham,Republican,Senate,SC,IBDQ,2022-6-29,True,False
Jim Langevin,Democrat,House,RI,ABNB,2022-6-2,False,True
Jim Langevin,Democrat,House,RI,ABNB,2022-6-8,True,False
Jim Langevin,Democrat,House,RI,ABNB,2022-6-9,True,False
Jim Langevin,Democrat,House,RI,SQ,2022-6-8,True,False
Jim Langevin,Democrat,House,RI,SQ,2022-6-6,False,True
Jim Langevin,Democrat,House,RI,SQ,2022-6-12,True,False
Jim Langevin,Democrat,House,RI,DASH,2022-6-22,False,True
Jim Langevin,Democrat,House,RI,GNRC,2022-6-1,False,True
Jim Langevin,Democrat,House,RI,GNRC,2022-6-1,False,True
Jim Langevin,Democrat,House,RI,GNRC,2022-6-9,True,False
Jim Langevin,Democrat,House,RI,META,2022-6-2,True,False
Jim Langevin,Democrat,House,RI,META,2022-6-7,False,True
Jim Langevin,Democrat,House,RI,META,2022-6-9,True,False
Jim Langevin,Democrat,House,RI,META,2022-6-12,True,False
Jim Langevin,Democrat,House,RI,META,2022-5-31,True,False
Lloyd Doggett,Democrat,House,TX,HD,2022-6-16,True,False
Lloyd Doggett,Democrat,House,TX,IBM,2022-6-9,True,False
Lloyd Doggett,Democrat,House,TX,JNJ,2022-6-6,True,False
Lloyd Doggett,Democrat,House,TX,PPG,2022-6-9,True,False
Rob Wittman,Republican,House,VA,ABT,2022-6-15,False,True
Rob Wittman,Republican,House,VA,ABBV,2022-6-15,True,False
Rob Wittman,Republican,House,VA,AMZN,2022-6-15,True,False
Rob Wittman,Republican,House,VA,BAX,2022-6-15,False,True
Rob Wittman,Republican,House,VA,FIXD,2022-6-15,False,True
Rob Wittman,Republican,House,VA,GE,2022-6-15,False,True
Rob Wittman,Republican,House,VA,PAVE,2022-6-15,False,True
Rob Wittman,Republican,House,VA,SHYG,2022-6-15,True,False
Rob Wittman,Republican,House,VA,TLH,2022-6-15,True,False
Rob Wittman,Republican,House,VA,IVV,2022-6-15,False,True
Rob Wittman,Republican,House,VA,IWB,2022-6-15,True,False
Rob Wittman,Republican,House,VA,SPY,2022-6-15,False,True
Rob Wittman,Republican,House,VA,TJX,2022-6-15,False,True
Rob Wittman,Republican,House,VA,WMT,2022-6-15,True,False
Rob Wittman,Republican,House,VA,WMT,2022-6-15,False,True
Pete Sessions,Republican,House,TX,DBRG,2022-7-7,True,False
Pete Sessions,Republican,House,TX,NVDA,2022-7-7,True,False
Ro Khanna,Democrat,House,CA,ODFL,2022-6-2,True,False
Ro Khanna,Democrat,House,CA,AIG,2022-6-7,True,False
Ro Khanna,Democrat,House,CA,KKR,2022-6-7,True,False
Ro Khanna,Democrat,House,CA,JPM,2022-6-2,True,False
Ro Khanna,Democrat,House,CA,BRK/B,2022-6-7,True,False
Ro Khanna,Democrat,House,CA,PEP,2022-6-7,True,False
Ro Khanna,Democrat,House,CA,MLM,2022-6-14,True,False
Ro Khanna,Democrat,House,CA,HCA,2022-6-22,True,False
Ro Khanna,Democrat,House,CA,MLM,2022-6-15,True,False
Ro Khanna,Democrat,House,CA,HCA,2022-6-28,True,False
Ro Khanna,Democrat,House,CA,HCA,2022-6-20,True,False
Ro Khanna,Democrat,House,CA,MSFT,2022-6-9,True,False
Ro Khanna,Democrat,House,CA,UNP,2022-6-7,True,False
Ro Khanna,Democrat,House,CA,MLM,2022-6-12,True,False
Ro Khanna,Democrat,House,CA,HCA,2022-6-22,True,False
Ro Khanna,Democrat,House,CA,DIS,2022-6-7,True,False
Ro Khanna,Democrat,House,CA,HCA,2022-6-27,True,False
Ro Khanna,Democrat,House,CA,DE,2022-6-7,True,False
Ro Khanna,Democrat,House,CA,MDT,2022-6-7,True,False
Ro Khanna,Democrat,House,CA,SIVBQ,2022-6-7,True,False
Ro Khanna,Democrat,House,CA,CTSH,2022-6-7,True,False
Ro Khanna,Democrat,House,CA,PFE,2022-6-7,True,False
Ro Khanna,Democrat,House,CA,N/A,2022-6-7,True,False
Ro Khanna,Democrat,House,CA,VRTX,2022-6-23,True,False
Ro Khanna,Democrat,House,CA,MMC,2022-6-7,True,False
Ro Khanna,Democrat,House,CA,MSFT,2022-6-7,True,False
Ro Khanna,Democrat,House,CA,HIG,2022-6-7,True,False
Ro Khanna,Democrat,House,CA,SPGI,2022-6-13,True,False
Ro Khanna,Democrat,House,CA,BAC,2022-6-7,True,False
Ro Khanna,Democrat,House,CA,META,2022-6-7,True,False
Ro Khanna,Democrat,House,CA,NDAQ,2022-6-7,True,False
Ro Khanna,Democrat,House,CA,VRTX,2022-6-29,True,False
Ro Khanna,Democrat,House,CA,UNP,2022-6-2,False,True
Ro Khanna,Democrat,House,CA,DIS,2022-6-12,False,True
Ro Khanna,Democrat,House,CA,KKR,2022-6-6,False,True
Ro Khanna,Democrat,House,CA,MDT,2022-6-20,False,True
Ro Khanna,Democrat,House,CA,HIG,2022-6-29,False,True
Ro Khanna,Democrat,House,CA,MDLZ,2022-6-27,False,True
Ro Khanna,Democrat,House,CA,BRK/B,2022-6-13,False,True
Ro Khanna,Democrat,House,CA,MDLZ,2022-6-21,False,True
Ro Khanna,Democrat,House,CA,ISRG,2022-6-20,False,True
Ro Khanna,Democrat,House,CA,TWLO,2022-6-15,False,True
Ro Khanna,Democrat,House,CA,CRI,2022-6-26,True,False
Ro Khanna,Democrat,House,CA,AIG,2022-6-7,True,False
Ro Khanna,Democrat,House,CA,CRI,2022-6-20,True,False
Ro Khanna,Democrat,House,CA,DIS,2022-6-7,True,False
Ro Khanna,Democrat,House,CA,GM,2022-6-12,True,False
Ro Khanna,Democrat,House,CA,BAC,2022-6-7,True,False
Ro Khanna,Democrat,House,CA,CTSH,2022-6-7,True,False
Ro Khanna,Democrat,House,CA,DIS,2022-5-31,True,False
Ro Khanna,Democrat,House,CA,SSNC,2022-6-7,True,False
Ro Khanna,Democrat,House,CA,DIS,2022-6-12,False,True
Ro Khanna,Democrat,House,CA,BKNG,2022-6-6,False,True
Ro Khanna,Democrat,House,CA,FDX,2022-6-20,False,True
Ro Khanna,Democrat,House,CA,MRK,2022-6-28,False,True
Ro Khanna,Democrat,House,CA,WAB,2022-6-20,False,True
Ro Khanna,Democrat,House,CA,BRK/B,2022-6-13,False,True
Ro Khanna,Democrat,House,CA,MDLZ,2022-6-27,False,True
Ro Khanna,Democrat,House,CA,MDT,2022-6-20,False,True
Ro Khanna,Democrat,House,CA,MSFT,2022-6-16,True,False
Ro Khanna,Democrat,House,CA,GOOGL,2022-6-16,True,False
Ro Khanna,Democrat,House,CA,V,2022-6-16,True,False
Ro Khanna,Democrat,House,CA,VZ,2022-6-16,True,False
Ro Khanna,Democrat,House,CA,JPM,2022-6-16,True,False
Ro Khanna,Democrat,House,CA,CMCSA,2022-6-16,True,False
Ro Khanna,Democrat,House,CA,INTU,2022-6-16,True,False
Ro Khanna,Democrat,House,CA,AAPL,2022-6-16,True,False
Ro Khanna,Democrat,House,CA,TSLA,2022-6-16,True,False
Ro Khanna,Democrat,House,CA,CSCO,2022-6-16,True,False
Ro Khanna,Democrat,House,CA,LIN,2022-6-16,True,False
Ro Khanna,Democrat,House,CA,HD,2022-6-16,True,False
Ro Khanna,Democrat,House,CA,PYPL,2022-6-16,True,False
Ro Khanna,Democrat,House,CA,ABT,2022-6-16,True,False
Ro Khanna,Democrat,House,CA,INTC,2022-6-16,True,False
Ro Khanna,Democrat,House,CA,BLK,2022-6-16,True,False
Ro Khanna,Democrat,House,CA,ISRG,2022-6-16,True,False
Ro Khanna,Democrat,House,CA,BKNG,2022-6-16,True,False
Ro Khanna,Democrat,House,CA,DHR,2022-6-16,True,False
Ro Khanna,Democrat,House,CA,MDT,2022-6-16,True,False
Ro Khanna,Democrat,House,CA,ACN,2022-6-16,True,False
Ro Khanna,Democrat,House,CA,NKE,2022-6-16,True,False
Ro Khanna,Democrat,House,CA,ORCL,2022-6-16,True,False
Ro Khanna,Democrat,House,CA,HD,2022-6-26,True,False
Ro Khanna,Democrat,House,CA,SNPS,2022-6-16,True,False
Ro Khanna,Democrat,House,CA,N/A,2022-6-5,True,False
Ro Khanna,Democrat,House,CA,WMT,2022-6-16,True,False
Ro Khanna,Democrat,House,CA,CAT,2022-6-26,True,False
Ro Khanna,Democrat,House,CA,CCI,2022-6-16,True,False
Ro Khanna,Democrat,House,CA,USB,2022-6-16,True,False
Ro Khanna,Democrat,House,CA,TTWO,2022-6-16,True,False
Ro Khanna,Democrat,House,CA,CSX,2022-6-16,True,False
Ro Khanna,Democrat,House,CA,PH,2022-6-16,True,False
Ro Khanna,Democrat,House,CA,CCL,2022-6-16,True,False
Ro Khanna,Democrat,House,CA,ETSY,2022-6-16,True,False
Ro Khanna,Democrat,House,CA,NWSA,2022-6-16,True,False
Ro Khanna,Democrat,House,CA,TXN,2022-6-16,True,False
Ro Khanna,Democrat,House,CA,SPOT,2022-6-16,True,False
Ro Khanna,Democrat,House,CA,MELI,2022-6-16,True,False
Ro Khanna,Democrat,House,CA,EQIX,2022-6-16,True,False
Ro Khanna,Democrat,House,CA,EL,2022-6-16,True,False
Ro Khanna,Democrat,House,CA,BSX,2022-6-16,True,False
Ro Khanna,Democrat,House,CA,ILMN,2022-6-16,True,False
Ro Khanna,Democrat,House,CA,NSC,2022-6-16,True,False
Ro Khanna,Democrat,House,CA,ICE,2022-6-16,True,False
Ro Khanna,Democrat,House,CA,TT,2022-6-16,True,False
Ro Khanna,Democrat,House,CA,TMO,2022-6-26,True,False
Ro Khanna,Democrat,House,CA,AMAT,2022-6-16,True,False
Ro Khanna,Democrat,House,CA,SYF,2022-6-16,True,False
Ro Khanna,Democrat,House,CA,EBAY,2022-6-16,True,False
Ro Khanna,Democrat,House,CA,ECL,2022-6-16,True,False
Ro Khanna,Democrat,House,CA,EA,2022-6-16,True,False
Ro Khanna,Democrat,House,CA,DHI,2022-6-26,True,False
Ro Khanna,Democrat,House,CA,TMO,2022-6-16,True,False
Ro Khanna,Democrat,House,CA,TROW,2022-6-16,True,False
Ro Khanna,Democrat,House,CA,GOOGL,2022-6-26,True,False
Ro Khanna,Democrat,House,CA,BXP,2022-6-16,True,False
Ro Khanna,Democrat,House,CA,MU,2022-6-16,True,False
Ro Khanna,Democrat,House,CA,GPN,2022-6-16,True,False
Ro Khanna,Democrat,House,CA,SBAC,2022-6-16,True,False
Ro Khanna,Democrat,House,CA,EQH,2022-6-16,True,False
Ro Khanna,Democrat,House,CA,CPRT,2022-6-16,True,False
Ro Khanna,Democrat,House,CA,DD,2022-6-26,True,False
Ro Khanna,Democrat,House,CA,KMB,2022-6-26,True,False
Ro Khanna,Democrat,House,CA,EW,2022-6-16,True,False
Ro Khanna,Democrat,House,CA,FCX,2022-6-16,True,False
Ro Khanna,Democrat,House,CA,MSCI,2022-6-16,True,False
Ro Khanna,Democrat,House,CA,SYK,2022-6-16,True,False
Ro Khanna,Democrat,House,CA,MCO,2022-6-16,True,False
Ro Khanna,Democrat,House,CA,IFF,2022-6-16,True,False
Ro Khanna,Democrat,House,CA,DFS,2022-6-16,True,False
Ro Khanna,Democrat,House,CA,FTV,2022-6-16,True,False
Ro Khanna,Democrat,House,CA,URI,2022-6-16,True,False
Ro Khanna,Democrat,House,CA,WMT,2022-6-12,True,False
Ro Khanna,Democrat,House,CA,APD,2022-6-16,True,False
Ro Khanna,Democrat,House,CA,SPG,2022-6-26,True,False
Ro Khanna,Democrat,House,CA,CTAS,2022-6-16,True,False
Ro Khanna,Democrat,House,CA,POOL,2022-6-16,True,False
Ro Khanna,Democrat,House,CA,MNST,2022-6-26,True,False
Ro Khanna,Democrat,House,CA,TSLA,2022-6-12,True,False
Ro Khanna,Democrat,House,CA,SWK,2022-6-16,True,False
Ro Khanna,Democrat,House,CA,MLM,2022-6-26,True,False
Ro Khanna,Democrat,House,CA,BIIB,2022-6-16,True,False
Ro Khanna,Democrat,House,CA,CME,2022-6-16,True,False
Ro Khanna,Democrat,House,CA,LYV,2022-6-26,True,False
Ro Khanna,Democrat,House,CA,VTR,2022-6-16,True,False
Ro Khanna,Democrat,House,CA,CLX,2022-6-26,True,False
Ro Khanna,Democrat,House,CA,COF,2022-6-26,True,False
Ro Khanna,Democrat,House,CA,VICI,2022-6-16,True,False
Ro Khanna,Democrat,House,CA,HCA,2022-6-26,True,False
Ro Khanna,Democrat,House,CA,IPG,2022-6-26,True,False
Ro Khanna,Democrat,House,CA,INTC,2022-6-12,True,False
Ro Khanna,Democrat,House,CA,PHM,2022-6-26,True,False
Ro Khanna,Democrat,House,CA,EL,2022-6-26,True,False
Ro Khanna,Democrat,House,CA,DLR,2022-6-16,True,False
Ro Khanna,Democrat,House,CA,GRMN,2022-6-26,True,False
Ro Khanna,Democrat,House,CA,WMT,2022-6-26,True,False
Ro Khanna,Democrat,House,CA,DG,2022-6-26,True,False
Ro Khanna,Democrat,House,CA,CARR,2022-6-16,True,False
Ro Khanna,Democrat,House,CA,EL,2022-6-12,True,False
Ro Khanna,Democrat,House,CA,TXN,2022-6-26,True,False
Ro Khanna,Democrat,House,CA,HIG,2022-6-26,True,False
Ro Khanna,Democrat,House,CA,LRCX,2022-6-26,True,False
Ro Khanna,Democrat,House,CA,LNC,2022-6-26,True,False
Ro Khanna,Democrat,House,CA,KDP,2022-6-26,True,False
Ro Khanna,Democrat,House,CA,BALL,2022-6-26,True,False
Ro Khanna,Democrat,House,CA,DASH,2022-6-26,True,False
Ro Khanna,Democrat,House,CA,MU,2022-6-26,True,False
Ro Khanna,Democrat,House,CA,WELL,2022-6-26,True,False
Ro Khanna,Democrat,House,CA,LKQ,2022-6-26,True,False
Ro Khanna,Democrat,House,CA,VZ,2022-6-26,True,False
Ro Khanna,Democrat,House,CA,RCL,2022-6-26,True,False
Ro Khanna,Democrat,House,CA,CSCO,2022-6-26,True,False
Ro Khanna,Democrat,House,CA,BILL,2022-6-26,True,False
Ro Khanna,Democrat,House,CA,EQR,2022-6-26,True,False
Ro Khanna,Democrat,House,CA,CMCSA,2022-6-12,True,False
Ro Khanna,Democrat,House,CA,POOL,2022-6-26,True,False
Ro Khanna,Democrat,House,CA,VICI,2022-6-26,True,False
Ro Khanna,Democrat,House,CA,NKE,2022-6-26,True,False
Ro Khanna,Democrat,House,CA,DDOG,2022-6-26,True,False
Ro Khanna,Democrat,House,CA,CDNS,2022-6-26,True,False
Ro Khanna,Democrat,House,CA,LIN,2022-6-26,True,False
Ro Khanna,Democrat,House,CA,ICE,2022-6-26,True,False
Ro Khanna,Democrat,House,CA,AMAT,2022-6-26,True,False
Ro Khanna,Democrat,House,CA,ACN,2022-6-26,True,False
Ro Khanna,Democrat,House,CA,MRNA,2022-6-26,True,False
Ro Khanna,Democrat,House,CA,ROKU,2022-6-26,True,False
Ro Khanna,Democrat,House,CA,NYT,2022-6-26,True,False
Ro Khanna,Democrat,House,CA,CZR,2022-6-26,True,False
Ro Khanna,Democrat,House,CA,DHR,2022-6-26,True,False
Ro Khanna,Democrat,House,CA,URI,2022-6-26,True,False
Ro Khanna,Democrat,House,CA,WRK,2022-6-26,True,False
Ro Khanna,Democrat,House,CA,BRO,2022-6-26,True,False
Ro Khanna,Democrat,House,CA,RITM,2022-6-26,True,False
Ro Khanna,Democrat,House,CA,HST,2022-6-26,True,False
Ro Khanna,Democrat,House,CA,ABT,2022-6-26,True,False
Ro Khanna,Democrat,House,CA,CARR,2022-6-26,True,False
Ro Khanna,Democrat,House,CA,SYK,2022-6-26,True,False
Ro Khanna,Democrat,House,CA,EXPE,2022-6-26,True,False
Ro Khanna,Democrat,House,CA,TEAM,2022-6-26,True,False
Ro Khanna,Democrat,House,CA,MA,2022-6-16,False,True
Ro Khanna,Democrat,House,CA,ADBE,2022-6-16,False,True
Ro Khanna,Democrat,House,CA,AMZN,2022-6-16,False,True
Ro Khanna,Democrat,House,CA,T,2022-6-16,False,True
Ro Khanna,Democrat,House,CA,BRK/B,2022-6-16,False,True
Ro Khanna,Democrat,House,CA,DIS,2022-6-16,False,True
Ro Khanna,Democrat,House,CA,CRM,2022-6-16,False,True
Ro Khanna,Democrat,House,CA,LOW,2022-6-26,False,True
Ro Khanna,Democrat,House,CA,MMC,2022-6-16,False,True
Ro Khanna,Democrat,House,CA,PNC,2022-6-16,False,True
Ro Khanna,Democrat,House,CA,MMM,2022-6-16,False,True
Ro Khanna,Democrat,House,CA,APH,2022-6-16,False,True
Ro Khanna,Democrat,House,CA,ITW,2022-6-16,False,True
Ro Khanna,Democrat,House,CA,SBUX,2022-6-16,False,True
Ro Khanna,Democrat,House,CA,META,2022-6-16,False,True
Ro Khanna,Democrat,House,CA,FI,2022-6-16,False,True
Ro Khanna,Democrat,House,CA,DE,2022-6-16,False,True
Ro Khanna,Democrat,House,CA,GM,2022-6-16,False,True
Ro Khanna,Democrat,House,CA,MDLZ,2022-6-16,False,True
Ro Khanna,Democrat,House,CA,LEN,2022-6-26,False,True
Ro Khanna,Democrat,House,CA,CL,2022-6-16,False,True
Ro Khanna,Democrat,House,CA,AMD,2022-6-16,False,True
Ro Khanna,Democrat,House,CA,CHTR,2022-6-16,False,True
Ro Khanna,Democrat,House,CA,COO,2022-6-16,False,True
Ro Khanna,Democrat,House,CA,PG,2022-6-26,False,True
Ro Khanna,Democrat,House,CA,MLM,2022-6-16,False,True
Ro Khanna,Democrat,House,CA,AXP,2022-6-16,False,True
Ro Khanna,Democrat,House,CA,NOW,2022-6-16,False,True
Ro Khanna,Democrat,House,CA,APTV,2022-6-16,False,True
Ro Khanna,Democrat,House,CA,REGN,2022-6-16,False,True
Ro Khanna,Democrat,House,CA,WST,2022-6-16,False,True
Ro Khanna,Democrat,House,CA,FITB,2022-6-16,False,True
Ro Khanna,Democrat,House,CA,ANSS,2022-6-16,False,True
Ro Khanna,Democrat,House,CA,ANET,2022-6-16,False,True
Ro Khanna,Democrat,House,CA,NFLX,2022-6-16,False,True
Ro Khanna,Democrat,House,CA,PM,2022-6-16,False,True
Ro Khanna,Democrat,House,CA,GNTX,2022-6-16,False,True
Ro Khanna,Democrat,House,CA,HLT,2022-6-16,False,True
Ro Khanna,Democrat,House,CA,ROST,2022-6-16,False,True
Ro Khanna,Democrat,House,CA,KEYS,2022-6-16,False,True
Ro Khanna,Democrat,House,CA,ZBH,2022-6-16,False,True
Ro Khanna,Democrat,House,CA,BWA,2022-6-16,False,True
Ro Khanna,Democrat,House,CA,RJF,2022-6-16,False,True
Ro Khanna,Democrat,House,CA,DXCM,2022-6-16,False,True
Ro Khanna,Democrat,House,CA,HCA,2022-6-16,False,True
Ro Khanna,Democrat,House,CA,CMG,2022-6-16,False,True
Ro Khanna,Democrat,House,CA,MET,2022-6-16,False,True
Ro Khanna,Democrat,House,CA,OMC,2022-6-16,False,True
Ro Khanna,Democrat,House,CA,ARE,2022-6-16,False,True
Ro Khanna,Democrat,House,CA,AVB,2022-6-16,False,True
Ro Khanna,Democrat,House,CA,ATVI,2022-6-16,False,True
Ro Khanna,Democrat,House,CA,MAR,2022-6-26,False,True
Ro Khanna,Democrat,House,CA,MTD,2022-6-16,False,True
Ro Khanna,Democrat,House,CA,DOW,2022-6-26,False,True
Ro Khanna,Democrat,House,CA,NTAP,2022-6-16,False,True
Ro Khanna,Democrat,House,CA,MO,2022-6-26,False,True
Ro Khanna,Democrat,House,CA,SPG,2022-6-16,False,True
Ro Khanna,Democrat,House,CA,CBRE,2022-6-16,False,True
Ro Khanna,Democrat,House,CA,AIG,2022-6-16,False,True
Ro Khanna,Democrat,House,CA,AVGO,2022-6-16,False,True
Ro Khanna,Democrat,House,CA,ALGN,2022-6-16,False,True
Ro Khanna,Democrat,House,CA,DD,2022-6-16,False,True
Ro Khanna,Democrat,House,CA,BIO,2022-6-16,False,True
Ro Khanna,Democrat,House,CA,CTSH,2022-6-16,False,True
Ro Khanna,Democrat,House,CA,ABMD,2022-6-16,False,True
Ro Khanna,Democrat,House,CA,DAL,2022-6-16,False,True
Ro Khanna,Democrat,House,CA,ABBV,2022-6-16,False,True
Ro Khanna,Democrat,House,CA,AON,2022-6-26,False,True
Ro Khanna,Democrat,House,CA,FTNT,2022-6-16,False,True
Ro Khanna,Democrat,House,CA,FCX,2022-6-26,False,True
Ro Khanna,Democrat,House,CA,WCN,2022-6-16,False,True
Ro Khanna,Democrat,House,CA,STX,2022-6-16,False,True
Ro Khanna,Democrat,House,CA,MPWR,2022-6-16,False,True
Ro Khanna,Democrat,House,CA,LBRDA,2022-6-16,False,True
Ro Khanna,Democrat,House,CA,CSGP,2022-6-16,False,True
Ro Khanna,Democrat,House,CA,WBD,2022-6-26,False,True
Ro Khanna,Democrat,House,CA,LSXMA,2022-6-16,False,True
Ro Khanna,Democrat,House,CA,LUV,2022-6-16,False,True
Ro Khanna,Democrat,House,CA,JCI,2022-6-26,False,True
Ro Khanna,Democrat,House,CA,IVZ,2022-6-16,False,True
Ro Khanna,Democrat,House,CA,NFLX,2022-6-26,False,True
Ro Khanna,Democrat,House,CA,LBRDA,2022-6-16,False,True
Ro Khanna,Democrat,House,CA,ENTG,2022-6-26,False,True
Ro Khanna,Democrat,House,CA,TYL,2022-6-16,False,True
Ro Khanna,Democrat,House,CA,FFIV,2022-6-16,False,True
Ro Khanna,Democrat,House,CA,WDC,2022-6-16,False,True
Ro Khanna,Democrat,House,CA,CG,2022-6-26,False,True
Ro Khanna,Democrat,House,CA,CHD,2022-6-16,False,True
Ro Khanna,Democrat,House,CA,PEN,2022-6-26,False,True
Ro Khanna,Democrat,House,CA,CIEN,2022-6-26,False,True
Ro Khanna,Democrat,House,CA,ZI,2022-6-26,False,True
Ro Khanna,Democrat,House,CA,QRVO,2022-6-26,False,True
Ro Khanna,Democrat,House,CA,HOLX,2022-6-26,False,True
Ro Khanna,Democrat,House,CA,OMF,2022-6-26,False,True
Ro Khanna,Democrat,House,CA,SQ,2022-6-26,False,True
Ro Khanna,Democrat,House,CA,BRX,2022-6-26,False,True
Ro Khanna,Democrat,House,CA,EMN,2022-6-26,False,True
Ro Khanna,Democrat,House,CA,SYF,2022-6-26,False,True
Ro Khanna,Democrat,House,CA,LSXMA,2022-6-26,False,True
Ro Khanna,Democrat,House,CA,ROP,2022-6-26,False,True
Ro Khanna,Democrat,House,CA,KMX,2022-6-26,False,True
Ro Khanna,Democrat,House,CA,TDY,2022-6-26,False,True
Ro Khanna,Democrat,House,CA,CVS,2022-6-26,False,True
Ro Khanna,Democrat,House,CA,AKAM,2022-6-26,False,True
Ro Khanna,Democrat,House,CA,REG,2022-6-26,False,True
Ro Khanna,Democrat,House,CA,PINS,2022-6-26,False,True
Ro Khanna,Democrat,House,CA,SNAP,2022-6-26,False,True
Ro Khanna,Democrat,House,CA,KIM,2022-6-26,False,True
Ro Khanna,Democrat,House,CA,JBHT,2022-6-26,False,True
Ro Khanna,Democrat,House,CA,MTCH,2022-6-26,False,True
Ro Khanna,Democrat,House,CA,PAYC,2022-6-26,False,True
Ro Khanna,Democrat,House,CA,GMED,2022-6-26,False,True
Ro Khanna,Democrat,House,CA,TWLO,2022-6-26,False,True
Ro Khanna,Democrat,House,CA,BRK/B,2022-6-26,False,True
Ro Khanna,Democrat,House,CA,PEAK,2022-6-26,False,True
Ro Khanna,Democrat,House,CA,ODFL,2022-6-26,False,True
Ro Khanna,Democrat,House,CA,FBIN,2022-6-26,False,True
Ro Khanna,Democrat,House,CA,INVH,2022-6-26,False,True
Ro Khanna,Democrat,House,CA,TEL,2022-6-26,False,True
Ro Khanna,Democrat,House,CA,GNRC,2022-6-26,False,True
Ro Khanna,Democrat,House,CA,ALLY,2022-6-26,False,True
Ro Khanna,Democrat,House,CA,FLT,2022-6-26,False,True
Ro Khanna,Democrat,House,CA,BLDR,2022-6-26,False,True
Ro Khanna,Democrat,House,CA,GOOGL,2022-6-15,True,False
Ro Khanna,Democrat,House,CA,BAC,2022-6-15,True,False
Ro Khanna,Democrat,House,CA,ABT,2022-6-15,True,False
Ro Khanna,Democrat,House,CA,T,2022-6-15,True,False
Ro Khanna,Democrat,House,CA,PYPL,2022-6-15,True,False
Ro Khanna,Democrat,House,CA,ISRG,2022-6-15,True,False
Ro Khanna,Democrat,House,CA,WFC,2022-6-15,True,False
Ro Khanna,Democrat,House,CA,ADI,2022-6-15,True,False
Ro Khanna,Democrat,House,CA,TXN,2022-6-15,True,False
Ro Khanna,Democrat,House,CA,EQR,2022-6-15,True,False
Ro Khanna,Democrat,House,CA,TMO,2022-6-15,True,False
Ro Khanna,Democrat,House,CA,BLK,2022-6-15,True,False
Ro Khanna,Democrat,House,CA,WBD,2022-6-15,True,False
Ro Khanna,Democrat,House,CA,SCHW,2022-6-15,True,False
Ro Khanna,Democrat,House,CA,N/A,2022-6-15,True,False
Ro Khanna,Democrat,House,CA,CL,2022-6-15,True,False
Ro Khanna,Democrat,House,CA,EMR,2022-6-15,True,False
Ro Khanna,Democrat,House,CA,WMT,2022-6-15,True,False
Ro Khanna,Democrat,House,CA,FIS,2022-6-15,True,False
Ro Khanna,Democrat,House,CA,PAYX,2022-6-15,True,False
Ro Khanna,Democrat,House,CA,CHTR,2022-6-15,True,False
Ro Khanna,Democrat,House,CA,AVB,2022-6-15,True,False
Ro Khanna,Democrat,House,CA,MSFT,2022-6-15,True,False
Ro Khanna,Democrat,House,CA,A,2022-6-15,True,False
Ro Khanna,Democrat,House,CA,MO,2022-6-15,True,False
Ro Khanna,Democrat,House,CA,CSCO,2022-6-15,True,False
Ro Khanna,Democrat,House,CA,TEL,2022-6-15,True,False
Ro Khanna,Democrat,House,CA,N/A,2022-6-8,True,False
Ro Khanna,Democrat,House,CA,N/A,2022-6-8,True,False
Ro Khanna,Democrat,House,CA,N/A,2022-6-12,True,False
Ro Khanna,Democrat,House,CA,CRI,2022-6-16,True,False
Ro Khanna,Democrat,House,CA,N/A,2022-6-16,True,False
Ro Khanna,Democrat,House,CA,N/A,2022-6-15,True,False
Ro Khanna,Democrat,House,CA,N/A,2022-6-12,True,False
Ro Khanna,Democrat,House,CA,N/A,2022-6-9,True,False
Ro Khanna,Democrat,House,CA,FLT,2022-6-15,True,False
Ro Khanna,Democrat,House,CA,AMAT,2022-6-15,True,False
Ro Khanna,Democrat,House,CA,CPRT,2022-6-15,True,False
Ro Khanna,Democrat,House,CA,DIS,2022-5-31,True,False
Ro Khanna,Democrat,House,CA,COF,2022-6-15,True,False
Ro Khanna,Democrat,House,CA,JNJ,2022-6-15,True,False
Ro Khanna,Democrat,House,CA,CAT,2022-6-15,True,False
Ro Khanna,Democrat,House,CA,BDX,2022-6-15,True,False
Ro Khanna,Democrat,House,CA,MRK,2022-6-15,True,False
Ro Khanna,Democrat,House,CA,WELL,2022-6-15,True,False
Ro Khanna,Democrat,House,CA,MTCH,2022-6-15,True,False
Ro Khanna,Democrat,House,CA,BWA,2022-6-15,True,False
Ro Khanna,Democrat,House,CA,SSNC,2022-6-15,True,False
Ro Khanna,Democrat,House,CA,N/A,2022-6-28,True,False
Ro Khanna,Democrat,House,CA,CRI,2022-6-26,True,False
Ro Khanna,Democrat,House,CA,F,2022-6-15,True,False
Ro Khanna,Democrat,House,CA,SBUX,2022-6-15,True,False
Ro Khanna,Democrat,House,CA,MMM,2022-6-15,True,False
Ro Khanna,Democrat,House,CA,CRI,2022-6-22,True,False
Ro Khanna,Democrat,House,CA,VRSK,2022-6-15,True,False
Ro Khanna,Democrat,House,CA,CRI,2022-6-20,True,False
Ro Khanna,Democrat,House,CA,CRI,2022-6-28,True,False
Ro Khanna,Democrat,House,CA,CRI,2022-6-29,True,False
Ro Khanna,Democrat,House,CA,CRI,2022-6-21,True,False
Ro Khanna,Democrat,House,CA,KMB,2022-6-15,True,False
Ro Khanna,Democrat,House,CA,COO,2022-6-15,True,False
Ro Khanna,Democrat,House,CA,CRM,2022-6-15,True,False
Ro Khanna,Democrat,House,CA,DD,2022-5-31,True,False
Ro Khanna,Democrat,House,CA,FTNT,2022-6-15,True,False
Ro Khanna,Democrat,House,CA,LIN,2022-6-15,True,False
Ro Khanna,Democrat,House,CA,NOW,2022-6-15,True,False
Ro Khanna,Democrat,House,CA,GLW,2022-6-15,True,False
Ro Khanna,Democrat,House,CA,KR,2022-6-15,True,False
Ro Khanna,Democrat,House,CA,PGRE,2022-6-15,True,False
Ro Khanna,Democrat,House,CA,CCL,2022-6-15,True,False
Ro Khanna,Democrat,House,CA,MDLZ,2022-6-15,True,False
Ro Khanna,Democrat,House,CA,IT,2022-6-15,True,False
Ro Khanna,Democrat,House,CA,URBN,2022-6-16,True,False
Ro Khanna,Democrat,House,CA,EA,2022-6-15,True,False
Ro Khanna,Democrat,House,CA,HPE,2022-6-15,True,False
Ro Khanna,Democrat,House,CA,INVH,2022-6-15,True,False
Ro Khanna,Democrat,House,CA,SBAC,2022-6-15,True,False
Ro Khanna,Democrat,House,CA,MET,2022-6-15,True,False
Ro Khanna,Democrat,House,CA,TT,2022-6-15,True,False
Ro Khanna,Democrat,House,CA,SNPS,2022-6-15,True,False
Ro Khanna,Democrat,House,CA,HLT,2022-6-15,True,False
Ro Khanna,Democrat,House,CA,LEA,2022-6-15,True,False
Ro Khanna,Democrat,House,CA,PM,2022-6-15,True,False
Ro Khanna,Democrat,House,CA,SYF,2022-6-15,True,False
Ro Khanna,Democrat,House,CA,ANET,2022-6-15,True,False
Ro Khanna,Democrat,House,CA,HPQ,2022-6-15,True,False
Ro Khanna,Democrat,House,CA,HD,2022-6-15,True,False
Ro Khanna,Democrat,House,CA,TDY,2022-6-15,True,False
Ro Khanna,Democrat,House,CA,ORCL,2022-6-15,True,False
Ro Khanna,Democrat,House,CA,STX,2022-6-15,True,False
Ro Khanna,Democrat,House,CA,N/A,2022-6-8,True,False
Ro Khanna,Democrat,House,CA,MCO,2022-6-15,True,False
Ro Khanna,Democrat,House,CA,LSXMA,2022-6-15,True,False
Ro Khanna,Democrat,House,CA,WY,2022-6-15,True,False
Ro Khanna,Democrat,House,CA,TTWO,2022-6-15,True,False
Ro Khanna,Democrat,House,CA,GM,2022-6-12,True,False
Ro Khanna,Democrat,House,CA,MRNA,2022-6-15,True,False
Ro Khanna,Democrat,House,CA,BAC,2022-6-15,True,False
Ro Khanna,Democrat,House,CA,DIS,2022-6-21,True,False
Ro Khanna,Democrat,House,CA,PGR,2022-6-15,True,False
Ro Khanna,Democrat,House,CA,IDXX,2022-6-15,True,False
Ro Khanna,Democrat,House,CA,LGF/A,2022-6-16,True,False
Ro Khanna,Democrat,House,CA,MNST,2022-6-15,True,False
Ro Khanna,Democrat,House,CA,AMZN,2022-6-15,True,False
Ro Khanna,Democrat,House,CA,CRI,2022-6-23,True,False
Ro Khanna,Democrat,House,CA,BAC,2022-6-7,True,False
Ro Khanna,Democrat,House,CA,BAX,2022-6-15,True,False
Ro Khanna,Democrat,House,CA,CRI,2022-6-27,True,False
Ro Khanna,Democrat,House,CA,CRI,2022-6-21,True,False
Ro Khanna,Democrat,House,CA,LGF/A,2022-6-12,True,False
Ro Khanna,Democrat,House,CA,ELV,2022-6-15,True,False
Ro Khanna,Democrat,House,CA,MTB,2022-6-15,True,False
Ro Khanna,Democrat,House,CA,LBRDA,2022-6-15,True,False
Ro Khanna,Democrat,House,CA,MDB,2022-6-15,True,False
Ro Khanna,Democrat,House,CA,HBAN,2022-6-15,True,False
Ro Khanna,Democrat,House,CA,N/A,2022-6-8,True,False
Ro Khanna,Democrat,House,CA,N/A,2022-6-8,True,False
Ro Khanna,Democrat,House,CA,N/A,2022-6-14,True,False
Ro Khanna,Democrat,House,CA,MMC,2022-6-15,True,False
Ro Khanna,Democrat,House,CA,XSP,2022-6-15,True,False
Ro Khanna,Democrat,House,CA,XSP,2022-6-15,True,False
Ro Khanna,Democrat,House,CA,XSP,2022-6-28,True,False
Ro Khanna,Democrat,House,CA,XSP,2022-6-15,False,True
Ro Khanna,Democrat,House,CA,XSP,2022-6-28,False,True
Ro Khanna,Democrat,House,CA,XSP,2022-6-15,False,True
Ro Khanna,Democrat,House,CA,XSP,2022-6-7,False,True
Ro Khanna,Democrat,House,CA,JPM,2022-6-15,False,True
Ro Khanna,Democrat,House,CA,PEP,2022-6-15,False,True
Ro Khanna,Democrat,House,CA,VZ,2022-6-15,False,True
Ro Khanna,Democrat,House,CA,MA,2022-6-15,False,True
Ro Khanna,Democrat,House,CA,ACN,2022-6-15,False,True
Ro Khanna,Democrat,House,CA,CMCSA,2022-6-15,False,True
Ro Khanna,Democrat,House,CA,PFE,2022-6-15,False,True
Ro Khanna,Democrat,House,CA,MDT,2022-6-15,False,True
Ro Khanna,Democrat,House,CA,DIS,2022-6-15,False,True
Ro Khanna,Democrat,House,CA,SYK,2022-6-15,False,True
Ro Khanna,Democrat,House,CA,DHR,2022-6-15,False,True
Ro Khanna,Democrat,House,CA,INTU,2022-6-15,False,True
Ro Khanna,Democrat,House,CA,FDX,2022-6-20,False,True
Ro Khanna,Democrat,House,CA,GM,2022-6-15,False,True
Ro Khanna,Democrat,House,CA,PNC,2022-6-15,False,True
Ro Khanna,Democrat,House,CA,ADBE,2022-6-15,False,True
Ro Khanna,Democrat,House,CA,AXP,2022-6-15,False,True
Ro Khanna,Democrat,House,CA,BRK/B,2022-6-15,False,True
Ro Khanna,Democrat,House,CA,WAB,2022-6-16,False,True
Ro Khanna,Democrat,House,CA,ATVI,2022-6-15,False,True
Ro Khanna,Democrat,House,CA,NTAP,2022-6-15,False,True
Ro Khanna,Democrat,House,CA,ITW,2022-6-15,False,True
Ro Khanna,Democrat,House,CA,BKNG,2022-6-15,False,True
Ro Khanna,Democrat,House,CA,APH,2022-6-15,False,True
Ro Khanna,Democrat,House,CA,STT,2022-6-15,False,True
Ro Khanna,Democrat,House,CA,NFLX,2022-6-15,False,True
Ro Khanna,Democrat,House,CA,LRCX,2022-6-15,False,True
Ro Khanna,Democrat,House,CA,WBD,2022-6-1,False,True
Ro Khanna,Democrat,House,CA,POOL,2022-6-15,False,True
Ro Khanna,Democrat,House,CA,INTC,2022-6-15,False,True
Ro Khanna,Democrat,House,CA,MRK,2022-6-28,False,True
Ro Khanna,Democrat,House,CA,OMC,2022-6-15,False,True
Ro Khanna,Democrat,House,CA,UNH,2022-6-15,False,True
Ro Khanna,Democrat,House,CA,ETN,2022-6-15,False,True
Ro Khanna,Democrat,House,CA,WBD,2022-5-31,False,True
Ro Khanna,Democrat,House,CA,MCHP,2022-6-15,False,True
Ro Khanna,Democrat,House,CA,CHD,2022-6-15,False,True
Ro Khanna,Democrat,House,CA,USB,2022-6-15,False,True
Ro Khanna,Democrat,House,CA,CDNS,2022-6-15,False,True
Ro Khanna,Democrat,House,CA,WBA,2022-6-15,False,True
Ro Khanna,Democrat,House,CA,FDX,2022-6-26,False,True
Ro Khanna,Democrat,House,CA,SUI,2022-6-15,False,True
Ro Khanna,Democrat,House,CA,CPT,2022-6-15,False,True
Ro Khanna,Democrat,House,CA,RJF,2022-6-15,False,True
Ro Khanna,Democrat,House,CA,UDR,2022-6-15,False,True
Ro Khanna,Democrat,House,CA,DAL,2022-6-15,False,True
Ro Khanna,Democrat,House,CA,REXR,2022-6-15,False,True
Ro Khanna,Democrat,House,CA,MRVL,2022-6-15,False,True
Ro Khanna,Democrat,House,CA,ZBH,2022-6-15,False,True
Ro Khanna,Democrat,House,CA,WDC,2022-6-15,False,True
Ro Khanna,Democrat,House,CA,CFG,2022-6-15,False,True
Ro Khanna,Democrat,House,CA,MU,2022-6-15,False,True
Ro Khanna,Democrat,House,CA,WRK,2022-6-15,False,True
Ro Khanna,Democrat,House,CA,ABMD,2022-6-15,False,True
Ro Khanna,Democrat,House,CA,SQ,2022-6-15,False,True
Ro Khanna,Democrat,House,CA,SNOW,2022-6-15,False,True
Ro Khanna,Democrat,House,CA,GPK,2022-5-31,False,True
Ro Khanna,Democrat,House,CA,GRMN,2022-6-15,False,True
Ro Khanna,Democrat,House,CA,TWLO,2022-6-15,False,True
Ro Khanna,Democrat,House,CA,ZI,2022-6-15,False,True
Ro Khanna,Democrat,House,CA,NET,2022-6-15,False,True
Ro Khanna,Democrat,House,CA,CRL,2022-6-15,False,True
Ro Khanna,Democrat,House,CA,APD,2022-6-15,False,True
Ro Khanna,Democrat,House,CA,CTAS,2022-6-15,False,True
Ro Khanna,Democrat,House,CA,BXP,2022-6-15,False,True
Ro Khanna,Democrat,House,CA,META,2022-6-15,False,True
Ro Khanna,Democrat,House,CA,VTR,2022-6-15,False,True
Ro Khanna,Democrat,House,CA,MTD,2022-6-15,False,True
Ro Khanna,Democrat,House,CA,LUV,2022-6-15,False,True
Ro Khanna,Democrat,House,CA,WAB,2022-6-20,False,True
Ro Khanna,Democrat,House,CA,T,2022-6-29,False,True
Ro Khanna,Democrat,House,CA,N/A,2022-5-31,True,False
Ro Khanna,Democrat,House,CA,N/A,2022-6-2,True,False
Ro Khanna,Democrat,House,CA,N/A,2022-5-31,True,False
Ro Khanna,Democrat,House,CA,N/A,2022-5-31,True,False
Ro Khanna,Democrat,House,CA,N/A,2022-5-31,True,False
Ro Khanna,Democrat,House,CA,N/A,2022-6-2,True,False
Ro Khanna,Democrat,House,CA,N/A,2022-6-2,True,False
Ro Khanna,Democrat,House,CA,N/A,2022-6-2,True,False
Ro Khanna,Democrat,House,CA,N/A,2022-5-31,True,False
Ro Khanna,Democrat,House,CA,MSFT,2022-6-9,True,False
Ro Khanna,Democrat,House,CA,HCA,2022-6-22,True,False
Ro Khanna,Democrat,House,CA,MLM,2022-6-14,True,False
Ro Khanna,Democrat,House,CA,HCA,2022-6-28,True,False
Ro Khanna,Democrat,House,CA,MLM,2022-6-15,True,False
Ro Khanna,Democrat,House,CA,HCA,2022-6-20,True,False
Ro Khanna,Democrat,House,CA,HCA,2022-6-22,True,False
Ro Khanna,Democrat,House,CA,MLM,2022-6-12,True,False
Ro Khanna,Democrat,House,CA,HCA,2022-6-27,True,False
Ro Khanna,Democrat,House,CA,N/A,2022-6-14,False,True
Ro Khanna,Democrat,House,CA,DIS,2022-6-12,False,True
Ro Khanna,Democrat,House,CA,VFC,2022-6-6,False,True
Ro Khanna,Democrat,House,CA,MDT,2022-6-20,False,True
Ro Khanna,Democrat,House,CA,MDLZ,2022-6-27,False,True
Ro Khanna,Democrat,House,CA,MDLZ,2022-6-21,False,True
Ro Khanna,Democrat,House,CA,HIG,2022-6-29,False,True
Ro Khanna,Democrat,House,CA,EQIX,2022-6-9,False,True
Ro Khanna,Democrat,House,CA,BX,2022-6-9,True,False
Ro Khanna,Democrat,House,CA,CSCO,2022-6-9,True,False
Ro Khanna,Democrat,House,CA,AVGO,2022-6-9,True,False
Ro Khanna,Democrat,House,CA,AAPL,2022-6-9,False,True
Ro Khanna,Democrat,House,CA,MDT,2022-6-9,False,True
Ro Khanna,Democrat,House,CA,CSCO,2022-6-9,True,False
Ro Khanna,Democrat,House,CA,AVGO,2022-6-9,True,False
Ro Khanna,Democrat,House,CA,AAPL,2022-6-9,False,True
Ro Khanna,Democrat,House,CA,MDT,2022-6-9,False,True
Ro Khanna,Democrat,House,CA,CSCO,2022-6-9,True,False
Ro Khanna,Democrat,House,CA,AVGO,2022-6-9,True,False
Ro Khanna,Democrat,House,CA,AAPL,2022-6-9,False,True
Ro Khanna,Democrat,House,CA,MDT,2022-6-9,False,True
Suzan DelBene,Democrat,House,WA,N/A,2022-6-29,False,True
Suzan DelBene,Democrat,House,WA,N/A,2022-6-27,True,False
Suzan DelBene,Democrat,House,WA,N/A,2022-6-23,True,False
Suzan DelBene,Democrat,House,WA,N/A,2022-6-30,False,True
Suzan DelBene,Democrat,House,WA,N/A,2022-6-13,True,False
Suzan DelBene,Democrat,House,WA,N/A,2022-6-27,False,True
John Curtis,Republican,House,UT,AZO,2022-6-27,True,False
John Curtis,Republican,House,UT,STZ,2022-6-27,True,False
John Curtis,Republican,House,UT,DE,2022-6-27,False,True
John Curtis,Republican,House,UT,GS,2022-6-27,True,False
John Curtis,Republican,House,UT,ISRG,2022-6-27,False,True
John Curtis,Republican,House,UT,JNJ,2022-6-27,True,False
John Curtis,Republican,House,UT,MS,2022-6-27,False,True
John Curtis,Republican,House,UT,CRM,2022-6-27,True,False
John Curtis,Republican,House,UT,TGT,2022-6-27,False,True
John Curtis,Republican,House,UT,VLO,2022-6-27,False,True
John Curtis,Republican,House,UT,ZTS,2022-6-27,True,False
Kathy Manning,Democrat,House,NC,ADBE,2022-6-9,False,True
Kathy Manning,Democrat,House,NC,ALGN,2022-6-14,False,True
Kathy Manning,Democrat,House,NC,AMT,2022-6-14,False,True
Kathy Manning,Democrat,House,NC,N/A,2022-6-9,False,True
Kathy Manning,Democrat,House,NC,BX,2022-6-14,False,True
Kathy Manning,Democrat,House,NC,CMG,2022-6-14,False,True
Kathy Manning,Democrat,House,NC,CMG,2022-6-9,False,True
Kathy Manning,Democrat,House,NC,CME,2022-6-9,False,True
Kathy Manning,Democrat,House,NC,EQIX,2022-6-9,False,True
Kathy Manning,Democrat,House,NC,ILMN,2022-6-9,False,True
Kathy Manning,Democrat,House,NC,ISRG,2022-6-9,False,True
Kathy Manning,Democrat,House,NC,MTCH,2022-6-9,False,True
Kathy Manning,Democrat,House,NC,NFLX,2022-6-9,False,True
Kathy Manning,Democrat,House,NC,NVDA,2022-6-9,False,True
Kathy Manning,Democrat,House,NC,NOW,2022-6-9,False,True
Kathy Manning,Democrat,House,NC,NOW,2022-6-14,False,True
Kathy Manning,Democrat,House,NC,SNAP,2022-6-9,False,True
Kathy Manning,Democrat,House,NC,V,2022-6-14,False,True
Kathy Manning,Democrat,House,NC,N/A,2022-6-13,True,False
Kurt Schrader,Democrat,House,OR,DG,2022-6-12,True,False
Kurt Schrader,Democrat,House,OR,HLT,2022-6-12,False,True
Kurt Schrader,Democrat,House,OR,OWMBX,2022-6-13,False,True
Alan Lowenthal,Democrat,House,CA,UBER,2022-6-28,False,True
Earl Blumenauer,Democrat,House,OR,IMAX,2022-6-15,False,True
Earl Blumenauer,Democrat,House,OR,IMAX,2022-6-16,False,True
Earl Blumenauer,Democrat,House,OR,SNY,2022-5-26,True,False
Earl Blumenauer,Democrat,House,OR,WBD,2022-6-16,True,False
Virginia Foxx,Republican,House,NC,MO,2022-6-28,False,True
Virginia Foxx,Republican,House,NC,APO,2022-6-12,True,False
Virginia Foxx,Republican,House,NC,T,2022-6-13,False,True
Virginia Foxx,Republican,House,NC,BTI,2022-6-29,True,False
Virginia Foxx,Republican,House,NC,BTI,2022-6-12,True,False
Virginia Foxx,Republican,House,NC,COF,2022-6-2,True,False
Virginia Foxx,Republican,House,NC,CWEN.A,2022-6-14,False,True
Virginia Foxx,Republican,House,NC,CWEN.A,2022-6-15,True,False
Virginia Foxx,Republican,House,NC,CWEN.A,2022-6-21,False,True
Virginia Foxx,Republican,House,NC,DUK,2022-6-16,True,False
Virginia Foxx,Republican,House,NC,EPD,2022-6-22,False,True
Virginia Foxx,Republican,House,NC,XOM,2022-6-22,False,True
Virginia Foxx,Republican,House,NC,XOM,2022-6-12,True,False
Virginia Foxx,Republican,House,NC,GPP,2022-6-12,False,True
Virginia Foxx,Republican,House,NC,KNOP,2022-6-9,True,False
Virginia Foxx,Republican,House,NC,MMP,2022-6-14,True,False
Virginia Foxx,Republican,House,NC,MFC,2022-6-21,False,True
Virginia Foxx,Republican,House,NC,NHI,2022-6-27,True,False
Virginia Foxx,Republican,House,NC,PAA,2022-6-22,False,True
Virginia Foxx,Republican,House,NC,RIO,2022-6-16,False,True
Virginia Foxx,Republican,House,NC,SWPPX,2022-6-21,False,True
Virginia Foxx,Republican,House,NC,SIRE,2022-6-9,True,False
Virginia Foxx,Republican,House,NC,TTE,2022-6-2,False,True
Virginia Foxx,Republican,House,NC,UBS,2022-6-21,True,False
Virginia Foxx,Republican,House,NC,USDP,2022-6-2,True,False
Tom Carper,Democrat,Senate,DE,BRCM,2022-6-20,True,False
Tom Carper,Democrat,Senate,DE,OPI,2022-6-14,False,True
Debbie Wasserman Schultz,Democrat,House,FL,AGI,2022-6-5,True,False
Debbie Wasserman Schultz,Democrat,House,FL,AGI,2022-6-5,True,False
Hal Rogers,Republican,House,KY,N/A,2022-6-6,True,False
Diana Harshbarger,Republican,House,TN,ELV,2022-5-22,False,True
Diana Harshbarger,Republican,House,TN,ELV,2022-5-22,False,True
Diana Harshbarger,Republican,House,TN,ELV,2022-5-22,False,True
Diana Harshbarger,Republican,House,TN,LMT,2022-5-31,True,False
Diana Harshbarger,Republican,House,TN,N/A,2022-5-31,False,True
Diana Harshbarger,Republican,House,TN,N/A,2022-6-1,True,False
Diana Harshbarger,Republican,House,TN,N/A,2022-6-2,True,False
Diana Harshbarger,Republican,House,TN,AMT,2022-6-5,False,True
Diana Harshbarger,Republican,House,TN,N/A,2022-6-5,False,True
Diana Harshbarger,Republican,House,TN,ORCL,2022-6-6,True,False
Diana Harshbarger,Republican,House,TN,JNJ,2022-6-7,True,False
Diana Harshbarger,Republican,House,TN,ORCL,2022-6-7,True,False
Diana Harshbarger,Republican,House,TN,ORCL,2022-6-7,True,False
Diana Harshbarger,Republican,House,TN,N/A,2022-6-7,True,False
Diana Harshbarger,Republican,House,TN,DECK,2022-6-7,False,True
Diana Harshbarger,Republican,House,TN,DECK,2022-6-7,False,True
Diana Harshbarger,Republican,House,TN,DECK,2022-6-7,False,True
Diana Harshbarger,Republican,House,TN,META,2022-6-7,False,True
Diana Harshbarger,Republican,House,TN,META,2022-6-7,False,True
Diana Harshbarger,Republican,House,TN,RTX,2022-6-9,True,False
Diana Harshbarger,Republican,House,TN,V,2022-6-9,True,False
Diana Harshbarger,Republican,House,TN,V,2022-6-9,True,False
Diana Harshbarger,Republican,House,TN,V,2022-6-9,True,False
Diana Harshbarger,Republican,House,TN,V,2022-6-9,True,False
Diana Harshbarger,Republican,House,TN,BKNG,2022-6-12,True,False
Diana Harshbarger,Republican,House,TN,BKNG,2022-6-12,True,False
Diana Harshbarger,Republican,House,TN,BKNG,2022-6-12,True,False
Diana Harshbarger,Republican,House,TN,BKNG,2022-6-13,True,False
Diana Harshbarger,Republican,House,TN,AEE,2022-6-13,False,True
Diana Harshbarger,Republican,House,TN,AEE,2022-6-13,False,True
Diana Harshbarger,Republican,House,TN,CTXS,2022-6-13,False,True
Diana Harshbarger,Republican,House,TN,CTXS,2022-6-13,False,True
Diana Harshbarger,Republican,House,TN,GM,2022-6-13,False,True
Diana Harshbarger,Republican,House,TN,CTXS,2022-6-14,False,True
Diana Harshbarger,Republican,House,TN,NEE,2022-6-15,True,False
Diana Harshbarger,Republican,House,TN,PG,2022-6-15,False,True
Sharice Davids,Democrat,House,KS,SPWR,2022-6-20,False,True
Sharice Davids,Democrat,House,KS,SPWR,2022-6-20,False,True
Sharice Davids,Democrat,House,KS,ONVO,2022-6-20,False,True
Sharice Davids,Democrat,House,KS,FCEL,2022-6-20,False,True
Sharice Davids,Democrat,House,KS,IGT,2022-6-20,False,True
Sharice Davids,Democrat,House,KS,MAXN,2022-6-20,False,True
Don Beyer,Democrat,House,VA,N/A,2022-6-1,False,True
Cindy Axne,Democrat,House,IA,BRBR,2022-6-14,False,True
Alan Lowenthal,Democrat,House,CA,7410Z,2022-6-20,True,False
Alan Lowenthal,Democrat,House,CA,7410Z,2022-6-20,True,False
Alan Lowenthal,Democrat,House,CA,ELAN,2022-4-12,False,True
Alan Lowenthal,Democrat,House,CA,EXPE,2022-6-12,False,True
Alan Lowenthal,Democrat,House,CA,N/A,2022-5-17,True,False
Alan Lowenthal,Democrat,House,CA,HCA,2022-5-6,False,True
Trey Hollingsworth,Republican,House,IN,ORCC,2022-6-8,True,False
Trey Hollingsworth,Republican,House,IN,ORCC,2022-6-9,True,False
Trey Hollingsworth,Republican,House,IN,ORCC,2022-6-12,True,False
Trey Hollingsworth,Republican,House,IN,ORCC,2022-6-13,True,False
Trey Hollingsworth,Republican,House,IN,ORCC,2022-6-15,True,False
Trey Hollingsworth,Republican,House,IN,ORCC,2022-6-22,True,False
Vicente Gonzalez,Democrat,House,TX,TSLA,2022-5-28,True,False
Michael Burgess,Republican,House,TX,SYK,2022-6-20,False,True
Michael Burgess,Republican,House,TX,AMZN,2022-6-13,True,False
Michael Burgess,Republican,House,TX,AMZN,2022-6-13,False,True
Bob Gibbs,Republican,House,OH,F,2022-6-22,True,False
Suzan DelBene,Democrat,House,WA,N/A,2022-6-13,True,False
Suzan DelBene,Democrat,House,WA,N/A,2022-6-12,True,False
Suzan DelBene,Democrat,House,WA,N/A,2022-6-8,True,False
Suzan DelBene,Democrat,House,WA,N/A,2022-6-6,True,False
Chris Jacobs,Republican,House,NY,N/A,2022-5-8,False,True
Chris Jacobs,Republican,House,NY,N/A,2022-5-16,False,True
Chris Jacobs,Republican,House,NY,N/A,2022-5-9,True,False
Susie Lee,Democrat,House,NV,FLL,2022-5-11,True,False
Sara Jacobs,Democrat,House,CA,N/A,2022-5-30,True,False
Marjorie Taylor Greene,Republican,House,GA,COST,2022-6-9,True,False
Marjorie Taylor Greene,Republican,House,GA,GS,2022-6-9,True,False
Marjorie Taylor Greene,Republican,House,GA,HD,2022-6-9,True,False
Marjorie Taylor Greene,Republican,House,GA,INTC,2022-6-9,True,False
Marjorie Taylor Greene,Republican,House,GA,QQQ,2022-6-9,True,False
Marjorie Taylor Greene,Republican,House,GA,NSRGY,2022-6-9,True,False
Marjorie Taylor Greene,Republican,House,GA,PG,2022-6-9,True,False
Marjorie Taylor Greene,Republican,House,GA,UPS,2022-6-9,True,False
Marjorie Taylor Greene,Republican,House,GA,V,2022-6-9,True,False
Pete Sessions,Republican,House,TX,N/A,2022-5-31,False,True
Scott Peters,Democrat,House,CA,N/A,2022-5-17,True,False
Scott Peters,Democrat,House,CA,N/A,2022-5-19,True,False
Scott Peters,Democrat,House,CA,N/A,2022-5-15,True,False
Scott Peters,Democrat,House,CA,N/A,2022-5-23,True,False
Scott Peters,Democrat,House,CA,N/A,2022-5-17,True,False
Scott Peters,Democrat,House,CA,N/A,2022-5-25,True,False
Scott Peters,Democrat,House,CA,N/A,2022-5-25,True,False
Scott Peters,Democrat,House,CA,N/A,2022-5-25,True,False
Scott Peters,Democrat,House,CA,N/A,2022-5-18,True,False
Alan Lowenthal,Democrat,House,CA,AMZN,2022-6-6,True,False
Alan Lowenthal,Democrat,House,CA,BA,2022-6-14,True,False
Alan Lowenthal,Democrat,House,CA,IWN,2022-6-15,False,True
Alan Lowenthal,Democrat,House,CA,VRSK,2022-6-16,True,False
Alan Lowenthal,Democrat,House,CA,VRSK,2022-6-15,True,False
Alan Lowenthal,Democrat,House,CA,BA,2022-6-14,True,False
Alan Lowenthal,Democrat,House,CA,IWN,2022-6-15,False,True
Alan Lowenthal,Democrat,House,CA,SPGI,2022-5-31,False,True
Bill Keating,Democrat,House,MA,NFLX,2022-5-18,False,True
Bill Keating,Democrat,House,MA,N/A,2022-5-25,True,False
Ed Perlmutter,Democrat,House,CO,AMZN,2022-5-12,False,True
Ed Perlmutter,Democrat,House,CO,AAPL,2022-5-19,False,True
Ed Perlmutter,Democrat,House,CO,AAPL,2022-5-12,False,True
Ed Perlmutter,Democrat,House,CO,F,2022-5-12,False,True
Ed Perlmutter,Democrat,House,CO,F,2022-5-19,False,True
Ed Perlmutter,Democrat,House,CO,MSFT,2022-5-12,False,True
Ed Perlmutter,Democrat,House,CO,VZ,2022-5-12,False,True
Doris Matsui,Democrat,House,CA,N/A,2022-6-2,True,False
Josh Gottheimer,Democrat,House,NJ,ADYEY,2022-5-5,True,False
Josh Gottheimer,Democrat,House,NJ,AMGN,2022-5-10,True,False
Josh Gottheimer,Democrat,House,NJ,BX,2022-5-1,False,True
Josh Gottheimer,Democrat,House,NJ,CHKP,2022-5-4,False,True
Josh Gottheimer,Democrat,House,NJ,CHKP,2022-5-5,False,True
Josh Gottheimer,Democrat,House,NJ,CHKP,2022-5-8,False,True
Josh Gottheimer,Democrat,House,NJ,CHKP,2022-5-9,False,True
Josh Gottheimer,Democrat,House,NJ,COP,2022-5-22,True,False
Josh Gottheimer,Democrat,House,NJ,DE,2022-5-17,False,True
Josh Gottheimer,Democrat,House,NJ,FMX,2022-5-9,True,False
Josh Gottheimer,Democrat,House,NJ,IFNNY,2022-5-5,True,False
Josh Gottheimer,Democrat,House,NJ,IBM,2022-5-25,True,False
Josh Gottheimer,Democrat,House,NJ,LHCG,2022-5-8,False,True
Josh Gottheimer,Democrat,House,NJ,MAR,2022-5-25,True,False
Josh Gottheimer,Democrat,House,NJ,NVDA,2022-5-26,True,False
Josh Gottheimer,Democrat,House,NJ,REGN,2022-5-4,True,False
Josh Gottheimer,Democrat,House,NJ,STAG,2022-5-25,False,True
Josh Gottheimer,Democrat,House,NJ,TGT,2022-5-17,False,True
Josh Gottheimer,Democrat,House,NJ,TSLA,2022-5-25,True,False
Josh Gottheimer,Democrat,House,NJ,TT,2022-5-2,False,True
Doug Lamborn,Republican,House,CO,NTAP,2022-6-5,False,True
Doug Lamborn,Republican,House,CO,NTAP,2022-6-5,True,False
Doug Lamborn,Republican,House,CO,NTAP,2022-6-5,False,True
Doug Lamborn,Republican,House,CO,NTAP,2022-6-5,True,False
Doug Lamborn,Republican,House,CO,NTAP,2022-6-5,False,True
Doug Lamborn,Republican,House,CO,NTAP,2022-6-5,True,False
Lois Frankel,Democrat,House,FL,BLK,2022-5-31,True,False
Lois Frankel,Democrat,House,FL,CI,2022-5-17,False,True
Lois Frankel,Democrat,House,FL,FRC,2022-5-17,True,False
Lois Frankel,Democrat,House,FL,GD,2022-5-17,True,False
Lois Frankel,Democrat,House,FL,GXO,2022-5-24,False,True
Lois Frankel,Democrat,House,FL,HELE,2022-6-13,False,True
Lois Frankel,Democrat,House,FL,MRK,2022-5-31,False,True
Lois Frankel,Democrat,House,FL,ZBH,2022-6-12,False,True
Rick Scott,Republican,Senate,FL,N/A,2022-5-16,True,False
Michael McCaul,Republican,House,TX,WWD,2022-5-2,True,False
Michael McCaul,Republican,House,TX,N/A,2022-5-12,True,False
Michael McCaul,Republican,House,TX,N/A,2022-5-8,True,False
Michael McCaul,Republican,House,TX,N/A,2022-5-11,True,False
Michael McCaul,Republican,House,TX,EPAM,2022-5-8,True,False
Michael McCaul,Republican,House,TX,ACN,2022-5-4,True,False
Michael McCaul,Republican,House,TX,AZN,2022-5-4,True,False
Michael McCaul,Republican,House,TX,NFLX,2022-5-24,True,False
Michael McCaul,Republican,House,TX,AER,2022-5-2,True,False
Michael McCaul,Republican,House,TX,N/A,2022-5-17,True,False
Michael McCaul,Republican,House,TX,N/A,2022-5-10,True,False
Michael McCaul,Republican,House,TX,ORLY,2022-5-1,True,False
Michael McCaul,Republican,House,TX,NFLX,2022-5-16,True,False
Michael McCaul,Republican,House,TX,N/A,2022-5-24,True,False
Michael McCaul,Republican,House,TX,N/A,2022-5-18,True,False
Michael McCaul,Republican,House,TX,BSX,2022-5-4,True,False
Michael McCaul,Republican,House,TX,BJ,2022-5-22,True,False
Michael McCaul,Republican,House,TX,BJ,2022-5-5,True,False
Michael McCaul,Republican,House,TX,SAP,2022-5-15,True,False
Michael McCaul,Republican,House,TX,BJ,2022-5-23,True,False
Michael McCaul,Republican,House,TX,SSD,2022-5-5,True,False
Michael McCaul,Republican,House,TX,SKX,2022-5-5,True,False
Michael McCaul,Republican,House,TX,DCI,2022-5-5,True,False
Michael McCaul,Republican,House,TX,SAP,2022-5-15,True,False
Michael McCaul,Republican,House,TX,NTRS,2022-5-4,False,True
Michael McCaul,Republican,House,TX,SCHW,2022-5-4,False,True
Michael McCaul,Republican,House,TX,PGR,2022-5-4,False,True
Michael McCaul,Republican,House,TX,OMC,2022-5-4,False,True
Michael McCaul,Republican,House,TX,CNXC,2022-5-4,False,True
Michael McCaul,Republican,House,TX,CDK,2022-5-4,False,True
Michael McCaul,Republican,House,TX,SKX,2022-5-4,False,True
Michael McCaul,Republican,House,TX,NVT,2022-5-4,False,True
Michael McCaul,Republican,House,TX,JPM,2022-5-4,False,True
Michael McCaul,Republican,House,TX,KMX,2022-5-4,False,True
Michael McCaul,Republican,House,TX,TRS,2022-5-4,False,True
Michael McCaul,Republican,House,TX,SAP,2022-5-4,False,True
Michael McCaul,Republican,House,TX,SAP,2022-5-15,False,True
Michael McCaul,Republican,House,TX,FCN,2022-5-4,False,True
Michael McCaul,Republican,House,TX,PHG,2022-5-4,False,True
Michael McCaul,Republican,House,TX,BRC,2022-5-4,False,True
Michael McCaul,Republican,House,TX,SONY,2022-5-4,False,True
Michael McCaul,Republican,House,TX,CDW,2022-5-4,False,True
Michael McCaul,Republican,House,TX,KBR,2022-5-4,False,True
Michael McCaul,Republican,House,TX,CB,2022-5-4,False,True
Michael McCaul,Republican,House,TX,AVY,2022-5-4,False,True
Michael McCaul,Republican,House,TX,SNN,2022-5-4,False,True
Michael McCaul,Republican,House,TX,MAS,2022-5-4,False,True
Michael McCaul,Republican,House,TX,ETN,2022-5-4,False,True
Michael McCaul,Republican,House,TX,PLXS,2022-5-4,False,True
Michael McCaul,Republican,House,TX,HSIC,2022-5-4,False,True
Michael McCaul,Republican,House,TX,CMCSA,2022-5-4,False,True
Michael McCaul,Republican,House,TX,DOV,2022-5-4,False,True
Michael McCaul,Republican,House,TX,ACGL,2022-5-4,False,True
Michael McCaul,Republican,House,TX,KW,2022-5-4,False,True
Michael McCaul,Republican,House,TX,IPG,2022-5-4,False,True
Michael McCaul,Republican,House,TX,UNH,2022-5-4,False,True
Michael McCaul,Republican,House,TX,BKNG,2022-5-4,False,True
Michael McCaul,Republican,House,TX,META,2022-5-4,False,True
Michael McCaul,Republican,House,TX,MU,2022-5-4,False,True
Michael McCaul,Republican,House,TX,DLTR,2022-5-4,False,True
Michael McCaul,Republican,House,TX,UL,2022-5-4,False,True
Michael McCaul,Republican,House,TX,DG,2022-5-4,False,True
Michael McCaul,Republican,House,TX,FCFS,2022-5-4,False,True
Michael McCaul,Republican,House,TX,SLB,2022-5-4,False,True
Michael McCaul,Republican,House,TX,PCAR,2022-5-4,False,True
Michael McCaul,Republican,House,TX,BRK/B,2022-5-4,False,True
Michael McCaul,Republican,House,TX,HLT,2022-5-3,False,True
Michael McCaul,Republican,House,TX,C,2022-5-3,False,True
Michael McCaul,Republican,House,TX,V,2022-5-3,False,True
Michael McCaul,Republican,House,TX,MSFT,2022-5-3,False,True
Michael McCaul,Republican,House,TX,COF,2022-5-3,False,True
Michael McCaul,Republican,House,TX,GE,2022-5-3,False,True
Michael McCaul,Republican,House,TX,LYB,2022-5-3,False,True
Michael McCaul,Republican,House,TX,CMCSA,2022-5-3,False,True
Michael McCaul,Republican,House,TX,MS,2022-5-3,False,True
Michael McCaul,Republican,House,TX,GS,2022-5-3,False,True
Michael McCaul,Republican,House,TX,LBRDA,2022-5-3,False,True
Michael McCaul,Republican,House,TX,UNH,2022-5-3,False,True
Michael McCaul,Republican,House,TX,AMZN,2022-5-3,False,True
Michael McCaul,Republican,House,TX,MSFT,2022-5-8,False,True
Michael McCaul,Republican,House,TX,CDK,2022-5-5,False,True
Michael McCaul,Republican,House,TX,HLF,2022-5-5,False,True
Michael McCaul,Republican,House,TX,N/A,2022-5-24,False,True
Michael McCaul,Republican,House,TX,ADP,2022-5-3,False,True
Michael McCaul,Republican,House,TX,GM,2022-5-19,False,True
Michael McCaul,Republican,House,TX,ELV,2022-5-25,False,True
Michael McCaul,Republican,House,TX,N/A,2022-5-11,False,True
Michael McCaul,Republican,House,TX,N/A,2022-5-8,False,True
Michael McCaul,Republican,House,TX,ELV,2022-5-5,False,True
Michael McCaul,Republican,House,TX,ZTS,2022-5-3,False,True
Michael McCaul,Republican,House,TX,N/A,2022-5-2,False,True
Michael McCaul,Republican,House,TX,N/A,2022-5-19,True,False
Michael McCaul,Republican,House,TX,WWD,2022-5-2,True,False
Michael McCaul,Republican,House,TX,N/A,2022-5-12,True,False
Michael McCaul,Republican,House,TX,N/A,2022-5-8,True,False
Michael McCaul,Republican,House,TX,N/A,2022-5-11,True,False
Michael McCaul,Republican,House,TX,EPAM,2022-5-8,True,False
Michael McCaul,Republican,House,TX,ACN,2022-5-4,True,False
Michael McCaul,Republican,House,TX,AZN,2022-5-4,True,False
Michael McCaul,Republican,House,TX,NFLX,2022-5-24,True,False
Michael McCaul,Republican,House,TX,AER,2022-5-2,True,False
Michael McCaul,Republican,House,TX,N/A,2022-5-17,True,False
Michael McCaul,Republican,House,TX,N/A,2022-5-10,True,False
Michael McCaul,Republican,House,TX,ORLY,2022-5-1,True,False
Michael McCaul,Republican,House,TX,NFLX,2022-5-16,True,False
Michael McCaul,Republican,House,TX,N/A,2022-5-24,True,False
Michael McCaul,Republican,House,TX,N/A,2022-5-18,True,False
Michael McCaul,Republican,House,TX,BSX,2022-5-4,True,False
Michael McCaul,Republican,House,TX,BJ,2022-5-22,True,False
Michael McCaul,Republican,House,TX,BJ,2022-5-5,True,False
Michael McCaul,Republican,House,TX,SAP,2022-5-15,True,False
Michael McCaul,Republican,House,TX,BJ,2022-5-23,True,False
Michael McCaul,Republican,House,TX,SSD,2022-5-5,True,False
Michael McCaul,Republican,House,TX,SKX,2022-5-5,True,False
Michael McCaul,Republican,House,TX,DCI,2022-5-5,True,False
Michael McCaul,Republican,House,TX,SAP,2022-5-15,True,False
Michael McCaul,Republican,House,TX,NTRS,2022-5-4,False,True
Michael McCaul,Republican,House,TX,SCHW,2022-5-4,False,True
Michael McCaul,Republican,House,TX,PGR,2022-5-4,False,True
Michael McCaul,Republican,House,TX,OMC,2022-5-4,False,True
Michael McCaul,Republican,House,TX,CNXC,2022-5-4,False,True
Michael McCaul,Republican,House,TX,CDK,2022-5-4,False,True
