Name,Party,Chamber,State,Ticker,Date,Buy,Sell
Ro Khanna,Democrat,House,CA,LIN,2024-2-1,False,True
Ro Khanna,Democrat,House,CA,PENN,2024-2-14,True,False
Ro Khanna,Democrat,House,CA,PENN,2024-2-1,True,False
Ro Khanna,Democrat,House,CA,SYY,2024-1-31,True,False
Ro Khanna,Democrat,House,CA,IFF,2024-2-20,False,True
Ro Khanna,Democrat,House,CA,CRI,2024-2-22,False,True
Ro Khanna,Democrat,House,CA,BRK/B,2024-2-22,False,True
Ro Khanna,Democrat,House,CA,URBN,2024-2-4,False,True
Ro Khanna,Democrat,House,CA,GM,2024-2-19,False,True
Ro Khanna,Democrat,House,CA,ELAN,2024-2-21,False,True
Ro Khanna,Democrat,House,CA,N/A,2024-2-1,False,True
Ro Khanna,Democrat,House,CA,HD,2024-2-12,True,False
Ro Khanna,Democrat,House,CA,PEP,2024-2-12,True,False
Ro Khanna,Democrat,House,CA,PFE,2024-2-12,True,False
Ro Khanna,Democrat,House,CA,WMT,2024-2-12,True,False
Ro Khanna,Democrat,House,CA,CSCO,2024-2-12,True,False
Ro Khanna,Democrat,House,CA,MA,2024-2-12,True,False
Ro Khanna,Democrat,House,CA,ZTS,2024-2-12,True,False
Ro Khanna,Democrat,House,CA,CAT,2024-2-12,True,False
Ro Khanna,Democrat,House,CA,SBUX,2024-2-12,True,False
Ro Khanna,Democrat,House,CA,N/A,2024-2-12,True,False
Ro Khanna,Democrat,House,CA,TJX,2024-2-12,True,False
Ro Khanna,Democrat,House,CA,BDX,2024-2-12,True,False
Ro Khanna,Democrat,House,CA,APTV,2024-2-12,True,False
Ro Khanna,Democrat,House,CA,ALB,2024-2-12,True,False
Ro Khanna,Democrat,House,CA,JPM,2024-2-12,True,False
Ro Khanna,Democrat,House,CA,F,2024-2-12,True,False
Ro Khanna,Democrat,House,CA,MPWR,2024-2-12,True,False
Ro Khanna,Democrat,House,CA,AON,2024-2-12,True,False
Ro Khanna,Democrat,House,CA,CHTR,2024-2-12,True,False
Ro Khanna,Democrat,House,CA,MSCI,2024-2-12,True,False
Ro Khanna,Democrat,House,CA,FI,2024-2-12,True,False
Ro Khanna,Democrat,House,CA,SPG,2024-2-12,True,False
Ro Khanna,Democrat,House,CA,IDXX,2024-2-12,True,False
Ro Khanna,Democrat,House,CA,ADI,2024-2-12,True,False
Ro Khanna,Democrat,House,CA,NFLX,2024-2-12,True,False
Ro Khanna,Democrat,House,CA,SNPS,2024-2-12,True,False
Ro Khanna,Democrat,House,CA,LVS,2024-2-12,True,False
Ro Khanna,Democrat,House,CA,PYPL,2024-2-12,True,False
Ro Khanna,Democrat,House,CA,ADM,2024-2-12,True,False
Ro Khanna,Democrat,House,CA,KHC,2024-2-12,True,False
Ro Khanna,Democrat,House,CA,DIS,2024-2-12,True,False
Ro Khanna,Democrat,House,CA,ON,2024-2-12,True,False
Ro Khanna,Democrat,House,CA,TSLA,2024-2-12,False,True
Ro Khanna,Democrat,House,CA,JNJ,2024-2-12,False,True
Ro Khanna,Democrat,House,CA,KO,2024-2-12,False,True
Ro Khanna,Democrat,House,CA,BMY,2024-2-12,False,True
Ro Khanna,Democrat,House,CA,GILD,2024-2-12,False,True
Ro Khanna,Democrat,House,CA,MCD,2024-2-12,False,True
Ro Khanna,Democrat,House,CA,MDT,2024-2-12,False,True
Ro Khanna,Democrat,House,CA,KMB,2024-2-12,False,True
Ro Khanna,Democrat,House,CA,APD,2024-2-12,False,True
Ro Khanna,Democrat,House,CA,HUM,2024-2-12,False,True
Ro Khanna,Democrat,House,CA,DD,2024-2-12,False,True
Ro Khanna,Democrat,House,CA,MNST,2024-2-12,False,True
Ro Khanna,Democrat,House,CA,KR,2024-2-12,False,True
Ro Khanna,Democrat,House,CA,CARR,2024-2-12,False,True
Ro Khanna,Democrat,House,CA,MCHP,2024-2-12,False,True
Ro Khanna,Democrat,House,CA,JNPR,2024-2-12,False,True
Ro Khanna,Democrat,House,CA,NEM,2024-2-12,False,True
Ro Khanna,Democrat,House,CA,ANSS,2024-2-12,False,True
Ro Khanna,Democrat,House,CA,CHE,2024-2-12,False,True
Ro Khanna,Democrat,House,CA,BR,2024-2-12,False,True
Ro Khanna,Democrat,House,CA,ROK,2024-2-12,False,True
Ro Khanna,Democrat,House,CA,FLT,2024-2-12,False,True
Ro Khanna,Democrat,House,CA,SNA,2024-2-12,False,True
Ro Khanna,Democrat,House,CA,CAH,2024-2-12,False,True
Ro Khanna,Democrat,House,CA,K,2024-2-12,False,True
Ro Khanna,Democrat,House,CA,PARA,2024-2-12,False,True
Ro Khanna,Democrat,House,CA,HPE,2024-2-12,False,True
Ro Khanna,Democrat,House,CA,MKC,2024-2-12,False,True
Ro Khanna,Democrat,House,CA,HPQ,2024-2-12,False,True
Ro Khanna,Democrat,House,CA,VICI,2024-2-12,False,True
Ro Khanna,Democrat,House,CA,BWA,2024-2-12,False,True
Ro Khanna,Democrat,House,CA,WELL,2024-2-12,False,True
Ro Khanna,Democrat,House,CA,SPGI,2024-2-12,False,True
Ro Khanna,Democrat,House,CA,SBAC,2024-2-12,False,True
Ro Khanna,Democrat,House,CA,WBD,2024-2-12,False,True
Ro Khanna,Democrat,House,CA,DGX,2024-2-12,False,True
Ro Khanna,Democrat,House,CA,BG,2024-2-12,False,True
Ro Khanna,Democrat,House,CA,CCK,2024-2-12,False,True
Ro Khanna,Democrat,House,CA,PEP,2024-2-12,True,False
Ro Khanna,Democrat,House,CA,MA,2024-2-12,True,False
Ro Khanna,Democrat,House,CA,CSCO,2024-2-12,True,False
Ro Khanna,Democrat,House,CA,MRK,2024-2-22,True,False
Ro Khanna,Democrat,House,CA,BMY,2024-2-12,True,False
Ro Khanna,Democrat,House,CA,PENN,2024-2-14,True,False
Ro Khanna,Democrat,House,CA,PENN,2024-2-1,True,False
Ro Khanna,Democrat,House,CA,NKE,2024-2-12,True,False
Ro Khanna,Democrat,House,CA,DIS,2024-2-12,True,False
Ro Khanna,Democrat,House,CA,SAP,2024-2-12,True,False
Ro Khanna,Democrat,House,CA,GOOGL,2024-2-12,True,False
Ro Khanna,Democrat,House,CA,AMAT,2024-2-12,True,False
Ro Khanna,Democrat,House,CA,RELX,2024-2-8,True,False
Ro Khanna,Democrat,House,CA,AON,2024-2-12,True,False
Ro Khanna,Democrat,House,CA,BP,2024-2-8,True,False
Ro Khanna,Democrat,House,CA,ABBV,2024-2-12,True,False
Ro Khanna,Democrat,House,CA,PENN,2024-2-19,True,False
Ro Khanna,Democrat,House,CA,BDX,2024-2-12,True,False
Ro Khanna,Democrat,House,CA,PENN,2024-2-15,True,False
Ro Khanna,Democrat,House,CA,PENN,2024-2-6,True,False
Ro Khanna,Democrat,House,CA,PENN,2024-2-26,True,False
Ro Khanna,Democrat,House,CA,PENN,2024-2-20,True,False
Ro Khanna,Democrat,House,CA,EW,2024-2-12,True,False
Ro Khanna,Democrat,House,CA,CTVA,2024-2-12,True,False
Ro Khanna,Democrat,House,CA,PENN,2024-2-4,True,False
Ro Khanna,Democrat,House,CA,PANW,2024-2-12,True,False
Ro Khanna,Democrat,House,CA,PENN,2024-2-11,True,False
Ro Khanna,Democrat,House,CA,PENN,2024-2-8,True,False
Ro Khanna,Democrat,House,CA,KO,2024-2-8,True,False
Ro Khanna,Democrat,House,CA,MODG,2024-2-22,True,False
Ro Khanna,Democrat,House,CA,MTD,2024-2-22,True,False
Ro Khanna,Democrat,House,CA,MODG,2024-2-26,True,False
Ro Khanna,Democrat,House,CA,TMO,2024-2-12,True,False
Ro Khanna,Democrat,House,CA,ADBE,2024-2-22,True,False
Ro Khanna,Democrat,House,CA,PENN,2024-2-22,True,False
Ro Khanna,Democrat,House,CA,DHR,2024-2-12,True,False
Ro Khanna,Democrat,House,CA,EXPE,2024-2-12,True,False
Ro Khanna,Democrat,House,CA,HCA,2024-2-12,True,False
Ro Khanna,Democrat,House,CA,ABNB,2024-2-12,True,False
Ro Khanna,Democrat,House,CA,UBER,2024-2-12,True,False
Ro Khanna,Democrat,House,CA,STM,2024-2-8,True,False
Ro Khanna,Democrat,House,CA,KVUE,2024-2-22,True,False
Ro Khanna,Democrat,House,CA,ALGN,2024-2-12,True,False
Ro Khanna,Democrat,House,CA,CSGP,2024-2-12,True,False
Ro Khanna,Democrat,House,CA,MO,2024-2-12,True,False
Ro Khanna,Democrat,House,CA,DD,2024-2-22,True,False
Ro Khanna,Democrat,House,CA,LKQ,2024-2-12,True,False
Ro Khanna,Democrat,House,CA,LVS,2024-2-22,True,False
Ro Khanna,Democrat,House,CA,IQV,2024-2-12,True,False
Ro Khanna,Democrat,House,CA,DOW,2024-2-12,True,False
Ro Khanna,Democrat,House,CA,EQIX,2024-2-12,True,False
Ro Khanna,Democrat,House,CA,MRNA,2024-2-12,True,False
Ro Khanna,Democrat,House,CA,BIIB,2024-2-12,True,False
Ro Khanna,Democrat,House,CA,EA,2024-2-12,True,False
Ro Khanna,Democrat,House,CA,IBDRY,2024-2-8,True,False
Ro Khanna,Democrat,House,CA,MODG,2024-2-27,True,False
Ro Khanna,Democrat,House,CA,MODG,2024-2-28,True,False
Ro Khanna,Democrat,House,CA,NSRGY,2024-2-8,True,False
Ro Khanna,Democrat,House,CA,NVS,2024-2-8,True,False
Ro Khanna,Democrat,House,CA,ENLAY,2024-2-8,True,False
Ro Khanna,Democrat,House,CA,CMPGY,2024-2-8,True,False
Ro Khanna,Democrat,House,CA,TSM,2024-2-8,True,False
Ro Khanna,Democrat,House,CA,NVO,2024-2-8,True,False
Ro Khanna,Democrat,House,CA,XSP,2024-2-15,False,True
Ro Khanna,Democrat,House,CA,XSP,2024-2-22,False,True
Ro Khanna,Democrat,House,CA,XSP,2024-2-4,False,True
Ro Khanna,Democrat,House,CA,XSP,2024-2-11,False,True
Ro Khanna,Democrat,House,CA,LLY,2024-2-12,False,True
Ro Khanna,Democrat,House,CA,JNJ,2024-2-12,False,True
Ro Khanna,Democrat,House,CA,IFF,2024-2-20,False,True
Ro Khanna,Democrat,House,CA,CRM,2024-2-12,False,True
Ro Khanna,Democrat,House,CA,PFE,2024-2-12,False,True
Ro Khanna,Democrat,House,CA,NVDA,2024-2-12,False,True
Ro Khanna,Democrat,House,CA,BRK/B,2024-2-22,False,True
Ro Khanna,Democrat,House,CA,BKNG,2024-2-12,False,True
Ro Khanna,Democrat,House,CA,UPS,2024-2-12,False,True
Ro Khanna,Democrat,House,CA,STX,2024-2-12,False,True
Ro Khanna,Democrat,House,CA,CRI,2024-2-26,False,True
Ro Khanna,Democrat,House,CA,GIS,2024-2-12,False,True
Ro Khanna,Democrat,House,CA,NVO,2024-2-8,False,True
Ro Khanna,Democrat,House,CA,ZTS,2024-2-12,False,True
Ro Khanna,Democrat,House,CA,VOD,2024-2-8,False,True
Ro Khanna,Democrat,House,CA,RF,2024-2-6,False,True
Ro Khanna,Democrat,House,CA,APD,2024-2-12,False,True
Ro Khanna,Democrat,House,CA,ELAN,2024-2-22,False,True
Ro Khanna,Democrat,House,CA,RF,2024-2-5,False,True
Ro Khanna,Democrat,House,CA,DGX,2024-2-12,False,True
Ro Khanna,Democrat,House,CA,ELAN,2024-2-21,False,True
Ro Khanna,Democrat,House,CA,MMM,2024-2-12,False,True
Ro Khanna,Democrat,House,CA,HUM,2024-2-12,False,True
Ro Khanna,Democrat,House,CA,RF,2024-2-4,False,True
Ro Khanna,Democrat,House,CA,ADM,2024-2-12,False,True
Ro Khanna,Democrat,House,CA,SBGSY,2024-2-8,False,True
Ro Khanna,Democrat,House,CA,MELI,2024-2-12,False,True
Ro Khanna,Democrat,House,CA,URBN,2024-2-8,False,True
Ro Khanna,Democrat,House,CA,CRI,2024-2-21,False,True
Ro Khanna,Democrat,House,CA,CRI,2024-2-20,False,True
Ro Khanna,Democrat,House,CA,CRI,2024-2-22,False,True
Ro Khanna,Democrat,House,CA,WST,2024-2-12,False,True
Ro Khanna,Democrat,House,CA,URBN,2024-2-4,False,True
Ro Khanna,Democrat,House,CA,URBN,2024-2-5,False,True
Ro Khanna,Democrat,House,CA,LTHM,2024-2-21,False,True
Ro Khanna,Democrat,House,CA,URBN,2024-1-31,False,True
Ro Khanna,Democrat,House,CA,GM,2024-2-19,False,True
Ro Khanna,Democrat,House,CA,MPWR,2024-2-12,False,True
Ro Khanna,Democrat,House,CA,AXTA,2024-2-6,False,True
Ro Khanna,Democrat,House,CA,AMD,2024-2-12,False,True
Ro Khanna,Democrat,House,CA,CHD,2024-2-12,False,True
Ro Khanna,Democrat,House,CA,TAP,2024-2-12,False,True
Ro Khanna,Democrat,House,CA,TEAM,2024-2-12,False,True
Ro Khanna,Democrat,House,CA,FTNT,2024-2-12,False,True
Ro Khanna,Democrat,House,CA,LULU,2024-2-12,False,True
Ro Khanna,Democrat,House,CA,LTHM,2024-2-13,False,True
Ro Khanna,Democrat,House,CA,LTHM,2024-2-15,False,True
Ro Khanna,Democrat,House,CA,FCX,2024-2-12,False,True
Ro Khanna,Democrat,House,CA,NEM,2024-2-12,False,True
Ro Khanna,Democrat,House,CA,UL,2024-2-8,False,True
Ro Khanna,Democrat,House,CA,URBN,2024-2-7,False,True
Ro Khanna,Democrat,House,CA,RCL,2024-2-12,False,True
Ro Khanna,Democrat,House,CA,URBN,2024-2-1,False,True
Ro Khanna,Democrat,House,CA,MKC,2024-2-12,False,True
Ro Khanna,Democrat,House,CA,VRSN,2024-2-12,False,True
Ro Khanna,Democrat,House,CA,LTHM,2024-2-19,False,True
Ro Khanna,Democrat,House,CA,NGG,2024-2-8,False,True
Ro Khanna,Democrat,House,CA,HRL,2024-2-12,False,True
Ro Khanna,Democrat,House,CA,KMB,2024-2-12,False,True
Ro Khanna,Democrat,House,CA,ALB,2024-2-12,False,True
Ro Khanna,Democrat,House,CA,DG,2024-2-12,False,True
Ro Khanna,Democrat,House,CA,LTHM,2024-2-22,False,True
Ro Khanna,Democrat,House,CA,EWA,2024-2-8,False,True
Ro Khanna,Democrat,House,CA,LTHM,2024-2-20,False,True
Ro Khanna,Democrat,House,CA,APD,2024-2-19,True,False
Ro Khanna,Democrat,House,CA,DIS,2024-2-19,True,False
Ro Khanna,Democrat,House,CA,ELV,2024-2-19,True,False
Ro Khanna,Democrat,House,CA,DE1,2024-2-19,True,False
Ro Khanna,Democrat,House,CA,SYY,2024-1-31,True,False
Ro Khanna,Democrat,House,CA,EXR,2024-2-14,True,False
Ro Khanna,Democrat,House,CA,SYY,2024-2-8,True,False
Ro Khanna,Democrat,House,CA,KEY,2024-1-31,True,False
Ro Khanna,Democrat,House,CA,SYY,2024-2-11,True,False
Ro Khanna,Democrat,House,CA,SYY,2024-2-21,True,False
Ro Khanna,Democrat,House,CA,KEY,2024-2-4,True,False
Ro Khanna,Democrat,House,CA,KEY,2024-1-31,True,False
Ro Khanna,Democrat,House,CA,SYY,2024-2-22,True,False
Ro Khanna,Democrat,House,CA,KEY,2024-2-25,True,False
Ro Khanna,Democrat,House,CA,N/A,2024-2-1,False,True
Ro Khanna,Democrat,House,CA,KKR,2024-2-5,False,True
Ro Khanna,Democrat,House,CA,KKR,2024-2-14,False,True
Ro Khanna,Democrat,House,CA,KKR,2024-1-31,False,True
Ro Khanna,Democrat,House,CA,N/A,2024-1-31,False,True
Ro Khanna,Democrat,House,CA,DFS,2024-2-25,False,True
Ro Khanna,Democrat,House,CA,N/A,2024-2-1,True,False
Ro Khanna,Democrat,House,CA,V,2024-2-12,True,False
Ro Khanna,Democrat,House,CA,SGOV,2024-2-12,False,True
Ro Khanna,Democrat,House,CA,V,2024-2-12,True,False
Ro Khanna,Democrat,House,CA,SGOV,2024-2-12,False,True
Ro Khanna,Democrat,House,CA,V,2024-2-12,True,False
Ro Khanna,Democrat,House,CA,SGOV,2024-2-12,False,True
Ro Khanna,Democrat,House,CA,FPNIX,2024-2-7,True,False
Ro Khanna,Democrat,House,CA,FPNIX,2024-2-7,True,False
Virginia Foxx,Republican,House,NC,ARLP,2024-2-22,True,False
Virginia Foxx,Republican,House,NC,ARLP,2024-2-25,True,False
Virginia Foxx,Republican,House,NC,ARLP,2024-2-14,True,False
Virginia Foxx,Republican,House,NC,ASC,2024-2-4,True,False
Virginia Foxx,Republican,House,NC,ASC,2024-2-14,True,False
Virginia Foxx,Republican,House,NC,ASC,2024-2-22,True,False
Virginia Foxx,Republican,House,NC,ASC,2024-2-26,True,False
Virginia Foxx,Republican,House,NC,T,2024-2-1,True,False
Virginia Foxx,Republican,House,NC,DUK,2024-2-27,False,True
Virginia Foxx,Republican,House,NC,ET,2024-2-20,True,False
Virginia Foxx,Republican,House,NC,FLNG,2024-2-1,True,False
Virginia Foxx,Republican,House,NC,FLNG,2024-2-6,True,False
Virginia Foxx,Republican,House,NC,FLNG,2024-2-8,True,False
Virginia Foxx,Republican,House,NC,FLNG,2024-2-22,True,False
Virginia Foxx,Republican,House,NC,FLNG,2024-2-25,True,False
Virginia Foxx,Republican,House,NC,HTGC,2024-1-31,True,False
Josh Gottheimer,Democrat,House,NJ,AMD,2024-2-21,True,False
Josh Gottheimer,Democrat,House,NJ,BKNG,2024-2-8,True,False
Josh Gottheimer,Democrat,House,NJ,BKNG,2024-2-7,True,False
Josh Gottheimer,Democrat,House,NJ,SCHW,2024-1-31,False,True
Josh Gottheimer,Democrat,House,NJ,LNG,2024-1-31,False,True
Josh Gottheimer,Democrat,House,NJ,CHRD,2024-2-12,True,False
Josh Gottheimer,Democrat,House,NJ,CTSH,2024-2-11,False,True
Josh Gottheimer,Democrat,House,NJ,DBSDY,2024-2-12,True,False
Josh Gottheimer,Democrat,House,NJ,DE,2024-1-31,False,True
Josh Gottheimer,Democrat,House,NJ,LLY,2024-2-7,False,True
Josh Gottheimer,Democrat,House,NJ,EXAS,2024-1-31,False,True
Josh Gottheimer,Democrat,House,NJ,FSLR,2024-1-31,False,True
Josh Gottheimer,Democrat,House,NJ,FCX,2024-2-28,False,True
Josh Gottheimer,Democrat,House,NJ,KKR,2024-2-7,True,False
Josh Gottheimer,Democrat,House,NJ,LRLCY,2024-2-25,True,False
Josh Gottheimer,Democrat,House,NJ,META,2024-2-7,False,True
Josh Gottheimer,Democrat,House,NJ,MSFT,2024-2-7,False,True
Josh Gottheimer,Democrat,House,NJ,MSFT,2024-2-12,True,False
Josh Gottheimer,Democrat,House,NJ,MSFT,2024-2-11,True,False
Josh Gottheimer,Democrat,House,NJ,MSFT,2024-2-12,True,False
Josh Gottheimer,Democrat,House,NJ,MSFT,2024-2-11,True,False
Josh Gottheimer,Democrat,House,NJ,MSFT,2024-2-11,True,False
Josh Gottheimer,Democrat,House,NJ,MSFT,2024-2-11,True,False
Josh Gottheimer,Democrat,House,NJ,MSFT,2024-2-11,True,False
Josh Gottheimer,Democrat,House,NJ,MSFT,2024-2-12,False,True
Josh Gottheimer,Democrat,House,NJ,MSFT,2024-2-12,False,True
Josh Gottheimer,Democrat,House,NJ,MSFT,2024-2-11,False,True
Josh Gottheimer,Democrat,House,NJ,MSFT,2024-2-11,False,True
Josh Gottheimer,Democrat,House,NJ,MSFT,2024-2-11,False,True
Josh Gottheimer,Democrat,House,NJ,MSFT,2024-2-11,False,True
Josh Gottheimer,Democrat,House,NJ,MSFT,2024-2-11,False,True
Josh Gottheimer,Democrat,House,NJ,MRNA,2024-1-31,False,True
Josh Gottheimer,Democrat,House,NJ,MDB,2024-2-7,False,True
Josh Gottheimer,Democrat,House,NJ,MS,2024-1-31,False,True
Josh Gottheimer,Democrat,House,NJ,MSCI,2024-1-31,False,True
Josh Gottheimer,Democrat,House,NJ,NFLX,2024-2-7,False,True
Josh Gottheimer,Democrat,House,NJ,NVDA,2024-2-7,False,True
Josh Gottheimer,Democrat,House,NJ,PANW,2024-2-20,False,True
Josh Gottheimer,Democrat,House,NJ,REGN,2024-2-7,False,True
Josh Gottheimer,Democrat,House,NJ,TSM,2024-2-8,False,True
Josh Gottheimer,Democrat,House,NJ,TEX,2024-2-12,False,True
Josh Gottheimer,Democrat,House,NJ,TTD,2024-1-31,False,True
Michael Burgess,Republican,House,TX,BBY,2024-2-22,False,True
Michael Burgess,Republican,House,TX,BBY,2024-2-25,False,True
Michael Burgess,Republican,House,TX,ILMN,2024-2-11,False,True
Michael Burgess,Republican,House,TX,ILMN,2024-2-8,False,True
Michael Burgess,Republican,House,TX,ILMN,2024-2-11,False,True
Michael Burgess,Republican,House,TX,ILMN,2024-2-11,True,False
Michael Burgess,Republican,House,TX,PANW,2024-2-8,False,True
Chris Coons,Democrat,Senate,DE,N/A,2024-2-5,False,True
Chris Coons,Democrat,Senate,DE,N/A,2024-2-5,False,True
Lloyd Doggett,Democrat,House,TX,PG,2024-2-14,True,False
Katherine Clark,Democrat,House,MA,N/A,2024-1-30,False,True
Katherine Clark,Democrat,House,MA,N/A,2024-2-15,True,False
Katherine Clark,Democrat,House,MA,N/A,2024-2-15,True,False
Richard Blumenthal,Democrat,Senate,CT,N/A,2024-1-28,False,True
Richard Blumenthal,Democrat,Senate,CT,N/A,2024-1-29,False,True
Richard Blumenthal,Democrat,Senate,CT,N/A,2024-1-28,False,True
Kathy Manning,Democrat,House,NC,N/A,2024-2-20,True,False
Tom Carper,Democrat,Senate,DE,N/A,2024-2-21,True,False
Tom Carper,Democrat,Senate,DE,TGT,2024-2-15,True,False
Tom Carper,Democrat,Senate,DE,EQNR,2024-2-15,False,True
Tom Carper,Democrat,Senate,DE,N/A,2024-2-7,False,True
Tom Carper,Democrat,Senate,DE,N/A,2024-2-7,False,True
Tom Carper,Democrat,Senate,DE,N/A,2024-2-7,True,False
Tom Carper,Democrat,Senate,DE,N/A,2024-2-7,True,False
Tom Carper,Democrat,Senate,DE,N/A,2024-2-6,True,False
Adrian Smith,Republican,House,NE,N/A,2024-1-29,True,False
Earl Blumenauer,Democrat,House,OR,GOOGL,2024-1-31,False,True
Earl Blumenauer,Democrat,House,OR,AMZN,2024-2-11,True,False
Earl Blumenauer,Democrat,House,OR,PHG,2024-2-11,True,False
Earl Blumenauer,Democrat,House,OR,PFE,2024-2-11,True,False
Earl Blumenauer,Democrat,House,OR,QCOM,2024-2-11,True,False
Earl Blumenauer,Democrat,House,OR,UL,2024-2-11,False,True
Markwayne Mullin,Republican,Senate,OK,N/A,2024-2-5,True,False
Markwayne Mullin,Republican,Senate,OK,N/A,2024-2-7,True,False
Mark Green,Republican,House,TN,NGL,2024-2-25,False,True
Pete Sessions,Republican,House,TX,AAPL,2024-2-28,True,False
Pete Sessions,Republican,House,TX,COST,2024-1-30,True,False
Pete Sessions,Republican,House,TX,MSFT,2024-2-6,True,False
Steve Cohen,Democrat,House,TN,N/A,2024-2-2,True,False
Steve Cohen,Democrat,House,TN,N/A,2024-2-2,True,False
Nancy Pelosi,Democrat,House,CA,PANW,2024-2-11,True,False
Nancy Pelosi,Democrat,House,CA,PANW,2024-2-20,True,False
Shri Thanedar,Democrat,House,MI,GOOGL,2024-1-24,False,True
Shri Thanedar,Democrat,House,MI,GOOGL,2024-1-24,False,True
Shri Thanedar,Democrat,House,MI,GOOGL,2024-1-24,False,True
Shri Thanedar,Democrat,House,MI,GOOGL,2024-1-24,False,True
Shri Thanedar,Democrat,House,MI,AMZN,2024-1-24,False,True
Shri Thanedar,Democrat,House,MI,AMZN,2024-1-24,False,True
Shri Thanedar,Democrat,House,MI,AAPL,2024-1-24,False,True
Shri Thanedar,Democrat,House,MI,AAPL,2024-1-24,False,True
Shri Thanedar,Democrat,House,MI,BRK/B,2024-1-24,False,True
Shri Thanedar,Democrat,House,MI,BRK/B,2024-1-24,False,True
Shri Thanedar,Democrat,House,MI,$BTC,2024-2-4,False,True
Shri Thanedar,Democrat,House,MI,$ETH,2024-2-4,False,True
Shri Thanedar,Democrat,House,MI,$LTC,2024-2-4,False,True
Shri Thanedar,Democrat,House,MI,MSFT,2024-1-24,False,True
Shri Thanedar,Democrat,House,MI,MSFT,2024-1-24,False,True
Michael McCaul,Republican,House,TX,JTSXX,2024-1-24,True,False
Michael McCaul,Republican,House,TX,JTSXX,2024-1-10,True,False
Michael McCaul,Republican,House,TX,N/A,2024-1-3,True,False
Michael McCaul,Republican,House,TX,JTSXX,2024-1-1,True,False
Michael McCaul,Republican,House,TX,N/A,2024-1-7,True,False
Michael McCaul,Republican,House,TX,N/A,2024-1-16,True,False
Michael McCaul,Republican,House,TX,N/A,2024-1-24,True,False
Michael McCaul,Republican,House,TX,ENTG,2024-1-28,True,False
Michael McCaul,Republican,House,TX,TSM,2024-1-15,True,False
Michael McCaul,Republican,House,TX,N/A,2024-1-16,True,False
Michael McCaul,Republican,House,TX,UBER,2024-1-22,True,False
Michael McCaul,Republican,House,TX,PROSY,2024-1-15,True,False
Michael McCaul,Republican,House,TX,COF,2024-1-21,True,False
Michael McCaul,Republican,House,TX,UBER,2024-1-11,True,False
Michael McCaul,Republican,House,TX,N/A,2024-1-21,True,False
Michael McCaul,Republican,House,TX,OXY,2024-1-28,True,False
Michael McCaul,Republican,House,TX,JTSXX,2024-1-15,True,False
Michael McCaul,Republican,House,TX,AON,2024-1-17,True,False
Michael McCaul,Republican,House,TX,AMD,2024-1-25,True,False
Michael McCaul,Republican,House,TX,N/A,2024-1-3,True,False
Michael McCaul,Republican,House,TX,N/A,2024-1-25,True,False
Michael McCaul,Republican,House,TX,BAYRY,2024-1-21,True,False
Michael McCaul,Republican,House,TX,N/A,2024-1-15,True,False
Michael McCaul,Republican,House,TX,HSIC,2024-1-16,False,True
Michael McCaul,Republican,House,TX,BJ,2024-1-16,False,True
Michael McCaul,Republican,House,TX,BECN,2024-1-16,False,True
Michael McCaul,Republican,House,TX,WTM,2024-1-16,False,True
Michael McCaul,Republican,House,TX,ZION,2024-1-16,False,True
Michael McCaul,Republican,House,TX,NSIT,2024-1-16,False,True
Michael McCaul,Republican,House,TX,JTSXX,2024-1-29,False,True
Michael McCaul,Republican,House,TX,SSD,2024-1-16,False,True
Michael McCaul,Republican,House,TX,DCI,2024-1-16,False,True
Michael McCaul,Republican,House,TX,N/A,2024-1-22,False,True
Michael McCaul,Republican,House,TX,SKX,2024-1-16,False,True
Michael McCaul,Republican,House,TX,PRI,2024-1-16,False,True
Michael McCaul,Republican,House,TX,HLI,2024-1-16,False,True
Michael McCaul,Republican,House,TX,IPG,2024-1-16,False,True
Michael McCaul,Republican,House,TX,GTES,2024-1-16,False,True
Michael McCaul,Republican,House,TX,PLXS,2024-1-16,False,True
Michael McCaul,Republican,House,TX,N/A,2024-1-29,False,True
Michael McCaul,Republican,House,TX,FBIN,2024-1-16,False,True
Michael McCaul,Republican,House,TX,VVV,2024-1-16,False,True
Michael McCaul,Republican,House,TX,G,2024-1-16,False,True
Michael McCaul,Republican,House,TX,RHI,2024-1-16,False,True
Michael McCaul,Republican,House,TX,N/A,2024-1-4,False,True
Michael McCaul,Republican,House,TX,SKX,2024-1-3,False,True
Michael McCaul,Republican,House,TX,CMG,2024-1-25,False,True
Michael McCaul,Republican,House,TX,ACN,2024-1-28,False,True
Michael McCaul,Republican,House,TX,LIN,2024-1-22,False,True
Michael McCaul,Republican,House,TX,JTSXX,2024-1-23,False,True
Michael McCaul,Republican,House,TX,N/A,2024-1-11,False,True
Michael McCaul,Republican,House,TX,LIN,2024-1-25,False,True
Michael McCaul,Republican,House,TX,LIN,2024-1-11,False,True
Michael McCaul,Republican,House,TX,JTSXX,2024-1-30,False,True
Michael McCaul,Republican,House,TX,NFLX,2024-1-10,False,True
Michael McCaul,Republican,House,TX,JTSXX,2024-1-21,False,True
Michael McCaul,Republican,House,TX,JTSXX,2024-1-17,False,True
Michael McCaul,Republican,House,TX,VOO,2024-1-15,False,True
Michael McCaul,Republican,House,TX,N/A,2024-1-24,False,True
Michael McCaul,Republican,House,TX,N/A,2024-1-1,False,True
Michael McCaul,Republican,House,TX,SPY,2024-1-21,False,True
Michael McCaul,Republican,House,TX,N/A,2024-1-28,False,True
Michael McCaul,Republican,House,TX,N/A,2024-1-10,True,False
Michael McCaul,Republican,House,TX,N/A,2024-1-25,True,False
Michael McCaul,Republican,House,TX,SF,2024-1-21,True,False
Michael McCaul,Republican,House,TX,SF,2024-1-18,True,False
Michael McCaul,Republican,House,TX,C,2024-1-9,True,False
Michael McCaul,Republican,House,TX,AIG,2024-1-18,False,True
Michael McCaul,Republican,House,TX,TPR,2024-1-18,False,True
Michael McCaul,Republican,House,TX,MUR,2024-1-18,False,True
Michael McCaul,Republican,House,TX,ALLY,2024-1-18,False,True
Michael McCaul,Republican,House,TX,LVS,2024-1-18,False,True
Michael McCaul,Republican,House,TX,ALL,2024-1-18,False,True
Michael McCaul,Republican,House,TX,TSN,2024-1-22,False,True
Michael McCaul,Republican,House,TX,EQH,2024-1-22,False,True
Michael McCaul,Republican,House,TX,OSK,2024-1-18,False,True
Michael McCaul,Republican,House,TX,IBM,2024-1-18,False,True
Michael McCaul,Republican,House,TX,INTC,2024-1-18,False,True
Michael McCaul,Republican,House,TX,FDX,2024-1-18,False,True
Michael McCaul,Republican,House,TX,WFC,2024-1-18,False,True
Michael McCaul,Republican,House,TX,ALL,2024-1-9,False,True
Michael McCaul,Republican,House,TX,OGVXX,2024-1-1,True,False
Michael McCaul,Republican,House,TX,VWLUX,2024-1-21,True,False
Michael McCaul,Republican,House,TX,JPM,2024-1-10,True,False
Michael McCaul,Republican,House,TX,JPM,2024-1-24,True,False
Michael McCaul,Republican,House,TX,VTEB,2024-1-21,False,True
Michael McCaul,Republican,House,TX,JPM,2024-1-10,False,True
Michael McCaul,Republican,House,TX,JPM,2024-1-24,False,True
Michael McCaul,Republican,House,TX,VWLUX,2024-1-1,True,False
Michael McCaul,Republican,House,TX,VMFXX,2024-1-15,False,True
Michael McCaul,Republican,House,TX,JTSXX,2024-1-24,True,False
Michael McCaul,Republican,House,TX,JTSXX,2024-1-10,True,False
Michael McCaul,Republican,House,TX,N/A,2024-1-3,True,False
Michael McCaul,Republican,House,TX,JTSXX,2024-1-1,True,False
Michael McCaul,Republican,House,TX,N/A,2024-1-7,True,False
Michael McCaul,Republican,House,TX,N/A,2024-1-16,True,False
Michael McCaul,Republican,House,TX,N/A,2024-1-24,True,False
Michael McCaul,Republican,House,TX,ENTG,2024-1-28,True,False
Michael McCaul,Republican,House,TX,TSM,2024-1-15,True,False
Michael McCaul,Republican,House,TX,N/A,2024-1-16,True,False
Michael McCaul,Republican,House,TX,UBER,2024-1-22,True,False
Michael McCaul,Republican,House,TX,PROSY,2024-1-15,True,False
Michael McCaul,Republican,House,TX,COF,2024-1-21,True,False
Michael McCaul,Republican,House,TX,UBER,2024-1-11,True,False
Michael McCaul,Republican,House,TX,N/A,2024-1-21,True,False
Michael McCaul,Republican,House,TX,OXY,2024-1-28,True,False
Michael McCaul,Republican,House,TX,JTSXX,2024-1-15,True,False
Michael McCaul,Republican,House,TX,AON,2024-1-17,True,False
Michael McCaul,Republican,House,TX,AMD,2024-1-25,True,False
Michael McCaul,Republican,House,TX,N/A,2024-1-3,True,False
Michael McCaul,Republican,House,TX,N/A,2024-1-25,True,False
Michael McCaul,Republican,House,TX,BAYRY,2024-1-21,True,False
Michael McCaul,Republican,House,TX,N/A,2024-1-15,True,False
Michael McCaul,Republican,House,TX,HSIC,2024-1-16,False,True
Michael McCaul,Republican,House,TX,BJ,2024-1-16,False,True
Michael McCaul,Republican,House,TX,BECN,2024-1-16,False,True
Michael McCaul,Republican,House,TX,WTM,2024-1-16,False,True
Michael McCaul,Republican,House,TX,ZION,2024-1-16,False,True
Michael McCaul,Republican,House,TX,NSIT,2024-1-16,False,True
Michael McCaul,Republican,House,TX,JTSXX,2024-1-29,False,True
Michael McCaul,Republican,House,TX,SSD,2024-1-16,False,True
Michael McCaul,Republican,House,TX,DCI,2024-1-16,False,True
Michael McCaul,Republican,House,TX,N/A,2024-1-22,False,True
Michael McCaul,Republican,House,TX,SKX,2024-1-16,False,True
Michael McCaul,Republican,House,TX,PRI,2024-1-16,False,True
Michael McCaul,Republican,House,TX,HLI,2024-1-16,False,True
Michael McCaul,Republican,House,TX,IPG,2024-1-16,False,True
Michael McCaul,Republican,House,TX,GTES,2024-1-16,False,True
Michael McCaul,Republican,House,TX,PLXS,2024-1-16,False,True
Michael McCaul,Republican,House,TX,N/A,2024-1-29,False,True
Michael McCaul,Republican,House,TX,FBIN,2024-1-16,False,True
Michael McCaul,Republican,House,TX,VVV,2024-1-16,False,True
Michael McCaul,Republican,House,TX,G,2024-1-16,False,True
Michael McCaul,Republican,House,TX,RHI,2024-1-16,False,True
Michael McCaul,Republican,House,TX,N/A,2024-1-4,False,True
Michael McCaul,Republican,House,TX,SKX,2024-1-3,False,True
Michael McCaul,Republican,House,TX,CMG,2024-1-25,False,True
Michael McCaul,Republican,House,TX,ACN,2024-1-28,False,True
Michael McCaul,Republican,House,TX,LIN,2024-1-22,False,True
Michael McCaul,Republican,House,TX,JTSXX,2024-1-23,False,True
Michael McCaul,Republican,House,TX,N/A,2024-1-11,False,True
Michael McCaul,Republican,House,TX,LIN,2024-1-25,False,True
Michael McCaul,Republican,House,TX,LIN,2024-1-11,False,True
Michael McCaul,Republican,House,TX,JTSXX,2024-1-30,False,True
Michael McCaul,Republican,House,TX,NFLX,2024-1-10,False,True
Michael McCaul,Republican,House,TX,JTSXX,2024-1-21,False,True
Michael McCaul,Republican,House,TX,JTSXX,2024-1-17,False,True
Michael McCaul,Republican,House,TX,VOO,2024-1-15,False,True
Michael McCaul,Republican,House,TX,N/A,2024-1-24,False,True
Michael McCaul,Republican,House,TX,N/A,2024-1-1,False,True
Michael McCaul,Republican,House,TX,SPY,2024-1-21,False,True
Michael McCaul,Republican,House,TX,N/A,2024-1-28,False,True
Michael McCaul,Republican,House,TX,N/A,2024-1-10,True,False
Michael McCaul,Republican,House,TX,N/A,2024-1-27,True,False
Michael McCaul,Republican,House,TX,SF,2024-1-21,True,False
Michael McCaul,Republican,House,TX,SF,2024-1-18,True,False
Michael McCaul,Republican,House,TX,C,2024-1-9,True,False
Michael McCaul,Republican,House,TX,AIG,2024-1-18,False,True
Michael McCaul,Republican,House,TX,TPR,2024-1-18,False,True
Michael McCaul,Republican,House,TX,MUR,2024-1-18,False,True
Michael McCaul,Republican,House,TX,ALLY,2024-1-18,False,True
Michael McCaul,Republican,House,TX,LVS,2024-1-18,False,True
Michael McCaul,Republican,House,TX,ALL,2024-1-18,False,True
Michael McCaul,Republican,House,TX,TSN,2024-1-22,False,True
Michael McCaul,Republican,House,TX,EQH,2024-1-22,False,True
Michael McCaul,Republican,House,TX,OSK,2024-1-18,False,True
Michael McCaul,Republican,House,TX,IBM,2024-1-18,False,True
Michael McCaul,Republican,House,TX,INTC,2024-1-18,False,True
Michael McCaul,Republican,House,TX,FDX,2024-1-18,False,True
Michael McCaul,Republican,House,TX,WFC,2024-1-18,False,True
Michael McCaul,Republican,House,TX,ALL,2024-1-9,False,True
Michael McCaul,Republican,House,TX,OGVXX,2024-1-1,True,False
Michael McCaul,Republican,House,TX,VWLUX,2024-1-21,True,False
Michael McCaul,Republican,House,TX,JPM,2024-1-10,True,False
Michael McCaul,Republican,House,TX,JPM,2024-1-24,True,False
Michael McCaul,Republican,House,TX,VTEB,2024-1-21,False,True
Michael McCaul,Republican,House,TX,JPM,2024-1-10,False,True
Michael McCaul,Republican,House,TX,JPM,2024-1-24,False,True
Michael McCaul,Republican,House,TX,VWLUX,2024-1-1,True,False
Suzan DelBene,Democrat,House,WA,N/A,2024-1-31,True,False
Suzan DelBene,Democrat,House,WA,N/A,2024-1-31,False,True
Suzan DelBene,Democrat,House,WA,N/A,2024-2-4,True,False
Suzan DelBene,Democrat,House,WA,N/A,2024-2-11,True,False
Suzan DelBene,Democrat,House,WA,N/A,2024-2-12,True,False
Suzan DelBene,Democrat,House,WA,N/A,2024-1-31,False,True
Thomas Kean Jr,Republican,House,NJ,BDX,2024-1-10,True,False
Thomas Kean Jr,Republican,House,NJ,PDRDY,2024-1-29,True,False
Max Miller,Republican,House,OH,N/A,2024-2-15,True,False
Rick Allen,Republican,House,GA,BLK,2024-1-16,False,True
Rick Allen,Republican,House,GA,N/A,2024-1-10,False,True
Rick Allen,Republican,House,GA,N/A,2024-1-10,False,True
Mark Warner,Democrat,Senate,VA,N/A,2024-1-10,True,False
Mark Warner,Democrat,Senate,VA,N/A,2024-1-9,True,False
Mark Warner,Democrat,Senate,VA,N/A,2024-1-9,True,False
Mark Warner,Democrat,Senate,VA,N/A,2024-1-7,True,False
Mark Warner,Democrat,Senate,VA,N/A,2024-1-7,True,False
Mark Warner,Democrat,Senate,VA,N/A,2024-1-3,True,False
Mark Warner,Democrat,Senate,VA,N/A,2024-1-2,True,False
Mark Warner,Democrat,Senate,VA,N/A,2024-1-2,True,False
Scott Peters,Democrat,House,CA,N/A,2024-1-16,True,False
Scott Peters,Democrat,House,CA,N/A,2024-1-1,True,False
Scott Peters,Democrat,House,CA,N/A,2024-1-17,False,True
Scott Peters,Democrat,House,CA,N/A,2024-1-30,True,False
Scott Peters,Democrat,House,CA,N/A,2024-1-1,True,False
Victoria Spartz,Republican,House,IN,SPG,2024-2-1,True,False
Victoria Spartz,Republican,House,IN,SPG,2024-2-1,True,False
Victoria Spartz,Republican,House,IN,SPG,2024-2-1,True,False
Garret Graves,Republican,House,LA,COIN,2024-1-18,False,True
Jonathan Jackson,Democrat,House,IL,BP,2024-1-7,False,True
Jonathan Jackson,Democrat,House,IL,CAH,2024-1-11,True,False
Jonathan Jackson,Democrat,House,IL,INTC,2024-1-7,True,False
Jonathan Jackson,Democrat,House,IL,LRCX,2024-1-18,True,False
Jonathan Jackson,Democrat,House,IL,REGN,2024-1-16,True,False
Jonathan Jackson,Democrat,House,IL,W,2024-1-16,False,True
Josh Gottheimer,Democrat,House,NJ,AMD,2024-1-23,True,False
Josh Gottheimer,Democrat,House,NJ,AGIO,2024-1-23,True,False
Josh Gottheimer,Democrat,House,NJ,APD,2024-1-17,True,False
Josh Gottheimer,Democrat,House,NJ,ALGM,2024-1-10,True,False
Josh Gottheimer,Democrat,House,NJ,ALNY,2024-1-10,True,False
Josh Gottheimer,Democrat,House,NJ,ALNY,2024-1-28,False,True
Josh Gottheimer,Democrat,House,NJ,APH,2024-1-24,False,True
Josh Gottheimer,Democrat,House,NJ,AAPL,2024-1-17,False,True
Josh Gottheimer,Democrat,House,NJ,ABG,2024-1-23,True,False
Josh Gottheimer,Democrat,House,NJ,SCHW,2024-1-11,True,False
Josh Gottheimer,Democrat,House,NJ,GTLS,2024-1-10,True,False
Josh Gottheimer,Democrat,House,NJ,CHRD,2024-1-23,True,False
Josh Gottheimer,Democrat,House,NJ,BAP,2024-1-10,True,False
Josh Gottheimer,Democrat,House,NJ,XNGSY,2024-1-10,True,False
Josh Gottheimer,Democrat,House,NJ,LOPE,2024-1-8,False,True
Josh Gottheimer,Democrat,House,NJ,HSHCY,2024-1-10,True,False
Josh Gottheimer,Democrat,House,NJ,HELE,2024-1-10,True,False
Josh Gottheimer,Democrat,House,NJ,ISRG,2024-1-28,True,False
Josh Gottheimer,Democrat,House,NJ,LRCX,2024-1-24,True,False
Josh Gottheimer,Democrat,House,NJ,LAD,2024-1-23,False,True
Josh Gottheimer,Democrat,House,NJ,LOW,2024-1-23,False,True
Josh Gottheimer,Democrat,House,NJ,MEDP,2024-1-23,False,True
Josh Gottheimer,Democrat,House,NJ,MSFT,2024-1-17,False,True
Josh Gottheimer,Democrat,House,NJ,NCLTY,2024-1-10,False,True
Josh Gottheimer,Democrat,House,NJ,OCFC,2024-1-10,True,False
Josh Gottheimer,Democrat,House,NJ,ON,2024-1-10,True,False
Josh Gottheimer,Democrat,House,NJ,ON,2024-1-24,False,True
Josh Gottheimer,Democrat,House,NJ,PTEN,2024-1-10,True,False
Josh Gottheimer,Democrat,House,NJ,PYCR,2024-1-10,True,False
Josh Gottheimer,Democrat,House,NJ,PNGAY,2024-1-10,True,False
Josh Gottheimer,Democrat,House,NJ,NOW,2024-1-24,True,False
Josh Gottheimer,Democrat,House,NJ,SSDOY,2024-1-10,True,False
Josh Gottheimer,Democrat,House,NJ,SHLS,2024-1-10,True,False
Josh Gottheimer,Democrat,House,NJ,SPXC,2024-1-3,False,True
Josh Gottheimer,Democrat,House,NJ,TSM,2024-1-17,True,False
Josh Gottheimer,Democrat,House,NJ,TSLA,2024-1-24,False,True
Josh Gottheimer,Democrat,House,NJ,TPH,2024-1-23,True,False
Debbie Dingell,Democrat,House,MI,N/A,2024-2-8,True,False
Markwayne Mullin,Republican,Senate,OK,N/A,2024-1-25,True,False
Markwayne Mullin,Republican,Senate,OK,N/A,2024-1-23,True,False
Markwayne Mullin,Republican,Senate,OK,N/A,2024-1-22,True,False
Markwayne Mullin,Republican,Senate,OK,N/A,2024-1-18,True,False
Markwayne Mullin,Republican,Senate,OK,N/A,2024-1-17,True,False
Bob Latta,Republican,House,OH,FMAO,2024-1-21,True,False
Tommy Tuberville,Republican,Senate,AL,INTC,2024-1-23,False,True
Tommy Tuberville,Republican,Senate,AL,CLF,2024-1-21,False,True
Tommy Tuberville,Republican,Senate,AL,CLF,2024-1-21,False,True
Tommy Tuberville,Republican,Senate,AL,CLF,2024-1-21,False,True
Tommy Tuberville,Republican,Senate,AL,CLF,2024-1-21,False,True
Tommy Tuberville,Republican,Senate,AL,CLF,2024-1-21,False,True
Tommy Tuberville,Republican,Senate,AL,SCCO,2024-1-21,False,True
Tommy Tuberville,Republican,Senate,AL,MNST,2024-1-21,False,True
Tommy Tuberville,Republican,Senate,AL,MMC,2024-1-21,False,True
Tommy Tuberville,Republican,Senate,AL,IDXX,2024-1-21,False,True
Tommy Tuberville,Republican,Senate,AL,META,2024-1-21,False,True
Tommy Tuberville,Republican,Senate,AL,CLF,2024-1-21,False,True
Tommy Tuberville,Republican,Senate,AL,CLF,2024-1-21,False,True
Tommy Tuberville,Republican,Senate,AL,CLF,2024-1-21,False,True
Tommy Tuberville,Republican,Senate,AL,CLF,2024-1-21,False,True
Tommy Tuberville,Republican,Senate,AL,AON,2024-1-21,False,True
Tommy Tuberville,Republican,Senate,AL,PG,2024-1-18,True,False
Tommy Tuberville,Republican,Senate,AL,XP,2024-1-18,False,True
Tommy Tuberville,Republican,Senate,AL,SSBK,2024-1-18,False,True
Tommy Tuberville,Republican,Senate,AL,SSBK,2024-1-18,False,True
Tommy Tuberville,Republican,Senate,AL,SSBK,2024-1-18,False,True
Tommy Tuberville,Republican,Senate,AL,SSBK,2024-1-18,False,True
Tommy Tuberville,Republican,Senate,AL,SSBK,2024-1-18,False,True
Tommy Tuberville,Republican,Senate,AL,SSBK,2024-1-18,False,True
Tommy Tuberville,Republican,Senate,AL,SSBK,2024-1-18,False,True
Tommy Tuberville,Republican,Senate,AL,SSBK,2024-1-18,False,True
Tommy Tuberville,Republican,Senate,AL,SSBK,2024-1-18,False,True
Tommy Tuberville,Republican,Senate,AL,SSBK,2024-1-18,False,True
Tommy Tuberville,Republican,Senate,AL,SSBK,2024-1-18,False,True
Tommy Tuberville,Republican,Senate,AL,SSBK,2024-1-18,False,True
Tommy Tuberville,Republican,Senate,AL,PAM,2024-1-18,False,True
Tommy Tuberville,Republican,Senate,AL,NVO,2024-1-18,False,True
Tommy Tuberville,Republican,Senate,AL,LRCX,2024-1-18,False,True
Tommy Tuberville,Republican,Senate,AL,IBM,2024-1-18,False,True
Tommy Tuberville,Republican,Senate,AL,GNTX,2024-1-18,False,True
Tommy Tuberville,Republican,Senate,AL,RACE,2024-1-18,False,True
Tommy Tuberville,Republican,Senate,AL,CFG,2024-1-18,False,True
Tommy Tuberville,Republican,Senate,AL,ADSK,2024-1-18,False,True
Tommy Tuberville,Republican,Senate,AL,AMAT,2024-1-18,False,True
Tommy Tuberville,Republican,Senate,AL,AAPL,2024-1-18,False,True
Tommy Tuberville,Republican,Senate,AL,ADI,2024-1-18,False,True
Tommy Tuberville,Republican,Senate,AL,APH,2024-1-18,False,True
Tommy Tuberville,Republican,Senate,AL,AMGN,2024-1-18,False,True
Tommy Tuberville,Republican,Senate,AL,AME,2024-1-18,False,True
Tommy Tuberville,Republican,Senate,AL,GOOGL,2024-1-18,False,True
Tommy Tuberville,Republican,Senate,AL,GOOGL,2024-1-18,False,True
Tommy Tuberville,Republican,Senate,AL,AMD,2024-1-18,False,True
Tommy Tuberville,Republican,Senate,AL,ADBE,2024-1-18,False,True
Tommy Tuberville,Republican,Senate,AL,ABBV,2024-1-18,False,True
Tommy Tuberville,Republican,Senate,AL,HUMA,2024-1-18,False,True
Tommy Tuberville,Republican,Senate,AL,AAPL,2024-1-9,True,False
Tommy Tuberville,Republican,Senate,AL,GOOGL,2024-1-2,False,True
Tommy Tuberville,Republican,Senate,AL,AAPL,2024-1-2,False,True
Tommy Tuberville,Republican,Senate,AL,BMY,2024-1-2,False,True
Tommy Tuberville,Republican,Senate,AL,LLY,2024-1-2,False,True
Tommy Tuberville,Republican,Senate,AL,MSFT,2024-1-2,False,True
Tommy Tuberville,Republican,Senate,AL,ORCL,2024-1-2,False,True
Tommy Tuberville,Republican,Senate,AL,SLF,2024-1-2,False,True
Tommy Tuberville,Republican,Senate,AL,DGX,2024-1-2,False,True
Tommy Tuberville,Republican,Senate,AL,UNP,2024-1-2,False,True
Shelley Moore Capito,Republican,Senate,WV,ES,2024-1-18,False,True
Shelley Moore Capito,Republican,Senate,WV,ENB,2024-1-18,False,True
Mike Kelly,Republican,House,PA,N/A,2024-1-23,False,True
Mike Kelly,Republican,House,PA,N/A,2023-12-31,False,True
Katherine Clark,Democrat,House,MA,N/A,2024-1-22,True,False
Chuck Fleischmann,Republican,House,TN,TLH,2024-1-25,False,True
Chuck Fleischmann,Republican,House,TN,IBDP,2024-1-25,True,False
Chuck Fleischmann,Republican,House,TN,HYBB,2024-1-25,False,True
Chuck Fleischmann,Republican,House,TN,CALF,2024-1-25,False,True
Chuck Fleischmann,Republican,House,TN,SLYG,2024-1-25,True,False
Chuck Fleischmann,Republican,House,TN,SPYG,2024-1-25,True,False
Chuck Fleischmann,Republican,House,TN,SPYV,2024-1-25,False,True
Chuck Fleischmann,Republican,House,TN,XME,2024-1-25,False,True
Chuck Fleischmann,Republican,House,TN,XLI,2024-1-25,True,False
Chuck Fleischmann,Republican,House,TN,VCLT,2024-1-25,True,False
Chuck Fleischmann,Republican,House,TN,GLDM,2024-1-25,True,False
Cliff Bentz,Republican,House,OR,N/A,2024-1-15,False,True
Max Miller,Republican,House,OH,N/A,2024-2-6,True,False
Kevin Hern,Republican,House,OK,COST,2024-1-11,True,False
Kevin Hern,Republican,House,OK,EXAS,2024-1-1,False,True
Kevin Hern,Republican,House,OK,INRE,2024-1-4,True,False
Kevin Hern,Republican,House,OK,JPM,2024-1-30,True,False
Kevin Hern,Republican,House,OK,VUZI,2024-1-1,False,True
Dan Sullivan,Republican,Senate,AK,RPM,2024-1-23,False,True
Maria Elvira Salazar,Republican,House,FL,N/A,2024-1-1,True,False
Chellie Pingree,Democrat,House,ME,N/A,2024-1-8,False,True
Kathy Manning,Democrat,House,NC,ABT,2024-1-22,False,True
Kathy Manning,Democrat,House,NC,ABT,2024-1-22,False,True
Kathy Manning,Democrat,House,NC,ABBV,2024-1-22,True,False
Kathy Manning,Democrat,House,NC,N/A,2024-1-31,True,False
Kathy Manning,Democrat,House,NC,ACN,2024-1-22,False,True
Kathy Manning,Democrat,House,NC,ACN,2024-1-22,False,True
Kathy Manning,Democrat,House,NC,ACN,2024-1-22,False,True
Kathy Manning,Democrat,House,NC,GOOGL,2024-1-22,False,True
Kathy Manning,Democrat,House,NC,GOOGL,2024-1-22,False,True
Kathy Manning,Democrat,House,NC,GOOGL,2024-1-22,False,True
Kathy Manning,Democrat,House,NC,GOOGL,2024-1-22,False,True
Kathy Manning,Democrat,House,NC,GOOGL,2024-1-22,False,True
Kathy Manning,Democrat,House,NC,AMGN,2024-1-22,True,False
Kathy Manning,Democrat,House,NC,AON,2024-1-22,True,False
Kathy Manning,Democrat,House,NC,AON,2024-1-22,True,False
Kathy Manning,Democrat,House,NC,AON,2024-1-22,True,False
Kathy Manning,Democrat,House,NC,AAPL,2024-1-22,False,True
Kathy Manning,Democrat,House,NC,AAPL,2024-1-22,False,True
Kathy Manning,Democrat,House,NC,AAPL,2024-1-22,False,True
Kathy Manning,Democrat,House,NC,CAT,2024-1-22,False,True
Kathy Manning,Democrat,House,NC,CAT,2024-1-22,False,True
Kathy Manning,Democrat,House,NC,CAT,2024-1-22,False,True
Kathy Manning,Democrat,House,NC,CB,2024-1-22,True,False
Kathy Manning,Democrat,House,NC,CFG,2024-1-22,True,False
Kathy Manning,Democrat,House,NC,CFG,2024-1-22,True,False
Kathy Manning,Democrat,House,NC,CFG,2024-1-22,True,False
Kathy Manning,Democrat,House,NC,CME,2024-1-22,True,False
Kathy Manning,Democrat,House,NC,COST,2024-1-22,True,False
Kathy Manning,Democrat,House,NC,COST,2024-1-22,True,False
Kathy Manning,Democrat,House,NC,COST,2024-1-22,True,False
Kathy Manning,Democrat,House,NC,N/A,2024-1-4,False,True
Kathy Manning,Democrat,House,NC,N/A,2024-1-15,False,True
Kathy Manning,Democrat,House,NC,GIS,2024-1-22,False,True
Kathy Manning,Democrat,House,NC,GIS,2024-1-22,False,True
Kathy Manning,Democrat,House,NC,GIS,2024-1-22,False,True
Kathy Manning,Democrat,House,NC,INTU,2024-1-22,False,True
Kathy Manning,Democrat,House,NC,INTU,2024-1-22,False,True
Kathy Manning,Democrat,House,NC,INTU,2024-1-22,False,True
Kathy Manning,Democrat,House,NC,JNJ,2024-1-22,True,False
Kathy Manning,Democrat,House,NC,JPM,2024-1-22,False,True
Kathy Manning,Democrat,House,NC,JPM,2024-1-22,False,True
Kathy Manning,Democrat,House,NC,LRCX,2024-1-22,False,True
Kathy Manning,Democrat,House,NC,LRCX,2024-1-22,False,True
Kathy Manning,Democrat,House,NC,LRCX,2024-1-22,False,True
Kathy Manning,Democrat,House,NC,LMT,2024-1-22,True,False
Kathy Manning,Democrat,House,NC,LMT,2024-1-22,True,False
Kathy Manning,Democrat,House,NC,MA,2024-1-22,True,False
Kathy Manning,Democrat,House,NC,MA,2024-1-22,True,False
Kathy Manning,Democrat,House,NC,MA,2024-1-22,True,False
Kathy Manning,Democrat,House,NC,MDT,2024-1-22,True,False
Kathy Manning,Democrat,House,NC,MDT,2024-1-22,True,False
Kathy Manning,Democrat,House,NC,MDT,2024-1-22,True,False
Kathy Manning,Democrat,House,NC,MRK,2024-1-22,True,False
Kathy Manning,Democrat,House,NC,MRK,2024-1-22,True,False
Kathy Manning,Democrat,House,NC,MRK,2024-1-22,True,False
Kathy Manning,Democrat,House,NC,MU,2024-1-22,False,True
Kathy Manning,Democrat,House,NC,MU,2024-1-22,False,True
Kathy Manning,Democrat,House,NC,MU,2024-1-22,False,True
Kathy Manning,Democrat,House,NC,MSFT,2024-1-22,True,False
Kathy Manning,Democrat,House,NC,MSFT,2024-1-22,True,False
Kathy Manning,Democrat,House,NC,MSFT,2024-1-22,True,False
Kathy Manning,Democrat,House,NC,MSCI,2024-1-22,True,False
Kathy Manning,Democrat,House,NC,MSCI,2024-1-22,True,False
Kathy Manning,Democrat,House,NC,MSCI,2024-1-22,True,False
Kathy Manning,Democrat,House,NC,NKE,2024-1-22,True,False
Kathy Manning,Democrat,House,NC,NKE,2024-1-22,True,False
Kathy Manning,Democrat,House,NC,NKE,2024-1-22,True,False
Kathy Manning,Democrat,House,NC,PKG,2024-1-22,False,True
Kathy Manning,Democrat,House,NC,PG,2024-1-22,True,False
Kathy Manning,Democrat,House,NC,PG,2024-1-22,True,False
Kathy Manning,Democrat,House,NC,PG,2024-1-22,True,False
Kathy Manning,Democrat,House,NC,QCOM,2024-1-22,False,True
Kathy Manning,Democrat,House,NC,QCOM,2024-1-22,False,True
Kathy Manning,Democrat,House,NC,CRM,2024-1-22,True,False
Kathy Manning,Democrat,House,NC,CRM,2024-1-22,True,False
Kathy Manning,Democrat,House,NC,CRM,2024-1-22,True,False
Kathy Manning,Democrat,House,NC,N/A,2024-1-7,True,False
Kathy Manning,Democrat,House,NC,N/A,2024-1-7,True,False
Kathy Manning,Democrat,House,NC,N/A,2024-1-28,False,True
Kathy Manning,Democrat,House,NC,N/A,2024-1-28,False,True
Kathy Manning,Democrat,House,NC,N/A,2024-1-31,True,False
Kathy Manning,Democrat,House,NC,N/A,2024-1-7,True,False
Kathy Manning,Democrat,House,NC,SBUX,2024-1-22,False,True
Kathy Manning,Democrat,House,NC,SBUX,2024-1-22,False,True
Kathy Manning,Democrat,House,NC,SBUX,2024-1-22,False,True
Kathy Manning,Democrat,House,NC,SYY,2024-1-22,True,False
Kathy Manning,Democrat,House,NC,SYY,2024-1-22,True,False
Kathy Manning,Democrat,House,NC,TJX,2024-1-22,True,False
Kathy Manning,Democrat,House,NC,TJX,2024-1-22,True,False
Kathy Manning,Democrat,House,NC,TJX,2024-1-22,True,False
Kathy Manning,Democrat,House,NC,V,2024-1-22,False,True
Kathy Manning,Democrat,House,NC,WMT,2024-1-22,True,False
Kathy Manning,Democrat,House,NC,WMT,2024-1-22,True,False
Ro Khanna,Democrat,House,CA,N/A,2023-12-31,True,False
Ro Khanna,Democrat,House,CA,PFE,2024-1-30,True,False
Ro Khanna,Democrat,House,CA,CRI,2024-1-16,False,True
Ro Khanna,Democrat,House,CA,MSFT,2024-1-30,False,True
Ro Khanna,Democrat,House,CA,BAX,2024-1-7,False,True
Ro Khanna,Democrat,House,CA,GM,2024-1-28,False,True
Ro Khanna,Democrat,House,CA,BAC,2024-1-9,True,False
Ro Khanna,Democrat,House,CA,V,2024-1-9,True,False
Ro Khanna,Democrat,House,CA,UBER,2024-1-9,True,False
Ro Khanna,Democrat,House,CA,KO,2024-1-9,True,False
Ro Khanna,Democrat,House,CA,BMY,2024-1-9,True,False
Ro Khanna,Democrat,House,CA,LOW,2024-1-9,True,False
Ro Khanna,Democrat,House,CA,JNJ,2024-1-9,True,False
Ro Khanna,Democrat,House,CA,TXN,2024-1-9,True,False
Ro Khanna,Democrat,House,CA,MCD,2024-1-9,True,False
Ro Khanna,Democrat,House,CA,MMC,2024-1-9,True,False
Ro Khanna,Democrat,House,CA,AJG,2024-1-9,True,False
Ro Khanna,Democrat,House,CA,COST,2024-1-9,True,False
Ro Khanna,Democrat,House,CA,PCAR,2024-1-9,True,False
Ro Khanna,Democrat,House,CA,MSI,2024-1-9,True,False
Ro Khanna,Democrat,House,CA,CMCSA,2024-1-9,True,False
Ro Khanna,Democrat,House,CA,APD,2024-1-9,True,False
Ro Khanna,Democrat,House,CA,CARR,2024-1-9,True,False
Ro Khanna,Democrat,House,CA,ITW,2024-1-9,True,False
Ro Khanna,Democrat,House,CA,FTV,2024-1-9,True,False
Ro Khanna,Democrat,House,CA,KMB,2024-1-9,True,False
Ro Khanna,Democrat,House,CA,MDLZ,2024-1-9,True,False
Ro Khanna,Democrat,House,CA,APH,2024-1-9,True,False
Ro Khanna,Democrat,House,CA,MRK,2024-1-9,True,False
Ro Khanna,Democrat,House,CA,EMR,2024-1-9,True,False
Ro Khanna,Democrat,House,CA,BKNG,2024-1-9,True,False
Ro Khanna,Democrat,House,CA,C,2024-1-9,True,False
Ro Khanna,Democrat,House,CA,PG,2024-1-9,True,False
Ro Khanna,Democrat,House,CA,ABBV,2024-1-9,True,False
Ro Khanna,Democrat,House,CA,ABNB,2024-1-9,True,False
Ro Khanna,Democrat,House,CA,AXP,2024-1-9,True,False
Ro Khanna,Democrat,House,CA,DE,2024-1-9,True,False
Ro Khanna,Democrat,House,CA,MNST,2024-1-9,True,False
Ro Khanna,Democrat,House,CA,FFIV,2024-1-9,True,False
Ro Khanna,Democrat,House,CA,PLD,2024-1-9,True,False
Ro Khanna,Democrat,House,CA,OTIS,2024-1-9,True,False
Ro Khanna,Democrat,House,CA,YUM,2024-1-9,True,False
Ro Khanna,Democrat,House,CA,KR,2024-1-9,True,False
Ro Khanna,Democrat,House,CA,MCHP,2024-1-9,True,False
Ro Khanna,Democrat,House,CA,MSFT,2024-1-9,True,False
Ro Khanna,Democrat,House,CA,JNPR,2024-1-9,True,False
Ro Khanna,Democrat,House,CA,ULTA,2024-1-9,True,False
Ro Khanna,Democrat,House,CA,DOW,2024-1-9,True,False
Ro Khanna,Democrat,House,CA,ADP,2024-1-9,True,False
Ro Khanna,Democrat,House,CA,ORCL,2024-1-9,True,False
Ro Khanna,Democrat,House,CA,DHI,2024-1-9,True,False
Ro Khanna,Democrat,House,CA,PNC,2024-1-9,True,False
Ro Khanna,Democrat,House,CA,KEYS,2024-1-9,True,False
Ro Khanna,Democrat,House,CA,REGN,2024-1-9,True,False
Ro Khanna,Democrat,House,CA,VMC,2024-1-9,True,False
Ro Khanna,Democrat,House,CA,AMAT,2024-1-9,True,False
Ro Khanna,Democrat,House,CA,DOV,2024-1-9,True,False
Ro Khanna,Democrat,House,CA,LIN,2024-1-9,True,False
Ro Khanna,Democrat,House,CA,FAST,2024-1-9,True,False
Ro Khanna,Democrat,House,CA,BRK/B,2024-1-9,True,False
Ro Khanna,Democrat,House,CA,BSX,2024-1-9,True,False
Ro Khanna,Democrat,House,CA,ANSS,2024-1-9,True,False
Ro Khanna,Democrat,House,CA,HUBB,2024-1-9,True,False
Ro Khanna,Democrat,House,CA,AVGO,2024-1-9,True,False
Ro Khanna,Democrat,House,CA,ICE,2024-1-9,True,False
Ro Khanna,Democrat,House,CA,SYK,2024-1-9,True,False
Ro Khanna,Democrat,House,CA,PANW,2024-1-9,True,False
Ro Khanna,Democrat,House,CA,ROK,2024-1-9,True,False
Ro Khanna,Democrat,House,CA,BR,2024-1-9,True,False
Ro Khanna,Democrat,House,CA,GOOGL,2024-1-9,True,False
Ro Khanna,Democrat,House,CA,CME,2024-1-9,True,False
Ro Khanna,Democrat,House,CA,AVY,2024-1-9,True,False
Ro Khanna,Democrat,House,CA,PM,2024-1-9,True,False
Ro Khanna,Democrat,House,CA,FLT,2024-1-9,True,False
Ro Khanna,Democrat,House,CA,F,2024-1-9,True,False
Ro Khanna,Democrat,House,CA,SNA,2024-1-9,True,False
Ro Khanna,Democrat,House,CA,HCA,2024-1-9,True,False
Ro Khanna,Democrat,House,CA,ALGN,2024-1-9,True,False
Ro Khanna,Democrat,House,CA,HLT,2024-1-9,True,False
Ro Khanna,Democrat,House,CA,URI,2024-1-9,True,False
Ro Khanna,Democrat,House,CA,ROST,2024-1-9,True,False
Ro Khanna,Democrat,House,CA,TMO,2024-1-9,True,False
Ro Khanna,Democrat,House,CA,IR,2024-1-9,True,False
Ro Khanna,Democrat,House,CA,CAH,2024-1-9,True,False
Ro Khanna,Democrat,House,CA,AAPL,2024-1-9,True,False
Ro Khanna,Democrat,House,CA,STZ,2024-1-9,True,False
Ro Khanna,Democrat,House,CA,AZO,2024-1-9,True,False
Ro Khanna,Democrat,House,CA,KMX,2024-1-9,True,False
Ro Khanna,Democrat,House,CA,BRO,2024-1-9,True,False
Ro Khanna,Democrat,House,CA,K,2024-1-9,True,False
Ro Khanna,Democrat,House,CA,PKG,2024-1-9,True,False
Ro Khanna,Democrat,House,CA,NDSN,2024-1-9,True,False
Ro Khanna,Democrat,House,CA,BF/A,2024-1-9,True,False
Ro Khanna,Democrat,House,CA,MO,2024-1-9,True,False
Ro Khanna,Democrat,House,CA,HIG,2024-1-9,True,False
Ro Khanna,Democrat,House,CA,MU,2024-1-9,True,False
Ro Khanna,Democrat,House,CA,CL,2024-1-9,True,False
Ro Khanna,Democrat,House,CA,HPE,2024-1-9,True,False
Ro Khanna,Democrat,House,CA,EFX,2024-1-9,True,False
Ro Khanna,Democrat,House,CA,HPQ,2024-1-9,True,False
Ro Khanna,Democrat,House,CA,ETN,2024-1-9,True,False
Ro Khanna,Democrat,House,CA,IBM,2024-1-9,True,False
Ro Khanna,Democrat,House,CA,WBD,2024-1-9,True,False
Ro Khanna,Democrat,House,CA,MKC,2024-1-9,True,False
Ro Khanna,Democrat,House,CA,ENPH,2024-1-9,True,False
Ro Khanna,Democrat,House,CA,FDS,2024-1-9,True,False
Ro Khanna,Democrat,House,CA,ACGL,2024-1-9,True,False
Ro Khanna,Democrat,House,CA,WELL,2024-1-9,True,False
Ro Khanna,Democrat,House,CA,STE,2024-1-9,True,False
Ro Khanna,Democrat,House,CA,SPGI,2024-1-9,True,False
Ro Khanna,Democrat,House,CA,COR,2024-1-9,True,False
Ro Khanna,Democrat,House,CA,EL,2024-1-9,True,False
Ro Khanna,Democrat,House,CA,PWR,2024-1-9,True,False
Ro Khanna,Democrat,House,CA,ISRG,2024-1-9,True,False
Ro Khanna,Democrat,House,CA,DIS,2024-1-9,True,False
Ro Khanna,Democrat,House,CA,AMZN,2024-1-9,True,False
Ro Khanna,Democrat,House,CA,DD,2024-1-9,True,False
Ro Khanna,Democrat,House,CA,SHW,2024-1-9,True,False
Ro Khanna,Democrat,House,CA,WMT,2024-1-9,False,True
Ro Khanna,Democrat,House,CA,PEP,2024-1-9,False,True
Ro Khanna,Democrat,House,CA,JPM,2024-1-9,False,True
Ro Khanna,Democrat,House,CA,MA,2024-1-9,False,True
Ro Khanna,Democrat,House,CA,HD,2024-1-9,False,True
Ro Khanna,Democrat,House,CA,PH,2024-1-9,False,True
Ro Khanna,Democrat,House,CA,PFE,2024-1-9,False,True
Ro Khanna,Democrat,House,CA,CAT,2024-1-9,False,True
Ro Khanna,Democrat,House,CA,ZTS,2024-1-9,False,True
Ro Khanna,Democrat,House,CA,TJX,2024-1-9,False,True
Ro Khanna,Democrat,House,CA,CSCO,2024-1-9,False,True
Ro Khanna,Democrat,House,CA,LEN,2024-1-9,False,True
Ro Khanna,Democrat,House,CA,AON,2024-1-9,False,True
Ro Khanna,Democrat,House,CA,ADI,2024-1-9,False,True
Ro Khanna,Democrat,House,CA,FI,2024-1-9,False,True
Ro Khanna,Democrat,House,CA,TRV,2024-1-9,False,True
Ro Khanna,Democrat,House,CA,ECL,2024-1-9,False,True
Ro Khanna,Democrat,House,CA,MAR,2024-1-9,False,True
Ro Khanna,Democrat,House,CA,CHD,2024-1-9,False,True
Ro Khanna,Democrat,House,CA,SNPS,2024-1-9,False,True
Ro Khanna,Democrat,House,CA,WFC,2024-1-9,False,True
Ro Khanna,Democrat,House,CA,MLM,2024-1-9,False,True
Ro Khanna,Democrat,House,CA,STX,2024-1-9,False,True
Ro Khanna,Democrat,House,CA,AME,2024-1-9,False,True
Ro Khanna,Democrat,House,CA,NFLX,2024-1-9,False,True
Ro Khanna,Democrat,House,CA,BDX,2024-1-9,False,True
Ro Khanna,Democrat,House,CA,MSCI,2024-1-9,False,True
Ro Khanna,Democrat,House,CA,ROP,2024-1-9,False,True
Ro Khanna,Democrat,House,CA,SPG,2024-1-9,False,True
Ro Khanna,Democrat,House,CA,SBUX,2024-1-9,False,True
Ro Khanna,Democrat,House,CA,AFL,2024-1-9,False,True
Ro Khanna,Democrat,House,CA,PPG,2024-1-9,False,True
Ro Khanna,Democrat,House,CA,ON,2024-1-9,False,True
Ro Khanna,Democrat,House,CA,WTW,2024-1-9,False,True
Ro Khanna,Democrat,House,CA,SPOT,2024-1-9,False,True
Ro Khanna,Democrat,House,CA,CTSH,2024-1-9,False,True
Ro Khanna,Democrat,House,CA,STT,2024-1-9,False,True
Ro Khanna,Democrat,House,CA,ADM,2024-1-9,False,True
Ro Khanna,Democrat,House,CA,ABT,2024-1-9,False,True
Ro Khanna,Democrat,House,CA,VTRS,2024-1-9,False,True
Ro Khanna,Democrat,House,CA,BALL,2024-1-9,False,True
Ro Khanna,Democrat,House,CA,JBL,2024-1-9,False,True
Ro Khanna,Democrat,House,CA,WAB,2024-1-9,False,True
Ro Khanna,Democrat,House,CA,IRM,2024-1-9,False,True
Ro Khanna,Democrat,House,CA,MPWR,2024-1-9,False,True
Ro Khanna,Democrat,House,CA,TSLA,2024-1-9,False,True
Ro Khanna,Democrat,House,CA,LBYAV,2024-1-9,False,True
Ro Khanna,Democrat,House,CA,LVS,2024-1-9,False,True
Ro Khanna,Democrat,House,CA,VRSN,2024-1-9,False,True
Ro Khanna,Democrat,House,CA,MRVL,2024-1-9,False,True
Ro Khanna,Democrat,House,CA,CHTR,2024-1-9,False,True
Ro Khanna,Democrat,House,CA,NKE,2024-1-9,False,True
Ro Khanna,Democrat,House,CA,FOXA,2024-1-9,False,True
Ro Khanna,Democrat,House,CA,FND,2024-1-9,False,True
Ro Khanna,Democrat,House,CA,INTU,2024-1-9,True,False
Ro Khanna,Democrat,House,CA,WMT,2024-1-9,True,False
Ro Khanna,Democrat,House,CA,HD,2024-1-9,True,False
Ro Khanna,Democrat,House,CA,V,2024-1-9,True,False
Ro Khanna,Democrat,House,CA,CAT,2024-1-9,True,False
Ro Khanna,Democrat,House,CA,ABBV,2024-1-9,True,False
Ro Khanna,Democrat,House,CA,AAPL,2024-1-9,True,False
Ro Khanna,Democrat,House,CA,DHR,2024-1-9,True,False
Ro Khanna,Democrat,House,CA,MRK,2024-1-9,True,False
Ro Khanna,Democrat,House,CA,UBER,2024-1-9,True,False
Ro Khanna,Democrat,House,CA,ISRG,2024-1-9,True,False
Ro Khanna,Democrat,House,CA,SBUX,2024-1-9,True,False
Ro Khanna,Democrat,House,CA,MS,2024-1-9,True,False
Ro Khanna,Democrat,House,CA,ADI,2024-1-9,True,False
Ro Khanna,Democrat,House,CA,TXN,2024-1-9,True,False
Ro Khanna,Democrat,House,CA,APD,2024-1-9,True,False
Ro Khanna,Democrat,House,CA,CDNS,2024-1-9,True,False
Ro Khanna,Democrat,House,CA,SNPS,2024-1-9,True,False
Ro Khanna,Democrat,House,CA,MSI,2024-1-9,True,False
Ro Khanna,Democrat,House,CA,COST,2024-1-9,True,False
Ro Khanna,Democrat,House,CA,PYPL,2024-1-9,True,False
Ro Khanna,Democrat,House,CA,FI,2024-1-9,True,False
Ro Khanna,Democrat,House,CA,UPS,2024-1-9,True,False
Ro Khanna,Democrat,House,CA,LRCX,2024-1-9,True,False
Ro Khanna,Democrat,House,CA,MSCI,2024-1-9,True,False
Ro Khanna,Democrat,House,CA,ANET,2024-1-9,True,False
Ro Khanna,Democrat,House,CA,ABNB,2024-1-9,True,False
Ro Khanna,Democrat,House,CA,AME,2024-1-9,True,False
Ro Khanna,Democrat,House,CA,PWR,2024-1-9,True,False
Ro Khanna,Democrat,House,CA,TEL,2024-1-9,True,False
Ro Khanna,Democrat,House,CA,CTAS,2024-1-9,True,False
Ro Khanna,Democrat,House,CA,KLAC,2024-1-9,True,False
Ro Khanna,Democrat,House,CA,EFX,2024-1-9,True,False
Ro Khanna,Democrat,House,CA,LULU,2024-1-9,True,False
Ro Khanna,Democrat,House,CA,ADSK,2024-1-9,True,False
Ro Khanna,Democrat,House,CA,DHI,2024-1-9,True,False
Ro Khanna,Democrat,House,CA,PANW,2024-1-9,True,False
Ro Khanna,Democrat,House,CA,MRNA,2024-1-9,True,False
Ro Khanna,Democrat,House,CA,OTIS,2024-1-9,True,False
Ro Khanna,Democrat,House,CA,RCL,2024-1-9,True,False
Ro Khanna,Democrat,House,CA,TROW,2024-1-9,True,False
Ro Khanna,Democrat,House,CA,CPRT,2024-1-9,True,False
Ro Khanna,Democrat,House,CA,NXPI,2024-1-9,True,False
Ro Khanna,Democrat,House,CA,ON,2024-1-9,True,False
Ro Khanna,Democrat,House,CA,ENPH,2024-1-9,True,False
Ro Khanna,Democrat,House,CA,DIS,2024-1-9,True,False
Ro Khanna,Democrat,House,CA,VRSN,2024-1-9,True,False
Ro Khanna,Democrat,House,CA,PM,2024-1-9,True,False
Ro Khanna,Democrat,House,CA,BIIB,2024-1-9,True,False
Ro Khanna,Democrat,House,CA,AMP,2024-1-9,True,False
Ro Khanna,Democrat,House,CA,MCO,2024-1-9,True,False
Ro Khanna,Democrat,House,CA,META,2024-1-9,True,False
Ro Khanna,Democrat,House,CA,EA,2024-1-9,True,False
Ro Khanna,Democrat,House,CA,LTHM,2024-1-9,True,False
Ro Khanna,Democrat,House,CA,EWJ,2024-1-11,True,False
Ro Khanna,Democrat,House,CA,EWA,2024-1-11,True,False
Ro Khanna,Democrat,House,CA,UBS,2024-1-11,True,False
Ro Khanna,Democrat,House,CA,SNY,2024-1-11,True,False
Ro Khanna,Democrat,House,CA,XSP,2024-1-8,False,True
Ro Khanna,Democrat,House,CA,MA,2024-1-9,False,True
Ro Khanna,Democrat,House,CA,GOOGL,2024-1-9,False,True
Ro Khanna,Democrat,House,CA,CSCO,2024-1-9,False,True
Ro Khanna,Democrat,House,CA,SPGI,2024-1-9,False,True
Ro Khanna,Democrat,House,CA,PEP,2024-1-9,False,True
Ro Khanna,Democrat,House,CA,NKE,2024-1-9,False,True
Ro Khanna,Democrat,House,CA,AMAT,2024-1-9,False,True
Ro Khanna,Democrat,House,CA,ADBE,2024-1-9,False,True
Ro Khanna,Democrat,House,CA,DD,2024-1-9,False,True
Ro Khanna,Democrat,House,CA,GM,2024-1-29,False,True
Ro Khanna,Democrat,House,CA,AJG,2024-1-9,False,True
Ro Khanna,Democrat,House,CA,LEN,2024-1-9,False,True
Ro Khanna,Democrat,House,CA,MAR,2024-1-9,False,True
Ro Khanna,Democrat,House,CA,CRI,2024-1-15,False,True
Ro Khanna,Democrat,House,CA,AON,2024-1-9,False,True
Ro Khanna,Democrat,House,CA,POOL,2024-1-9,False,True
Ro Khanna,Democrat,House,CA,WELL,2024-1-9,False,True
Ro Khanna,Democrat,House,CA,ANSS,2024-1-9,False,True
Ro Khanna,Democrat,House,CA,DASH,2024-1-9,False,True
Ro Khanna,Democrat,House,CA,BAX,2024-1-7,False,True
Ro Khanna,Democrat,House,CA,ZTS,2024-1-19,False,True
Ro Khanna,Democrat,House,CA,ELAN,2024-1-8,False,True
Ro Khanna,Democrat,House,CA,CRI,2024-1-23,False,True
Ro Khanna,Democrat,House,CA,CRI,2024-1-24,False,True
Ro Khanna,Democrat,House,CA,CRI,2024-1-16,False,True
Ro Khanna,Democrat,House,CA,CRI,2024-1-16,False,True
Ro Khanna,Democrat,House,CA,LVS,2024-1-9,False,True
Ro Khanna,Democrat,House,CA,GM,2024-1-18,False,True
Ro Khanna,Democrat,House,CA,GM,2024-1-28,False,True
Ro Khanna,Democrat,House,CA,MO,2024-1-9,False,True
Ro Khanna,Democrat,House,CA,JBL,2024-1-9,False,True
Ro Khanna,Democrat,House,CA,ELAN,2024-1-11,False,True
Ro Khanna,Democrat,House,CA,PAYC,2024-1-9,False,True
Ro Khanna,Democrat,House,CA,NVDA,2024-1-9,False,True
Ro Khanna,Democrat,House,CA,GM,2024-1-11,False,True
Ro Khanna,Democrat,House,CA,EXEL,2024-1-9,False,True
Ro Khanna,Democrat,House,CA,MOS,2024-1-9,False,True
Ro Khanna,Democrat,House,CA,GM,2024-1-25,False,True
Ro Khanna,Democrat,House,CA,BP,2024-1-11,False,True
Ro Khanna,Democrat,House,CA,U,2024-1-9,False,True
Ro Khanna,Democrat,House,CA,LOW,2024-1-9,False,True
Ro Khanna,Democrat,House,CA,AVGO,2024-1-9,False,True
Ro Khanna,Democrat,House,CA,CC,2024-1-9,False,True
Ro Khanna,Democrat,House,CA,PH,2024-1-9,False,True
Ro Khanna,Democrat,House,CA,GWRE,2024-1-9,False,True
Ro Khanna,Democrat,House,CA,VTR,2024-1-9,False,True
Ro Khanna,Democrat,House,CA,N/A,2024-1-9,False,True
Ro Khanna,Democrat,House,CA,ING,2024-1-11,False,True
Ro Khanna,Democrat,House,CA,BERY,2024-1-9,False,True
Ro Khanna,Democrat,House,CA,DT,2024-1-9,False,True
Ro Khanna,Democrat,House,CA,WBK,2024-1-15,True,False
Ro Khanna,Democrat,House,CA,CI,2024-1-15,True,False
Ro Khanna,Democrat,House,CA,STZ,2024-1-15,True,False
Ro Khanna,Democrat,House,CA,STT,2024-1-23,True,False
Ro Khanna,Democrat,House,CA,PFE,2024-1-30,True,False
Ro Khanna,Democrat,House,CA,KMX,2024-1-2,True,False
Ro Khanna,Democrat,House,CA,PEP,2024-1-2,True,False
Ro Khanna,Democrat,House,CA,BWA,2024-1-2,True,False
Ro Khanna,Democrat,House,CA,KEY,2024-1-30,True,False
Ro Khanna,Democrat,House,CA,KEY,2024-1-30,True,False
Ro Khanna,Democrat,House,CA,TXN,2024-1-2,True,False
Ro Khanna,Democrat,House,CA,MMC,2024-1-2,True,False
Ro Khanna,Democrat,House,CA,BDX,2024-1-2,True,False
Ro Khanna,Democrat,House,CA,DE,2024-1-2,True,False
Ro Khanna,Democrat,House,CA,SYK,2024-1-2,True,False
Ro Khanna,Democrat,House,CA,MSFT,2024-1-30,False,True
Ro Khanna,Democrat,House,CA,KKR,2024-1-24,False,True
Ro Khanna,Democrat,House,CA,GOOGL,2024-1-23,False,True
Ro Khanna,Democrat,House,CA,N/A,2024-1-30,False,True
Ro Khanna,Democrat,House,CA,N/A,2024-1-31,True,False
Ro Khanna,Democrat,House,CA,N/A,2024-1-23,True,False
Ro Khanna,Democrat,House,CA,N/A,2024-1-23,True,False
Ro Khanna,Democrat,House,CA,N/A,2024-1-23,True,False
Ro Khanna,Democrat,House,CA,N/A,2024-1-24,True,False
Ro Khanna,Democrat,House,CA,N/A,2024-1-23,True,False
Ro Khanna,Democrat,House,CA,N/A,2024-1-23,True,False
Ro Khanna,Democrat,House,CA,N/A,2024-1-23,True,False
Ro Khanna,Democrat,House,CA,N/A,2024-1-15,True,False
Ro Khanna,Democrat,House,CA,N/A,2024-1-11,True,False
Ro Khanna,Democrat,House,CA,N/A,2024-1-15,True,False
Ro Khanna,Democrat,House,CA,N/A,2024-1-11,True,False
Ro Khanna,Democrat,House,CA,N/A,2024-1-11,True,False
Ro Khanna,Democrat,House,CA,N/A,2024-1-15,True,False
Ro Khanna,Democrat,House,CA,N/A,2024-1-15,True,False
Ro Khanna,Democrat,House,CA,N/A,2024-1-15,True,False
Ro Khanna,Democrat,House,CA,N/A,2024-1-15,True,False
Ro Khanna,Democrat,House,CA,N/A,2024-1-16,True,False
Ro Khanna,Democrat,House,CA,N/A,2024-1-24,True,False
Ro Khanna,Democrat,House,CA,N/A,2024-1-16,True,False
Ro Khanna,Democrat,House,CA,N/A,2024-1-16,True,False
Ro Khanna,Democrat,House,CA,N/A,2024-1-16,True,False
Ro Khanna,Democrat,House,CA,N/A,2024-1-16,True,False
Ro Khanna,Democrat,House,CA,N/A,2024-1-16,True,False
Ro Khanna,Democrat,House,CA,N/A,2024-1-16,True,False
Ro Khanna,Democrat,House,CA,N/A,2024-1-23,True,False
Ro Khanna,Democrat,House,CA,N/A,2024-1-23,True,False
Ro Khanna,Democrat,House,CA,N/A,2024-1-23,True,False
Ro Khanna,Democrat,House,CA,N/A,2024-1-16,True,False
Ro Khanna,Democrat,House,CA,N/A,2024-1-23,True,False
Ro Khanna,Democrat,House,CA,N/A,2024-1-23,True,False
Ro Khanna,Democrat,House,CA,N/A,2024-1-24,True,False
Ro Khanna,Democrat,House,CA,N/A,2024-1-23,True,False
Ro Khanna,Democrat,House,CA,N/A,2024-1-24,True,False
Ro Khanna,Democrat,House,CA,N/A,2024-1-11,True,False
Ro Khanna,Democrat,House,CA,N/A,2024-1-23,True,False
Ro Khanna,Democrat,House,CA,N/A,2024-1-15,True,False
Ro Khanna,Democrat,House,CA,N/A,2024-1-15,True,False
Ro Khanna,Democrat,House,CA,N/A,2024-1-15,True,False
Ro Khanna,Democrat,House,CA,N/A,2024-1-16,True,False
Ro Khanna,Democrat,House,CA,N/A,2024-1-24,True,False
Ro Khanna,Democrat,House,CA,N/A,2024-1-15,True,False
Ro Khanna,Democrat,House,CA,N/A,2024-1-16,True,False
Ro Khanna,Democrat,House,CA,N/A,2024-1-25,True,False
Ro Khanna,Democrat,House,CA,N/A,2024-1-15,True,False
Ro Khanna,Democrat,House,CA,N/A,2024-1-17,True,False
Ro Khanna,Democrat,House,CA,N/A,2024-1-16,True,False
Ro Khanna,Democrat,House,CA,N/A,2024-1-11,True,False
Ro Khanna,Democrat,House,CA,N/A,2024-1-15,True,False
Ro Khanna,Democrat,House,CA,N/A,2024-1-23,True,False
Ro Khanna,Democrat,House,CA,N/A,2024-1-11,True,False
Ro Khanna,Democrat,House,CA,N/A,2024-1-11,True,False
Ro Khanna,Democrat,House,CA,N/A,2024-1-15,True,False
Ro Khanna,Democrat,House,CA,N/A,2024-1-15,True,False
Ro Khanna,Democrat,House,CA,N/A,2024-1-24,True,False
Ro Khanna,Democrat,House,CA,N/A,2024-1-11,True,False
Ro Khanna,Democrat,House,CA,N/A,2024-1-15,True,False
Ro Khanna,Democrat,House,CA,N/A,2024-1-17,True,False
Ro Khanna,Democrat,House,CA,N/A,2024-1-11,True,False
Ro Khanna,Democrat,House,CA,N/A,2024-1-11,True,False
Ro Khanna,Democrat,House,CA,N/A,2024-1-24,True,False
Ro Khanna,Democrat,House,CA,N/A,2024-1-16,True,False
Ro Khanna,Democrat,House,CA,N/A,2024-1-17,True,False
Ro Khanna,Democrat,House,CA,N/A,2024-1-11,True,False
Ro Khanna,Democrat,House,CA,N/A,2024-1-17,True,False
Ro Khanna,Democrat,House,CA,N/A,2024-1-15,True,False
Ro Khanna,Democrat,House,CA,N/A,2024-1-16,True,False
Ro Khanna,Democrat,House,CA,N/A,2024-1-11,True,False
Bill Keating,Democrat,House,MA,T,2024-1-17,False,True
Bill Keating,Democrat,House,MA,BAC,2024-1-17,True,False
Bill Keating,Democrat,House,MA,MSFT,2024-2-1,True,False
Bill Keating,Democrat,House,MA,PANW,2024-1-23,True,False
Bill Keating,Democrat,House,MA,UNP,2024-1-24,True,False
Suzan DelBene,Democrat,House,WA,N/A,2024-1-22,True,False
Suzan DelBene,Democrat,House,WA,N/A,2024-1-30,True,False
Suzan DelBene,Democrat,House,WA,N/A,2024-1-18,True,False
Virginia Foxx,Republican,House,NC,MO,2024-1-10,True,False
Virginia Foxx,Republican,House,NC,MO,2024-1-9,False,True
Virginia Foxx,Republican,House,NC,MO,2024-1-15,False,True
Virginia Foxx,Republican,House,NC,CRT,2024-1-16,False,True
Virginia Foxx,Republican,House,NC,DUK,2024-1-15,True,False
Virginia Foxx,Republican,House,NC,ET,2024-1-15,True,False
Virginia Foxx,Republican,House,NC,ET,2024-1-16,True,False
Virginia Foxx,Republican,House,NC,ET,2024-1-17,True,False
Virginia Foxx,Republican,House,NC,HTGC,2024-1-15,True,False
Virginia Foxx,Republican,House,NC,SCHX,2024-1-7,True,False
Virginia Foxx,Republican,House,NC,SCHX,2024-1-16,True,False
Michael Burgess,Republican,House,TX,BX,2024-1-11,False,True
Michael Burgess,Republican,House,TX,VLO,2024-1-11,False,True
Richard Blumenthal,Democrat,Senate,CT,GOOGL,2023-12-28,False,True
Richard Blumenthal,Democrat,Senate,CT,AMZN,2023-12-28,False,True
Richard Blumenthal,Democrat,Senate,CT,INTC,2023-12-28,False,True
Richard Blumenthal,Democrat,Senate,CT,MSFT,2023-12-28,False,True
Tom Carper,Democrat,Senate,DE,N/A,2024-1-17,False,True
Tom Carper,Democrat,Senate,DE,N/A,2024-1-17,False,True
Tom Carper,Democrat,Senate,DE,N/A,2024-1-17,False,True
Tom Carper,Democrat,Senate,DE,N/A,2024-1-16,True,False
Tom Carper,Democrat,Senate,DE,N/A,2024-1-16,True,False
Tom Carper,Democrat,Senate,DE,GBIL,2024-1-16,True,False
Tom Carper,Democrat,Senate,DE,AVGO,2024-1-15,False,True
Tom Carper,Democrat,Senate,DE,AES,2024-1-16,True,False
Tom Carper,Democrat,Senate,DE,TTE,2024-1-16,False,True
Tom Carper,Democrat,Senate,DE,SBUX,2024-1-16,True,False
Tom Carper,Democrat,Senate,DE,VLO,2024-1-16,True,False
Tom Carper,Democrat,Senate,DE,MET,2024-1-16,False,True
Tom Carper,Democrat,Senate,DE,CME,2024-1-16,True,False
Tom Carper,Democrat,Senate,DE,ETRN,2024-1-16,True,False
Tom Carper,Democrat,Senate,DE,GBIL,2024-1-16,True,False
Tom Carper,Democrat,Senate,DE,ABT,2024-1-16,False,True
Tom Carper,Democrat,Senate,DE,S,2024-1-1,False,True
Tom Carper,Democrat,Senate,DE,DELL,2024-1-1,True,False
Mark Green,Republican,House,TN,NGL,2024-1-28,False,True
Debbie Wasserman Schultz,Democrat,House,FL,MAG,2024-1-7,True,False
Debbie Wasserman Schultz,Democrat,House,FL,MAG,2024-1-4,False,True
Anna Paulina Luna,Republican,House,FL,LCTX,2024-1-1,False,True
Nicole Malliotakis,Republican,House,NY,N/A,2024-1-23,True,False
Rudy Yakym,Republican,House,IN,N/A,2024-1-22,True,False
Thomas Kean Jr,Republican,House,NJ,ORCL,2023-12-13,True,False
Doris Matsui,Democrat,House,CA,N/A,2024-1-15,True,False
