Name,Party,Chamber,State,Ticker,Date,Buy,Sell
Michael McCaul,Republican,House,TX,N/A,2023-10-1,True,False
Michael McCaul,Republican,House,TX,BSX,2023-10-17,True,False
Michael McCaul,Republican,House,TX,BSX,2023-10-30,True,False
Michael McCaul,Republican,House,TX,BSX,2023-10-30,True,False
Michael McCaul,Republican,House,TX,BSX,2023-10-30,False,True
Michael McCaul,Republican,House,TX,BSX,2023-10-26,False,True
Michael McCaul,Republican,House,TX,N/A,2023-10-1,False,True
Michael McCaul,Republican,House,TX,CMG,2023-10-17,True,False
Michael McCaul,Republican,House,TX,CMG,2023-10-26,False,True
Michael McCaul,Republican,House,TX,C,2023-10-11,False,True
Michael McCaul,Republican,House,TX,COP,2023-10-9,True,False
Michael McCaul,Republican,House,TX,CNM,2023-9-28,True,False
Michael McCaul,Republican,House,TX,ELV,2023-9-28,True,False
Michael McCaul,Republican,House,TX,ELV,2023-10-12,True,False
Michael McCaul,Republican,House,TX,ENTG,2023-10-26,False,True
Michael McCaul,Republican,House,TX,EPAM,2023-10-30,False,True
Michael McCaul,Republican,House,TX,EPAM,2023-10-26,False,True
Michael McCaul,Republican,House,TX,FCFS,2023-10-4,False,True
Michael McCaul,Republican,House,TX,FI,2023-10-26,False,True
Michael McCaul,Republican,House,TX,FLT,2023-10-30,False,True
Michael McCaul,Republican,House,TX,FLT,2023-10-26,False,True
Michael McCaul,Republican,House,TX,FLT,2023-10-17,False,True
Michael McCaul,Republican,House,TX,N/A,2023-10-18,True,False
Michael McCaul,Republican,House,TX,FTNT,2023-10-26,False,True
Michael McCaul,Republican,House,TX,N/A,2023-10-18,True,False
Michael McCaul,Republican,House,TX,GE,2023-10-27,False,True
Michael McCaul,Republican,House,TX,G,2023-10-4,True,False
Michael McCaul,Republican,House,TX,N/A,2023-10-18,True,False
Michael McCaul,Republican,House,TX,N/A,2023-10-18,True,False
Michael McCaul,Republican,House,TX,N/A,2023-10-10,True,False
Michael McCaul,Republican,House,TX,IAC,2023-10-1,False,True
Michael McCaul,Republican,House,TX,NSIT,2023-10-28,False,True
Michael McCaul,Republican,House,TX,INTU,2023-10-26,False,True
Michael McCaul,Republican,House,TX,JTSXX,2023-10-26,True,False
Michael McCaul,Republican,House,TX,JTSXX,2023-10-24,True,False
Michael McCaul,Republican,House,TX,JTSXX,2023-10-17,True,False
Michael McCaul,Republican,House,TX,JTSXX,2023-10-3,True,False
Michael McCaul,Republican,House,TX,JTSXX,2023-10-1,True,False
Michael McCaul,Republican,House,TX,JTSXX,2023-10-30,True,False
Michael McCaul,Republican,House,TX,JTSXX,2023-10-19,True,False
Michael McCaul,Republican,House,TX,JTSXX,2023-10-18,True,False
Michael McCaul,Republican,House,TX,JTSXX,2023-10-16,True,False
Michael McCaul,Republican,House,TX,JTSXX,2023-10-15,True,False
Michael McCaul,Republican,House,TX,JTSXX,2023-10-11,True,False
Michael McCaul,Republican,House,TX,JTSXX,2023-10-2,True,False
Michael McCaul,Republican,House,TX,N/A,2023-10-5,False,True
Michael McCaul,Republican,House,TX,LIN,2023-10-26,False,True
Michael McCaul,Republican,House,TX,N/A,2023-10-5,True,False
Michael McCaul,Republican,House,TX,N/A,2023-10-4,True,False
Michael McCaul,Republican,House,TX,MA,2023-10-26,False,True
Michael McCaul,Republican,House,TX,N/A,2023-10-2,False,True
Michael McCaul,Republican,House,TX,META,2023-10-24,False,True
Michael McCaul,Republican,House,TX,META,2023-10-12,False,True
Michael McCaul,Republican,House,TX,META,2023-10-1,False,True
Michael McCaul,Republican,House,TX,MSFT,2023-10-26,False,True
Michael McCaul,Republican,House,TX,N/A,2023-10-19,True,False
Michael McCaul,Republican,House,TX,N/A,2023-10-4,True,False
Michael McCaul,Republican,House,TX,N/A,2023-10-4,True,False
Michael McCaul,Republican,House,TX,MNST,2023-10-26,False,True
Michael McCaul,Republican,House,TX,NFLX,2023-10-1,False,True
Michael McCaul,Republican,House,TX,NBIX,2023-10-26,False,True
Michael McCaul,Republican,House,TX,N/A,2023-10-3,True,False
Michael McCaul,Republican,House,TX,N/A,2023-10-3,True,False
Michael McCaul,Republican,House,TX,N/A,2023-10-25,True,False
Michael McCaul,Republican,House,TX,N/A,2023-10-4,True,False
Michael McCaul,Republican,House,TX,N/A,2023-10-24,True,False
Michael McCaul,Republican,House,TX,N/A,2023-10-26,False,True
Michael McCaul,Republican,House,TX,NVDA,2023-10-26,False,True
Michael McCaul,Republican,House,TX,OXY,2023-10-11,True,False
Michael McCaul,Republican,House,TX,N/A,2023-10-7,True,False
Michael McCaul,Republican,House,TX,N/A,2023-10-24,True,False
Michael McCaul,Republican,House,TX,PAYC,2023-10-26,False,True
Michael McCaul,Republican,House,TX,PYPL,2023-10-17,False,True
Michael McCaul,Republican,House,TX,PYPL,2023-10-26,False,True
Michael McCaul,Republican,House,TX,PYPL,2023-10-30,False,True
Michael McCaul,Republican,House,TX,N/A,2023-10-1,False,True
Michael McCaul,Republican,House,TX,PRI,2023-9-28,False,True
Michael McCaul,Republican,House,TX,PROSY,2023-10-18,False,True
Michael McCaul,Republican,House,TX,SAP,2023-10-11,True,False
Michael McCaul,Republican,House,TX,SCHW,2023-10-26,False,True
Michael McCaul,Republican,House,TX,SHEL,2023-10-11,True,False
Michael McCaul,Republican,House,TX,N/A,2023-10-18,True,False
Michael McCaul,Republican,House,TX,N/A,2023-10-2,True,False
Michael McCaul,Republican,House,TX,N/A,2023-10-11,True,False
Michael McCaul,Republican,House,TX,N/A,2023-10-11,True,False
Michael McCaul,Republican,House,TX,TSM,2023-10-26,True,False
Michael McCaul,Republican,House,TX,TSM,2023-10-11,True,False
Michael McCaul,Republican,House,TX,N/A,2023-10-1,False,True
Michael McCaul,Republican,House,TX,N/A,2023-10-1,False,True
Michael McCaul,Republican,House,TX,N/A,2023-10-9,True,False
Michael McCaul,Republican,House,TX,N/A,2023-10-11,True,False
Michael McCaul,Republican,House,TX,TMO,2023-10-26,False,True
Michael McCaul,Republican,House,TX,TKR,2023-9-28,True,False
Michael McCaul,Republican,House,TX,N/A,2023-10-24,True,False
Michael McCaul,Republican,House,TX,N/A,2023-10-11,False,True
Michael McCaul,Republican,House,TX,N/A,2023-10-9,False,True
Michael McCaul,Republican,House,TX,N/A,2023-10-1,False,True
Michael McCaul,Republican,House,TX,N/A,2023-10-1,False,True
Michael McCaul,Republican,House,TX,N/A,2023-10-2,False,True
Michael McCaul,Republican,House,TX,N/A,2023-10-3,False,True
Michael McCaul,Republican,House,TX,N/A,2023-10-5,False,True
Michael McCaul,Republican,House,TX,N/A,2023-10-3,False,True
Michael McCaul,Republican,House,TX,N/A,2023-10-12,False,True
Michael McCaul,Republican,House,TX,N/A,2023-10-11,False,True
Michael McCaul,Republican,House,TX,N/A,2023-10-18,False,True
Michael McCaul,Republican,House,TX,N/A,2023-10-3,False,True
Michael McCaul,Republican,House,TX,N/A,2023-10-4,False,True
Michael McCaul,Republican,House,TX,N/A,2023-10-22,True,False
Michael McCaul,Republican,House,TX,N/A,2023-10-24,True,False
Michael McCaul,Republican,House,TX,N/A,2023-10-16,True,False
Michael McCaul,Republican,House,TX,V,2023-10-26,False,True
Michael McCaul,Republican,House,TX,N/A,2023-9-27,True,False
Michael McCaul,Republican,House,TX,T,2023-10-24,True,False
Michael McCaul,Republican,House,TX,D,2023-10-24,False,True
Michael McCaul,Republican,House,TX,SUI,2023-10-30,True,False
Michael McCaul,Republican,House,TX,JPM,2023-10-4,False,True
Michael McCaul,Republican,House,TX,JPM,2023-10-4,True,False
Michael McCaul,Republican,House,TX,JPM,2023-10-18,False,True
Michael McCaul,Republican,House,TX,JPM,2023-10-18,True,False
Michael McCaul,Republican,House,TX,OGVXX,2023-10-1,True,False
Michael McCaul,Republican,House,TX,N/A,2023-10-7,True,False
Michael McCaul,Republican,House,TX,N/A,2023-10-5,True,False
Michael McCaul,Republican,House,TX,N/A,2023-10-5,True,False
Michael McCaul,Republican,House,TX,DFCEX,2023-10-1,True,False
Michael McCaul,Republican,House,TX,VWLUX,2023-10-1,True,False
Michael McCaul,Republican,House,TX,DFAI,2023-10-24,True,False
Michael McCaul,Republican,House,TX,LISIX,2023-10-24,False,True
Michael McCaul,Republican,House,TX,ACN,2023-10-26,False,True
Michael McCaul,Republican,House,TX,ADBE,2023-10-26,False,True
Michael McCaul,Republican,House,TX,GOOGL,2023-10-30,True,False
Michael McCaul,Republican,House,TX,GOOGL,2023-10-30,True,False
Michael McCaul,Republican,House,TX,GOOGL,2023-10-30,False,True
Michael McCaul,Republican,House,TX,GOOGL,2023-10-26,False,True
Michael McCaul,Republican,House,TX,GOOGL,2023-10-15,False,True
Michael McCaul,Republican,House,TX,AMZN,2023-10-30,True,False
Michael McCaul,Republican,House,TX,AMZN,2023-10-26,False,True
Michael McCaul,Republican,House,TX,ANET,2023-10-26,False,True
Michael McCaul,Republican,House,TX,N/A,2023-10-26,False,True
Michael McCaul,Republican,House,TX,N/A,2023-10-11,True,False
Michael McCaul,Republican,House,TX,ADSK,2023-10-26,False,True
Michael McCaul,Republican,House,TX,ADP,2023-10-26,False,True
Michael McCaul,Republican,House,TX,N/A,2023-10-30,True,False
Michael McCaul,Republican,House,TX,N/A,2023-10-1,True,False
Michael McCaul,Republican,House,TX,BSX,2023-10-17,True,False
Michael McCaul,Republican,House,TX,BSX,2023-10-30,True,False
Michael McCaul,Republican,House,TX,BSX,2023-10-30,True,False
Michael McCaul,Republican,House,TX,BSX,2023-10-30,False,True
Michael McCaul,Republican,House,TX,BSX,2023-10-26,False,True
Michael McCaul,Republican,House,TX,N/A,2023-10-1,False,True
Michael McCaul,Republican,House,TX,CMG,2023-10-17,True,False
Michael McCaul,Republican,House,TX,CMG,2023-10-26,False,True
Michael McCaul,Republican,House,TX,C,2023-10-11,False,True
Michael McCaul,Republican,House,TX,COP,2023-10-9,True,False
Michael McCaul,Republican,House,TX,CNM,2023-9-28,True,False
Michael McCaul,Republican,House,TX,ELV,2023-9-28,True,False
Michael McCaul,Republican,House,TX,ELV,2023-10-12,True,False
Michael McCaul,Republican,House,TX,ENTG,2023-10-26,False,True
Michael McCaul,Republican,House,TX,ENTG,2023-10-30,False,True
Michael McCaul,Republican,House,TX,EPAM,2023-10-26,False,True
Michael McCaul,Republican,House,TX,FCFS,2023-10-4,False,True
Michael McCaul,Republican,House,TX,FI,2023-10-26,False,True
Michael McCaul,Republican,House,TX,FLT,2023-10-30,False,True
Michael McCaul,Republican,House,TX,FLT,2023-10-26,False,True
Michael McCaul,Republican,House,TX,FLT,2023-10-17,False,True
Michael McCaul,Republican,House,TX,N/A,2023-10-18,True,False
Michael McCaul,Republican,House,TX,FTNT,2023-10-26,False,True
Michael McCaul,Republican,House,TX,N/A,2023-10-18,True,False
Michael McCaul,Republican,House,TX,GE,2023-9-27,False,True
Michael McCaul,Republican,House,TX,G,2023-10-4,True,False
Michael McCaul,Republican,House,TX,N/A,2023-10-18,True,False
Michael McCaul,Republican,House,TX,N/A,2023-10-18,True,False
Michael McCaul,Republican,House,TX,N/A,2023-10-10,True,False
Michael McCaul,Republican,House,TX,IAC,2023-10-1,False,True
Michael McCaul,Republican,House,TX,NSIT,2023-9-28,False,True
Michael McCaul,Republican,House,TX,INTU,2023-10-26,False,True
Michael McCaul,Republican,House,TX,JTSXX,2023-10-26,True,False
Michael McCaul,Republican,House,TX,JTSXX,2023-10-25,True,False
Michael McCaul,Republican,House,TX,JTSXX,2023-10-17,True,False
Michael McCaul,Republican,House,TX,JTSXX,2023-10-3,True,False
Michael McCaul,Republican,House,TX,JTSXX,2023-10-1,True,False
Michael McCaul,Republican,House,TX,JTSXX,2023-10-30,True,False
Michael McCaul,Republican,House,TX,JTSXX,2023-10-19,True,False
Michael McCaul,Republican,House,TX,JTSXX,2023-10-18,True,False
Michael McCaul,Republican,House,TX,JTSXX,2023-10-16,True,False
Michael McCaul,Republican,House,TX,JTSXX,2023-10-15,True,False
Michael McCaul,Republican,House,TX,JTSXX,2023-10-11,True,False
Michael McCaul,Republican,House,TX,JTSXX,2023-10-2,True,False
Michael McCaul,Republican,House,TX,N/A,2023-10-5,False,True
Michael McCaul,Republican,House,TX,LIN,2023-10-26,False,True
Michael McCaul,Republican,House,TX,N/A,2023-10-5,True,False
Michael McCaul,Republican,House,TX,N/A,2023-10-4,True,False
Michael McCaul,Republican,House,TX,MA,2023-10-26,False,True
Michael McCaul,Republican,House,TX,N/A,2023-10-2,False,True
Michael McCaul,Republican,House,TX,META,2023-10-24,False,True
Michael McCaul,Republican,House,TX,META,2023-10-12,False,True
Michael McCaul,Republican,House,TX,META,2023-10-1,False,True
Michael McCaul,Republican,House,TX,MSFT,2023-10-26,False,True
Michael McCaul,Republican,House,TX,N/A,2023-10-19,True,False
Michael McCaul,Republican,House,TX,N/A,2023-10-4,True,False
Michael McCaul,Republican,House,TX,N/A,2023-10-4,True,False
Michael McCaul,Republican,House,TX,MNST,2023-10-26,False,True
Michael McCaul,Republican,House,TX,NFLX,2023-10-1,False,True
Michael McCaul,Republican,House,TX,NBIX,2023-10-26,False,True
Michael McCaul,Republican,House,TX,N/A,2023-10-3,True,False
Michael McCaul,Republican,House,TX,N/A,2023-10-3,True,False
Michael McCaul,Republican,House,TX,N/A,2023-10-25,True,False
Michael McCaul,Republican,House,TX,N/A,2023-10-4,True,False
Michael McCaul,Republican,House,TX,N/A,2023-10-24,True,False
Michael McCaul,Republican,House,TX,N/A,2023-10-26,False,True
Michael McCaul,Republican,House,TX,NVDA,2023-10-26,False,True
Michael McCaul,Republican,House,TX,OXY,2023-10-11,True,False
Michael McCaul,Republican,House,TX,N/A,2023-10-5,True,False
Michael McCaul,Republican,House,TX,N/A,2023-10-24,True,False
Michael McCaul,Republican,House,TX,PAYC,2023-10-26,False,True
Michael McCaul,Republican,House,TX,PYPL,2023-10-17,False,True
Michael McCaul,Republican,House,TX,PYPL,2023-10-26,False,True
Michael McCaul,Republican,House,TX,PYPL,2023-10-30,False,True
Michael McCaul,Republican,House,TX,N/A,2023-10-1,False,True
Michael McCaul,Republican,House,TX,PRI,2023-9-28,False,True
Michael McCaul,Republican,House,TX,PROSY,2023-10-18,False,True
Michael McCaul,Republican,House,TX,SAP,2023-10-11,True,False
Michael McCaul,Republican,House,TX,SCHW,2023-10-26,False,True
Michael McCaul,Republican,House,TX,SHEL,2023-10-11,True,False
Michael McCaul,Republican,House,TX,N/A,2023-10-18,True,False
Michael McCaul,Republican,House,TX,N/A,2023-10-2,True,False
Michael McCaul,Republican,House,TX,N/A,2023-10-11,True,False
Michael McCaul,Republican,House,TX,N/A,2023-10-11,True,False
Michael McCaul,Republican,House,TX,TSM,2023-10-26,True,False
Michael McCaul,Republican,House,TX,TSM,2023-10-11,True,False
Michael McCaul,Republican,House,TX,N/A,2023-10-1,False,True
Michael McCaul,Republican,House,TX,N/A,2023-10-1,False,True
Michael McCaul,Republican,House,TX,N/A,2023-10-9,True,False
Michael McCaul,Republican,House,TX,N/A,2023-10-11,True,False
Michael McCaul,Republican,House,TX,TMO,2023-10-26,False,True
Michael McCaul,Republican,House,TX,TKR,2023-9-28,True,False
Michael McCaul,Republican,House,TX,N/A,2023-10-24,True,False
Michael McCaul,Republican,House,TX,N/A,2023-10-11,False,True
Michael McCaul,Republican,House,TX,N/A,2023-10-9,False,True
Michael McCaul,Republican,House,TX,N/A,2023-10-1,False,True
Michael McCaul,Republican,House,TX,N/A,2023-10-1,False,True
Michael McCaul,Republican,House,TX,N/A,2023-10-2,False,True
Michael McCaul,Republican,House,TX,N/A,2023-10-3,False,True
Michael McCaul,Republican,House,TX,N/A,2023-10-5,False,True
Michael McCaul,Republican,House,TX,N/A,2023-10-3,False,True
Michael McCaul,Republican,House,TX,N/A,2023-10-12,False,True
Michael McCaul,Republican,House,TX,N/A,2023-10-11,False,True
Michael McCaul,Republican,House,TX,N/A,2023-10-18,False,True
Michael McCaul,Republican,House,TX,N/A,2023-10-3,False,True
Michael McCaul,Republican,House,TX,N/A,2023-10-4,False,True
Michael McCaul,Republican,House,TX,N/A,2023-10-22,True,False
Michael McCaul,Republican,House,TX,N/A,2023-10-24,True,False
Michael McCaul,Republican,House,TX,N/A,2023-10-16,True,False
Michael McCaul,Republican,House,TX,V,2023-10-26,False,True
Michael McCaul,Republican,House,TX,N/A,2023-9-27,True,False
Michael McCaul,Republican,House,TX,T,2023-10-24,True,False
Michael McCaul,Republican,House,TX,D,2023-10-24,False,True
Michael McCaul,Republican,House,TX,SUI,2023-10-30,True,False
Michael McCaul,Republican,House,TX,JPM,2023-10-4,False,True
Michael McCaul,Republican,House,TX,JPM,2023-10-4,True,False
Michael McCaul,Republican,House,TX,JPM,2023-10-18,False,True
Michael McCaul,Republican,House,TX,JPM,2023-10-18,True,False
Michael McCaul,Republican,House,TX,OGVXX,2023-10-1,True,False
Michael McCaul,Republican,House,TX,N/A,2023-10-5,True,False
Michael McCaul,Republican,House,TX,N/A,2023-10-5,True,False
Michael McCaul,Republican,House,TX,N/A,2023-10-5,True,False
Michael McCaul,Republican,House,TX,DFCEX,2023-10-1,True,False
Michael McCaul,Republican,House,TX,VWLUX,2023-10-1,True,False
Michael McCaul,Republican,House,TX,DFAI,2023-10-24,True,False
Michael McCaul,Republican,House,TX,LISIX,2023-10-24,False,True
Michael McCaul,Republican,House,TX,DFAI,2023-10-24,True,False
Michael McCaul,Republican,House,TX,LISIX,2023-10-24,False,True
Michael McCaul,Republican,House,TX,DFAI,2023-10-24,True,False
Michael McCaul,Republican,House,TX,LISIX,2023-10-24,False,True
Michael McCaul,Republican,House,TX,VMFXX,2023-10-1,False,True
Michael McCaul,Republican,House,TX,N/A,2023-10-5,True,False
Kevin Hern,Republican,House,OK,CMP,2023-10-10,False,True
Kevin Hern,Republican,House,OK,INRE,2023-10-5,True,False
Kevin Hern,Republican,House,OK,JPM,2023-10-30,True,False
Kevin Hern,Republican,House,OK,N/A,2023-10-10,True,False
Kevin Hern,Republican,House,OK,N/A,2023-10-10,True,False
Kevin Hern,Republican,House,OK,VOD,2023-10-10,False,True
Thomas Kean Jr,Republican,House,NJ,VMW,2023-10-3,False,True
Tina Smith,Democrat,Senate,MN,AORT,2023-11-15,True,False
Tina Smith,Democrat,Senate,MN,TCMD,2023-11-7,True,False
Tina Smith,Democrat,Senate,MN,AORT,2023-11-9,True,False
Morgan McGarvey,Democrat,House,KY,SCHW,2023-10-4,True,False
Jonathan Jackson,Democrat,House,IL,GPK,2023-10-10,False,True
Jonathan Jackson,Democrat,House,IL,LULU,2023-10-29,True,False
Jonathan Jackson,Democrat,House,IL,MAR,2023-10-10,True,False
Jonathan Jackson,Democrat,House,IL,NEE,2023-10-3,False,True
Jonathan Jackson,Democrat,House,IL,HSY,2023-10-29,False,True
John Curtis,Republican,House,UT,N/A,2023-11-8,True,False
Rick Allen,Republican,House,GA,ATVI,2023-10-12,False,True
Rick Allen,Republican,House,GA,ATVI,2023-10-12,False,True
Rick Allen,Republican,House,GA,SCHW,2023-10-9,True,False
Rick Allen,Republican,House,GA,N/A,2023-10-2,True,False
Tommy Tuberville,Republican,Senate,AL,KMB,2023-10-30,False,True
Tommy Tuberville,Republican,Senate,AL,CLX,2023-10-30,False,True
Tommy Tuberville,Republican,Senate,AL,CLF,2023-10-30,False,True
Tommy Tuberville,Republican,Senate,AL,CLF,2023-10-30,False,True
Tommy Tuberville,Republican,Senate,AL,KMB,2023-10-30,False,True
Tommy Tuberville,Republican,Senate,AL,HPQ,2023-10-30,False,True
Tommy Tuberville,Republican,Senate,AL,CLX,2023-10-30,False,True
Tommy Tuberville,Republican,Senate,AL,CLX,2023-10-30,False,True
Tommy Tuberville,Republican,Senate,AL,CLX,2023-10-30,False,True
Tommy Tuberville,Republican,Senate,AL,CLX,2023-10-30,False,True
Tommy Tuberville,Republican,Senate,AL,CLX,2023-10-30,False,True
Tommy Tuberville,Republican,Senate,AL,CLX,2023-10-30,False,True
Tommy Tuberville,Republican,Senate,AL,HPQ,2023-10-29,True,False
Tommy Tuberville,Republican,Senate,AL,CLX,2023-10-24,True,False
Tommy Tuberville,Republican,Senate,AL,HPQ,2023-10-22,True,False
Tommy Tuberville,Republican,Senate,AL,HPQ,2023-10-22,False,True
Tommy Tuberville,Republican,Senate,AL,CLF,2023-10-22,True,False
Tommy Tuberville,Republican,Senate,AL,CLF,2023-10-17,True,False
Tommy Tuberville,Republican,Senate,AL,AMAT,2023-10-16,False,True
Tommy Tuberville,Republican,Senate,AL,AMAT,2023-10-16,False,True
Tommy Tuberville,Republican,Senate,AL,TSLA,2023-10-16,True,False
Tommy Tuberville,Republican,Senate,AL,TSLA,2023-10-16,True,False
Tommy Tuberville,Republican,Senate,AL,TSLA,2023-10-16,True,False
Tommy Tuberville,Republican,Senate,AL,KO,2023-10-16,True,False
Tommy Tuberville,Republican,Senate,AL,KO,2023-10-16,True,False
Tommy Tuberville,Republican,Senate,AL,TXN,2023-10-16,True,False
Tommy Tuberville,Republican,Senate,AL,TXN,2023-10-16,True,False
Tommy Tuberville,Republican,Senate,AL,TXN,2023-10-16,True,False
Tommy Tuberville,Republican,Senate,AL,TXN,2023-10-16,True,False
Tommy Tuberville,Republican,Senate,AL,TXN,2023-10-16,True,False
Tommy Tuberville,Republican,Senate,AL,WU,2023-10-16,True,False
Tommy Tuberville,Republican,Senate,AL,UNP,2023-10-16,False,True
Tommy Tuberville,Republican,Senate,AL,MMM,2023-10-16,True,False
Tommy Tuberville,Republican,Senate,AL,TSLA,2023-10-16,False,True
Tommy Tuberville,Republican,Senate,AL,SCCO,2023-10-16,True,False
Tommy Tuberville,Republican,Senate,AL,SWKS,2023-10-16,False,True
Tommy Tuberville,Republican,Senate,AL,ROK,2023-10-16,True,False
Tommy Tuberville,Republican,Senate,AL,RMD,2023-10-16,True,False
Tommy Tuberville,Republican,Senate,AL,PHM,2023-10-16,True,False
Tommy Tuberville,Republican,Senate,AL,NXPI,2023-10-16,True,False
Tommy Tuberville,Republican,Senate,AL,MCO,2023-10-16,True,False
Tommy Tuberville,Republican,Senate,AL,MNST,2023-10-16,True,False
Tommy Tuberville,Republican,Senate,AL,MPWR,2023-10-16,True,False
Tommy Tuberville,Republican,Senate,AL,MCHP,2023-10-16,True,False
Tommy Tuberville,Republican,Senate,AL,MMC,2023-10-16,True,False
Tommy Tuberville,Republican,Senate,AL,ITW,2023-10-16,True,False
Tommy Tuberville,Republican,Senate,AL,GGG,2023-10-16,True,False
Tommy Tuberville,Republican,Senate,AL,FTNT,2023-10-16,True,False
Tommy Tuberville,Republican,Senate,AL,META,2023-10-16,True,False
Tommy Tuberville,Republican,Senate,AL,KO,2023-10-16,False,True
Tommy Tuberville,Republican,Senate,AL,BMY,2023-10-16,True,False
Tommy Tuberville,Republican,Senate,AL,AMAT,2023-10-16,True,False
Tommy Tuberville,Republican,Senate,AL,AON,2023-10-16,True,False
Tommy Tuberville,Republican,Senate,AL,WMS,2023-10-16,True,False
Tommy Tuberville,Republican,Senate,AL,ABBV,2023-10-16,True,False
Tommy Tuberville,Republican,Senate,AL,SKY,2023-10-15,False,True
Tommy Tuberville,Republican,Senate,AL,RRC,2023-10-15,False,True
Tommy Tuberville,Republican,Senate,AL,ODFL,2023-10-15,False,True
Tommy Tuberville,Republican,Senate,AL,NSC,2023-10-15,False,True
Tommy Tuberville,Republican,Senate,AL,MRK,2023-10-15,False,True
Tommy Tuberville,Republican,Senate,AL,JNJ,2023-10-15,False,True
Tommy Tuberville,Republican,Senate,AL,JKHY,2023-10-15,False,True
Tommy Tuberville,Republican,Senate,AL,GSK,2023-10-15,False,True
Tommy Tuberville,Republican,Senate,AL,GIS,2023-10-15,False,True
Tommy Tuberville,Republican,Senate,AL,DIOD,2023-10-15,False,True
Tommy Tuberville,Republican,Senate,AL,CBSH,2023-10-15,False,True
Tommy Tuberville,Republican,Senate,AL,CRUS,2023-10-15,False,True
Tommy Tuberville,Republican,Senate,AL,CSX,2023-10-15,False,True
Tommy Tuberville,Republican,Senate,AL,ADP,2023-10-15,False,True
Tommy Tuberville,Republican,Senate,AL,A,2023-10-15,False,True
Tommy Tuberville,Republican,Senate,AL,TXN,2023-10-10,True,False
Tommy Tuberville,Republican,Senate,AL,X,2023-10-10,True,False
Tommy Tuberville,Republican,Senate,AL,LPX,2023-10-10,True,False
Tommy Tuberville,Republican,Senate,AL,TXN,2023-10-10,False,True
Tommy Tuberville,Republican,Senate,AL,X,2023-10-10,False,True
Tommy Tuberville,Republican,Senate,AL,X,2023-10-10,False,True
Tommy Tuberville,Republican,Senate,AL,LPX,2023-10-10,False,True
Tommy Tuberville,Republican,Senate,AL,TXN,2023-10-10,False,True
Tommy Tuberville,Republican,Senate,AL,TXN,2023-10-10,False,True
Tommy Tuberville,Republican,Senate,AL,TXN,2023-10-10,False,True
Tommy Tuberville,Republican,Senate,AL,TXN,2023-10-10,False,True
Tommy Tuberville,Republican,Senate,AL,TXN,2023-10-10,False,True
Tommy Tuberville,Republican,Senate,AL,TXN,2023-10-10,False,True
Tommy Tuberville,Republican,Senate,AL,NU,2023-10-10,False,True
Tommy Tuberville,Republican,Senate,AL,LPX,2023-10-10,False,True
Tommy Tuberville,Republican,Senate,AL,KR,2023-10-10,False,True
Tommy Tuberville,Republican,Senate,AL,KR,2023-10-2,True,False
Scott Peters,Democrat,House,CA,N/A,2023-10-1,False,True
Scott Peters,Democrat,House,CA,N/A,2023-10-30,True,False
Scott Peters,Democrat,House,CA,N/A,2023-10-1,False,True
Gerry Connolly,Democrat,House,VA,D,2023-11-12,False,True
Gerry Connolly,Democrat,House,VA,LDOS,2023-11-12,False,True
Gerry Connolly,Democrat,House,VA,SAIC,2023-11-12,False,True
Greg Stanton,Democrat,House,AZ,TDY,2023-10-23,False,True
Josh Gottheimer,Democrat,House,NJ,ADYEY,2023-10-15,True,False
Josh Gottheimer,Democrat,House,NJ,ALG,2023-10-26,False,True
Josh Gottheimer,Democrat,House,NJ,ALGN,2023-10-26,False,True
Josh Gottheimer,Democrat,House,NJ,ALGT,2023-10-15,True,False
Josh Gottheimer,Democrat,House,NJ,ALGM,2023-10-26,True,False
Josh Gottheimer,Democrat,House,NJ,GOOGL,2023-10-24,False,True
Josh Gottheimer,Democrat,House,NJ,GOOGL,2023-10-10,False,True
Josh Gottheimer,Democrat,House,NJ,AAPL,2023-10-29,True,False
Josh Gottheimer,Democrat,House,NJ,ANET,2023-10-15,True,False
Josh Gottheimer,Democrat,House,NJ,BCRX,2023-10-15,True,False
Josh Gottheimer,Democrat,House,NJ,CCI,2023-10-15,True,False
Josh Gottheimer,Democrat,House,NJ,D,2023-10-15,True,False
Josh Gottheimer,Democrat,House,NJ,DCO,2023-10-10,True,False
Josh Gottheimer,Democrat,House,NJ,LLY,2023-10-10,True,False
Josh Gottheimer,Democrat,House,NJ,DAVA,2023-10-15,True,False
Josh Gottheimer,Democrat,House,NJ,XNGSY,2023-10-15,True,False
Josh Gottheimer,Democrat,House,NJ,EL,2023-10-29,False,True
Josh Gottheimer,Democrat,House,NJ,EXAS,2023-10-15,True,False
Josh Gottheimer,Democrat,House,NJ,FANUY,2023-10-15,True,False
Josh Gottheimer,Democrat,House,NJ,FIS,2023-10-15,True,False
Josh Gottheimer,Democrat,House,NJ,FSLR,2023-10-15,True,False
Josh Gottheimer,Democrat,House,NJ,FOXF,2023-10-15,True,False
Josh Gottheimer,Democrat,House,NJ,GMAB,2023-10-15,True,False
Josh Gottheimer,Democrat,House,NJ,HDB,2023-10-26,True,False
Josh Gottheimer,Democrat,House,NJ,ICFI,2023-10-26,False,True
Josh Gottheimer,Democrat,House,NJ,IART,2023-10-15,True,False
Josh Gottheimer,Democrat,House,NJ,ISRG,2023-10-26,False,True
Josh Gottheimer,Democrat,House,NJ,JBL,2023-10-8,True,False
Josh Gottheimer,Democrat,House,NJ,LOW,2023-10-10,False,True
Josh Gottheimer,Democrat,House,NJ,META,2023-10-25,False,True
Josh Gottheimer,Democrat,House,NJ,MSFT,2023-10-10,False,True
Josh Gottheimer,Democrat,House,NJ,MSFT,2023-10-26,True,False
Josh Gottheimer,Democrat,House,NJ,NCLTY,2023-10-15,True,False
Josh Gottheimer,Democrat,House,NJ,NVZMY,2023-10-15,True,False
Josh Gottheimer,Democrat,House,NJ,ON,2023-10-26,True,False
Josh Gottheimer,Democrat,House,NJ,ON,2023-10-15,True,False
Josh Gottheimer,Democrat,House,NJ,PHR,2023-10-15,True,False
Josh Gottheimer,Democrat,House,NJ,PNGAY,2023-10-15,True,False
Josh Gottheimer,Democrat,House,NJ,PRIM,2023-10-26,False,True
Josh Gottheimer,Democrat,House,NJ,RVLV,2023-10-15,True,False
Josh Gottheimer,Democrat,House,NJ,SGEN,2023-10-26,False,True
Josh Gottheimer,Democrat,House,NJ,SHW,2023-10-29,False,True
Josh Gottheimer,Democrat,House,NJ,SMNNY,2023-10-15,True,False
Josh Gottheimer,Democrat,House,NJ,SGIOY,2023-10-15,True,False
Josh Gottheimer,Democrat,House,NJ,SHLS,2023-10-15,True,False
Josh Gottheimer,Democrat,House,NJ,SLGN,2023-10-15,True,False
Josh Gottheimer,Democrat,House,NJ,SBUX,2023-10-15,True,False
Josh Gottheimer,Democrat,House,NJ,TSLA,2023-10-10,False,True
Josh Gottheimer,Democrat,House,NJ,SHYF,2023-10-17,False,True
Josh Gottheimer,Democrat,House,NJ,SHYF,2023-10-15,True,False
Josh Gottheimer,Democrat,House,NJ,TWKS,2023-10-15,True,False
Josh Gottheimer,Democrat,House,NJ,UFPI,2023-10-10,False,True
Josh Gottheimer,Democrat,House,NJ,UTZ,2023-10-15,True,False
Josh Gottheimer,Democrat,House,NJ,VCYT,2023-10-15,True,False
Josh Gottheimer,Democrat,House,NJ,VZ,2023-10-15,True,False
Josh Gottheimer,Democrat,House,NJ,VIAV,2023-10-15,True,False
Josh Gottheimer,Democrat,House,NJ,GWW,2023-10-29,True,False
Carol Miller,Republican,House,WV,EMXC,2023-10-5,True,False
Carol Miller,Republican,House,WV,EMXC,2023-10-5,True,False
David Kustoff,Republican,House,TN,YOU,2023-11-5,False,True
Ro Khanna,Democrat,House,CA,HD,2023-10-11,False,True
Ro Khanna,Democrat,House,CA,AJG,2023-10-15,True,False
Ro Khanna,Democrat,House,CA,VRSK,2023-10-16,False,True
Ro Khanna,Democrat,House,CA,VLTO,2023-10-16,True,False
Ro Khanna,Democrat,House,CA,CDNS,2023-10-16,False,True
Ro Khanna,Democrat,House,CA,ROST,2023-10-5,True,False
Ro Khanna,Democrat,House,CA,KMX,2023-10-19,True,False
Ro Khanna,Democrat,House,CA,CVS,2023-10-5,True,False
Ro Khanna,Democrat,House,CA,ACN,2023-10-5,True,False
Ro Khanna,Democrat,House,CA,PEP,2023-10-19,True,False
Ro Khanna,Democrat,House,CA,SBAC,2023-10-8,True,False
Ro Khanna,Democrat,House,CA,EXR,2023-10-5,True,False
Ro Khanna,Democrat,House,CA,TGT,2023-10-19,True,False
Ro Khanna,Democrat,House,CA,C,2023-10-29,True,False
Ro Khanna,Democrat,House,CA,TXN,2023-10-19,True,False
Ro Khanna,Democrat,House,CA,KKR,2023-10-19,True,False
Ro Khanna,Democrat,House,CA,PH,2023-10-19,True,False
Ro Khanna,Democrat,House,CA,RRX,2023-10-19,True,False
Ro Khanna,Democrat,House,CA,FERG,2023-10-19,True,False
Ro Khanna,Democrat,House,CA,FERG,2023-10-30,True,False
Ro Khanna,Democrat,House,CA,WFC,2023-10-19,True,False
Ro Khanna,Democrat,House,CA,AMZN,2023-10-19,True,False
Ro Khanna,Democrat,House,CA,AIG,2023-10-19,True,False
Ro Khanna,Democrat,House,CA,EXR,2023-10-18,True,False
Ro Khanna,Democrat,House,CA,LLY,2023-10-5,True,False
Ro Khanna,Democrat,House,CA,PYPL,2023-10-5,False,True
Ro Khanna,Democrat,House,CA,N/A,2023-10-4,False,True
Ro Khanna,Democrat,House,CA,AIG,2023-10-10,False,True
Ro Khanna,Democrat,House,CA,CARR,2023-10-26,False,True
Ro Khanna,Democrat,House,CA,LLY,2023-10-5,False,True
Ro Khanna,Democrat,House,CA,CAT,2023-10-5,False,True
Ro Khanna,Democrat,House,CA,GOOGL,2023-10-5,False,True
Ro Khanna,Democrat,House,CA,N/A,2023-10-8,False,True
Ro Khanna,Democrat,House,CA,BAX,2023-10-19,True,False
Ro Khanna,Democrat,House,CA,ZBH,2023-10-22,True,False
Ro Khanna,Democrat,House,CA,ZBH,2023-10-24,True,False
Ro Khanna,Democrat,House,CA,AVTR,2023-10-24,False,True
Ro Khanna,Democrat,House,CA,N/A,2023-10-4,False,True
Ro Khanna,Democrat,House,CA,AIG,2023-10-10,False,True
Ro Khanna,Democrat,House,CA,GOOGL,2023-10-12,False,True
Ro Khanna,Democrat,House,CA,TMUS,2023-10-1,True,False
Ro Khanna,Democrat,House,CA,AIG,2023-10-1,True,False
Ro Khanna,Democrat,House,CA,DIS,2023-10-1,True,False
Ro Khanna,Democrat,House,CA,N/A,2023-10-15,True,False
Ro Khanna,Democrat,House,CA,BX,2023-10-1,True,False
Ro Khanna,Democrat,House,CA,MRK,2023-10-1,True,False
Ro Khanna,Democrat,House,CA,CVS,2023-10-1,True,False
Ro Khanna,Democrat,House,CA,QCOM,2023-10-1,True,False
Ro Khanna,Democrat,House,CA,GIS,2023-10-1,True,False
Ro Khanna,Democrat,House,CA,BRK/B,2023-10-1,True,False
Ro Khanna,Democrat,House,CA,MSFT,2023-10-1,True,False
Ro Khanna,Democrat,House,CA,MDT,2023-10-1,True,False
Ro Khanna,Democrat,House,CA,ABNB,2023-10-1,True,False
Ro Khanna,Democrat,House,CA,ABT,2023-10-1,True,False
Ro Khanna,Democrat,House,CA,NSC,2023-10-1,True,False
Ro Khanna,Democrat,House,CA,DHR,2023-10-1,True,False
Ro Khanna,Democrat,House,CA,COF,2023-10-1,True,False
Ro Khanna,Democrat,House,CA,C,2023-10-1,True,False
Ro Khanna,Democrat,House,CA,SBUX,2023-10-16,True,False
Ro Khanna,Democrat,House,CA,ITW,2023-10-1,True,False
Ro Khanna,Democrat,House,CA,UNH,2023-10-1,True,False
Ro Khanna,Democrat,House,CA,EL,2023-10-1,True,False
Ro Khanna,Democrat,House,CA,BLK,2023-10-1,True,False
Ro Khanna,Democrat,House,CA,CSX,2023-10-1,True,False
Ro Khanna,Democrat,House,CA,DG,2023-10-1,True,False
Ro Khanna,Democrat,House,CA,BKNG,2023-10-1,True,False
Ro Khanna,Democrat,House,CA,WM,2023-10-1,True,False
Ro Khanna,Democrat,House,CA,CCI,2023-10-1,True,False
Ro Khanna,Democrat,House,CA,JNJ,2023-10-1,True,False
Ro Khanna,Democrat,House,CA,SYK,2023-10-16,True,False
Ro Khanna,Democrat,House,CA,PSA,2023-10-1,True,False
Ro Khanna,Democrat,House,CA,ABBV,2023-10-1,True,False
Ro Khanna,Democrat,House,CA,PEP,2023-10-1,True,False
Ro Khanna,Democrat,House,CA,BIIB,2023-10-1,True,False
Ro Khanna,Democrat,House,CA,AMP,2023-10-1,True,False
Ro Khanna,Democrat,House,CA,EA,2023-10-1,True,False
Ro Khanna,Democrat,House,CA,ORCL,2023-10-1,True,False
Ro Khanna,Democrat,House,CA,MNST,2023-10-1,True,False
Ro Khanna,Democrat,House,CA,DXCM,2023-10-1,True,False
Ro Khanna,Democrat,House,CA,ROST,2023-10-1,True,False
Ro Khanna,Democrat,House,CA,BSX,2023-10-16,True,False
Ro Khanna,Democrat,House,CA,ZBH,2023-10-1,True,False
Ro Khanna,Democrat,House,CA,URI,2023-10-1,True,False
Ro Khanna,Democrat,House,CA,ISRG,2023-10-1,True,False
Ro Khanna,Democrat,House,CA,RMD,2023-10-1,True,False
Ro Khanna,Democrat,House,CA,KDP,2023-10-1,True,False
Ro Khanna,Democrat,House,CA,GPC,2023-10-1,True,False
Ro Khanna,Democrat,House,CA,RVTY,2023-10-1,True,False
Ro Khanna,Democrat,House,CA,DHI,2023-10-1,True,False
Ro Khanna,Democrat,House,CA,T,2023-10-1,True,False
Ro Khanna,Democrat,House,CA,RSG,2023-10-1,True,False
Ro Khanna,Democrat,House,CA,CL,2023-10-1,True,False
Ro Khanna,Democrat,House,CA,MO,2023-10-1,True,False
Ro Khanna,Democrat,House,CA,FTNT,2023-10-1,True,False
Ro Khanna,Democrat,House,CA,DFS,2023-10-1,True,False
Ro Khanna,Democrat,House,CA,ILMN,2023-10-1,True,False
Ro Khanna,Democrat,House,CA,ULTA,2023-10-1,True,False
Ro Khanna,Democrat,House,CA,UNP,2023-10-1,True,False
Ro Khanna,Democrat,House,CA,SYY,2023-10-1,True,False
Ro Khanna,Democrat,House,CA,MCD,2023-10-1,True,False
Ro Khanna,Democrat,House,CA,LIN,2023-10-1,True,False
Ro Khanna,Democrat,House,CA,VRTX,2023-10-1,True,False
Ro Khanna,Democrat,House,CA,MDLZ,2023-10-1,True,False
Ro Khanna,Democrat,House,CA,AMZN,2023-10-1,True,False
Ro Khanna,Democrat,House,CA,COO,2023-10-1,True,False
Ro Khanna,Democrat,House,CA,ANSS,2023-10-1,True,False
Ro Khanna,Democrat,House,CA,CI,2023-10-1,True,False
Ro Khanna,Democrat,House,CA,MSI,2023-10-1,True,False
Ro Khanna,Democrat,House,CA,WAT,2023-10-1,True,False
Ro Khanna,Democrat,House,CA,AAPL,2023-10-1,True,False
Ro Khanna,Democrat,House,CA,INTU,2023-10-1,True,False
Ro Khanna,Democrat,House,CA,BDX,2023-10-1,True,False
Ro Khanna,Democrat,House,CA,TSLA,2023-10-1,True,False
Ro Khanna,Democrat,House,CA,TEL,2023-10-1,True,False
Ro Khanna,Democrat,House,CA,CTAS,2023-10-1,True,False
Ro Khanna,Democrat,House,CA,AMD,2023-10-1,True,False
Ro Khanna,Democrat,House,CA,ENPH,2023-10-1,True,False
Ro Khanna,Democrat,House,CA,V,2023-10-1,True,False
Ro Khanna,Democrat,House,CA,XYL,2023-10-1,True,False
Ro Khanna,Democrat,House,CA,PAYX,2023-10-1,True,False
Ro Khanna,Democrat,House,CA,CTVA,2023-10-1,True,False
Ro Khanna,Democrat,House,CA,IR,2023-10-1,True,False
Ro Khanna,Democrat,House,CA,CARR,2023-10-1,True,False
Ro Khanna,Democrat,House,CA,ROL,2023-10-1,True,False
Ro Khanna,Democrat,House,CA,XRAY,2023-10-1,True,False
Ro Khanna,Democrat,House,CA,BEN,2023-10-1,True,False
Ro Khanna,Democrat,House,CA,ICE,2023-10-1,True,False
Ro Khanna,Democrat,House,CA,STE,2023-10-1,True,False
Ro Khanna,Democrat,House,CA,DRI,2023-10-1,True,False
Ro Khanna,Democrat,House,CA,LLY,2023-10-1,True,False
Ro Khanna,Democrat,House,CA,CHRW,2023-10-1,True,False
Ro Khanna,Democrat,House,CA,NEM,2023-10-1,True,False
Ro Khanna,Democrat,House,CA,PCAR,2023-10-1,True,False
Ro Khanna,Democrat,House,CA,IP,2023-10-1,True,False
Ro Khanna,Democrat,House,CA,GLW,2023-10-1,True,False
Ro Khanna,Democrat,House,CA,IBM,2023-10-1,True,False
Ro Khanna,Democrat,House,CA,OGN,2023-10-1,True,False
Ro Khanna,Democrat,House,CA,USB,2023-10-1,True,False
Ro Khanna,Democrat,House,CA,TROW,2023-10-1,True,False
Ro Khanna,Democrat,House,CA,APH,2023-10-1,True,False
Ro Khanna,Democrat,House,CA,CB,2023-10-1,True,False
Ro Khanna,Democrat,House,CA,MU,2023-10-1,True,False
Ro Khanna,Democrat,House,CA,GOOGL,2023-10-1,True,False
Ro Khanna,Democrat,House,CA,TT,2023-10-1,True,False
Ro Khanna,Democrat,House,CA,TECH,2023-10-1,True,False
Ro Khanna,Democrat,House,CA,IFF,2023-10-1,True,False
Ro Khanna,Democrat,House,CA,KEYS,2023-10-1,True,False
Ro Khanna,Democrat,House,CA,CRL,2023-10-1,True,False
Ro Khanna,Democrat,House,CA,DE,2023-10-1,True,False
Ro Khanna,Democrat,House,CA,CMG,2023-10-1,True,False
Ro Khanna,Democrat,House,CA,SAP,2023-10-1,True,False
Ro Khanna,Democrat,House,CA,BIO,2023-10-1,True,False
Ro Khanna,Democrat,House,CA,GPN,2023-10-1,True,False
Ro Khanna,Democrat,House,CA,ALB,2023-10-1,True,False
Ro Khanna,Democrat,House,CA,MCO,2023-10-1,True,False
Ro Khanna,Democrat,House,CA,ALGN,2023-10-1,True,False
Ro Khanna,Democrat,House,CA,NKE,2023-10-1,True,False
Ro Khanna,Democrat,House,CA,PM,2023-10-1,True,False
Ro Khanna,Democrat,House,CA,KO,2023-10-1,False,True
Ro Khanna,Democrat,House,CA,VZ,2023-10-1,False,True
Ro Khanna,Democrat,House,CA,TMO,2023-10-1,False,True
Ro Khanna,Democrat,House,CA,PFE,2023-10-1,False,True
Ro Khanna,Democrat,House,CA,BMY,2023-10-1,False,True
Ro Khanna,Democrat,House,CA,UPS,2023-10-1,False,True
Ro Khanna,Democrat,House,CA,AMAT,2023-10-1,False,True
Ro Khanna,Democrat,House,CA,SYK,2023-10-1,False,True
Ro Khanna,Democrat,House,CA,MS,2023-10-1,False,True
Ro Khanna,Democrat,House,CA,BSX,2023-10-1,False,True
Ro Khanna,Democrat,House,CA,REGN,2023-10-1,False,True
Ro Khanna,Democrat,House,CA,AXP,2023-10-1,False,True
Ro Khanna,Democrat,House,CA,GILD,2023-10-1,False,True
Ro Khanna,Democrat,House,CA,APD,2023-10-1,False,True
Ro Khanna,Democrat,House,CA,HPQ,2023-10-1,False,True
Ro Khanna,Democrat,House,CA,SBUX,2023-10-1,False,True
Ro Khanna,Democrat,House,CA,HCA,2023-10-1,False,True
Ro Khanna,Democrat,House,CA,TGT,2023-10-1,False,True
Ro Khanna,Democrat,House,CA,HLT,2023-10-1,False,True
Ro Khanna,Democrat,House,CA,YUM,2023-10-1,False,True
Ro Khanna,Democrat,House,CA,MA,2023-10-1,False,True
Ro Khanna,Democrat,House,CA,PANW,2023-10-1,False,True
Ro Khanna,Democrat,House,CA,BK,2023-10-1,False,True
Ro Khanna,Democrat,House,CA,MMM,2023-10-1,False,True
Ro Khanna,Democrat,House,CA,HSY,2023-10-1,False,True
Ro Khanna,Democrat,House,CA,IQV,2023-10-1,False,True
Ro Khanna,Democrat,House,CA,MTD,2023-10-1,False,True
Ro Khanna,Democrat,House,CA,JCI,2023-10-1,False,True
Ro Khanna,Democrat,House,CA,AME,2023-10-1,False,True
Ro Khanna,Democrat,House,CA,TXN,2023-10-1,False,True
Ro Khanna,Democrat,House,CA,A,2023-10-1,False,True
Ro Khanna,Democrat,House,CA,ELV,2023-10-1,False,True
Ro Khanna,Democrat,House,CA,HPE,2023-10-1,False,True
Ro Khanna,Democrat,House,CA,EW,2023-10-1,False,True
Ro Khanna,Democrat,House,CA,IDXX,2023-10-1,False,True
Ro Khanna,Democrat,House,CA,TSCO,2023-10-1,False,True
Ro Khanna,Democrat,House,CA,HIG,2023-10-1,False,True
Ro Khanna,Democrat,House,CA,PYPL,2023-10-1,False,True
Ro Khanna,Democrat,House,CA,CSGP,2023-10-1,False,True
Ro Khanna,Democrat,House,CA,MRNA,2023-10-1,False,True
Ro Khanna,Democrat,House,CA,PWR,2023-10-1,False,True
Ro Khanna,Democrat,House,CA,GWW,2023-10-1,False,True
Ro Khanna,Democrat,House,CA,GEHC,2023-10-1,False,True
Ro Khanna,Democrat,House,CA,NTRS,2023-10-1,False,True
Ro Khanna,Democrat,House,CA,PLD,2023-10-1,False,True
Ro Khanna,Democrat,House,CA,CLX,2023-10-1,False,True
Ro Khanna,Democrat,House,CA,BAX,2023-10-1,False,True
Ro Khanna,Democrat,House,CA,BF/A,2023-10-1,False,True
Ro Khanna,Democrat,House,CA,NOW,2023-10-1,False,True
Ro Khanna,Democrat,House,CA,WBD,2023-10-1,False,True
Ro Khanna,Democrat,House,CA,PAYC,2023-10-1,False,True
Ro Khanna,Democrat,House,CA,PODD,2023-10-1,False,True
Ro Khanna,Democrat,House,CA,CRM,2023-10-1,False,True
Ro Khanna,Democrat,House,CA,ROP,2023-10-1,False,True
Ro Khanna,Democrat,House,CA,MKC,2023-10-1,False,True
Ro Khanna,Democrat,House,CA,KR,2023-10-1,False,True
Ro Khanna,Democrat,House,CA,CPRT,2023-10-1,False,True
Ro Khanna,Democrat,House,CA,CBRE,2023-10-1,False,True
Ro Khanna,Democrat,House,CA,CPB,2023-10-1,False,True
Ro Khanna,Democrat,House,CA,RF,2023-10-1,False,True
Ro Khanna,Democrat,House,CA,IDXX,2023-10-1,False,True
Ro Khanna,Democrat,House,CA,ADSK,2023-10-1,False,True
Ro Khanna,Democrat,House,CA,ALLE,2023-10-1,False,True
Ro Khanna,Democrat,House,CA,LOW,2023-10-1,False,True
Ro Khanna,Democrat,House,CA,HOLX,2023-10-1,False,True
Ro Khanna,Democrat,House,CA,CDAY,2023-10-1,False,True
Ro Khanna,Democrat,House,CA,VRSN,2023-10-1,False,True
Ro Khanna,Democrat,House,CA,INCY,2023-10-1,False,True
Ro Khanna,Democrat,House,CA,CAG,2023-10-1,False,True
Ro Khanna,Democrat,House,CA,OTIS,2023-10-1,False,True
Ro Khanna,Democrat,House,CA,WBA,2023-10-1,False,True
Ro Khanna,Democrat,House,CA,WHR,2023-10-1,False,True
Ro Khanna,Democrat,House,CA,PEAK,2023-10-1,False,True
Ro Khanna,Democrat,House,CA,TFX,2023-10-1,False,True
Ro Khanna,Democrat,House,CA,CFG,2023-10-1,False,True
Ro Khanna,Democrat,House,CA,IVZ,2023-10-1,False,True
Ro Khanna,Democrat,House,CA,TYL,2023-10-1,False,True
Ro Khanna,Democrat,House,CA,FIS,2023-10-1,False,True
Ro Khanna,Democrat,House,CA,MMC,2023-10-1,False,True
Ro Khanna,Democrat,House,CA,AAL,2023-10-1,False,True
Ro Khanna,Democrat,House,CA,UPS,2023-10-1,False,True
Ro Khanna,Democrat,House,CA,FAST,2023-10-1,False,True
Ro Khanna,Democrat,House,CA,DLTR,2023-10-1,False,True
Ro Khanna,Democrat,House,CA,N/A,2023-10-16,True,False
Ro Khanna,Democrat,House,CA,N/A,2023-10-17,False,True
Ro Khanna,Democrat,House,CA,KO,2023-10-9,True,False
Ro Khanna,Democrat,House,CA,WMT,2023-10-30,True,False
Ro Khanna,Democrat,House,CA,COST,2023-10-9,True,False
Ro Khanna,Democrat,House,CA,ABT,2023-10-9,True,False
Ro Khanna,Democrat,House,CA,V,2023-10-30,True,False
Ro Khanna,Democrat,House,CA,JNJ,2023-10-9,True,False
Ro Khanna,Democrat,House,CA,ITW,2023-10-30,True,False
Ro Khanna,Democrat,House,CA,ISRG,2023-10-9,True,False
Ro Khanna,Democrat,House,CA,BLK,2023-10-30,True,False
Ro Khanna,Democrat,House,CA,SYK,2023-10-30,True,False
Ro Khanna,Democrat,House,CA,MSFT,2023-10-9,True,False
Ro Khanna,Democrat,House,CA,TXN,2023-10-9,True,False
Ro Khanna,Democrat,House,CA,DIS,2023-10-9,True,False
Ro Khanna,Democrat,House,CA,AME,2023-10-9,True,False
Ro Khanna,Democrat,House,CA,EMR,2023-10-30,True,False
Ro Khanna,Democrat,House,CA,TJX,2023-10-30,True,False
Ro Khanna,Democrat,House,CA,WFC,2023-10-9,True,False
Ro Khanna,Democrat,House,CA,MMC,2023-10-30,True,False
Ro Khanna,Democrat,House,CA,PH,2023-10-9,True,False
Ro Khanna,Democrat,House,CA,AMP,2023-10-9,True,False
Ro Khanna,Democrat,House,CA,AVGO,2023-10-30,True,False
Ro Khanna,Democrat,House,CA,LOW,2023-10-9,True,False
Ro Khanna,Democrat,House,CA,QCOM,2023-10-9,True,False
Ro Khanna,Democrat,House,CA,LIN,2023-10-9,True,False
Ro Khanna,Democrat,House,CA,BRK/B,2023-10-9,True,False
Ro Khanna,Democrat,House,CA,BX,2023-10-9,True,False
Ro Khanna,Democrat,House,CA,JCI,2023-10-30,True,False
Ro Khanna,Democrat,House,CA,APH,2023-10-30,True,False
Ro Khanna,Democrat,House,CA,PLD,2023-10-30,True,False
Ro Khanna,Democrat,House,CA,ETN,2023-10-30,True,False
Ro Khanna,Democrat,House,CA,IDXX,2023-10-30,True,False
Ro Khanna,Democrat,House,CA,TMO,2023-10-9,True,False
Ro Khanna,Democrat,House,CA,AFL,2023-10-9,True,False
Ro Khanna,Democrat,House,CA,HLT,2023-10-30,True,False
Ro Khanna,Democrat,House,CA,T,2023-10-9,True,False
Ro Khanna,Democrat,House,CA,TEL,2023-10-9,True,False
Ro Khanna,Democrat,House,CA,EQIX,2023-10-9,True,False
Ro Khanna,Democrat,House,CA,BMY,2023-10-9,True,False
Ro Khanna,Democrat,House,CA,KEYS,2023-10-30,True,False
Ro Khanna,Democrat,House,CA,PRU,2023-10-30,True,False
Ro Khanna,Democrat,House,CA,DE,2023-10-30,True,False
Ro Khanna,Democrat,House,CA,AJG,2023-10-9,True,False
Ro Khanna,Democrat,House,CA,ACN,2023-10-9,True,False
Ro Khanna,Democrat,House,CA,TT,2023-10-9,True,False
Ro Khanna,Democrat,House,CA,ZBH,2023-10-24,True,False
Ro Khanna,Democrat,House,CA,FI,2023-10-9,True,False
Ro Khanna,Democrat,House,CA,AMT,2023-10-9,True,False
Ro Khanna,Democrat,House,CA,ROST,2023-10-9,True,False
Ro Khanna,Democrat,House,CA,ZBH,2023-10-22,True,False
Ro Khanna,Democrat,House,CA,PCAR,2023-10-9,True,False
Ro Khanna,Democrat,House,CA,CARR,2023-10-9,True,False
Ro Khanna,Democrat,House,CA,MCO,2023-10-30,True,False
Ro Khanna,Democrat,House,CA,CTAS,2023-10-9,True,False
Ro Khanna,Democrat,House,CA,GIS,2023-10-9,True,False
Ro Khanna,Democrat,House,CA,IPG,2023-10-30,True,False
Ro Khanna,Democrat,House,CA,TROW,2023-10-9,True,False
Ro Khanna,Democrat,House,CA,MDLZ,2023-10-30,True,False
Ro Khanna,Democrat,House,CA,A,2023-10-30,True,False
Ro Khanna,Democrat,House,CA,MET,2023-10-30,True,False
Ro Khanna,Democrat,House,CA,TMUS,2023-10-9,True,False
Ro Khanna,Democrat,House,CA,TMO,2023-10-30,True,False
Ro Khanna,Democrat,House,CA,TGT,2023-10-9,True,False
Ro Khanna,Democrat,House,CA,ROK,2023-10-9,True,False
Ro Khanna,Democrat,House,CA,BSX,2023-10-9,True,False
Ro Khanna,Democrat,House,CA,MSI,2023-10-9,True,False
Ro Khanna,Democrat,House,CA,ADSK,2023-10-9,True,False
Ro Khanna,Democrat,House,CA,ODFL,2023-10-9,True,False
Ro Khanna,Democrat,House,CA,UNP,2023-10-30,True,False
Ro Khanna,Democrat,House,CA,EXPD,2023-10-9,True,False
Ro Khanna,Democrat,House,CA,AON,2023-10-30,True,False
Ro Khanna,Democrat,House,CA,SNA,2023-10-9,True,False
Ro Khanna,Democrat,House,CA,FCX,2023-10-9,True,False
Ro Khanna,Democrat,House,CA,C,2023-10-9,True,False
Ro Khanna,Democrat,House,CA,ABNB,2023-10-9,True,False
Ro Khanna,Democrat,House,CA,PPG,2023-10-9,True,False
Ro Khanna,Democrat,House,CA,MSFT,2023-10-30,True,False
Ro Khanna,Democrat,House,CA,ICE,2023-10-9,True,False
Ro Khanna,Democrat,House,CA,ZBH,2023-10-9,True,False
Ro Khanna,Democrat,House,CA,COF,2023-10-9,True,False
Ro Khanna,Democrat,House,CA,IR,2023-10-9,True,False
Ro Khanna,Democrat,House,CA,CPRT,2023-10-9,True,False
Ro Khanna,Democrat,House,CA,DOW,2023-10-9,True,False
Ro Khanna,Democrat,House,CA,SYY,2023-10-9,True,False
Ro Khanna,Democrat,House,CA,HPE,2023-10-9,True,False
Ro Khanna,Democrat,House,CA,HPQ,2023-10-9,True,False
Ro Khanna,Democrat,House,CA,RF,2023-10-9,True,False
Ro Khanna,Democrat,House,CA,FTV,2023-10-9,True,False
Ro Khanna,Democrat,House,CA,ABT,2023-10-30,True,False
Ro Khanna,Democrat,House,CA,MNST,2023-10-9,True,False
Ro Khanna,Democrat,House,CA,N/A,2023-10-30,True,False
Ro Khanna,Democrat,House,CA,OMC,2023-10-30,True,False
Ro Khanna,Democrat,House,CA,XYL,2023-10-9,True,False
Ro Khanna,Democrat,House,CA,DFS,2023-10-9,True,False
Ro Khanna,Democrat,House,CA,HOLX,2023-10-30,True,False
Ro Khanna,Democrat,House,CA,NTAP,2023-10-30,True,False
Ro Khanna,Democrat,House,CA,DRI,2023-10-30,True,False
Ro Khanna,Democrat,House,CA,MU,2023-10-30,True,False
Ro Khanna,Democrat,House,CA,NTRS,2023-10-30,True,False
Ro Khanna,Democrat,House,CA,CFG,2023-10-30,True,False
Ro Khanna,Democrat,House,CA,YUM,2023-10-9,True,False
Ro Khanna,Democrat,House,CA,GWW,2023-10-9,True,False
Ro Khanna,Democrat,House,CA,WFC,2023-10-30,True,False
Ro Khanna,Democrat,House,CA,RMD,2023-10-30,True,False
Ro Khanna,Democrat,House,CA,CSX,2023-10-30,True,False
Ro Khanna,Democrat,House,CA,MRK,2023-10-30,True,False
Ro Khanna,Democrat,House,CA,COO,2023-10-9,True,False
Ro Khanna,Democrat,House,CA,ORLY,2023-10-9,True,False
Ro Khanna,Democrat,House,CA,ELV,2023-10-9,True,False
Ro Khanna,Democrat,House,CA,ELV,2023-10-30,True,False
Ro Khanna,Democrat,House,CA,URI,2023-10-9,True,False
Ro Khanna,Democrat,House,CA,MRK,2023-10-9,True,False
Ro Khanna,Democrat,House,CA,VZ,2023-10-9,True,False
Ro Khanna,Democrat,House,CA,NFLX,2023-10-30,True,False
Ro Khanna,Democrat,House,CA,TRV,2023-10-9,True,False
Ro Khanna,Democrat,House,CA,DXCM,2023-10-30,True,False
Ro Khanna,Democrat,House,CA,PODD,2023-10-30,True,False
Ro Khanna,Democrat,House,CA,MAS,2023-10-9,True,False
Ro Khanna,Democrat,House,CA,BIIB,2023-10-9,True,False
Ro Khanna,Democrat,House,CA,STT,2023-10-9,True,False
Ro Khanna,Democrat,House,CA,MTB,2023-10-30,True,False
Ro Khanna,Democrat,House,CA,LULU,2023-10-30,True,False
Ro Khanna,Democrat,House,CA,SCHW,2023-10-9,True,False
Ro Khanna,Democrat,House,CA,PFG,2023-10-9,True,False
Ro Khanna,Democrat,House,CA,BEN,2023-10-9,True,False
Ro Khanna,Democrat,House,CA,MO,2023-10-9,True,False
Ro Khanna,Democrat,House,CA,TSCO,2023-10-30,True,False
Ro Khanna,Democrat,House,CA,SHW,2023-10-9,True,False
Ro Khanna,Democrat,House,CA,ILMN,2023-10-30,True,False
Ro Khanna,Democrat,House,CA,UDR,2023-10-9,True,False
Ro Khanna,Democrat,House,CA,RJF,2023-10-30,True,False
Ro Khanna,Democrat,House,CA,PM,2023-10-9,True,False
Ro Khanna,Democrat,House,CA,ATVI,2023-10-9,True,False
Ro Khanna,Democrat,House,CA,GEHC,2023-10-9,True,False
Ro Khanna,Democrat,House,CA,EFX,2023-10-9,True,False
Ro Khanna,Democrat,House,CA,CL,2023-10-30,True,False
Ro Khanna,Democrat,House,CA,IFF,2023-10-30,True,False
Ro Khanna,Democrat,House,CA,ARE,2023-10-30,True,False
Ro Khanna,Democrat,House,CA,CSGP,2023-10-9,True,False
Ro Khanna,Democrat,House,CA,HPQ,2023-10-30,True,False
Ro Khanna,Democrat,House,CA,PAYC,2023-10-30,True,False
Ro Khanna,Democrat,House,CA,KEY,2023-10-30,True,False
Ro Khanna,Democrat,House,CA,FIS,2023-10-30,True,False
Ro Khanna,Democrat,House,CA,AMCR,2023-10-30,True,False
Ro Khanna,Democrat,House,CA,FAST,2023-10-9,True,False
Ro Khanna,Democrat,House,CA,F,2023-10-30,True,False
Ro Khanna,Democrat,House,CA,ALK,2023-10-30,True,False
Ro Khanna,Democrat,House,CA,WY,2023-10-30,True,False
Ro Khanna,Democrat,House,CA,GIS,2023-10-30,True,False
Ro Khanna,Democrat,House,CA,EQR,2023-10-30,True,False
Ro Khanna,Democrat,House,CA,DAL,2023-10-30,True,False
Ro Khanna,Democrat,House,CA,PSA,2023-10-30,True,False
Ro Khanna,Democrat,House,CA,LUV,2023-10-30,True,False
Ro Khanna,Democrat,House,CA,FAST,2023-10-30,True,False
Ro Khanna,Democrat,House,CA,JBHT,2023-10-30,True,False
Ro Khanna,Democrat,House,CA,BR,2023-10-30,True,False
Ro Khanna,Democrat,House,CA,BAX,2023-10-19,True,False
Ro Khanna,Democrat,House,CA,ZBH,2023-10-23,True,False
Ro Khanna,Democrat,House,CA,AXP,2023-10-9,True,False
Ro Khanna,Democrat,House,CA,AZN,2023-10-12,True,False
Ro Khanna,Democrat,House,CA,ZBH,2023-10-25,True,False
Ro Khanna,Democrat,House,CA,ZBH,2023-10-26,True,False
Ro Khanna,Democrat,House,CA,MODG,2023-10-2,True,False
Ro Khanna,Democrat,House,CA,ZBH,2023-10-30,True,False
Ro Khanna,Democrat,House,CA,NEM,2023-10-30,True,False
Ro Khanna,Democrat,House,CA,SNY,2023-10-12,True,False
Ro Khanna,Democrat,House,CA,MTD,2023-10-30,True,False
Ro Khanna,Democrat,House,CA,UL,2023-10-12,True,False
Ro Khanna,Democrat,House,CA,HSBC,2023-10-12,True,False
Ro Khanna,Democrat,House,CA,BP,2023-10-12,True,False
Ro Khanna,Democrat,House,CA,DGX,2023-10-30,True,False
Ro Khanna,Democrat,House,CA,GPC,2023-10-30,True,False
Ro Khanna,Democrat,House,CA,MODG,2023-10-11,True,False
Ro Khanna,Democrat,House,CA,WBA,2023-10-9,True,False
Ro Khanna,Democrat,House,CA,DLTR,2023-10-9,True,False
Ro Khanna,Democrat,House,CA,VICI,2023-10-9,True,False
Ro Khanna,Democrat,House,CA,ALB,2023-10-30,True,False
Ro Khanna,Democrat,House,CA,RMD,2023-10-9,True,False
Ro Khanna,Democrat,House,CA,NTRS,2023-10-9,True,False
Ro Khanna,Democrat,House,CA,INVH,2023-10-30,True,False
Ro Khanna,Democrat,House,CA,RVTY,2023-10-30,True,False
Ro Khanna,Democrat,House,CA,RSG,2023-10-30,True,False
Ro Khanna,Democrat,House,CA,CAG,2023-10-30,True,False
Ro Khanna,Democrat,House,CA,KMB,2023-10-9,True,False
Ro Khanna,Democrat,House,CA,FMC,2023-10-30,True,False
Ro Khanna,Democrat,House,CA,SJM,2023-10-30,True,False
Ro Khanna,Democrat,House,CA,BAX,2023-10-16,True,False
Ro Khanna,Democrat,House,CA,MODG,2023-10-16,True,False
Ro Khanna,Democrat,House,CA,MODG,2023-10-4,True,False
Ro Khanna,Democrat,House,CA,MODG,2023-10-22,True,False
Ro Khanna,Democrat,House,CA,MODG,2023-10-25,True,False
Ro Khanna,Democrat,House,CA,EWA,2023-10-12,True,False
Ro Khanna,Democrat,House,CA,MODG,2023-10-17,True,False
Ro Khanna,Democrat,House,CA,MODG,2023-10-1,True,False
Ro Khanna,Democrat,House,CA,ING,2023-10-12,True,False
Ro Khanna,Democrat,House,CA,STM,2023-10-12,True,False
Ro Khanna,Democrat,House,CA,N/A,2023-10-12,True,False
Ro Khanna,Democrat,House,CA,SPX,2023-10-23,True,False
Ro Khanna,Democrat,House,CA,SPX,2023-10-17,True,False
Ro Khanna,Democrat,House,CA,SPX,2023-10-11,True,False
Ro Khanna,Democrat,House,CA,SPX,2023-10-4,True,False
Ro Khanna,Democrat,House,CA,SPX,2023-10-23,False,True
Ro Khanna,Democrat,House,CA,SPX,2023-10-17,False,True
Ro Khanna,Democrat,House,CA,SPX,2023-10-4,False,True
Ro Khanna,Democrat,House,CA,WMT,2023-10-9,False,True
Ro Khanna,Democrat,House,CA,V,2023-10-9,False,True
Ro Khanna,Democrat,House,CA,PEP,2023-10-9,False,True
Ro Khanna,Democrat,House,CA,SYK,2023-10-9,False,True
Ro Khanna,Democrat,House,CA,MCD,2023-10-30,False,True
Ro Khanna,Democrat,House,CA,PFE,2023-10-9,False,True
Ro Khanna,Democrat,House,CA,TJX,2023-10-9,False,True
Ro Khanna,Democrat,House,CA,AAPL,2023-10-9,False,True
Ro Khanna,Democrat,House,CA,JNJ,2023-10-30,False,True
Ro Khanna,Democrat,House,CA,LRCX,2023-10-9,False,True
Ro Khanna,Democrat,House,CA,COST,2023-10-30,False,True
Ro Khanna,Democrat,House,CA,ETN,2023-10-9,False,True
Ro Khanna,Democrat,House,CA,NFLX,2023-10-9,False,True
Ro Khanna,Democrat,House,CA,DHR,2023-10-30,False,True
Ro Khanna,Democrat,House,CA,HD,2023-10-9,False,True
Ro Khanna,Democrat,House,CA,BAC,2023-10-30,False,True
Ro Khanna,Democrat,House,CA,MDT,2023-10-9,False,True
Ro Khanna,Democrat,House,CA,ISRG,2023-10-30,False,True
Ro Khanna,Democrat,House,CA,MDLZ,2023-10-9,False,True
Ro Khanna,Democrat,House,CA,DIS,2023-10-30,False,True
Ro Khanna,Democrat,House,CA,TXN,2023-10-30,False,True
Ro Khanna,Democrat,House,CA,MMC,2023-10-9,False,True
Ro Khanna,Democrat,House,CA,PLD,2023-10-9,False,True
Ro Khanna,Democrat,House,CA,AME,2023-10-30,False,True
Ro Khanna,Democrat,House,CA,UPS,2023-10-9,False,True
Ro Khanna,Democrat,House,CA,EMR,2023-10-9,False,True
Ro Khanna,Democrat,House,CA,IDXX,2023-10-9,False,True
Ro Khanna,Democrat,House,CA,MMM,2023-10-30,False,True
Ro Khanna,Democrat,House,CA,CAT,2023-10-9,False,True
Ro Khanna,Democrat,House,CA,PH,2023-10-30,False,True
Ro Khanna,Democrat,House,CA,AMP,2023-10-30,False,True
Ro Khanna,Democrat,House,CA,FITB,2023-10-9,False,True
Ro Khanna,Democrat,House,CA,CE,2023-10-9,False,True
Ro Khanna,Democrat,House,CA,BDX,2023-10-30,False,True
Ro Khanna,Democrat,House,CA,AVGO,2023-10-9,False,True
Ro Khanna,Democrat,House,CA,HCA,2023-10-30,False,True
Ro Khanna,Democrat,House,CA,ITW,2023-10-9,False,True
Ro Khanna,Democrat,House,CA,K,2023-10-30,False,True
Ro Khanna,Democrat,House,CA,ADI,2023-10-30,False,True
Ro Khanna,Democrat,House,CA,AON,2023-10-9,False,True
Ro Khanna,Democrat,House,CA,AFL,2023-10-30,False,True
Ro Khanna,Democrat,House,CA,DE,2023-10-9,False,True
Ro Khanna,Democrat,House,CA,BLK,2023-10-9,False,True
Ro Khanna,Democrat,House,CA,AVTR,2023-10-24,False,True
Ro Khanna,Democrat,House,CA,APH,2023-10-9,False,True
Ro Khanna,Democrat,House,CA,EQIX,2023-10-30,False,True
Ro Khanna,Democrat,House,CA,TEL,2023-10-30,False,True
Ro Khanna,Democrat,House,CA,AIG,2023-10-9,False,True
Ro Khanna,Democrat,House,CA,AVTR,2023-10-11,False,True
Ro Khanna,Democrat,House,CA,LBYAV,2023-10-9,False,True
Ro Khanna,Democrat,House,CA,FI,2023-10-30,False,True
Ro Khanna,Democrat,House,CA,ROK,2023-10-30,False,True
Ro Khanna,Democrat,House,CA,TT,2023-10-30,False,True
Ro Khanna,Democrat,House,CA,PCAR,2023-10-30,False,True
Ro Khanna,Democrat,House,CA,MCO,2023-10-9,False,True
Ro Khanna,Democrat,House,CA,EL,2023-10-9,False,True
Ro Khanna,Democrat,House,CA,KLAC,2023-10-9,False,True
Ro Khanna,Democrat,House,CA,N/A,2023-10-9,False,True
Ro Khanna,Democrat,House,CA,MS,2023-10-30,False,True
Ro Khanna,Democrat,House,CA,JCI,2023-10-9,False,True
Ro Khanna,Democrat,House,CA,EW,2023-10-30,False,True
Ro Khanna,Democrat,House,CA,TROW,2023-10-30,False,True
Ro Khanna,Democrat,House,CA,MSI,2023-10-30,False,True
Ro Khanna,Democrat,House,CA,SBAC,2023-10-30,False,True
Ro Khanna,Democrat,House,CA,ADSK,2023-10-30,False,True
Ro Khanna,Democrat,House,CA,BAX,2023-10-30,False,True
Ro Khanna,Democrat,House,CA,MAA,2023-10-9,False,True
Ro Khanna,Democrat,House,CA,NSC,2023-10-9,False,True
Ro Khanna,Democrat,House,CA,HSY,2023-10-9,False,True
Ro Khanna,Democrat,House,CA,SNA,2023-10-30,False,True
Ro Khanna,Democrat,House,CA,LBYAV,2023-10-9,False,True
Ro Khanna,Democrat,House,CA,EXPD,2023-10-30,False,True
Ro Khanna,Democrat,House,CA,ODFL,2023-10-30,False,True
Ro Khanna,Democrat,House,CA,SBUX,2023-10-9,False,True
Ro Khanna,Democrat,House,CA,CPRT,2023-10-30,False,True
Ro Khanna,Democrat,House,CA,PPG,2023-10-30,False,True
Ro Khanna,Democrat,House,CA,ZBH,2023-10-30,False,True
Ro Khanna,Democrat,House,CA,IR,2023-10-30,False,True
Ro Khanna,Democrat,House,CA,DOW,2023-10-30,False,True
Ro Khanna,Democrat,House,CA,PAYX,2023-10-9,False,True
Ro Khanna,Democrat,House,CA,PWR,2023-10-9,False,True
Ro Khanna,Democrat,House,CA,ABNB,2023-10-30,False,True
Ro Khanna,Democrat,House,CA,AVTR,2023-10-12,False,True
Ro Khanna,Democrat,House,CA,MSCI,2023-10-9,False,True
Ro Khanna,Democrat,House,CA,TSN,2023-10-30,False,True
Ro Khanna,Democrat,House,CA,HPE,2023-10-30,False,True
Ro Khanna,Democrat,House,CA,DAL,2023-10-9,False,True
Ro Khanna,Democrat,House,CA,OMC,2023-10-9,False,True
Ro Khanna,Democrat,House,CA,NXPI,2023-10-9,False,True
Ro Khanna,Democrat,House,CA,RF,2023-10-30,False,True
Ro Khanna,Democrat,House,CA,HIG,2023-10-9,False,True
Ro Khanna,Democrat,House,CA,DFS,2023-10-30,False,True
Ro Khanna,Democrat,House,CA,INTU,2023-10-30,False,True
Ro Khanna,Democrat,House,CA,GOOGL,2023-10-15,False,True
Ro Khanna,Democrat,House,CA,FTV,2023-10-30,False,True
Ro Khanna,Democrat,House,CA,IPG,2023-10-9,False,True
Ro Khanna,Democrat,House,CA,COO,2023-10-30,False,True
Ro Khanna,Democrat,House,CA,APD,2023-10-30,False,True
Ro Khanna,Democrat,House,CA,IDXX,2023-10-9,False,True
Ro Khanna,Democrat,House,CA,TDY,2023-10-9,False,True
Ro Khanna,Democrat,House,CA,URI,2023-10-30,False,True
Ro Khanna,Democrat,House,CA,KHC,2023-10-9,False,True
Ro Khanna,Democrat,House,CA,GOOGL,2023-10-17,False,True
Ro Khanna,Democrat,House,CA,DOV,2023-10-30,False,True
Ro Khanna,Democrat,House,CA,STT,2023-10-30,False,True
Ro Khanna,Democrat,House,CA,DXCM,2023-10-9,False,True
Ro Khanna,Democrat,House,CA,BALL,2023-10-9,False,True
Ro Khanna,Democrat,House,CA,PFG,2023-10-30,False,True
Ro Khanna,Democrat,House,CA,LNC,2023-10-30,False,True
Ro Khanna,Democrat,House,CA,BK,2023-10-9,False,True
Ro Khanna,Democrat,House,CA,BEN,2023-10-30,False,True
Ro Khanna,Democrat,House,CA,WAT,2023-10-30,False,True
Ro Khanna,Democrat,House,CA,STZ,2023-10-9,False,True
Ro Khanna,Democrat,House,CA,GLW,2023-10-9,False,True
Ro Khanna,Democrat,House,CA,GOOGL,2023-10-22,False,True
Ro Khanna,Democrat,House,CA,INCY,2023-10-9,False,True
Ro Khanna,Democrat,House,CA,EFX,2023-10-30,False,True
Ro Khanna,Democrat,House,CA,UDR,2023-10-30,False,True
Ro Khanna,Democrat,House,CA,CSGP,2023-10-30,False,True
Ro Khanna,Democrat,House,CA,AVTR,2023-10-25,False,True
Ro Khanna,Democrat,House,CA,NWL,2023-10-9,False,True
Ro Khanna,Democrat,House,CA,WBD,2023-10-30,False,True
Ro Khanna,Democrat,House,CA,DEI,2023-10-9,False,True
Ro Khanna,Democrat,House,CA,KVUE,2023-10-30,False,True
Ro Khanna,Democrat,House,CA,RF,2023-10-15,False,True
Ro Khanna,Democrat,House,CA,GOOGL,2023-10-16,False,True
Ro Khanna,Democrat,House,CA,VLTO,2023-10-30,False,True
Ro Khanna,Democrat,House,CA,WAB,2023-10-30,False,True
Ro Khanna,Democrat,House,CA,KIM,2023-10-30,False,True
Ro Khanna,Democrat,House,CA,IQV,2023-10-30,False,True
Ro Khanna,Democrat,House,CA,HBAN,2023-10-30,False,True
Ro Khanna,Democrat,House,CA,SYF,2023-10-30,False,True
Ro Khanna,Democrat,House,CA,CBRE,2023-10-30,False,True
Ro Khanna,Democrat,House,CA,GOOGL,2023-10-19,False,True
Ro Khanna,Democrat,House,CA,BNPQY,2023-10-12,False,True
Ro Khanna,Democrat,House,CA,ULTA,2023-10-30,False,True
Ro Khanna,Democrat,House,CA,BRO,2023-10-30,False,True
Ro Khanna,Democrat,House,CA,TDY,2023-10-30,False,True
Ro Khanna,Democrat,House,CA,IBDRY,2023-10-12,False,True
Ro Khanna,Democrat,House,CA,URBN,2023-10-1,False,True
Ro Khanna,Democrat,House,CA,ABB,2023-10-12,False,True
Ro Khanna,Democrat,House,CA,GOOGL,2023-10-9,False,True
Ro Khanna,Democrat,House,CA,CMPGY,2023-10-12,False,True
Ro Khanna,Democrat,House,CA,GOOGL,2023-10-12,False,True
Ro Khanna,Democrat,House,CA,NSRGY,2023-10-12,False,True
Ro Khanna,Democrat,House,CA,ENLAY,2023-10-12,False,True
Ro Khanna,Democrat,House,CA,VCISY,2023-10-12,False,True
Ro Khanna,Democrat,House,CA,AVTR,2023-10-16,False,True
Ro Khanna,Democrat,House,CA,SMFG,2023-10-12,False,True
Ro Khanna,Democrat,House,CA,SDZNY,2023-10-12,False,True
Ro Khanna,Democrat,House,CA,SBGSY,2023-10-12,False,True
Ro Khanna,Democrat,House,CA,N/A,2023-10-2,True,False
Ro Khanna,Democrat,House,CA,N/A,2023-10-2,True,False
Ro Khanna,Democrat,House,CA,N/A,2023-10-23,True,False
Ro Khanna,Democrat,House,CA,C,2023-10-29,True,False
Ro Khanna,Democrat,House,CA,EXR,2023-10-5,True,False
Ro Khanna,Democrat,House,CA,CFG,2023-10-15,True,False
Ro Khanna,Democrat,House,CA,FERG,2023-10-30,True,False
Ro Khanna,Democrat,House,CA,C,2023-10-15,True,False
Ro Khanna,Democrat,House,CA,EXR,2023-10-18,True,False
Ro Khanna,Democrat,House,CA,SBAC,2023-10-8,True,False
Ro Khanna,Democrat,House,CA,DOW,2023-10-24,False,True
Ro Khanna,Democrat,House,CA,HUM,2023-10-25,False,True
Ro Khanna,Democrat,House,CA,XEL,2023-10-10,False,True
Ro Khanna,Democrat,House,CA,N/A,2023-10-4,False,True
Ro Khanna,Democrat,House,CA,AIG,2023-10-10,False,True
Ro Khanna,Democrat,House,CA,PH,2023-10-11,False,True
Ro Khanna,Democrat,House,CA,CARR,2023-10-26,False,True
Ro Khanna,Democrat,House,CA,N/A,2023-10-8,False,True
Ro Khanna,Democrat,House,CA,N/A,2023-10-22,True,False
Ro Khanna,Democrat,House,CA,N/A,2023-10-18,True,False
Ro Khanna,Democrat,House,CA,N/A,2023-10-29,True,False
Ro Khanna,Democrat,House,CA,N/A,2023-10-22,True,False
Ro Khanna,Democrat,House,CA,N/A,2023-10-22,True,False
Ro Khanna,Democrat,House,CA,N/A,2023-10-22,True,False
Ro Khanna,Democrat,House,CA,WFC,2023-10-25,False,True
Ro Khanna,Democrat,House,CA,N/A,2023-10-18,False,True
Ro Khanna,Democrat,House,CA,UNH,2023-10-25,False,True
Ro Khanna,Democrat,House,CA,V,2023-10-25,False,True
Ro Khanna,Democrat,House,CA,AMZN,2023-10-25,False,True
Ro Khanna,Democrat,House,CA,GOOGL,2023-10-25,False,True
Ro Khanna,Democrat,House,CA,NOW,2023-10-25,False,True
Ro Khanna,Democrat,House,CA,AMT,2023-10-25,False,True
Ro Khanna,Democrat,House,CA,VRSK,2023-10-25,False,True
Ro Khanna,Democrat,House,CA,DHR,2023-10-25,False,True
Ro Khanna,Democrat,House,CA,TMO,2023-10-25,False,True
Ro Khanna,Democrat,House,CA,MSCI,2023-10-25,False,True
Ro Khanna,Democrat,House,CA,CDNS,2023-10-25,False,True
Ro Khanna,Democrat,House,CA,ADBE,2023-10-25,False,True
Ro Khanna,Democrat,House,CA,NKE,2023-10-25,False,True
Ro Khanna,Democrat,House,CA,WST,2023-10-25,False,True
Ro Khanna,Democrat,House,CA,FTV,2023-10-25,False,True
Ro Khanna,Democrat,House,CA,IDXX,2023-10-25,False,True
Ro Khanna,Democrat,House,CA,CMG,2023-10-25,False,True
Ro Khanna,Democrat,House,CA,MPWR,2023-10-25,False,True
Ro Khanna,Democrat,House,CA,BX,2023-10-25,False,True
Ro Khanna,Democrat,House,CA,IT,2023-10-25,False,True
Ro Khanna,Democrat,House,CA,EW,2023-10-25,False,True
Ro Khanna,Democrat,House,CA,MRVL,2023-10-25,False,True
Ro Khanna,Democrat,House,CA,DT,2023-10-25,False,True
Ro Khanna,Democrat,House,CA,UBER,2023-10-25,False,True
Ro Khanna,Democrat,House,CA,ADI,2023-10-25,False,True
Ro Khanna,Democrat,House,CA,TEAM,2023-10-25,False,True
Ro Khanna,Democrat,House,CA,ECL,2023-10-25,False,True
Ro Khanna,Democrat,House,CA,BIO,2023-10-25,False,True
Ro Khanna,Democrat,House,CA,HD,2023-10-25,False,True
Ro Khanna,Democrat,House,CA,VLTO,2023-10-25,False,True
Ro Khanna,Democrat,House,CA,AJG,2023-10-25,False,True
Ro Khanna,Democrat,House,CA,NEE,2023-10-4,False,True
Ro Khanna,Democrat,House,CA,SGOV,2023-10-4,True,False
Ro Khanna,Democrat,House,CA,NEE,2023-10-4,False,True
Ro Khanna,Democrat,House,CA,SGOV,2023-10-4,True,False
Ro Khanna,Democrat,House,CA,NEE,2023-10-4,False,True
Ro Khanna,Democrat,House,CA,SGOV,2023-10-4,True,False
Greg Stanton,Democrat,House,AZ,MMM,2023-9-25,True,False
Greg Stanton,Democrat,House,AZ,ABT,2023-9-25,True,False
Greg Stanton,Democrat,House,AZ,ABT,2023-10-23,False,True
Greg Stanton,Democrat,House,AZ,ABBV,2023-10-23,False,True
Greg Stanton,Democrat,House,AZ,ABBV,2023-9-25,True,False
Greg Stanton,Democrat,House,AZ,ACN,2023-9-25,True,False
Greg Stanton,Democrat,House,AZ,ACN,2023-10-23,False,True
Greg Stanton,Democrat,House,AZ,ADBE,2023-9-25,True,False
Greg Stanton,Democrat,House,AZ,ADBE,2023-10-23,False,True
Greg Stanton,Democrat,House,AZ,AMD,2023-10-23,False,True
Greg Stanton,Democrat,House,AZ,AMD,2023-9-25,True,False
Greg Stanton,Democrat,House,AZ,GOOGL,2023-10-23,False,True
Greg Stanton,Democrat,House,AZ,GOOGL,2023-9-25,True,False
Greg Stanton,Democrat,House,AZ,GOOGL,2023-9-25,True,False
Greg Stanton,Democrat,House,AZ,GOOGL,2023-10-23,False,True
Greg Stanton,Democrat,House,AZ,AMZN,2023-9-25,True,False
Greg Stanton,Democrat,House,AZ,AMZN,2023-10-23,False,True
Greg Stanton,Democrat,House,AZ,AXP,2023-10-23,False,True
Greg Stanton,Democrat,House,AZ,AXP,2023-9-25,True,False
Greg Stanton,Democrat,House,AZ,AMGN,2023-10-23,False,True
Greg Stanton,Democrat,House,AZ,AMGN,2023-9-25,True,False
Greg Stanton,Democrat,House,AZ,ADI,2023-9-25,True,False
Greg Stanton,Democrat,House,AZ,ADI,2023-10-23,False,True
Greg Stanton,Democrat,House,AZ,AAPL,2023-10-23,False,True
Greg Stanton,Democrat,House,AZ,AAPL,2023-9-25,True,False
Greg Stanton,Democrat,House,AZ,AMAT,2023-10-23,False,True
Greg Stanton,Democrat,House,AZ,AMAT,2023-9-25,True,False
Greg Stanton,Democrat,House,AZ,T,2023-9-25,True,False
Greg Stanton,Democrat,House,AZ,T,2023-10-23,False,True
Greg Stanton,Democrat,House,AZ,AXON,2023-10-23,False,True
Greg Stanton,Democrat,House,AZ,AXON,2023-9-25,True,False
Greg Stanton,Democrat,House,AZ,BALL,2023-9-25,True,False
Greg Stanton,Democrat,House,AZ,BALL,2023-10-23,False,True
Greg Stanton,Democrat,House,AZ,BAC,2023-10-23,False,True
Greg Stanton,Democrat,House,AZ,BAC,2023-9-25,True,False
Greg Stanton,Democrat,House,AZ,BDX,2023-9-25,True,False
Greg Stanton,Democrat,House,AZ,BDX,2023-10-23,False,True
Greg Stanton,Democrat,House,AZ,BRK/B,2023-10-23,False,True
Greg Stanton,Democrat,House,AZ,BRK/B,2023-9-25,True,False
Greg Stanton,Democrat,House,AZ,BLK,2023-9-25,True,False
Greg Stanton,Democrat,House,AZ,BLK,2023-10-23,False,True
Greg Stanton,Democrat,House,AZ,BMY,2023-9-25,True,False
Greg Stanton,Democrat,House,AZ,BMY,2023-10-23,False,True
Greg Stanton,Democrat,House,AZ,AVGO,2023-10-23,False,True
Greg Stanton,Democrat,House,AZ,AVGO,2023-9-25,True,False
Greg Stanton,Democrat,House,AZ,CAT,2023-9-25,True,False
Greg Stanton,Democrat,House,AZ,CAT,2023-10-23,False,True
Greg Stanton,Democrat,House,AZ,CVX,2023-10-23,False,True
Greg Stanton,Democrat,House,AZ,CVX,2023-9-25,True,False
Greg Stanton,Democrat,House,AZ,CB,2023-10-23,False,True
Greg Stanton,Democrat,House,AZ,CB,2023-9-25,True,False
Greg Stanton,Democrat,House,AZ,CSCO,2023-9-25,True,False
Greg Stanton,Democrat,House,AZ,CSCO,2023-10-23,False,True
Greg Stanton,Democrat,House,AZ,C,2023-10-23,False,True
Greg Stanton,Democrat,House,AZ,C,2023-9-25,True,False
Greg Stanton,Democrat,House,AZ,KO,2023-10-23,False,True
Greg Stanton,Democrat,House,AZ,KO,2023-9-25,True,False
Greg Stanton,Democrat,House,AZ,CMCSA,2023-9-25,True,False
Greg Stanton,Democrat,House,AZ,CMCSA,2023-10-23,False,True
Greg Stanton,Democrat,House,AZ,COP,2023-9-25,True,False
Greg Stanton,Democrat,House,AZ,COP,2023-10-23,False,True
Greg Stanton,Democrat,House,AZ,COST,2023-10-23,False,True
Greg Stanton,Democrat,House,AZ,COST,2023-9-25,True,False
Greg Stanton,Democrat,House,AZ,DHR,2023-9-25,True,False
Greg Stanton,Democrat,House,AZ,DHR,2023-10-23,False,True
Greg Stanton,Democrat,House,AZ,DE,2023-10-23,False,True
Greg Stanton,Democrat,House,AZ,DE,2023-9-25,True,False
Greg Stanton,Democrat,House,AZ,ELV,2023-9-25,True,False
Greg Stanton,Democrat,House,AZ,ELV,2023-10-23,False,True
Greg Stanton,Democrat,House,AZ,LLY,2023-10-23,False,True
Greg Stanton,Democrat,House,AZ,LLY,2023-9-25,True,False
Greg Stanton,Democrat,House,AZ,XOM,2023-9-25,True,False
Greg Stanton,Democrat,House,AZ,XOM,2023-10-23,False,True
Greg Stanton,Democrat,House,AZ,GILD,2023-9-25,True,False
Greg Stanton,Democrat,House,AZ,GILD,2023-10-23,False,True
Greg Stanton,Democrat,House,AZ,GS,2023-9-25,True,False
Greg Stanton,Democrat,House,AZ,GS,2023-10-23,False,True
Greg Stanton,Democrat,House,AZ,HD,2023-9-25,True,False
Greg Stanton,Democrat,House,AZ,HD,2023-10-23,False,True
Greg Stanton,Democrat,House,AZ,HWM,2023-9-25,True,False
Greg Stanton,Democrat,House,AZ,HWM,2023-10-23,False,True
Greg Stanton,Democrat,House,AZ,INTC,2023-9-25,True,False
Greg Stanton,Democrat,House,AZ,INTC,2023-10-23,False,True
Greg Stanton,Democrat,House,AZ,IBM,2023-10-23,False,True
Greg Stanton,Democrat,House,AZ,IBM,2023-9-25,True,False
Greg Stanton,Democrat,House,AZ,INTU,2023-9-25,True,False
Greg Stanton,Democrat,House,AZ,INTU,2023-10-23,False,True
Greg Stanton,Democrat,House,AZ,ISRG,2023-9-25,True,False
Greg Stanton,Democrat,House,AZ,ISRG,2023-10-23,False,True
Greg Stanton,Democrat,House,AZ,J,2023-9-25,True,False
Greg Stanton,Democrat,House,AZ,J,2023-10-23,False,True
Greg Stanton,Democrat,House,AZ,JNJ,2023-10-23,False,True
Greg Stanton,Democrat,House,AZ,JNJ,2023-9-25,True,False
Greg Stanton,Democrat,House,AZ,JPM,2023-9-25,True,False
Greg Stanton,Democrat,House,AZ,JPM,2023-10-23,False,True
Greg Stanton,Democrat,House,AZ,LRCX,2023-9-25,True,False
Greg Stanton,Democrat,House,AZ,LRCX,2023-10-23,False,True
Greg Stanton,Democrat,House,AZ,LIN,2023-9-25,True,False
Greg Stanton,Democrat,House,AZ,LIN,2023-10-23,False,True
Greg Stanton,Democrat,House,AZ,LOW,2023-9-25,True,False
Greg Stanton,Democrat,House,AZ,LOW,2023-10-23,False,True
Greg Stanton,Democrat,House,AZ,MMC,2023-10-23,False,True
