Name,Party,Chamber,State,Ticker,Date,Buy,Sell
Michael McCaul,Republican,House,TX,META,2025-1-8,False,True
Michael McCaul,Republican,House,TX,ANET,2025-1-8,False,True
Michael McCaul,Republican,House,TX,TSM,2025-1-8,False,True
Michael McCaul,Republican,House,TX,V,2025-1-8,False,True
Michael McCaul,Republican,House,TX,AA,2025-1-8,False,True
Michael McCaul,Republican,House,TX,SAP,2025-1-8,False,True
Michael McCaul,Republican,House,TX,ADSK,2025-1-29,False,True
Michael McCaul,Republican,House,TX,ELV,2025-1-8,False,True
Michael McCaul,Republican,House,TX,AAPL,2025-1-26,False,True
Michael McCaul,Republican,House,TX,AER,2025-1-8,False,True
Michael McCaul,Republican,House,TX,DFS,2025-1-8,False,True
Michael McCaul,Republican,House,TX,CVX,2025-1-22,False,True
Michael McCaul,Republican,House,TX,N/A,2025-1-12,False,True
Michael McCaul,Republican,House,TX,BAYRY,2025-1-8,False,True
Michael McCaul,Republican,House,TX,HUM,2025-1-8,False,True
Michael McCaul,Republican,House,TX,N/A,2025-1-1,False,True
Michael McCaul,Republican,House,TX,CHTR,2025-1-8,False,True
Michael McCaul,Republican,House,TX,SHEL,2025-1-8,False,True
Michael McCaul,Republican,House,TX,CMCSA,2025-1-8,False,True
Michael McCaul,Republican,House,TX,AON,2025-1-8,False,True
Michael McCaul,Republican,House,TX,UNH,2025-1-8,False,True
Michael McCaul,Republican,House,TX,AMZN,2025-1-8,False,True
Michael McCaul,Republican,House,TX,WDAY,2025-1-8,False,True
Michael McCaul,Republican,House,TX,N/A,2025-1-1,False,True
Michael McCaul,Republican,House,TX,N/A,2025-1-1,False,True
Michael McCaul,Republican,House,TX,HLI,2025-1-15,False,True
Michael McCaul,Republican,House,TX,PROSY,2025-1-8,False,True
Michael McCaul,Republican,House,TX,AAPL,2025-1-20,False,True
Michael McCaul,Republican,House,TX,N/A,2025-1-9,False,True
Michael McCaul,Republican,House,TX,TPR,2025-1-22,False,True
Michael McCaul,Republican,House,TX,COP,2025-1-8,False,True
Michael McCaul,Republican,House,TX,N/A,2025-1-1,False,True
Michael McCaul,Republican,House,TX,N/A,2025-1-1,False,True
Michael McCaul,Republican,House,TX,ADBE,2025-1-7,False,True
Michael McCaul,Republican,House,TX,BECN,2025-1-16,False,True
Michael McCaul,Republican,House,TX,AAPL,2025-1-29,False,True
Michael McCaul,Republican,House,TX,FIS,2025-1-12,False,True
Rob Bresnahan,Republican,House,PA,AAON,2025-1-12,False,True
Rob Bresnahan,Republican,House,PA,AAON,2025-1-12,False,True
Rob Bresnahan,Republican,House,PA,ACN,2025-1-12,False,True
Rob Bresnahan,Republican,House,PA,ADBE,2025-1-12,False,True
Rob Bresnahan,Republican,House,PA,WMS,2025-1-12,False,True
Rob Bresnahan,Republican,House,PA,AMD,2025-1-12,False,True
Rob Bresnahan,Republican,House,PA,BABA,2025-1-28,True,False
Rob Bresnahan,Republican,House,PA,BABA,2025-1-28,True,False
Rob Bresnahan,Republican,House,PA,BABA,2025-1-29,True,False
Rob Bresnahan,Republican,House,PA,BABA,2025-1-28,True,False
Rob Bresnahan,Republican,House,PA,GOOGL,2025-1-20,False,True
Rob Bresnahan,Republican,House,PA,GOOGL,2025-1-12,False,True
Rob Bresnahan,Republican,House,PA,ANSS,2025-1-12,False,True
Rob Bresnahan,Republican,House,PA,APPF,2025-1-12,False,True
Rob Bresnahan,Republican,House,PA,ANET,2025-1-12,False,True
Rob Bresnahan,Republican,House,PA,TEAM,2025-1-27,True,False
Rob Bresnahan,Republican,House,PA,TEAM,2025-1-27,True,False
Rob Bresnahan,Republican,House,PA,TEAM,2025-1-27,True,False
Rob Bresnahan,Republican,House,PA,AXON,2025-1-12,False,True
Rob Bresnahan,Republican,House,PA,BRK/B,2025-1-14,False,True
Rob Bresnahan,Republican,House,PA,BRK/B,2025-1-14,False,True
Rob Bresnahan,Republican,House,PA,BRK/B,2025-1-12,True,False
Rob Bresnahan,Republican,House,PA,BRK/B,2025-1-12,True,False
Rob Bresnahan,Republican,House,PA,BRK/B,2025-1-14,True,False
Rob Bresnahan,Republican,House,PA,BRK/B,2025-1-12,False,True
Rob Bresnahan,Republican,House,PA,BRK/B,2025-1-12,True,False
Rob Bresnahan,Republican,House,PA,BRK/B,2025-1-12,True,False
Rob Bresnahan,Republican,House,PA,BERY,2025-1-12,False,True
Rob Bresnahan,Republican,House,PA,BA,2025-1-12,False,True
Rob Bresnahan,Republican,House,PA,BAH,2025-1-12,False,True
Rob Bresnahan,Republican,House,PA,AVGO,2025-1-27,False,True
Rob Bresnahan,Republican,House,PA,BR,2025-1-12,False,True
Rob Bresnahan,Republican,House,PA,BRO,2025-1-12,False,True
Rob Bresnahan,Republican,House,PA,CDNS,2025-1-12,False,True
Rob Bresnahan,Republican,House,PA,CDW,2025-1-12,False,True
Rob Bresnahan,Republican,House,PA,CELH,2025-1-12,False,True
Rob Bresnahan,Republican,House,PA,CVX,2025-1-12,False,True
Rob Bresnahan,Republican,House,PA,CMG,2025-1-12,False,True
Rob Bresnahan,Republican,House,PA,CHDN,2025-1-12,False,True
Rob Bresnahan,Republican,House,PA,CLH,2025-1-12,False,True
Rob Bresnahan,Republican,House,PA,KO,2025-1-20,False,True
Rob Bresnahan,Republican,House,PA,FIX,2025-1-12,False,True
Rob Bresnahan,Republican,House,PA,N/A,2025-1-28,False,True
Rob Bresnahan,Republican,House,PA,N/A,2025-1-28,False,True
Rob Bresnahan,Republican,House,PA,N/A,2025-1-28,False,True
Rob Bresnahan,Republican,House,PA,N/A,2025-1-27,True,False
Rob Bresnahan,Republican,House,PA,N/A,2025-1-27,True,False
Rob Bresnahan,Republican,House,PA,N/A,2025-1-12,False,True
Rob Bresnahan,Republican,House,PA,N/A,2025-1-27,True,False
Rob Bresnahan,Republican,House,PA,DRI,2025-1-12,False,True
Rob Bresnahan,Republican,House,PA,DECK,2025-1-12,False,True
Rob Bresnahan,Republican,House,PA,DBX,2025-1-12,False,True
Rob Bresnahan,Republican,House,PA,ELF,2025-1-12,False,True
Rob Bresnahan,Republican,House,PA,ELV,2025-1-12,False,True
Rob Bresnahan,Republican,House,PA,EME,2025-1-12,False,True
Rob Bresnahan,Republican,House,PA,FTNT,2025-1-12,False,True
Rob Bresnahan,Republican,House,PA,GDDY,2025-1-12,False,True
Rob Bresnahan,Republican,House,PA,GPK,2025-1-12,False,True
Rob Bresnahan,Republican,House,PA,HQY,2025-1-12,False,True
Rob Bresnahan,Republican,House,PA,HEI,2025-1-12,False,True
Rob Bresnahan,Republican,House,PA,HEI,2025-1-12,False,True
Rob Bresnahan,Republican,House,PA,IR,2025-1-12,False,True
Rob Bresnahan,Republican,House,PA,IBP,2025-1-12,False,True
Rob Bresnahan,Republican,House,PA,INTC,2025-2-2,True,False
Rob Bresnahan,Republican,House,PA,INTC,2025-2-2,True,False
Rob Bresnahan,Republican,House,PA,INTC,2025-2-2,True,False
Rob Bresnahan,Republican,House,PA,ICE,2025-1-12,False,True
Rob Bresnahan,Republican,House,PA,INTU,2025-1-12,False,True
Rob Bresnahan,Republican,House,PA,LRCX,2025-1-15,True,False
Rob Bresnahan,Republican,House,PA,LW,2025-1-12,False,True
Rob Bresnahan,Republican,House,PA,LIN,2025-1-12,False,True
Rob Bresnahan,Republican,House,PA,LOW,2025-2-6,False,True
Rob Bresnahan,Republican,House,PA,LULU,2025-1-12,False,True
Rob Bresnahan,Republican,House,PA,MANH,2025-1-12,False,True
Rob Bresnahan,Republican,House,PA,MANH,2025-1-28,False,True
Rob Bresnahan,Republican,House,PA,MANH,2025-1-28,False,True
Rob Bresnahan,Republican,House,PA,MANH,2025-1-28,False,True
Rob Bresnahan,Republican,House,PA,MA,2025-1-12,False,True
Rob Bresnahan,Republican,House,PA,MEDP,2025-1-12,False,True
Rob Bresnahan,Republican,House,PA,META,2025-1-28,False,True
Rob Bresnahan,Republican,House,PA,META,2025-1-28,False,True
Rob Bresnahan,Republican,House,PA,MSFT,2025-1-12,False,True
Rob Bresnahan,Republican,House,PA,MSFT,2025-1-29,False,True
Rob Bresnahan,Republican,House,PA,MSFT,2025-1-29,False,True
Rob Bresnahan,Republican,House,PA,MOH,2025-1-12,False,True
Rob Bresnahan,Republican,House,PA,MPWR,2025-1-12,False,True
Rob Bresnahan,Republican,House,PA,MSCI,2025-1-12,False,True
Rob Bresnahan,Republican,House,PA,NFLX,2025-1-12,False,True
Rob Bresnahan,Republican,House,PA,NTNX,2025-1-12,False,True
Rob Bresnahan,Republican,House,PA,NVDA,2025-1-27,False,True
Rob Bresnahan,Republican,House,PA,NVDA,2025-1-28,False,True
Rob Bresnahan,Republican,House,PA,NVDA,2025-1-28,False,True
Rob Bresnahan,Republican,House,PA,NVR,2025-1-12,False,True
Rob Bresnahan,Republican,House,PA,PCAR,2025-1-12,False,True
Rob Bresnahan,Republican,House,PA,PANW,2025-1-12,False,True
Rob Bresnahan,Republican,House,PA,PAYX,2025-1-12,False,True
Rob Bresnahan,Republican,House,PA,PCTY,2025-1-12,False,True
Rob Bresnahan,Republican,House,PA,PFGC,2025-1-12,False,True
Rob Bresnahan,Republican,House,PA,PSTG,2025-1-12,False,True
Rob Bresnahan,Republican,House,PA,PWR,2025-1-12,False,True
Rob Bresnahan,Republican,House,PA,RMD,2025-1-12,False,True
Rob Bresnahan,Republican,House,PA,HOOD,2025-1-28,False,True
Rob Bresnahan,Republican,House,PA,HOOD,2025-1-28,False,True
Rob Bresnahan,Republican,House,PA,HOOD,2025-1-28,False,True
Rob Bresnahan,Republican,House,PA,RCL,2025-1-12,False,True
Rob Bresnahan,Republican,House,PA,SAIA,2025-1-12,False,True
Rob Bresnahan,Republican,House,PA,CRM,2025-1-20,False,True
Rob Bresnahan,Republican,House,PA,CRM,2025-1-12,False,True
Rob Bresnahan,Republican,House,PA,SBAC,2025-1-12,False,True
Rob Bresnahan,Republican,House,PA,NOW,2025-1-12,False,True
Rob Bresnahan,Republican,House,PA,NOW,2025-2-2,True,False
Rob Bresnahan,Republican,House,PA,NOW,2025-2-2,True,False
Rob Bresnahan,Republican,House,PA,SMCI,2025-1-12,False,True
Rob Bresnahan,Republican,House,PA,SNPS,2025-1-12,False,True
Rob Bresnahan,Republican,House,PA,TTWO,2025-2-2,True,False
Rob Bresnahan,Republican,House,PA,TTWO,2025-2-2,True,False
Rob Bresnahan,Republican,House,PA,TTWO,2025-2-2,True,False
Rob Bresnahan,Republican,House,PA,CI,2025-1-12,False,True
Rob Bresnahan,Republican,House,PA,TMUS,2025-1-12,False,True
Rob Bresnahan,Republican,House,PA,TDG,2025-1-12,False,True
Rob Bresnahan,Republican,House,PA,URI,2025-1-12,False,True
Rob Bresnahan,Republican,House,PA,UNH,2025-1-12,False,True
Rob Bresnahan,Republican,House,PA,DIS,2025-1-12,False,True
Rob Bresnahan,Republican,House,PA,DIS,2025-1-20,False,True
Rob Bresnahan,Republican,House,PA,WAB,2025-1-12,False,True
Rob Bresnahan,Republican,House,PA,WSC,2025-1-12,False,True
Rob Bresnahan,Republican,House,PA,ZM,2025-1-27,True,False
Rob Bresnahan,Republican,House,PA,ZM,2025-1-27,True,False
Rob Bresnahan,Republican,House,PA,ZM,2025-1-27,True,False
Rob Bresnahan,Republican,House,PA,ZS,2025-1-12,False,True
Shelley Moore Capito,Republican,Senate,WV,ADI,2025-1-12,False,True
Shelley Moore Capito,Republican,Senate,WV,PSX,2025-1-16,False,True
Shelley Moore Capito,Republican,Senate,WV,JPM,2025-1-16,False,True
Shelley Moore Capito,Republican,Senate,WV,MSFT,2025-1-16,False,True
Shelley Moore Capito,Republican,Senate,WV,LOW,2025-1-16,False,True
Shelley Moore Capito,Republican,Senate,WV,ITW,2025-1-16,False,True
Shelley Moore Capito,Republican,Senate,WV,GWW,2025-1-16,False,True
Shelley Moore Capito,Republican,Senate,WV,CB,2025-1-16,False,True
Shelley Moore Capito,Republican,Senate,WV,BLK,2025-1-16,False,True
Shelley Moore Capito,Republican,Senate,WV,AAPL,2025-1-16,False,True
Shelley Moore Capito,Republican,Senate,WV,AFL,2025-1-16,False,True
Shelley Moore Capito,Republican,Senate,WV,MSFT,2025-1-2,False,True
Jefferson Shreve,Republican,House,IN,CMCSA,2025-1-15,True,False
Julie Johnson,Democrat,House,TX,ALE,2025-1-27,False,True
Julie Johnson,Democrat,House,TX,AMT,2025-1-14,False,True
Julie Johnson,Democrat,House,TX,BA,2025-1-14,True,False
Julie Johnson,Democrat,House,TX,BMY,2025-1-14,True,False
Julie Johnson,Democrat,House,TX,AVGO,2025-1-14,False,True
Julie Johnson,Democrat,House,TX,CRL,2025-1-14,True,False
Julie Johnson,Democrat,House,TX,CB,2025-1-23,False,True
Julie Johnson,Democrat,House,TX,CAG,2025-1-14,False,True
Julie Johnson,Democrat,House,TX,COP,2025-1-14,True,False
Julie Johnson,Democrat,House,TX,STZ,2025-1-14,False,True
Julie Johnson,Democrat,House,TX,CSGP,2025-1-14,False,True
Julie Johnson,Democrat,House,TX,CVS,2025-1-14,False,True
Julie Johnson,Democrat,House,TX,DHR,2025-1-14,False,True
Julie Johnson,Democrat,House,TX,DELL,2025-1-27,False,True
Julie Johnson,Democrat,House,TX,DG,2025-1-14,True,False
Julie Johnson,Democrat,House,TX,DLTR,2025-1-14,True,False
Julie Johnson,Democrat,House,TX,DOW,2025-1-14,True,False
Julie Johnson,Democrat,House,TX,ENPH,2025-1-14,True,False
Julie Johnson,Democrat,House,TX,EL,2025-1-14,True,False
Julie Johnson,Democrat,House,TX,ES,2025-1-14,True,False
Julie Johnson,Democrat,House,TX,GS,2025-1-23,True,False
Julie Johnson,Democrat,House,TX,HAS,2025-1-14,True,False
Julie Johnson,Democrat,House,TX,INTU,2025-1-27,False,True
Julie Johnson,Democrat,House,TX,JNPR,2025-1-14,True,False
Julie Johnson,Democrat,House,TX,LW,2025-1-14,False,True
Julie Johnson,Democrat,House,TX,MKTX,2025-1-14,True,False
Julie Johnson,Democrat,House,TX,MRK,2025-1-16,True,False
Julie Johnson,Democrat,House,TX,MRNA,2025-1-14,False,True
Julie Johnson,Democrat,House,TX,MNST,2025-1-14,False,True
Julie Johnson,Democrat,House,TX,MS,2025-1-23,False,True
Julie Johnson,Democrat,House,TX,MSCI,2025-1-14,True,False
Julie Johnson,Democrat,House,TX,NEE,2025-1-14,True,False
Julie Johnson,Democrat,House,TX,NKE,2025-1-14,False,True
Julie Johnson,Democrat,House,TX,PLTR,2025-1-14,True,False
Julie Johnson,Democrat,House,TX,PEP,2025-1-14,True,False
Julie Johnson,Democrat,House,TX,PEP,2025-1-27,False,True
Julie Johnson,Democrat,House,TX,PFE,2025-1-14,False,True
Julie Johnson,Democrat,House,TX,PPG,2025-1-12,False,True
Julie Johnson,Democrat,House,TX,PPG,2025-1-26,False,True
Julie Johnson,Democrat,House,TX,PGR,2025-1-23,True,False
Julie Johnson,Democrat,House,TX,QRVO,2025-1-14,False,True
Julie Johnson,Democrat,House,TX,REGN,2025-1-14,True,False
Julie Johnson,Democrat,House,TX,SBAC,2025-1-14,True,False
Julie Johnson,Democrat,House,TX,SOLV,2025-1-14,False,True
Julie Johnson,Democrat,House,TX,SMCI,2025-1-14,True,False
Julie Johnson,Democrat,House,TX,CI,2025-1-14,True,False
Julie Johnson,Democrat,House,TX,HSY,2025-1-14,True,False
Julie Johnson,Democrat,House,TX,UBER,2025-1-14,True,False
Julie Johnson,Democrat,House,TX,VZ,2025-1-14,False,True
Julie Johnson,Democrat,House,TX,WBA,2025-1-14,True,False
Julie Johnson,Democrat,House,TX,WMT,2025-1-16,False,True
Richard Blumenthal,Democrat,Senate,CT,N/A,2025-1-7,True,False
Richard Blumenthal,Democrat,Senate,CT,N/A,2025-1-8,False,True
Richard Blumenthal,Democrat,Senate,CT,N/A,2025-1-16,True,False
Richard Blumenthal,Democrat,Senate,CT,N/A,2025-1-7,True,False
Richard Blumenthal,Democrat,Senate,CT,N/A,2025-1-8,False,True
Richard Blumenthal,Democrat,Senate,CT,N/A,2025-1-16,True,False
Richard Blumenthal,Democrat,Senate,CT,N/A,2025-1-16,False,True
Richard Blumenthal,Democrat,Senate,CT,N/A,2025-1-7,True,False
Richard Blumenthal,Democrat,Senate,CT,N/A,2025-1-16,True,False
Richard Blumenthal,Democrat,Senate,CT,N/A,2025-1-7,True,False
Richard Blumenthal,Democrat,Senate,CT,N/A,2025-1-16,True,False
Richard Blumenthal,Democrat,Senate,CT,N/A,2025-1-7,True,False
Richard Blumenthal,Democrat,Senate,CT,N/A,2025-1-16,True,False
Richard Blumenthal,Democrat,Senate,CT,N/A,2025-1-7,True,False
Richard Blumenthal,Democrat,Senate,CT,N/A,2025-1-8,False,True
Richard Blumenthal,Democrat,Senate,CT,N/A,2025-1-16,True,False
Richard Blumenthal,Democrat,Senate,CT,N/A,2025-1-16,False,True
Richard Blumenthal,Democrat,Senate,CT,N/A,2025-1-7,True,False
Richard Blumenthal,Democrat,Senate,CT,N/A,2025-1-8,False,True
Richard Blumenthal,Democrat,Senate,CT,N/A,2025-1-16,True,False
Richard Blumenthal,Democrat,Senate,CT,N/A,2025-1-16,False,True
Richard Blumenthal,Democrat,Senate,CT,N/A,2025-1-7,True,False
Richard Blumenthal,Democrat,Senate,CT,N/A,2025-1-16,True,False
Richard Blumenthal,Democrat,Senate,CT,N/A,2025-1-16,True,False
Emily Randall,Democrat,House,WA,ABT,2025-1-5,False,True
Emily Randall,Democrat,House,WA,GOOGL,2025-1-6,False,True
Emily Randall,Democrat,House,WA,AMGN,2025-1-5,False,True
Emily Randall,Democrat,House,WA,XOM,2025-1-5,False,True
Emily Randall,Democrat,House,WA,FTV,2025-1-5,False,True
Emily Randall,Democrat,House,WA,MDT,2025-1-5,False,True
Emily Randall,Democrat,House,WA,MDLZ,2025-1-5,False,True
Emily Randall,Democrat,House,WA,PEP,2025-1-5,False,True
Emily Randall,Democrat,House,WA,PG,2025-1-5,False,True
Emily Randall,Democrat,House,WA,VZ,2025-1-5,False,True
Emily Randall,Democrat,House,WA,WFC,2025-1-5,False,True
Gil Cisneros,Democrat,House,CA,AGIO,2025-1-28,True,False
Gil Cisneros,Democrat,House,CA,ABNB,2025-1-23,False,True
Gil Cisneros,Democrat,House,CA,APG,2025-1-6,True,False
Gil Cisneros,Democrat,House,CA,BA,2025-1-23,False,True
Gil Cisneros,Democrat,House,CA,AVGO,2025-1-29,False,True
Gil Cisneros,Democrat,House,CA,AVGO,2025-1-28,True,False
Gil Cisneros,Democrat,House,CA,CACI,2025-1-30,True,False
Gil Cisneros,Democrat,House,CA,KMX,2025-1-12,True,False
Gil Cisneros,Democrat,House,CA,STZ,2025-1-12,True,False
Gil Cisneros,Democrat,House,CA,N/A,2025-1-28,True,False
Gil Cisneros,Democrat,House,CA,CCI,2025-1-23,True,False
Gil Cisneros,Democrat,House,CA,CVS,2025-1-23,True,False
Gil Cisneros,Democrat,House,CA,XRAY,2025-1-6,False,True
Gil Cisneros,Democrat,House,CA,XRAY,2025-1-7,False,True
Gil Cisneros,Democrat,House,CA,DG,2025-1-23,False,True
Gil Cisneros,Democrat,House,CA,D,2025-1-23,False,True
Gil Cisneros,Democrat,House,CA,EIX,2025-1-23,False,True
Gil Cisneros,Democrat,House,CA,FERG,2025-1-6,True,False
Gil Cisneros,Democrat,House,CA,F,2025-1-23,True,False
Gil Cisneros,Democrat,House,CA,FTV,2025-1-6,True,False
Gil Cisneros,Democrat,House,CA,GDDY,2025-1-6,False,True
Gil Cisneros,Democrat,House,CA,HE,2025-1-30,True,False
Gil Cisneros,Democrat,House,CA,ICFI,2025-2-2,False,True
Gil Cisneros,Democrat,House,CA,N/A,2025-1-21,False,True
Gil Cisneros,Democrat,House,CA,ISRG,2025-1-29,True,False
Gil Cisneros,Democrat,House,CA,JNJ,2025-1-23,False,True
Gil Cisneros,Democrat,House,CA,K,2025-1-23,True,False
Gil Cisneros,Democrat,House,CA,KLAC,2025-1-12,False,True
Gil Cisneros,Democrat,House,CA,LRCX,2025-1-27,False,True
Gil Cisneros,Democrat,House,CA,N/A,2025-1-27,True,False
Gil Cisneros,Democrat,House,CA,N/A,2025-1-12,True,False
Gil Cisneros,Democrat,House,CA,N/A,2025-1-6,True,False
Gil Cisneros,Democrat,House,CA,N/A,2025-1-7,True,False
Gil Cisneros,Democrat,House,CA,MCK,2025-1-23,False,True
Gil Cisneros,Democrat,House,CA,MRK,2025-1-23,False,True
Gil Cisneros,Democrat,House,CA,MSFT,2025-1-23,True,False
Gil Cisneros,Democrat,House,CA,MDLZ,2025-1-23,False,True
Gil Cisneros,Democrat,House,CA,PCG,2025-1-23,False,True
Gil Cisneros,Democrat,House,CA,PLTR,2025-1-23,True,False
Gil Cisneros,Democrat,House,CA,N/A,2025-1-21,True,False
Gil Cisneros,Democrat,House,CA,N/A,2025-1-28,True,False
Gil Cisneros,Democrat,House,CA,PFE,2025-1-23,False,True
Gil Cisneros,Democrat,House,CA,DGX,2025-1-23,False,True
Gil Cisneros,Democrat,House,CA,LUV,2025-1-23,True,False
Gil Cisneros,Democrat,House,CA,SWTX,2025-1-28,True,False
Gil Cisneros,Democrat,House,CA,TCEHY,2025-1-8,False,True
Gil Cisneros,Democrat,House,CA,CI,2025-1-23,False,True
Gil Cisneros,Democrat,House,CA,SJM,2025-1-23,False,True
Gil Cisneros,Democrat,House,CA,USPH,2025-1-28,True,False
Gil Cisneros,Democrat,House,CA,N/A,2025-1-30,False,True
Gil Cisneros,Democrat,House,CA,UNH,2025-1-23,True,False
Gil Cisneros,Democrat,House,CA,WBA,2025-1-23,True,False
Gil Cisneros,Democrat,House,CA,WAB,2025-1-12,False,True
Gil Cisneros,Democrat,House,CA,WAB,2025-1-6,False,True
Gil Cisneros,Democrat,House,CA,WTW,2025-1-27,True,False
Gil Cisneros,Democrat,House,CA,WTW,2025-1-12,True,False
James Comer,Republican,House,KY,MRVL,2025-1-20,True,False
James Comer,Republican,House,KY,PLTR,2025-1-20,True,False
James Comer,Republican,House,KY,TTD,2025-2-3,False,True
Victoria Spartz,Republican,House,IN,SPG,2025-2-2,True,False
Jared Moskowitz,Democrat,House,FL,ABT,2025-1-14,False,True
Jared Moskowitz,Democrat,House,FL,ABT,2025-1-14,False,True
Jared Moskowitz,Democrat,House,FL,ABT,2025-1-14,False,True
Jared Moskowitz,Democrat,House,FL,ABBV,2025-1-14,True,False
Jared Moskowitz,Democrat,House,FL,ABBV,2025-1-14,True,False
Jared Moskowitz,Democrat,House,FL,CNI,2025-1-14,False,True
Jared Moskowitz,Democrat,House,FL,CNI,2025-1-14,False,True
Jared Moskowitz,Democrat,House,FL,CNI,2025-1-14,False,True
Jared Moskowitz,Democrat,House,FL,GS,2025-1-14,True,False
Jared Moskowitz,Democrat,House,FL,GS,2025-1-14,True,False
Jared Moskowitz,Democrat,House,FL,GS,2025-1-14,True,False
Jared Moskowitz,Democrat,House,FL,MCK,2025-1-14,True,False
Jared Moskowitz,Democrat,House,FL,MCK,2025-1-14,True,False
Jared Moskowitz,Democrat,House,FL,MRK,2025-1-14,False,True
Jared Moskowitz,Democrat,House,FL,MRK,2025-1-14,False,True
Jared Moskowitz,Democrat,House,FL,MRK,2025-1-14,False,True
Jared Moskowitz,Democrat,House,FL,SYK,2025-1-14,True,False
Jared Moskowitz,Democrat,House,FL,SYK,2025-1-14,True,False
Byron Donalds,Republican,House,FL,FCNCA,2025-1-20,True,False
Byron Donalds,Republican,House,FL,FCNCA,2025-1-20,True,False
Byron Donalds,Republican,House,FL,FCNCA,2025-1-15,True,False
Byron Donalds,Republican,House,FL,GDDY,2025-1-15,True,False
Byron Donalds,Republican,House,FL,GDDY,2025-1-15,True,False
Byron Donalds,Republican,House,FL,GDDY,2025-1-20,True,False
Byron Donalds,Republican,House,FL,GDDY,2025-1-20,True,False
Byron Donalds,Republican,House,FL,MRK,2025-1-15,False,True
Byron Donalds,Republican,House,FL,MRK,2025-1-15,False,True
Byron Donalds,Republican,House,FL,RLI,2025-1-15,False,True
Byron Donalds,Republican,House,FL,RLI,2025-1-20,False,True
Byron Donalds,Republican,House,FL,RLI,2025-1-15,False,True
Byron Donalds,Republican,House,FL,RLI,2025-1-15,False,True
Josh Gottheimer,Democrat,House,NJ,MMM,2025-1-29,True,False
Josh Gottheimer,Democrat,House,NJ,MMM,2025-1-20,True,False
Josh Gottheimer,Democrat,House,NJ,ABT,2025-1-28,True,False
Josh Gottheimer,Democrat,House,NJ,ABT,2025-1-27,True,False
Josh Gottheimer,Democrat,House,NJ,BABA,2025-1-30,True,False
Josh Gottheimer,Democrat,House,NJ,BABA,2025-1-15,True,False
Josh Gottheimer,Democrat,House,NJ,GOOGL,2025-1-15,False,True
Josh Gottheimer,Democrat,House,NJ,ABEV,2025-1-26,True,False
Josh Gottheimer,Democrat,House,NJ,ANET,2025-1-30,False,True
Josh Gottheimer,Democrat,House,NJ,ANET,2025-1-27,False,True
Josh Gottheimer,Democrat,House,NJ,BRK/B,2025-1-15,True,False
Josh Gottheimer,Democrat,House,NJ,AVGO,2025-1-27,False,True
Josh Gottheimer,Democrat,House,NJ,AVGO,2025-1-28,False,True
Josh Gottheimer,Democrat,House,NJ,CDRE,2025-1-26,True,False
Josh Gottheimer,Democrat,House,NJ,KO,2025-1-15,True,False
Josh Gottheimer,Democrat,House,NJ,KO,2025-1-20,True,False
Josh Gottheimer,Democrat,House,NJ,CLPBY,2025-1-26,True,False
Josh Gottheimer,Democrat,House,NJ,GLW,2025-1-29,True,False
Josh Gottheimer,Democrat,House,NJ,GLW,2025-1-26,True,False
Josh Gottheimer,Democrat,House,NJ,DHI,2025-1-15,True,False
Josh Gottheimer,Democrat,House,NJ,D,2025-1-15,True,False
Josh Gottheimer,Democrat,House,NJ,ETN,2025-1-28,False,True
Josh Gottheimer,Democrat,House,NJ,ETN,2025-1-22,False,True
Josh Gottheimer,Democrat,House,NJ,LLY,2025-1-7,False,True
Josh Gottheimer,Democrat,House,NJ,FICO,2025-1-26,False,True
Josh Gottheimer,Democrat,House,NJ,GMAB,2025-1-15,True,False
Josh Gottheimer,Democrat,House,NJ,GBOOY,2025-1-26,True,False
Josh Gottheimer,Democrat,House,NJ,ICFI,2025-1-30,False,True
Josh Gottheimer,Democrat,House,NJ,N/A,2025-1-16,False,True
Josh Gottheimer,Democrat,House,NJ,ITCI,2025-1-23,False,True
Josh Gottheimer,Democrat,House,NJ,ISRG,2025-1-20,False,True
Josh Gottheimer,Democrat,House,NJ,ISRG,2025-1-28,False,True
Josh Gottheimer,Democrat,House,NJ,ISRG,2025-1-9,False,True
Josh Gottheimer,Democrat,House,NJ,JNJ,2025-1-15,True,False
Josh Gottheimer,Democrat,House,NJ,JNJ,2025-1-23,True,False
Josh Gottheimer,Democrat,House,NJ,JNJ,2025-1-20,True,False
Josh Gottheimer,Democrat,House,NJ,MA,2025-1-29,True,False
Josh Gottheimer,Democrat,House,NJ,MA,2025-1-30,True,False
Josh Gottheimer,Democrat,House,NJ,MA,2025-1-15,False,True
Josh Gottheimer,Democrat,House,NJ,MELI,2025-1-26,False,True
Josh Gottheimer,Democrat,House,NJ,MRK,2025-1-26,False,True
Josh Gottheimer,Democrat,House,NJ,META,2025-1-15,False,True
Josh Gottheimer,Democrat,House,NJ,MSFT,2025-1-15,False,True
Josh Gottheimer,Democrat,House,NJ,MSFT,2025-1-20,False,True
Josh Gottheimer,Democrat,House,NJ,MSFT,2025-1-30,False,True
Josh Gottheimer,Democrat,House,NJ,NSRGY,2025-1-15,True,False
Josh Gottheimer,Democrat,House,NJ,NFLX,2025-1-21,False,True
Josh Gottheimer,Democrat,House,NJ,NVDA,2025-1-28,False,True
Josh Gottheimer,Democrat,House,NJ,NVDA,2025-1-27,False,True
Josh Gottheimer,Democrat,House,NJ,NVDA,2025-1-16,False,True
Josh Gottheimer,Democrat,House,NJ,NVDA,2025-1-15,False,True
Josh Gottheimer,Democrat,House,NJ,ORCL,2025-1-27,False,True
Josh Gottheimer,Democrat,House,NJ,ORCL,2025-1-21,False,True
Josh Gottheimer,Democrat,House,NJ,ORCL,2025-1-20,False,True
Josh Gottheimer,Democrat,House,NJ,PANW,2025-1-15,False,True
Josh Gottheimer,Democrat,House,NJ,N/A,2025-1-16,True,False
Josh Gottheimer,Democrat,House,NJ,TLK,2025-1-15,True,False
Josh Gottheimer,Democrat,House,NJ,PWR,2025-1-28,False,True
Josh Gottheimer,Democrat,House,NJ,PWR,2025-1-20,False,True
Josh Gottheimer,Democrat,House,NJ,REGN,2025-1-23,False,True
Josh Gottheimer,Democrat,House,NJ,CRM,2025-1-28,True,False
Josh Gottheimer,Democrat,House,NJ,SHEL,2025-1-15,True,False
Josh Gottheimer,Democrat,House,NJ,TSM,2025-1-27,False,True
Josh Gottheimer,Democrat,House,NJ,TEL,2025-1-22,True,False
Josh Gottheimer,Democrat,House,NJ,TSLA,2025-1-27,True,False
Josh Gottheimer,Democrat,House,NJ,TSLA,2025-1-30,True,False
Josh Gottheimer,Democrat,House,NJ,TSLA,2025-1-29,True,False
Josh Gottheimer,Democrat,House,NJ,TT,2025-1-29,False,True
Josh Gottheimer,Democrat,House,NJ,TT,2025-1-22,False,True
Josh Gottheimer,Democrat,House,NJ,TDG,2025-1-15,False,True
Josh Gottheimer,Democrat,House,NJ,TWLO,2025-1-30,True,False
Josh Gottheimer,Democrat,House,NJ,UBER,2025-1-22,False,True
Josh Gottheimer,Democrat,House,NJ,UBER,2025-1-28,False,True
Josh Gottheimer,Democrat,House,NJ,UNICY,2025-1-15,True,False
Josh Gottheimer,Democrat,House,NJ,UNP,2025-1-28,True,False
Josh Gottheimer,Democrat,House,NJ,V,2025-1-27,True,False
Josh Gottheimer,Democrat,House,NJ,V,2025-1-29,True,False
Josh Gottheimer,Democrat,House,NJ,V,2025-1-30,True,False
Josh Gottheimer,Democrat,House,NJ,V,2025-1-22,True,False
Josh Gottheimer,Democrat,House,NJ,V,2025-1-23,True,False
Josh Gottheimer,Democrat,House,NJ,WMT,2025-1-21,True,False
Ro Khanna,Democrat,House,CA,RY,2025-1-23,True,False
Ro Khanna,Democrat,House,CA,MET,2025-1-1,True,False
Ro Khanna,Democrat,House,CA,LH,2025-1-5,True,False
Ro Khanna,Democrat,House,CA,CL,2025-1-2,True,False
Ro Khanna,Democrat,House,CA,CL,2025-1-5,True,False
Ro Khanna,Democrat,House,CA,TXN,2025-1-23,True,False
Ro Khanna,Democrat,House,CA,BRK/B,2025-1-1,True,False
Ro Khanna,Democrat,House,CA,ABT,2025-1-1,True,False
Ro Khanna,Democrat,House,CA,MET,2025-1-21,True,False
Ro Khanna,Democrat,House,CA,GIS,2025-1-14,True,False
Ro Khanna,Democrat,House,CA,GIS,2025-1-13,True,False
Ro Khanna,Democrat,House,CA,MET,2025-1-15,True,False
Ro Khanna,Democrat,House,CA,MET,2025-1-22,True,False
Ro Khanna,Democrat,House,CA,MET,2025-1-14,True,False
Ro Khanna,Democrat,House,CA,MET,2025-1-23,True,False
Ro Khanna,Democrat,House,CA,GIS,2025-1-2,True,False
Ro Khanna,Democrat,House,CA,MET,2025-1-23,True,False
Ro Khanna,Democrat,House,CA,GIS,2025-1-16,True,False
Ro Khanna,Democrat,House,CA,GIS,2025-1-20,True,False
Ro Khanna,Democrat,House,CA,MLM,2025-1-6,True,False
Ro Khanna,Democrat,House,CA,JPM,2025-1-27,True,False
Ro Khanna,Democrat,House,CA,CL,2025-1-30,True,False
Ro Khanna,Democrat,House,CA,MRVL,2025-1-2,False,True
Ro Khanna,Democrat,House,CA,NDAQ,2025-1-20,False,True
Ro Khanna,Democrat,House,CA,V,2025-1-27,False,True
Ro Khanna,Democrat,House,CA,AMZN,2025-1-27,False,True
Ro Khanna,Democrat,House,CA,EIX,2025-1-8,False,True
Ro Khanna,Democrat,House,CA,DE,2025-1-2,False,True
Ro Khanna,Democrat,House,CA,CAT,2025-1-14,False,True
Ro Khanna,Democrat,House,CA,PH,2025-1-6,False,True
Ro Khanna,Democrat,House,CA,WFC,2025-1-14,False,True
Ro Khanna,Democrat,House,CA,WFC,2025-1-13,False,True
Ro Khanna,Democrat,House,CA,WFC,2025-1-2,False,True
Ro Khanna,Democrat,House,CA,DE,2025-1-27,False,True
Ro Khanna,Democrat,House,CA,WFC,2025-1-13,False,True
Ro Khanna,Democrat,House,CA,ALL,2025-1-6,False,True
Ro Khanna,Democrat,House,CA,ALL,2025-1-5,False,True
Ro Khanna,Democrat,House,CA,PH,2025-1-2,False,True
Ro Khanna,Democrat,House,CA,PH,2025-1-5,False,True
Ro Khanna,Democrat,House,CA,ALL,2025-1-1,False,True
Ro Khanna,Democrat,House,CA,WFC,2025-1-1,False,True
Ro Khanna,Democrat,House,CA,PH,2025-1-1,False,True
Ro Khanna,Democrat,House,CA,MET,2025-1-20,True,False
Ro Khanna,Democrat,House,CA,GLW,2025-1-1,False,True
Ro Khanna,Democrat,House,CA,MHK,2025-1-23,False,True
Ro Khanna,Democrat,House,CA,V,2025-1-27,False,True
Ro Khanna,Democrat,House,CA,NDAQ,2025-1-20,False,True
Ro Khanna,Democrat,House,CA,DE,2025-1-2,False,True
Ro Khanna,Democrat,House,CA,V,2025-1-21,True,False
Ro Khanna,Democrat,House,CA,VZ,2025-1-21,True,False
Ro Khanna,Democrat,House,CA,JPM,2025-1-21,True,False
Ro Khanna,Democrat,House,CA,MDLZ,2025-1-21,True,False
Ro Khanna,Democrat,House,CA,WFC,2025-1-21,True,False
Ro Khanna,Democrat,House,CA,QCOM,2025-1-21,True,False
Ro Khanna,Democrat,House,CA,MCO,2025-1-21,True,False
Ro Khanna,Democrat,House,CA,RSG,2025-1-21,True,False
Ro Khanna,Democrat,House,CA,WDAY,2025-1-21,True,False
Ro Khanna,Democrat,House,CA,CSCO,2025-1-21,True,False
Ro Khanna,Democrat,House,CA,CTAS,2025-1-21,True,False
Ro Khanna,Democrat,House,CA,KLAC,2025-1-21,True,False
Ro Khanna,Democrat,House,CA,MCD,2025-1-21,True,False
Ro Khanna,Democrat,House,CA,CB,2025-1-21,True,False
Ro Khanna,Democrat,House,CA,JCI,2025-1-21,True,False
Ro Khanna,Democrat,House,CA,KMB,2025-1-21,True,False
Ro Khanna,Democrat,House,CA,TMO,2025-1-21,True,False
Ro Khanna,Democrat,House,CA,META,2025-1-21,True,False
Ro Khanna,Democrat,House,CA,PEP,2025-1-21,True,False
Ro Khanna,Democrat,House,CA,PNC,2025-1-21,True,False
Ro Khanna,Democrat,House,CA,CI,2025-1-21,True,False
Ro Khanna,Democrat,House,CA,AMD,2025-1-21,True,False
Ro Khanna,Democrat,House,CA,SNPS,2025-1-21,True,False
Ro Khanna,Democrat,House,CA,PGR,2025-1-21,True,False
Ro Khanna,Democrat,House,CA,ROP,2025-1-21,True,False
Ro Khanna,Democrat,House,CA,AMZN,2025-1-21,True,False
Ro Khanna,Democrat,House,CA,APO,2025-1-21,True,False
Ro Khanna,Democrat,House,CA,BLK,2025-1-21,True,False
Ro Khanna,Democrat,House,CA,CVS,2025-1-21,True,False
Ro Khanna,Democrat,House,CA,FICO,2025-1-21,True,False
Ro Khanna,Democrat,House,CA,UNH,2025-1-21,True,False
Ro Khanna,Democrat,House,CA,ABBV,2025-1-21,True,False
Ro Khanna,Democrat,House,CA,MDT,2025-1-21,True,False
Ro Khanna,Democrat,House,CA,MMM,2025-1-21,True,False
Ro Khanna,Democrat,House,CA,CDW,2025-1-21,True,False
Ro Khanna,Democrat,House,CA,AMP,2025-1-21,True,False
Ro Khanna,Democrat,House,CA,MAR,2025-1-21,True,False
Ro Khanna,Democrat,House,CA,AMT,2025-1-21,True,False
Ro Khanna,Democrat,House,CA,AMGN,2025-1-21,True,False
Ro Khanna,Democrat,House,CA,UPS,2025-1-21,True,False
Ro Khanna,Democrat,House,CA,CAT,2025-1-21,True,False
Ro Khanna,Democrat,House,CA,SPGI,2025-1-21,True,False
Ro Khanna,Democrat,House,CA,NSC,2025-1-21,True,False
Ro Khanna,Democrat,House,CA,CRM,2025-1-21,True,False
Ro Khanna,Democrat,House,CA,ETN,2025-1-21,True,False
Ro Khanna,Democrat,House,CA,HD,2025-1-21,True,False
Ro Khanna,Democrat,House,CA,SHW,2025-1-21,True,False
Ro Khanna,Democrat,House,CA,ANSS,2025-1-21,True,False
Ro Khanna,Democrat,House,CA,UNP,2025-1-21,True,False
Ro Khanna,Democrat,House,CA,ADI,2025-1-21,True,False
Ro Khanna,Democrat,House,CA,AVB,2025-1-21,True,False
Ro Khanna,Democrat,House,CA,CHD,2025-1-21,True,False
Ro Khanna,Democrat,House,CA,NDAQ,2025-1-21,True,False
Ro Khanna,Democrat,House,CA,WM,2025-1-21,True,False
Ro Khanna,Democrat,House,CA,PFE,2025-1-21,True,False
Ro Khanna,Democrat,House,CA,PYPL,2025-1-21,True,False
Ro Khanna,Democrat,House,CA,WAB,2025-1-21,True,False
Ro Khanna,Democrat,House,CA,VICI,2025-1-21,True,False
Ro Khanna,Democrat,House,CA,EQR,2025-1-21,True,False
Ro Khanna,Democrat,House,CA,GEHC,2025-1-21,True,False
Ro Khanna,Democrat,House,CA,XYL,2025-1-21,True,False
Ro Khanna,Democrat,House,CA,MET,2025-1-21,True,False
Ro Khanna,Democrat,House,CA,WMT,2025-1-21,True,False
Ro Khanna,Democrat,House,CA,AIG,2025-1-21,True,False
Ro Khanna,Democrat,House,CA,N/A,2025-1-21,True,False
Ro Khanna,Democrat,House,CA,ROST,2025-1-21,True,False
Ro Khanna,Democrat,House,CA,PAYX,2025-1-21,True,False
Ro Khanna,Democrat,House,CA,AVY,2025-1-21,True,False
Ro Khanna,Democrat,House,CA,PTC,2025-1-21,True,False
Ro Khanna,Democrat,House,CA,KKR,2025-1-21,True,False
Ro Khanna,Democrat,House,CA,ALL,2025-1-21,True,False
Ro Khanna,Democrat,House,CA,GWW,2025-1-21,True,False
Ro Khanna,Democrat,House,CA,MLM,2025-1-21,True,False
Ro Khanna,Democrat,House,CA,KO,2025-1-21,True,False
Ro Khanna,Democrat,House,CA,ECL,2025-1-21,True,False
Ro Khanna,Democrat,House,CA,N/A,2025-1-21,True,False
Ro Khanna,Democrat,House,CA,ABT,2025-1-21,True,False
Ro Khanna,Democrat,House,CA,TRV,2025-1-21,True,False
Ro Khanna,Democrat,House,CA,STZ,2025-1-21,True,False
Ro Khanna,Democrat,House,CA,BDX,2025-1-21,True,False
Ro Khanna,Democrat,House,CA,CBRE,2025-1-21,True,False
Ro Khanna,Democrat,House,CA,TGT,2025-1-21,True,False
Ro Khanna,Democrat,House,CA,PH,2025-1-21,True,False
Ro Khanna,Democrat,House,CA,WRB,2025-1-21,True,False
Ro Khanna,Democrat,House,CA,AFL,2025-1-21,True,False
Ro Khanna,Democrat,House,CA,NEM,2025-1-21,True,False
Ro Khanna,Democrat,House,CA,JNPR,2025-1-21,True,False
Ro Khanna,Democrat,House,CA,DOW,2025-1-21,True,False
Ro Khanna,Democrat,House,CA,KHC,2025-1-21,True,False
Ro Khanna,Democrat,House,CA,AJG,2025-1-21,True,False
Ro Khanna,Democrat,House,CA,MSFT,2025-1-21,False,True
Ro Khanna,Democrat,House,CA,BRK/B,2025-1-21,False,True
Ro Khanna,Democrat,House,CA,GOOGL,2025-1-21,False,True
Ro Khanna,Democrat,House,CA,BAC,2025-1-21,False,True
Ro Khanna,Democrat,House,CA,PG,2025-1-21,False,True
Ro Khanna,Democrat,House,CA,LIN,2025-1-21,False,True
Ro Khanna,Democrat,House,CA,TXN,2025-1-21,False,True
Ro Khanna,Democrat,House,CA,MMC,2025-1-21,False,True
Ro Khanna,Democrat,House,CA,MSI,2025-1-21,False,True
Ro Khanna,Democrat,House,CA,ADP,2025-1-21,False,True
Ro Khanna,Democrat,House,CA,EMR,2025-1-21,False,True
Ro Khanna,Democrat,House,CA,ADBE,2025-1-21,False,True
Ro Khanna,Democrat,House,CA,DIS,2025-1-21,False,True
Ro Khanna,Democrat,House,CA,UBER,2025-1-21,False,True
Ro Khanna,Democrat,House,CA,LOW,2025-1-21,False,True
Ro Khanna,Democrat,House,CA,ICE,2025-1-21,False,True
Ro Khanna,Democrat,House,CA,COST,2025-1-21,False,True
Ro Khanna,Democrat,House,CA,JNJ,2025-1-21,False,True
Ro Khanna,Democrat,House,CA,TMUS,2025-1-21,False,True
Ro Khanna,Democrat,House,CA,PRU,2025-1-21,False,True
Ro Khanna,Democrat,House,CA,HLT,2025-1-21,False,True
Ro Khanna,Democrat,House,CA,VRTX,2025-1-21,False,True
Ro Khanna,Democrat,House,CA,APH,2025-1-21,False,True
Ro Khanna,Democrat,House,CA,C,2025-1-21,False,True
Ro Khanna,Democrat,House,CA,ADSK,2025-1-21,False,True
Ro Khanna,Democrat,House,CA,NXPI,2025-1-21,False,True
Ro Khanna,Democrat,House,CA,NKE,2025-1-21,False,True
Ro Khanna,Democrat,House,CA,AXP,2025-1-21,False,True
Ro Khanna,Democrat,House,CA,HCA,2025-1-21,False,True
Ro Khanna,Democrat,House,CA,CMCSA,2025-1-21,False,True
Ro Khanna,Democrat,House,CA,CCI,2025-1-21,False,True
Ro Khanna,Democrat,House,CA,OTIS,2025-1-21,False,True
Ro Khanna,Democrat,House,CA,CSX,2025-1-21,False,True
Ro Khanna,Democrat,House,CA,VMC,2025-1-21,False,True
Ro Khanna,Democrat,House,CA,MO,2025-1-21,False,True
Ro Khanna,Democrat,House,CA,CL,2025-1-21,False,True
Ro Khanna,Democrat,House,CA,IR,2025-1-21,False,True
Ro Khanna,Democrat,House,CA,T,2025-1-21,False,True
Ro Khanna,Democrat,House,CA,COR,2025-1-21,False,True
Ro Khanna,Democrat,House,CA,AMAT,2025-1-21,False,True
Ro Khanna,Democrat,House,CA,GIS,2025-1-21,False,True
Ro Khanna,Democrat,House,CA,DOV,2025-1-21,False,True
Ro Khanna,Democrat,House,CA,PSA,2025-1-21,False,True
Ro Khanna,Democrat,House,CA,CTVA,2025-1-21,False,True
Ro Khanna,Democrat,House,CA,ADM,2025-1-21,False,True
Ro Khanna,Democrat,House,CA,SCHW,2025-1-21,False,True
Ro Khanna,Democrat,House,CA,YUM,2025-1-21,False,True
Ro Khanna,Democrat,House,CA,HUBB,2025-1-21,False,True
Ro Khanna,Democrat,House,CA,BRO,2025-1-21,False,True
Ro Khanna,Democrat,House,CA,PKG,2025-1-21,False,True
Ro Khanna,Democrat,House,CA,PWR,2025-1-21,False,True
Ro Khanna,Democrat,House,CA,KEY,2025-1-21,False,True
Ro Khanna,Democrat,House,CA,MTB,2025-1-21,False,True
Ro Khanna,Democrat,House,CA,DHI,2025-1-21,False,True
Ro Khanna,Democrat,House,CA,CAG,2025-1-21,False,True
Ro Khanna,Democrat,House,CA,BEN,2025-1-21,False,True
Ro Khanna,Democrat,House,CA,BWA,2025-1-21,False,True
Ro Khanna,Democrat,House,CA,ACGL,2025-1-21,False,True
Ro Khanna,Democrat,House,CA,DG,2025-1-21,False,True
Ro Khanna,Democrat,House,CA,TROW,2025-1-21,False,True
Ro Khanna,Democrat,House,CA,ULTA,2025-1-27,False,True
Ro Khanna,Democrat,House,CA,ELAN,2025-1-16,False,True
Ro Khanna,Democrat,House,CA,GLW,2025-1-26,False,True
Ro Khanna,Democrat,House,CA,GOOGL,2025-2-1,False,True
Ro Khanna,Democrat,House,CA,MHK,2025-1-23,False,True
Ro Khanna,Democrat,House,CA,MHK,2025-1-27,False,True
Ro Khanna,Democrat,House,CA,GLW,2025-1-1,False,True
Ro Khanna,Democrat,House,CA,GLW,2025-1-2,False,True
Ro Khanna,Democrat,House,CA,MHK,2025-1-29,False,True
Ro Khanna,Democrat,House,CA,GLW,2025-1-28,False,True
Ro Khanna,Democrat,House,CA,RY,2025-1-13,True,False
Ro Khanna,Democrat,House,CA,PEP,2025-1-16,True,False
Ro Khanna,Democrat,House,CA,CL,2025-1-26,True,False
Ro Khanna,Democrat,House,CA,CB,2025-1-16,True,False
Ro Khanna,Democrat,House,CA,ITW,2025-1-16,True,False
Ro Khanna,Democrat,House,CA,AMAT,2025-1-16,True,False
Ro Khanna,Democrat,House,CA,AMGN,2025-1-16,True,False
Ro Khanna,Democrat,House,CA,MDLZ,2025-1-16,True,False
Ro Khanna,Democrat,House,CA,HLT,2025-1-16,True,False
Ro Khanna,Democrat,House,CA,CI,2025-1-16,True,False
Ro Khanna,Democrat,House,CA,GWW,2025-1-16,True,False
Ro Khanna,Democrat,House,CA,APH,2025-1-16,True,False
Ro Khanna,Democrat,House,CA,PFE,2025-1-16,True,False
Ro Khanna,Democrat,House,CA,LIN,2025-1-16,True,False
Ro Khanna,Democrat,House,CA,ETN,2025-1-16,True,False
Ro Khanna,Democrat,House,CA,FAST,2025-1-16,True,False
Ro Khanna,Democrat,House,CA,MDT,2025-1-16,True,False
Ro Khanna,Democrat,House,CA,SNPS,2025-1-16,True,False
Ro Khanna,Democrat,House,CA,ROP,2025-1-16,True,False
Ro Khanna,Democrat,House,CA,PH,2025-1-16,True,False
Ro Khanna,Democrat,House,CA,EMR,2025-1-16,True,False
Ro Khanna,Democrat,House,CA,ICE,2025-1-16,True,False
Ro Khanna,Democrat,House,CA,XYL,2025-1-16,True,False
Ro Khanna,Democrat,House,CA,ADP,2025-1-16,True,False
Ro Khanna,Democrat,House,CA,CVS,2025-1-16,True,False
Ro Khanna,Democrat,House,CA,RSG,2025-1-16,True,False
Ro Khanna,Democrat,House,CA,ABT,2025-1-16,True,False
Ro Khanna,Democrat,House,CA,CDW,2025-1-16,True,False
Ro Khanna,Democrat,House,CA,KO,2025-1-16,True,False
Ro Khanna,Democrat,House,CA,TMO,2025-1-16,True,False
Ro Khanna,Democrat,House,CA,FTV,2025-1-16,True,False
Ro Khanna,Democrat,House,CA,AIG,2025-1-16,True,False
Ro Khanna,Democrat,House,CA,SYK,2025-1-16,True,False
Ro Khanna,Democrat,House,CA,APO,2025-1-16,True,False
Ro Khanna,Democrat,House,CA,WDAY,2025-1-16,True,False
Ro Khanna,Democrat,House,CA,UNP,2025-1-16,True,False
Ro Khanna,Democrat,House,CA,IBM,2025-1-16,True,False
Ro Khanna,Democrat,House,CA,MSFT,2025-1-16,True,False
Ro Khanna,Democrat,House,CA,VRTX,2025-1-16,True,False
Ro Khanna,Democrat,House,CA,MET,2025-1-16,True,False
Ro Khanna,Democrat,House,CA,ORLY,2025-1-16,True,False
Ro Khanna,Democrat,House,CA,WAB,2025-1-16,True,False
Ro Khanna,Democrat,House,CA,ULTA,2025-1-16,True,False
Ro Khanna,Democrat,House,CA,IQV,2025-1-16,True,False
Ro Khanna,Democrat,House,CA,DHI,2025-1-16,True,False
Ro Khanna,Democrat,House,CA,PAYX,2025-1-16,True,False
Ro Khanna,Democrat,House,CA,DOW,2025-1-16,True,False
Ro Khanna,Democrat,House,CA,HIG,2025-1-16,True,False
Ro Khanna,Democrat,House,CA,CARR,2025-1-16,True,False
Ro Khanna,Democrat,House,CA,HBAN,2025-1-16,True,False
Ro Khanna,Democrat,House,CA,AMP,2025-1-16,True,False
Ro Khanna,Democrat,House,CA,MS,2025-1-16,True,False
Ro Khanna,Democrat,House,CA,MAS,2025-1-16,True,False
Ro Khanna,Democrat,House,CA,CPB,2025-1-16,True,False
Ro Khanna,Democrat,House,CA,VMC,2025-1-16,True,False
Ro Khanna,Democrat,House,CA,JNPR,2025-1-16,True,False
Ro Khanna,Democrat,House,CA,ABNB,2025-1-16,True,False
Ro Khanna,Democrat,House,CA,BX,2025-1-16,True,False
Ro Khanna,Democrat,House,CA,SCHW,2025-1-16,True,False
Ro Khanna,Democrat,House,CA,TGT,2025-1-16,True,False
Ro Khanna,Democrat,House,CA,INTC,2025-1-16,True,False
Ro Khanna,Democrat,House,CA,BLK,2025-1-16,True,False
Ro Khanna,Democrat,House,CA,PAYX,2025-1-16,True,False
Ro Khanna,Democrat,House,CA,DOW,2025-1-16,True,False
Ro Khanna,Democrat,House,CA,HIG,2025-1-16,True,False
Ro Khanna,Democrat,House,CA,CARR,2025-1-16,True,False
Ro Khanna,Democrat,House,CA,HBAN,2025-1-16,True,False
Ro Khanna,Democrat,House,CA,AMP,2025-1-16,True,False
Ro Khanna,Democrat,House,CA,MS,2025-1-16,True,False
Ro Khanna,Democrat,House,CA,MAS,2025-1-16,True,False
Ro Khanna,Democrat,House,CA,CPB,2025-1-16,True,False
Ro Khanna,Democrat,House,CA,VMC,2025-1-16,True,False
Ro Khanna,Democrat,House,CA,JNPR,2025-1-16,True,False
Ro Khanna,Democrat,House,CA,ABNB,2025-1-16,True,False
Ro Khanna,Democrat,House,CA,BX,2025-1-16,True,False
Ro Khanna,Democrat,House,CA,SCHW,2025-1-16,True,False
Ro Khanna,Democrat,House,CA,TGT,2025-1-16,True,False
Ro Khanna,Democrat,House,CA,INTC,2025-1-16,True,False
Ro Khanna,Democrat,House,CA,BLK,2025-1-16,True,False
Ro Khanna,Democrat,House,CA,YUM,2025-1-16,True,False
Ro Khanna,Democrat,House,CA,ORCL,2025-1-16,True,False
Ro Khanna,Democrat,House,CA,BR,2025-1-16,True,False
Ro Khanna,Democrat,House,CA,HCA,2025-1-16,True,False
Ro Khanna,Democrat,House,CA,PANW,2025-1-16,True,False
Ro Khanna,Democrat,House,CA,RE,2025-1-16,True,False
Ro Khanna,Democrat,House,CA,N/A,2025-1-16,True,False
Ro Khanna,Democrat,House,CA,SNA,2025-1-16,True,False
Ro Khanna,Democrat,House,CA,REGN,2025-1-16,True,False
Ro Khanna,Democrat,House,CA,KVUE,2025-1-16,True,False
Ro Khanna,Democrat,House,CA,VZ,2025-1-16,True,False
Ro Khanna,Democrat,House,CA,IEX,2025-1-16,True,False
Ro Khanna,Democrat,House,CA,LII,2025-1-16,True,False
Ro Khanna,Democrat,House,CA,MMC,2025-1-16,True,False
Ro Khanna,Democrat,House,CA,NDSN,2025-1-16,True,False
Ro Khanna,Democrat,House,CA,CLX,2025-1-16,True,False
Ro Khanna,Democrat,House,CA,AIZ,2025-1-16,True,False
Ro Khanna,Democrat,House,CA,AOS,2025-1-16,True,False
Ro Khanna,Democrat,House,CA,HAS,2025-1-16,True,False
Ro Khanna,Democrat,House,CA,AMT,2025-1-16,True,False
Ro Khanna,Democrat,House,CA,ODFL,2025-1-16,True,False
Ro Khanna,Democrat,House,CA,CINF,2025-1-16,True,False
Ro Khanna,Democrat,House,CA,N/A,2025-1-16,True,False
Ro Khanna,Democrat,House,CA,MOH,2025-1-16,True,False
Ro Khanna,Democrat,House,CA,ADM,2025-1-16,True,False
Ro Khanna,Democrat,House,CA,SMCI,2025-1-16,True,False
Ro Khanna,Democrat,House,CA,BRK/B,2025-1-16,True,False
Ro Khanna,Democrat,House,CA,HOLX,2025-1-16,True,False
Ro Khanna,Democrat,House,CA,CPT,2025-1-16,True,False
Ro Khanna,Democrat,House,CA,CNC,2025-1-16,True,False
Ro Khanna,Democrat,House,CA,EMN,2025-1-16,True,False
Ro Khanna,Democrat,House,CA,EQR,2025-1-16,True,False
Ro Khanna,Democrat,House,CA,COO,2025-1-16,True,False
Ro Khanna,Democrat,House,CA,VTRS,2025-1-16,True,False
Ro Khanna,Democrat,House,CA,UHS,2025-1-16,True,False
Ro Khanna,Democrat,House,CA,DELL,2025-1-16,True,False
Ro Khanna,Democrat,House,CA,GLW,2025-1-16,True,False
Ro Khanna,Democrat,House,CA,GEN,2025-1-16,True,False
Ro Khanna,Democrat,House,CA,BRO,2025-1-16,True,False
Ro Khanna,Democrat,House,CA,ZBH,2025-1-16,True,False
Ro Khanna,Democrat,House,CA,BALL,2025-1-16,True,False
Ro Khanna,Democrat,House,CA,ON,2025-1-16,True,False
Ro Khanna,Democrat,House,CA,N/A,2025-1-16,True,False
Ro Khanna,Democrat,House,CA,LUV,2025-1-16,True,False
Ro Khanna,Democrat,House,CA,EL,2025-1-16,True,False
Ro Khanna,Democrat,House,CA,WRB,2025-1-16,True,False
Ro Khanna,Democrat,House,CA,ROL,2025-1-16,True,False
Ro Khanna,Democrat,House,CA,NTRS,2025-1-16,True,False
Ro Khanna,Democrat,House,CA,BRO,2025-1-16,True,False
Ro Khanna,Democrat,House,CA,MA,2025-1-16,True,False
Ro Khanna,Democrat,House,CA,JKHY,2025-1-16,True,False
Ro Khanna,Democrat,House,CA,JBHT,2025-1-16,True,False
Ro Khanna,Democrat,House,CA,VLTO,2025-1-16,True,False
Ro Khanna,Democrat,House,CA,SYY,2025-1-16,True,False
Ro Khanna,Democrat,House,CA,RJF,2025-1-16,True,False
Ro Khanna,Democrat,House,CA,NSC,2025-1-16,True,False
Ro Khanna,Democrat,House,CA,ELAN,2025-1-16,True,False
Ro Khanna,Democrat,House,CA,ECL,2025-1-16,True,False
Ro Khanna,Democrat,House,CA,RMD,2025-1-16,True,False
Ro Khanna,Democrat,House,CA,PKG,2025-1-16,True,False
Ro Khanna,Democrat,House,CA,FDS,2025-1-16,True,False
Ro Khanna,Democrat,House,CA,CCI,2025-1-16,True,False
Ro Khanna,Democrat,House,CA,DE,2025-1-16,True,False
Ro Khanna,Democrat,House,CA,CSGP,2025-1-16,True,False
Ro Khanna,Democrat,House,CA,ZBRA,2025-1-16,True,False
Ro Khanna,Democrat,House,CA,WAT,2025-1-16,True,False
Ro Khanna,Democrat,House,CA,UBER,2025-1-16,True,False
Ro Khanna,Democrat,House,CA,JNJ,2025-1-16,True,False
Ro Khanna,Democrat,House,CA,CDNS,2025-1-16,True,False
Ro Khanna,Democrat,House,CA,CPRT,2025-1-16,True,False
Ro Khanna,Democrat,House,CA,XSP,2025-1-29,False,True
Ro Khanna,Democrat,House,CA,XSP,2025-1-9,False,True
Ro Khanna,Democrat,House,CA,XSP,2025-1-2,False,True
Ro Khanna,Democrat,House,CA,XSP,2025-1-15,False,True
Ro Khanna,Democrat,House,CA,PG,2025-1-16,False,True
Ro Khanna,Democrat,House,CA,MRK,2025-1-16,False,True
Ro Khanna,Democrat,House,CA,WM,2025-1-16,False,True
Ro Khanna,Democrat,House,CA,INTU,2025-1-16,False,True
Ro Khanna,Democrat,House,CA,CAT,2025-1-16,False,True
Ro Khanna,Democrat,House,CA,CTAS,2025-1-16,False,True
Ro Khanna,Democrat,House,CA,NDAQ,2025-1-16,False,True
Ro Khanna,Democrat,House,CA,AME,2025-1-16,False,True
Ro Khanna,Democrat,House,CA,ADBE,2025-1-16,True,False
Ro Khanna,Democrat,House,CA,TXN,2025-1-16,False,True
Ro Khanna,Democrat,House,CA,DHR,2025-1-16,False,True
Ro Khanna,Democrat,House,CA,MCO,2025-1-16,False,True
Ro Khanna,Democrat,House,CA,DOV,2025-1-16,False,True
Ro Khanna,Democrat,House,CA,ABBV,2025-1-16,False,True
Ro Khanna,Democrat,House,CA,TROW,2025-1-16,False,True
Ro Khanna,Democrat,House,CA,HUBB,2025-1-16,False,True
Ro Khanna,Democrat,House,CA,BSX,2025-1-16,False,True
Ro Khanna,Democrat,House,CA,COR,2025-1-16,False,True
Ro Khanna,Democrat,House,CA,OTIS,2025-1-16,False,True
Ro Khanna,Democrat,House,CA,LYB,2025-1-16,False,True
Ro Khanna,Democrat,House,CA,MSI,2025-1-16,False,True
Ro Khanna,Democrat,House,CA,AFL,2025-1-16,False,True
Ro Khanna,Democrat,House,CA,GLW,2025-1-26,False,True
Ro Khanna,Democrat,House,CA,PFG,2025-1-16,False,True
Ro Khanna,Democrat,House,CA,BKNG,2025-1-16,False,True
Ro Khanna,Democrat,House,CA,PPG,2025-1-16,False,True
Ro Khanna,Democrat,House,CA,FI,2025-1-16,False,True
Ro Khanna,Democrat,House,CA,GIS,2025-1-16,False,True
Ro Khanna,Democrat,House,CA,K,2025-1-16,False,True
Ro Khanna,Democrat,House,CA,MHK,2025-1-23,False,True
Ro Khanna,Democrat,House,CA,IR,2025-1-16,False,True
Ro Khanna,Democrat,House,CA,KMB,2025-1-16,False,True
Ro Khanna,Democrat,House,CA,PRU,2025-1-16,False,True
Ro Khanna,Democrat,House,CA,MCK,2025-1-16,False,True
Ro Khanna,Democrat,House,CA,NKE,2025-1-16,False,True
Ro Khanna,Democrat,House,CA,PGR,2025-1-16,False,True
Ro Khanna,Democrat,House,CA,MAR,2025-1-16,False,True
Ro Khanna,Democrat,House,CA,FDX,2025-1-16,False,True
Ro Khanna,Democrat,House,CA,EXPD,2025-1-16,False,True
Ro Khanna,Democrat,House,CA,PCAR,2025-1-16,False,True
Ro Khanna,Democrat,House,CA,UNH,2025-1-16,False,True
Ro Khanna,Democrat,House,CA,MLM,2025-1-16,False,True
Ro Khanna,Democrat,House,CA,CHD,2025-1-16,False,True
Ro Khanna,Democrat,House,CA,TT,2025-1-16,False,True
Ro Khanna,Democrat,House,CA,URI,2025-1-16,False,True
Ro Khanna,Democrat,House,CA,BEN,2025-1-16,False,True
Ro Khanna,Democrat,House,CA,STZ,2025-1-16,False,True
Ro Khanna,Democrat,House,CA,KDP,2025-1-16,False,True
Ro Khanna,Democrat,House,CA,AAPL,2025-1-16,False,True
Ro Khanna,Democrat,House,CA,PWR,2025-1-16,False,True
Ro Khanna,Democrat,House,CA,COST,2025-1-16,False,True
Ro Khanna,Democrat,House,CA,NXPI,2025-1-16,False,True
Ro Khanna,Democrat,House,CA,LEN,2025-1-16,False,True
Ro Khanna,Democrat,House,CA,STE,2025-1-16,False,True
Ro Khanna,Democrat,House,CA,CSX,2025-1-16,False,True
Ro Khanna,Democrat,House,CA,COF,2025-1-16,False,True
Ro Khanna,Democrat,House,CA,CMG,2025-1-16,False,True
Ro Khanna,Democrat,House,CA,ALL,2025-1-16,False,True
Ro Khanna,Democrat,House,CA,EA,2025-1-16,False,True
Ro Khanna,Democrat,House,CA,LRCX,2025-1-16,False,True
Ro Khanna,Democrat,House,CA,DLR,2025-1-16,False,True
Ro Khanna,Democrat,House,CA,MCHP,2025-1-16,False,True
Ro Khanna,Democrat,House,CA,UPS,2025-1-16,False,True
Ro Khanna,Democrat,House,CA,KEYS,2025-1-16,False,True
Ro Khanna,Democrat,House,CA,KHC,2025-1-16,False,True
Ro Khanna,Democrat,House,CA,BAX,2025-1-16,False,True
Ro Khanna,Democrat,House,CA,GEHC,2025-1-16,False,True
Ro Khanna,Democrat,House,CA,DG,2025-1-16,False,True
Ro Khanna,Democrat,House,CA,GLW,2025-1-1,False,True
Ro Khanna,Democrat,House,CA,GLW,2025-1-2,False,True
Ro Khanna,Democrat,House,CA,TEL,2025-1-16,False,True
Ro Khanna,Democrat,House,CA,MHK,2025-1-29,False,True
Ro Khanna,Democrat,House,CA,KLAC,2025-1-16,False,True
Ro Khanna,Democrat,House,CA,SHW,2025-1-16,False,True
Ro Khanna,Democrat,House,CA,DRI,2025-1-16,False,True
Ro Khanna,Democrat,House,CA,WDC,2025-1-16,False,True
Ro Khanna,Democrat,House,CA,RVTY,2025-1-16,False,True
Ro Khanna,Democrat,House,CA,CFG,2025-1-16,False,True
Ro Khanna,Democrat,House,CA,PTC,2025-1-16,False,True
Ro Khanna,Democrat,House,CA,HUM,2025-1-16,False,True
Ro Khanna,Democrat,House,CA,RF,2025-1-16,False,True
Ro Khanna,Democrat,House,CA,MNST,2025-1-16,False,True
Ro Khanna,Democrat,House,CA,GPN,2025-1-16,False,True
Ro Khanna,Democrat,House,CA,CTSH,2025-1-16,False,True
Ro Khanna,Democrat,House,CA,DAL,2025-1-16,False,True
Ro Khanna,Democrat,House,CA,MGM,2025-1-16,False,True
Ro Khanna,Democrat,House,CA,HPQ,2025-1-16,False,True
Ro Khanna,Democrat,House,CA,ENPH,2025-1-16,False,True
Ro Khanna,Democrat,House,CA,NFLX,2025-1-16,False,True
Ro Khanna,Democrat,House,CA,SJM,2025-1-16,False,True
Ro Khanna,Democrat,House,CA,HRL,2025-1-16,False,True
Ro Khanna,Democrat,House,CA,MHK,2025-1-27,False,True
Ro Khanna,Democrat,House,CA,GLW,2025-1-28,False,True
Ro Khanna,Democrat,House,CA,SCHW,2025-1-16,False,True
Ro Khanna,Democrat,House,CA,LW,2025-1-16,False,True
Ro Khanna,Democrat,House,CA,TSN,2025-1-16,False,True
Ro Khanna,Democrat,House,CA,MRNA,2025-1-16,False,True
Ro Khanna,Democrat,House,CA,TDY,2025-1-16,False,True
Ro Khanna,Democrat,House,CA,HSY,2025-1-16,False,True
Ro Khanna,Democrat,House,CA,AKAM,2025-1-16,False,True
Ro Khanna,Democrat,House,CA,ALGN,2025-1-16,False,True
Ro Khanna,Democrat,House,CA,ULTA,2025-1-16,False,True
Ro Khanna,Democrat,House,CA,INVH,2025-1-16,False,True
Ro Khanna,Democrat,House,CA,AMD,2025-1-16,False,True
Ro Khanna,Democrat,House,CA,FMC,2025-1-16,False,True
Ro Khanna,Democrat,House,CA,CAG,2025-1-16,False,True
Ro Khanna,Democrat,House,CA,BIIB,2025-1-16,False,True
Ro Khanna,Democrat,House,CA,JPM,2025-1-27,True,False
Ro Khanna,Democrat,House,CA,MET,2025-1-20,True,False
Ro Khanna,Democrat,House,CA,LH,2025-1-5,True,False
Ro Khanna,Democrat,House,CA,CL,2025-1-5,True,False
Ro Khanna,Democrat,House,CA,CL,2025-1-2,True,False
Ro Khanna,Democrat,House,CA,TXN,2025-1-23,True,False
Ro Khanna,Democrat,House,CA,ABT,2025-1-1,True,False
Ro Khanna,Democrat,House,CA,STT,2025-1-29,True,False
Ro Khanna,Democrat,House,CA,MET,2025-1-21,True,False
Ro Khanna,Democrat,House,CA,SYF,2025-1-9,True,False
Ro Khanna,Democrat,House,CA,GIS,2025-1-14,True,False
Ro Khanna,Democrat,House,CA,T,2025-1-9,True,False
Ro Khanna,Democrat,House,CA,MET,2025-1-13,True,False
Ro Khanna,Democrat,House,CA,GIS,2025-1-13,True,False
Ro Khanna,Democrat,House,CA,BRK/B,2025-1-1,True,False
Ro Khanna,Democrat,House,CA,MET,2025-1-22,True,False
Ro Khanna,Democrat,House,CA,MET,2025-1-15,True,False
Ro Khanna,Democrat,House,CA,MET,2025-1-14,True,False
Ro Khanna,Democrat,House,CA,GIS,2025-1-16,True,False
Ro Khanna,Democrat,House,CA,GIS,2025-1-12,True,False
Ro Khanna,Democrat,House,CA,MET,2025-1-23,True,False
Ro Khanna,Democrat,House,CA,GIS,2025-1-20,True,False
Ro Khanna,Democrat,House,CA,CL,2025-1-30,True,False
Ro Khanna,Democrat,House,CA,MLM,2025-1-6,True,False
Ro Khanna,Democrat,House,CA,EIX,2025-1-8,False,True
Ro Khanna,Democrat,House,CA,V,2025-1-27,False,True
Ro Khanna,Democrat,House,CA,DE,2025-1-2,False,True
Ro Khanna,Democrat,House,CA,AMZN,2025-1-27,False,True
Ro Khanna,Democrat,House,CA,NDAQ,2025-1-20,False,True
Ro Khanna,Democrat,House,CA,CAT,2025-1-14,False,True
Ro Khanna,Democrat,House,CA,DE,2025-1-27,False,True
Ro Khanna,Democrat,House,CA,ALL,2025-1-5,False,True
Ro Khanna,Democrat,House,CA,PH,2025-1-2,False,True
Ro Khanna,Democrat,House,CA,PH,2025-1-6,False,True
Ro Khanna,Democrat,House,CA,PH,2025-1-7,False,True
Ro Khanna,Democrat,House,CA,WFC,2025-1-14,False,True
Ro Khanna,Democrat,House,CA,WFC,2025-1-13,False,True
Ro Khanna,Democrat,House,CA,WFC,2025-1-12,False,True
Ro Khanna,Democrat,House,CA,WFC,2025-1-13,False,True
Ro Khanna,Democrat,House,CA,ALL,2025-1-6,False,True
Ro Khanna,Democrat,House,CA,WFC,2025-1-15,False,True
Ro Khanna,Democrat,House,CA,ALL,2025-1-28,False,True
Ro Khanna,Democrat,House,CA,PH,2025-1-1,False,True
Ro Khanna,Democrat,House,CA,CAT,2025-1-1,False,True
Ro Khanna,Democrat,House,CA,NDAQ,2025-1-1,False,True
Ro Khanna,Democrat,House,CA,EXR,2025-1-1,False,True
Ro Khanna,Democrat,House,CA,N/A,2025-1-5,True,False
Ro Khanna,Democrat,House,CA,N/A,2025-1-16,True,False
Ro Khanna,Democrat,House,CA,COP,2025-1-15,True,False
Ro Khanna,Democrat,House,CA,CEG,2025-1-15,True,False
Ro Khanna,Democrat,House,CA,CEG,2025-1-15,True,False
Ro Khanna,Democrat,House,CA,ORCL,2025-1-22,True,False
Ro Khanna,Democrat,House,CA,N/A,2025-1-16,True,False
Ro Khanna,Democrat,House,CA,N/A,2025-1-7,True,False
Ro Khanna,Democrat,House,CA,HPE,2025-1-15,True,False
Ro Khanna,Democrat,House,CA,N/A,2025-1-4,True,False
Ro Khanna,Democrat,House,CA,CAT,2025-1-15,True,False
Ro Khanna,Democrat,House,CA,N/A,2025-1-14,True,False
Ro Khanna,Democrat,House,CA,N/A,2025-1-1,True,False
Ro Khanna,Democrat,House,CA,N/A,2025-1-6,True,False
Ro Khanna,Democrat,House,CA,N/A,2025-1-14,True,False
Ro Khanna,Democrat,House,CA,N/A,2025-1-1,True,False
Ro Khanna,Democrat,House,CA,CVX,2025-1-15,False,True
Ro Khanna,Democrat,House,CA,FE,2025-1-15,False,True
Ro Khanna,Democrat,House,CA,N/A,2025-1-15,False,True
Ro Khanna,Democrat,House,CA,ESTC,2025-1-22,False,True
Ro Khanna,Democrat,House,CA,DELL,2025-1-15,False,True
Ro Khanna,Democrat,House,CA,APO,2025-1-14,True,False
Ro Khanna,Democrat,House,CA,HSY,2025-1-14,False,True
Ro Khanna,Democrat,House,CA,APO,2025-1-14,True,False
Ro Khanna,Democrat,House,CA,HSY,2025-1-14,False,True
Ro Khanna,Democrat,House,CA,APO,2025-1-14,True,False
Ro Khanna,Democrat,House,CA,HSY,2025-1-14,False,True
Suzan DelBene,Democrat,House,WA,N/A,2025-1-26,True,False
David Joyce,Republican,House,OH,MAIPX,2025-1-9,False,True
Gus Bilirakis,Republican,House,FL,GEV,2025-1-26,False,True
Dave McCormick,Republican,Senate,,N/A,2025-1-22,True,False
Dave McCormick,Republican,Senate,,N/A,2025-1-22,True,False
Dave McCormick,Republican,Senate,,OXY,2025-1-20,True,False
Dave McCormick,Republican,Senate,,ARCC,2025-1-16,True,False
Dave McCormick,Republican,Senate,,ATH,2025-1-15,True,False
Dave McCormick,Republican,Senate,,N/A,2025-1-15,True,False
Dave McCormick,Republican,Senate,,RUM,2025-1-15,False,True
Dave McCormick,Republican,Senate,,MCD,2025-1-9,True,False
Dave McCormick,Republican,Senate,,PSX,2025-1-9,True,False
Dave McCormick,Republican,Senate,,CG,2025-1-9,True,False
Dave McCormick,Republican,Senate,,N/A,2025-1-23,True,False
Dave McCormick,Republican,Senate,,N/A,2025-1-22,True,False
Dave McCormick,Republican,Senate,,N/A,2025-1-22,True,False
Dave McCormick,Republican,Senate,,N/A,2025-1-22,True,False
Dave McCormick,Republican,Senate,,N/A,2025-1-22,True,False
Dave McCormick,Republican,Senate,,N/A,2025-1-22,True,False
Dave McCormick,Republican,Senate,,N/A,2025-1-21,True,False
Dave McCormick,Republican,Senate,,N/A,2025-1-21,True,False
Dave McCormick,Republican,Senate,,N/A,2025-1-21,True,False
Dave McCormick,Republican,Senate,,N/A,2025-1-21,True,False
Dave McCormick,Republican,Senate,,N/A,2025-1-21,True,False
Dave McCormick,Republican,Senate,,N/A,2025-1-15,True,False
Dave McCormick,Republican,Senate,,N/A,2025-1-13,True,False
Dave McCormick,Republican,Senate,,N/A,2025-1-13,True,False
Dave McCormick,Republican,Senate,,N/A,2025-1-13,True,False
Dave McCormick,Republican,Senate,,N/A,2025-1-12,True,False
Dave McCormick,Republican,Senate,,N/A,2025-1-9,True,False
Dave McCormick,Republican,Senate,,N/A,2025-1-8,True,False
Dave McCormick,Republican,Senate,,N/A,2025-1-8,True,False
John Boozman,Republican,Senate,AR,CRM,2025-1-13,True,False
John Boozman,Republican,Senate,AR,NVDA,2025-1-13,True,False
John Boozman,Republican,Senate,AR,NRG,2025-1-27,True,False
John Boozman,Republican,Senate,AR,MA,2025-1-13,True,False
John Boozman,Republican,Senate,AR,TBLL,2025-1-27,True,False
John Boozman,Republican,Senate,AR,TBLL,2025-1-15,True,False
John Boozman,Republican,Senate,AR,SPY,2025-1-15,False,True
John Boozman,Republican,Senate,AR,IVW,2025-1-27,False,True
John Boozman,Republican,Senate,AR,QQQ,2025-1-13,False,True
John Boozman,Republican,Senate,AR,HPQ,2025-1-27,False,True
John Boozman,Republican,Senate,AR,EBAY,2025-1-13,False,True
John Boozman,Republican,Senate,AR,CSCO,2025-1-13,False,True
John Fetterman,Democrat,Senate,PA,N/A,2025-1-28,False,True
John Fetterman,Democrat,Senate,PA,PARA,2025-1-12,True,False
John Fetterman,Democrat,Senate,PA,SRE,2025-1-12,True,False
John Fetterman,Democrat,Senate,PA,ELV,2025-1-12,True,False
John Fetterman,Democrat,Senate,PA,N/A,2025-1-12,True,False
John Fetterman,Democrat,Senate,PA,BK,2025-1-12,True,False
Gerry Connolly,Democrat,House,VA,D,2025-2-4,False,True
Gerry Connolly,Democrat,House,VA,LDOS,2025-2-4,False,True
Gerry Connolly,Democrat,House,VA,SAIC,2025-2-4,False,True
Mark Green,Republican,House,TN,NGL,2025-1-27,False,True
Mark Green,Republican,House,TN,NGL,2025-1-29,False,True
Mark Green,Republican,House,TN,NGL,2025-2-2,False,True
Mark Green,Republican,House,TN,N/A,2025-1-29,True,False
Mark Green,Republican,House,TN,N/A,2025-2-2,True,False
Marco Rubio,Republican,Senate,FL,CSCO,2025-1-6,False,True
Marco Rubio,Republican,Senate,FL,KO,2025-1-6,False,True
Dave McCormick,Republican,Senate,,N/A,2025-1-5,True,False
French Hill,Republican,House,AR,CVS,2025-1-30,False,True
Kelly Morrison,Democrat,House,MN,N/A,2025-1-26,True,False
Kelly Morrison,Democrat,House,MN,N/A,2025-1-23,False,True
Kelly Morrison,Democrat,House,MN,N/A,2025-1-9,True,False
Kelly Morrison,Democrat,House,MN,N/A,2025-1-9,True,False
Kelly Morrison,Democrat,House,MN,N/A,2025-1-5,True,False
Michael Collins,Republican,House,GA,$ETH,2025-1-2,True,False
Michael Collins,Republican,House,GA,$VIRTUAL,2025-1-2,True,False
Michael Collins,Republican,House,GA,$VIRTUAL,2025-1-11,False,True
Max Miller,Republican,House,OH,N/A,2025-1-16,True,False
Max Miller,Republican,House,OH,N/A,2025-1-28,True,False
Max Miller,Republican,House,OH,N/A,2025-1-26,True,False
Markwayne Mullin,Republican,Senate,OK,N/A,2025-1-7,False,True
Markwayne Mullin,Republican,Senate,OK,N/A,2025-1-7,False,True
Markwayne Mullin,Republican,Senate,OK,N/A,2025-1-7,False,True
Markwayne Mullin,Republican,Senate,OK,N/A,2025-1-7,False,True
Markwayne Mullin,Republican,Senate,OK,N/A,2025-1-7,False,True
Markwayne Mullin,Republican,Senate,OK,N/A,2025-1-7,False,True
Markwayne Mullin,Republican,Senate,OK,N/A,2025-1-7,False,True
Markwayne Mullin,Republican,Senate,OK,N/A,2025-1-7,False,True
Markwayne Mullin,Republican,Senate,OK,VO,2025-1-7,False,True
Markwayne Mullin,Republican,Senate,OK,ABT,2025-1-7,False,True
Markwayne Mullin,Republican,Senate,OK,IEFA,2025-1-7,False,True
Markwayne Mullin,Republican,Senate,OK,EZU,2025-1-7,False,True
Markwayne Mullin,Republican,Senate,OK,WAB,2025-1-1,True,False
Markwayne Mullin,Republican,Senate,OK,PRMW,2025-1-1,True,False
Markwayne Mullin,Republican,Senate,OK,MTZ,2025-1-1,True,False
Markwayne Mullin,Republican,Senate,OK,LRN,2025-1-1,True,False
Markwayne Mullin,Republican,Senate,OK,IRM,2025-1-1,True,False
Markwayne Mullin,Republican,Senate,OK,GS,2025-1-1,True,False
Markwayne Mullin,Republican,Senate,OK,DELL,2025-1-1,True,False
Markwayne Mullin,Republican,Senate,OK,N/A,2025-1-1,True,False
Markwayne Mullin,Republican,Senate,OK,COHR,2025-1-1,True,False
Markwayne Mullin,Republican,Senate,OK,AIT,2025-1-1,True,False
Markwayne Mullin,Republican,Senate,OK,WAB,2025-1-1,True,False
Markwayne Mullin,Republican,Senate,OK,PRMW,2025-1-1,True,False
Markwayne Mullin,Republican,Senate,OK,MTZ,2025-1-1,True,False
Markwayne Mullin,Republican,Senate,OK,LRN,2025-1-1,True,False
Markwayne Mullin,Republican,Senate,OK,IRM,2025-1-1,True,False
Markwayne Mullin,Republican,Senate,OK,GS,2025-1-1,True,False
Markwayne Mullin,Republican,Senate,OK,DELL,2025-1-1,True,False
Markwayne Mullin,Republican,Senate,OK,N/A,2025-1-1,True,False
Markwayne Mullin,Republican,Senate,OK,COHR,2025-1-1,True,False
Markwayne Mullin,Republican,Senate,OK,AIT,2025-1-1,True,False
Rudy Yakym,Republican,House,IN,N/A,2025-1-26,True,False
Keith Self,Republican,House,TX,PEP,2025-1-9,True,False
Keith Self,Republican,House,TX,T,2025-1-9,False,True
Keith Self,Republican,House,TX,GPC,2025-1-9,True,False
Keith Self,Republican,House,TX,MRK,2025-1-9,False,True
Keith Self,Republican,House,TX,NVDA,2025-1-9,True,False
Kathy Manning,Democrat,House,NC,N/A,2024-12-30,False,True
Kathy Manning,Democrat,House,NC,N/A,2024-12-30,False,True
Kathy Manning,Democrat,House,NC,N/A,2024-12-31,False,True
Kathy Manning,Democrat,House,NC,N/A,2024-12-31,False,True
Kathy Manning,Democrat,House,NC,N/A,2024-12-31,False,True
Kathy Manning,Democrat,House,NC,N/A,2024-12-30,False,True
Kathy Manning,Democrat,House,NC,N/A,2024-12-30,False,True
Kathy Manning,Democrat,House,NC,N/A,2024-12-30,False,True
Debbie Dingell,Democrat,House,MI,FNMA,2025-1-14,True,False
Debbie Dingell,Democrat,House,MI,DIS,2025-1-14,True,False
Marjorie Taylor Greene,Republican,House,GA,AMD,2025-1-7,True,False
Marjorie Taylor Greene,Republican,House,GA,AMD,2025-1-7,True,False
Marjorie Taylor Greene,Republican,House,GA,AMD,2025-1-7,True,False
Marjorie Taylor Greene,Republican,House,GA,AMD,2025-1-20,True,False
Marjorie Taylor Greene,Republican,House,GA,AMD,2025-1-7,True,False
Marjorie Taylor Greene,Republican,House,GA,GOOGL,2025-1-7,True,False
Marjorie Taylor Greene,Republican,House,GA,GOOGL,2025-1-7,True,False
Marjorie Taylor Greene,Republican,House,GA,GOOGL,2025-1-7,True,False
Marjorie Taylor Greene,Republican,House,GA,AMZN,2025-1-7,True,False
Marjorie Taylor Greene,Republican,House,GA,AMZN,2025-1-7,True,False
Marjorie Taylor Greene,Republican,House,GA,AMZN,2025-1-7,True,False
Marjorie Taylor Greene,Republican,House,GA,AMZN,2025-1-7,True,False
Marjorie Taylor Greene,Republican,House,GA,AMZN,2025-1-20,True,False
Marjorie Taylor Greene,Republican,House,GA,N/A,2025-1-7,True,False
Marjorie Taylor Greene,Republican,House,GA,BRK/B,2025-1-7,True,False
Marjorie Taylor Greene,Republican,House,GA,BRK/B,2025-1-7,True,False
Marjorie Taylor Greene,Republican,House,GA,BRK/B,2025-1-7,True,False
Marjorie Taylor Greene,Republican,House,GA,CAH,2025-1-20,True,False
Marjorie Taylor Greene,Republican,House,GA,CAT,2025-1-7,True,False
Marjorie Taylor Greene,Republican,House,GA,CAT,2025-1-7,True,False
Marjorie Taylor Greene,Republican,House,GA,CAT,2025-1-7,True,False
Marjorie Taylor Greene,Republican,House,GA,DVN,2025-1-20,True,False
Marjorie Taylor Greene,Republican,House,GA,LLY,2025-1-20,True,False
Marjorie Taylor Greene,Republican,House,GA,HD,2025-1-7,True,False
Marjorie Taylor Greene,Republican,House,GA,INTC,2025-1-7,True,False
Marjorie Taylor Greene,Republican,House,GA,INTC,2025-1-7,True,False
Marjorie Taylor Greene,Republican,House,GA,N/A,2025-1-7,True,False
Marjorie Taylor Greene,Republican,House,GA,JNJ,2025-1-7,True,False
Marjorie Taylor Greene,Republican,House,GA,JNJ,2025-1-7,True,False
Marjorie Taylor Greene,Republican,House,GA,JNJ,2025-1-7,True,False
Marjorie Taylor Greene,Republican,House,GA,JPM,2025-1-7,True,False
Marjorie Taylor Greene,Republican,House,GA,JPM,2025-1-7,True,False
Marjorie Taylor Greene,Republican,House,GA,JPM,2025-1-7,True,False
Marjorie Taylor Greene,Republican,House,GA,JPM,2025-1-7,True,False
Marjorie Taylor Greene,Republican,House,GA,KMI,2025-1-20,True,False
Marjorie Taylor Greene,Republican,House,GA,META,2025-1-20,True,False
Marjorie Taylor Greene,Republican,House,GA,NEE,2025-1-20,True,False
Marjorie Taylor Greene,Republican,House,GA,NSC,2025-1-20,True,False
Marjorie Taylor Greene,Republican,House,GA,NVDA,2025-1-20,True,False
Marjorie Taylor Greene,Republican,House,GA,NVDA,2025-1-7,True,False
Marjorie Taylor Greene,Republican,House,GA,OXY,2025-1-20,True,False
Marjorie Taylor Greene,Republican,House,GA,ODFL,2025-1-20,True,False
Marjorie Taylor Greene,Republican,House,GA,PANW,2025-1-20,True,False
Marjorie Taylor Greene,Republican,House,GA,PANW,2025-1-7,True,False
Marjorie Taylor Greene,Republican,House,GA,PANW,2025-1-7,True,False
Marjorie Taylor Greene,Republican,House,GA,SCCO,2025-1-7,True,False
Marjorie Taylor Greene,Republican,House,GA,TSLA,2025-1-7,True,False
Marjorie Taylor Greene,Republican,House,GA,TSLA,2025-1-7,True,False
Marjorie Taylor Greene,Republican,House,GA,TSLA,2025-1-7,True,False
Marjorie Taylor Greene,Republican,House,GA,TSLA,2025-1-7,True,False
Marjorie Taylor Greene,Republican,House,GA,HSY,2025-1-7,True,False
Marjorie Taylor Greene,Republican,House,GA,UPS,2025-1-7,True,False
Marjorie Taylor Greene,Republican,House,GA,UPS,2025-1-7,True,False
Marjorie Taylor Greene,Republican,House,GA,N/A,2025-1-7,True,False
Marjorie Taylor Greene,Republican,House,GA,N/A,2025-1-20,True,False
Marjorie Taylor Greene,Republican,House,GA,V,2025-1-20,True,False
Bob Latta,Republican,House,OH,FMAO,2025-1-19,True,False
Michael Waltz,Republican,House,FL,N/A,2024-12-23,False,False
Michael Waltz,Republican,House,FL,N/A,2024-12-23,False,False
Thomas Kean Jr,Republican,House,NJ,ABT,2024-12-15,True,False
Thomas Kean Jr,Republican,House,NJ,GOOGL,2024-12-18,False,True
Thomas Kean Jr,Republican,House,NJ,ADI,2024-12-12,True,False
Thomas Kean Jr,Republican,House,NJ,CP,2024-12-26,True,False
Thomas Kean Jr,Republican,House,NJ,BEN,2024-12-15,False,True
Thomas Kean Jr,Republican,House,NJ,PDRDY,2024-12-26,True,False
Thomas Kean Jr,Republican,House,NJ,PLD,2024-12-15,True,False
Richard Blumenthal,Democrat,Senate,CT,N/A,2024-12-26,True,False
Richard Blumenthal,Democrat,Senate,CT,N/A,2024-12-26,True,False
Richard Blumenthal,Democrat,Senate,CT,N/A,2024-12-26,True,False
Bill Hagerty,Republican,Senate,TN,AHL,2025-1-1,False,True
Nancy Pelosi,Democrat,House,CA,GOOGL,2025-1-13,True,False
Nancy Pelosi,Democrat,House,CA,AMZN,2025-1-13,True,False
Nancy Pelosi,Democrat,House,CA,AAPL,2024-12-30,False,True
Nancy Pelosi,Democrat,House,CA,NVDA,2024-12-30,False,True
Nancy Pelosi,Democrat,House,CA,NVDA,2024-12-19,True,False
Nancy Pelosi,Democrat,House,CA,NVDA,2025-1-13,True,False
Nancy Pelosi,Democrat,House,CA,PANW,2024-12-19,True,False
Nancy Pelosi,Democrat,House,CA,TEM,2025-1-13,True,False
Nancy Pelosi,Democrat,House,CA,VST,2025-1-13,True,False
Jerry Moran,Republican,Senate,KS,BRK/B,2024-12-15,True,False
Rick Allen,Republican,House,GA,ROL,2024-12-11,True,False
Rick Allen,Republican,House,GA,N/A,2024-12-2,True,False
Rick Allen,Republican,House,GA,N/A,2024-12-2,True,False
Rick Allen,Republican,House,GA,N/A,2024-12-2,True,False
Jonathan Jackson,Democrat,House,IL,GD,2024-12-15,False,True
Jonathan Jackson,Democrat,House,IL,META,2024-12-8,True,False
Jonathan Jackson,Democrat,House,IL,ORLY,2024-12-15,True,False
Jonathan Jackson,Democrat,House,IL,TIMB,2024-12-8,False,True
Greg Landsman,Democrat,House,OH,BLK,2024-12-18,True,False
Greg Landsman,Democrat,House,OH,URI,2024-12-18,False,True
Scott Peters,Democrat,House,CA,N/A,2024-12-22,True,False
Scott Peters,Democrat,House,CA,N/A,2024-12-22,True,False
Scott Peters,Democrat,House,CA,N/A,2024-12-1,False,True
Scott Peters,Democrat,House,CA,N/A,2024-12-15,True,False
Scott Peters,Democrat,House,CA,N/A,2024-12-15,True,False
Scott Peters,Democrat,House,CA,N/A,2024-12-25,False,True
Scott Peters,Democrat,House,CA,N/A,2024-12-29,True,False
Scott Peters,Democrat,House,CA,N/A,2024-12-18,False,True
Kevin Hern,Republican,House,OK,AGCO,2024-12-30,False,True
Kevin Hern,Republican,House,OK,C,2024-12-2,False,True
Kevin Hern,Republican,House,OK,DVN,2024-12-30,False,True
Kevin Hern,Republican,House,OK,DXCM,2024-12-30,False,True
Kevin Hern,Republican,House,OK,EL,2024-12-30,False,True
Kevin Hern,Republican,House,OK,XOM,2024-12-9,True,False
Kevin Hern,Republican,House,OK,HD,2024-12-11,True,False
Kevin Hern,Republican,House,OK,INTC,2024-12-30,False,True
Kevin Hern,Republican,House,OK,JNJ,2024-12-30,False,True
Bill Keating,Democrat,House,MA,ABNB,2025-1-6,False,True
Bill Keating,Democrat,House,MA,AMZN,2025-1-6,True,False
Bill Keating,Democrat,House,MA,FI,2025-1-6,True,False
Josh Gottheimer,Democrat,House,NJ,BABA,2024-12-15,False,True
Josh Gottheimer,Democrat,House,NJ,ABEV,2024-12-26,False,True
