Name,Party,Chamber,State,Ticker,Date,Buy,Sell
Ro Khanna,Democrat,House,CA,DHR,2022-10-20,False,True
Ro Khanna,Democrat,House,CA,HON,2022-10-19,False,True
Ro Khanna,Democrat,House,CA,TTD,2022-10-20,False,True
Ro Khanna,Democrat,House,CA,ABBV,2022-10-19,False,True
Ro Khanna,Democrat,House,CA,BKNG,2022-10-19,False,True
Ro Khanna,Democrat,House,CA,D,2022-10-19,False,True
Ro Khanna,Democrat,House,CA,HIG,2022-10-19,False,True
Ro Khanna,Democrat,House,CA,BWA,2022-10-19,False,True
Ro Khanna,Democrat,House,CA,VZ,2022-10-19,False,True
Ro Khanna,Democrat,House,CA,DXCM,2022-10-20,False,True
Ro Khanna,Democrat,House,CA,SNOW,2022-10-20,False,True
Ro Khanna,Democrat,House,CA,SIVBQ,2022-10-19,False,True
Ro Khanna,Democrat,House,CA,CARR,2022-10-19,False,True
Ro Khanna,Democrat,House,CA,PEP,2022-10-12,False,True
Ro Khanna,Democrat,House,CA,ISRG,2022-10-20,False,True
Ro Khanna,Democrat,House,CA,VFC,2022-10-19,False,True
Ro Khanna,Democrat,House,CA,SQ,2022-10-20,False,True
Ro Khanna,Democrat,House,CA,TTWO,2022-10-19,False,True
Ro Khanna,Democrat,House,CA,SHW,2022-10-19,False,True
Ro Khanna,Democrat,House,CA,PYPL,2022-10-20,False,True
Ro Khanna,Democrat,House,CA,SPGI,2022-10-20,False,True
Ro Khanna,Democrat,House,CA,MLM,2022-10-19,False,True
Ro Khanna,Democrat,House,CA,SPOT,2022-10-20,False,True
Ro Khanna,Democrat,House,CA,ABT,2022-10-12,False,True
Ro Khanna,Democrat,House,CA,SBAC,2022-10-19,False,True
Ro Khanna,Democrat,House,CA,FIS,2022-10-6,False,True
Ro Khanna,Democrat,House,CA,HUBS,2022-10-20,False,True
Ro Khanna,Democrat,House,CA,SIVBQ,2022-10-30,False,True
Ro Khanna,Democrat,House,CA,TWLO,2022-10-20,False,True
Ro Khanna,Democrat,House,CA,N/A,2022-10-5,True,False
Ro Khanna,Democrat,House,CA,N/A,2022-10-18,True,False
Ro Khanna,Democrat,House,CA,N/A,2022-10-18,True,False
Ro Khanna,Democrat,House,CA,IWM,2022-10-19,True,False
Ro Khanna,Democrat,House,CA,CIPNX,2022-10-19,False,True
Ro Khanna,Democrat,House,CA,CIPNX,2022-10-20,False,True
Ro Khanna,Democrat,House,CA,SPY,2022-10-19,True,False
Ro Khanna,Democrat,House,CA,ST,2022-10-24,True,False
Ro Khanna,Democrat,House,CA,SSNC,2022-10-16,True,False
Ro Khanna,Democrat,House,CA,NOW,2022-10-4,True,False
Ro Khanna,Democrat,House,CA,ILMN,2022-10-4,True,False
Ro Khanna,Democrat,House,CA,N/A,2022-10-5,True,False
Ro Khanna,Democrat,House,CA,GOOGL,2022-10-27,True,False
Ro Khanna,Democrat,House,CA,N/A,2022-10-18,True,False
Ro Khanna,Democrat,House,CA,SSNC,2022-10-20,True,False
Ro Khanna,Democrat,House,CA,ST,2022-10-12,True,False
Ro Khanna,Democrat,House,CA,SSNC,2022-10-17,True,False
Ro Khanna,Democrat,House,CA,SSNC,2022-10-27,True,False
Ro Khanna,Democrat,House,CA,SSNC,2022-10-18,True,False
Ro Khanna,Democrat,House,CA,CRM,2022-10-2,True,False
Ro Khanna,Democrat,House,CA,XSP,2022-10-18,True,False
Ro Khanna,Democrat,House,CA,XSP,2022-10-18,False,True
Ro Khanna,Democrat,House,CA,XSP,2022-10-18,False,True
Ro Khanna,Democrat,House,CA,XSP,2022-10-26,False,True
Ro Khanna,Democrat,House,CA,AMZN,2022-10-19,False,True
Ro Khanna,Democrat,House,CA,GOOGL,2022-10-19,False,True
Ro Khanna,Democrat,House,CA,MSFT,2022-10-19,False,True
Ro Khanna,Democrat,House,CA,NFLX,2022-10-19,False,True
Ro Khanna,Democrat,House,CA,ADBE,2022-10-19,False,True
Ro Khanna,Democrat,House,CA,AMZN,2022-10-10,False,True
Ro Khanna,Democrat,House,CA,CRM,2022-10-19,False,True
Ro Khanna,Democrat,House,CA,WAB,2022-10-27,False,True
Ro Khanna,Democrat,House,CA,MA,2022-10-2,False,True
Ro Khanna,Democrat,House,CA,META,2022-10-19,False,True
Ro Khanna,Democrat,House,CA,V,2022-10-2,False,True
Ro Khanna,Democrat,House,CA,NOW,2022-10-19,False,True
Ro Khanna,Democrat,House,CA,MA,2022-10-19,False,True
Ro Khanna,Democrat,House,CA,ADSK,2022-10-19,False,True
Ro Khanna,Democrat,House,CA,URBN,2022-10-27,False,True
Ro Khanna,Democrat,House,CA,ABNB,2022-10-19,False,True
Ro Khanna,Democrat,House,CA,UNH,2022-10-19,False,True
Ro Khanna,Democrat,House,CA,V,2022-10-19,False,True
Ro Khanna,Democrat,House,CA,GOOGL,2022-10-10,False,True
Ro Khanna,Democrat,House,CA,ACN,2022-10-19,False,True
Ro Khanna,Democrat,House,CA,ABT,2022-10-19,False,True
Ro Khanna,Democrat,House,CA,META,2022-10-26,False,True
Ro Khanna,Democrat,House,CA,MRK,2022-10-25,False,True
Ro Khanna,Democrat,House,CA,PYPL,2022-10-19,False,True
Ro Khanna,Democrat,House,CA,ILMN,2022-10-19,False,True
Ro Khanna,Democrat,House,CA,FDX,2022-10-3,False,True
Ro Khanna,Democrat,House,CA,FDX,2022-10-16,False,True
Ro Khanna,Democrat,House,CA,MSFT,2022-10-10,False,True
Ro Khanna,Democrat,House,CA,WAB,2022-10-16,False,True
Ro Khanna,Democrat,House,CA,RF,2022-10-24,False,True
Ro Khanna,Democrat,House,CA,WAB,2022-10-25,False,True
Ro Khanna,Democrat,House,CA,IT,2022-10-19,False,True
Ro Khanna,Democrat,House,CA,ADBE,2022-10-10,False,True
Ro Khanna,Democrat,House,CA,ZTS,2022-10-19,False,True
Ro Khanna,Democrat,House,CA,NOW,2022-10-10,False,True
Ro Khanna,Democrat,House,CA,NFLX,2022-10-10,False,True
Ro Khanna,Democrat,House,CA,CRM,2022-10-10,False,True
Ro Khanna,Democrat,House,CA,T,2022-10-16,False,True
Ro Khanna,Democrat,House,CA,META,2022-10-10,False,True
Ro Khanna,Democrat,House,CA,ADSK,2022-10-10,False,True
Ro Khanna,Democrat,House,CA,MA,2022-10-10,False,True
Ro Khanna,Democrat,House,CA,UNH,2022-10-10,False,True
Ro Khanna,Democrat,House,CA,ABT,2022-10-10,False,True
Ro Khanna,Democrat,House,CA,ABNB,2022-10-10,False,True
Ro Khanna,Democrat,House,CA,V,2022-10-10,False,True
Ro Khanna,Democrat,House,CA,ACN,2022-10-10,False,True
Ro Khanna,Democrat,House,CA,NKE,2022-10-19,False,True
Ro Khanna,Democrat,House,CA,WAB,2022-10-24,False,True
Ro Khanna,Democrat,House,CA,PYPL,2022-10-10,False,True
Ro Khanna,Democrat,House,CA,ILMN,2022-10-10,False,True
Ro Khanna,Democrat,House,CA,DOCU,2022-10-19,False,True
Ro Khanna,Democrat,House,CA,IT,2022-10-10,False,True
Ro Khanna,Democrat,House,CA,ZTS,2022-10-10,False,True
Ro Khanna,Democrat,House,CA,NKE,2022-10-10,False,True
Ro Khanna,Democrat,House,CA,ALGN,2022-10-19,False,True
Ro Khanna,Democrat,House,CA,DOCU,2022-10-10,False,True
Ro Khanna,Democrat,House,CA,ALGN,2022-10-10,False,True
Ro Khanna,Democrat,House,CA,IWD,2022-10-19,True,False
Ro Khanna,Democrat,House,CA,N/A,2022-10-3,True,False
Ro Khanna,Democrat,House,CA,N/A,2022-10-3,True,False
Ro Khanna,Democrat,House,CA,N/A,2022-10-3,True,False
Ro Khanna,Democrat,House,CA,N/A,2022-10-3,True,False
Ro Khanna,Democrat,House,CA,GM,2022-10-9,True,False
Ro Khanna,Democrat,House,CA,VZ,2022-10-6,True,False
Ro Khanna,Democrat,House,CA,HCA,2022-10-20,True,False
Ro Khanna,Democrat,House,CA,AMZN,2022-10-27,True,False
Ro Khanna,Democrat,House,CA,AIG,2022-10-19,False,True
Ro Khanna,Democrat,House,CA,PEP,2022-10-19,False,True
Ro Khanna,Democrat,House,CA,ABT,2022-10-19,False,True
Ro Khanna,Democrat,House,CA,GOOGL,2022-10-19,False,True
Ro Khanna,Democrat,House,CA,BAC,2022-10-19,False,True
Ro Khanna,Democrat,House,CA,TXN,2022-10-19,False,True
Ro Khanna,Democrat,House,CA,KKR,2022-10-19,False,True
Ro Khanna,Democrat,House,CA,MMC,2022-10-19,False,True
Ro Khanna,Democrat,House,CA,MSFT,2022-10-19,False,True
Ro Khanna,Democrat,House,CA,NVR,2022-10-19,False,True
Ro Khanna,Democrat,House,CA,AMZN,2022-10-19,False,True
Ro Khanna,Democrat,House,CA,PFE,2022-10-19,False,True
Ro Khanna,Democrat,House,CA,PH,2022-10-19,False,True
Ro Khanna,Democrat,House,CA,CAT,2022-10-19,False,True
Ro Khanna,Democrat,House,CA,HD,2022-10-19,False,True
Ro Khanna,Democrat,House,CA,GM,2022-10-19,False,True
Ro Khanna,Democrat,House,CA,N/A,2022-10-19,False,True
Ro Khanna,Democrat,House,CA,BRK/B,2022-10-19,False,True
Ro Khanna,Democrat,House,CA,LIN,2022-10-19,False,True
Ro Khanna,Democrat,House,CA,HUM,2022-10-19,False,True
Ro Khanna,Democrat,House,CA,HCA,2022-10-19,False,True
Ro Khanna,Democrat,House,CA,BKNG,2022-10-19,False,True
Ro Khanna,Democrat,House,CA,SYK,2022-10-19,False,True
Ro Khanna,Democrat,House,CA,DE,2022-10-19,False,True
Ro Khanna,Democrat,House,CA,WY,2022-10-19,False,True
Ro Khanna,Democrat,House,CA,WFC,2022-10-19,False,True
Ro Khanna,Democrat,House,CA,DIS,2022-10-19,False,True
Ro Khanna,Democrat,House,CA,HON,2022-10-19,False,True
Ro Khanna,Democrat,House,CA,CARR,2022-10-19,False,True
Ro Khanna,Democrat,House,CA,UNP,2022-10-19,False,True
Ro Khanna,Democrat,House,CA,V,2022-10-19,False,True
Ro Khanna,Democrat,House,CA,SSNC,2022-10-19,False,True
Ro Khanna,Democrat,House,CA,NDAQ,2022-10-19,False,True
Ro Khanna,Democrat,House,CA,BDX,2022-10-19,False,True
Ro Khanna,Democrat,House,CA,MDT,2022-10-19,False,True
Ro Khanna,Democrat,House,CA,ABBV,2022-10-19,False,True
Ro Khanna,Democrat,House,CA,BWA,2022-10-19,False,True
Ro Khanna,Democrat,House,CA,TTWO,2022-10-19,False,True
Ro Khanna,Democrat,House,CA,VZ,2022-10-19,False,True
Ro Khanna,Democrat,House,CA,HUM,2022-10-12,False,True
Ro Khanna,Democrat,House,CA,VFC,2022-10-19,False,True
Ro Khanna,Democrat,House,CA,SIVBQ,2022-10-19,False,True
Ro Khanna,Democrat,House,CA,HIG,2022-10-19,False,True
Ro Khanna,Democrat,House,CA,SBAC,2022-10-19,False,True
Ro Khanna,Democrat,House,CA,MLM,2022-10-19,False,True
Ro Khanna,Democrat,House,CA,SHW,2022-10-19,False,True
Ro Khanna,Democrat,House,CA,WM,2022-10-19,False,True
Ro Khanna,Democrat,House,CA,SIVBQ,2022-10-30,False,True
Ro Khanna,Democrat,House,CA,CMCSA,2022-10-6,False,True
Ro Khanna,Democrat,House,CA,FIS,2022-10-6,False,True
Ro Khanna,Democrat,House,CA,CMCSA,2022-10-19,False,True
Ro Khanna,Democrat,House,CA,FIS,2022-10-19,False,True
Ro Khanna,Democrat,House,CA,CMCSA,2022-10-9,False,True
Ro Khanna,Democrat,House,CA,FIS,2022-10-9,False,True
Ro Khanna,Democrat,House,CA,N/A,2022-9-30,True,False
Ro Khanna,Democrat,House,CA,HD,2022-10-5,False,True
Ro Khanna,Democrat,House,CA,VZ,2022-10-5,False,True
Ro Khanna,Democrat,House,CA,KO,2022-10-5,True,False
Ro Khanna,Democrat,House,CA,COST,2022-10-5,True,False
Ro Khanna,Democrat,House,CA,SBUX,2022-10-5,True,False
Ro Khanna,Democrat,House,CA,CMCSA,2022-10-25,False,True
Ro Khanna,Democrat,House,CA,NEE,2022-10-25,True,False
Ro Khanna,Democrat,House,CA,HD,2022-10-5,False,True
Ro Khanna,Democrat,House,CA,VZ,2022-10-5,False,True
Ro Khanna,Democrat,House,CA,KO,2022-10-5,True,False
Ro Khanna,Democrat,House,CA,COST,2022-10-5,True,False
Ro Khanna,Democrat,House,CA,SBUX,2022-10-5,True,False
Ro Khanna,Democrat,House,CA,CMCSA,2022-10-25,False,True
Ro Khanna,Democrat,House,CA,NEE,2022-10-25,True,False
Ro Khanna,Democrat,House,CA,HD,2022-10-5,False,True
Ro Khanna,Democrat,House,CA,VZ,2022-10-5,False,True
Ro Khanna,Democrat,House,CA,KO,2022-10-5,True,False
Ro Khanna,Democrat,House,CA,COST,2022-10-5,True,False
Ro Khanna,Democrat,House,CA,SBUX,2022-10-5,True,False
Ro Khanna,Democrat,House,CA,CMCSA,2022-10-25,False,True
Ro Khanna,Democrat,House,CA,NEE,2022-10-25,True,False
Trey Hollingsworth,Republican,House,IN,N/A,2022-10-23,True,False
Chuck Fleischmann,Republican,House,TN,PDBC,2022-10-18,False,True
Chuck Fleischmann,Republican,House,TN,IAU,2022-10-18,False,True
Chuck Fleischmann,Republican,House,TN,SHY,2022-10-18,True,False
Chuck Fleischmann,Republican,House,TN,HYBB,2022-10-18,True,False
Chuck Fleischmann,Republican,House,TN,IBDU,2022-10-18,False,True
Chuck Fleischmann,Republican,House,TN,IBTK,2022-10-18,False,True
Chuck Fleischmann,Republican,House,TN,IBTG,2022-10-18,False,True
Chuck Fleischmann,Republican,House,TN,ZROZ,2022-10-18,True,False
Chuck Fleischmann,Republican,House,TN,SLYG,2022-10-18,False,True
Chuck Fleischmann,Republican,House,TN,SLYV,2022-10-18,False,True
Chuck Fleischmann,Republican,House,TN,SPYG,2022-10-18,False,True
Chuck Fleischmann,Republican,House,TN,SPYV,2022-10-18,False,True
Chuck Fleischmann,Republican,House,TN,MDYG,2022-10-18,True,False
Chuck Fleischmann,Republican,House,TN,MDYV,2022-10-18,True,False
Chuck Fleischmann,Republican,House,TN,DXJ,2022-10-18,False,True
Cindy Axne,Democrat,House,IA,LMT,2022-11-2,False,True
Cindy Axne,Democrat,House,IA,PYPL,2022-11-8,False,True
Cindy Axne,Democrat,House,IA,PYPL,2022-11-8,False,True
Cindy Axne,Democrat,House,IA,PYPL,2022-11-8,False,True
Michael Burgess,Republican,House,TX,SYK,2022-10-24,False,True
John Boozman,Republican,Senate,AR,GIGB,2022-10-25,False,True
John Boozman,Republican,Senate,AR,PHB,2022-10-24,False,True
John Boozman,Republican,Senate,AR,CMBS,2022-10-25,False,True
John Boozman,Republican,Senate,AR,AGZ,2022-10-24,True,False
John Boozman,Republican,Senate,AR,AGZ,2022-10-25,True,False
John Boozman,Republican,Senate,AR,JMBS,2022-10-24,True,False
John Boozman,Republican,Senate,AR,JMBS,2022-10-25,True,False
Susie Lee,Democrat,House,NV,KBH,2022-10-26,False,True
Susie Lee,Democrat,House,NV,JOE,2022-10-26,False,True
Suzan DelBene,Democrat,House,WA,N/A,2022-10-18,True,False
Suzan DelBene,Democrat,House,WA,N/A,2022-10-19,True,False
Suzan DelBene,Democrat,House,WA,N/A,2022-10-23,False,True
Suzan DelBene,Democrat,House,WA,N/A,2022-10-23,True,False
Alan Lowenthal,Democrat,House,CA,ECL,2022-11-2,False,True
Alan Lowenthal,Democrat,House,CA,TMUS,2022-11-2,False,True
Alan Lowenthal,Democrat,House,CA,ECL,2022-11-2,False,True
Alan Lowenthal,Democrat,House,CA,TMUS,2022-11-2,False,True
Shelley Moore Capito,Republican,Senate,WV,UNH,2022-10-16,False,True
Shelley Moore Capito,Republican,Senate,WV,JPM,2022-10-16,False,True
Shelley Moore Capito,Republican,Senate,WV,MSFT,2022-10-16,False,True
Shelley Moore Capito,Republican,Senate,WV,LOW,2022-10-16,False,True
Shelley Moore Capito,Republican,Senate,WV,LIN,2022-10-16,False,True
Shelley Moore Capito,Republican,Senate,WV,JNJ,2022-10-16,False,True
Shelley Moore Capito,Republican,Senate,WV,BLK,2022-10-16,False,True
Shelley Moore Capito,Republican,Senate,WV,AAPL,2022-10-16,False,True
Shelley Moore Capito,Republican,Senate,WV,AFL,2022-10-16,False,True
Shelley Moore Capito,Republican,Senate,WV,WFC,2022-10-18,False,True
Pete Sessions,Republican,House,TX,N/A,2022-11-8,True,False
Pete Sessions,Republican,House,TX,N/A,2022-11-6,True,False
Pete Sessions,Republican,House,TX,N/A,2022-11-6,True,False
Brad Sherman,Democrat,House,CA,N/A,2022-11-2,False,True
Brad Sherman,Democrat,House,CA,N/A,2022-11-2,False,True
Brad Sherman,Democrat,House,CA,N/A,2022-11-2,False,True
Brad Sherman,Democrat,House,CA,N/A,2022-11-6,False,True
Brad Sherman,Democrat,House,CA,N/A,2022-11-2,False,True
Brad Sherman,Democrat,House,CA,N/A,2022-11-2,False,True
Debbie Wasserman Schultz,Democrat,House,FL,AE,2022-10-26,False,True
Kathy Manning,Democrat,House,NC,MMM,2022-10-11,True,False
Kathy Manning,Democrat,House,NC,ACN,2022-10-11,True,False
Kathy Manning,Democrat,House,NC,ADBE,2022-10-11,False,True
Kathy Manning,Democrat,House,NC,GOOGL,2022-10-11,True,False
Kathy Manning,Democrat,House,NC,AMZN,2022-10-11,True,False
Kathy Manning,Democrat,House,NC,AEE,2022-10-11,True,False
Kathy Manning,Democrat,House,NC,AEP,2022-10-11,True,False
Kathy Manning,Democrat,House,NC,AMT,2022-10-11,False,True
Kathy Manning,Democrat,House,NC,AMGN,2022-10-11,False,True
Kathy Manning,Democrat,House,NC,AAPL,2022-10-11,False,True
Kathy Manning,Democrat,House,NC,AMAT,2022-10-11,True,False
Kathy Manning,Democrat,House,NC,T,2022-10-11,False,True
Kathy Manning,Democrat,House,NC,BAC,2022-10-11,False,True
Kathy Manning,Democrat,House,NC,BRK/B,2022-10-11,False,True
Kathy Manning,Democrat,House,NC,BLK,2022-10-11,False,True
Kathy Manning,Democrat,House,NC,AVGO,2022-10-11,True,False
Kathy Manning,Democrat,House,NC,CSCO,2022-10-11,False,True
Kathy Manning,Democrat,House,NC,KO,2022-10-11,False,True
Kathy Manning,Democrat,House,NC,CMCSA,2022-10-11,True,False
Kathy Manning,Democrat,House,NC,COST,2022-10-11,False,True
Kathy Manning,Democrat,House,NC,N/A,2022-10-31,True,False
Kathy Manning,Democrat,House,NC,EQIX,2022-10-11,False,True
Kathy Manning,Democrat,House,NC,EL,2022-10-11,False,True
Kathy Manning,Democrat,House,NC,FDX,2022-10-11,True,False
Kathy Manning,Democrat,House,NC,HD,2022-10-11,False,True
Kathy Manning,Democrat,House,NC,INTC,2022-10-11,True,False
Kathy Manning,Democrat,House,NC,INTU,2022-10-11,True,False
Kathy Manning,Democrat,House,NC,ISRG,2022-10-11,False,True
Kathy Manning,Democrat,House,NC,INVH,2022-10-11,True,False
Kathy Manning,Democrat,House,NC,JNJ,2022-10-11,True,False
Kathy Manning,Democrat,House,NC,KMB,2022-10-11,True,False
Kathy Manning,Democrat,House,NC,LRCX,2022-10-11,False,True
Kathy Manning,Democrat,House,NC,MA,2022-10-11,True,False
Kathy Manning,Democrat,House,NC,MCD,2022-10-11,False,True
Kathy Manning,Democrat,House,NC,MDT,2022-10-11,True,False
Kathy Manning,Democrat,House,NC,META,2022-10-11,False,True
Kathy Manning,Democrat,House,NC,MSFT,2022-10-11,True,False
Kathy Manning,Democrat,House,NC,NKE,2022-10-11,False,True
Kathy Manning,Democrat,House,NC,NVDA,2022-10-11,True,False
Kathy Manning,Democrat,House,NC,ORCL,2022-10-11,False,True
Kathy Manning,Democrat,House,NC,PFE,2022-10-11,True,False
Kathy Manning,Democrat,House,NC,PPL,2022-10-11,True,False
Kathy Manning,Democrat,House,NC,PG,2022-10-11,True,False
Kathy Manning,Democrat,House,NC,QCOM,2022-10-11,False,True
Kathy Manning,Democrat,House,NC,RTX,2022-10-11,False,True
Kathy Manning,Democrat,House,NC,SPGI,2022-10-11,False,True
Kathy Manning,Democrat,House,NC,CRM,2022-10-11,True,False
Kathy Manning,Democrat,House,NC,TSLA,2022-10-11,True,False
Kathy Manning,Democrat,House,NC,TXN,2022-10-11,True,False
Kathy Manning,Democrat,House,NC,TMO,2022-10-11,True,False
Kathy Manning,Democrat,House,NC,UPS,2022-10-11,False,True
Kathy Manning,Democrat,House,NC,UNH,2022-10-11,False,True
Kathy Manning,Democrat,House,NC,VZ,2022-10-11,True,False
Kathy Manning,Democrat,House,NC,V,2022-10-11,False,True
Kathy Manning,Democrat,House,NC,WELL,2022-10-11,True,False
Zoe Lofgren,Democrat,House,CA,CS,2022-10-5,False,True
Josh Gottheimer,Democrat,House,NJ,ABNB,2022-10-18,True,False
Josh Gottheimer,Democrat,House,NJ,ALIZY,2022-10-16,True,False
Josh Gottheimer,Democrat,House,NJ,GOOGL,2022-10-26,False,True
Josh Gottheimer,Democrat,House,NJ,AMGN,2022-10-18,True,False
Josh Gottheimer,Democrat,House,NJ,AAPL,2022-10-24,False,True
Josh Gottheimer,Democrat,House,NJ,AAPL,2022-10-18,True,False
Josh Gottheimer,Democrat,House,NJ,BHP,2022-10-16,True,False
Josh Gottheimer,Democrat,House,NJ,BX,2022-10-20,False,True
Josh Gottheimer,Democrat,House,NJ,SCHW,2022-10-17,False,True
Josh Gottheimer,Democrat,House,NJ,CCXI,2022-10-19,False,True
Josh Gottheimer,Democrat,House,NJ,LNG,2022-10-12,True,False
Josh Gottheimer,Democrat,House,NJ,CTSH,2022-10-16,True,False
Josh Gottheimer,Democrat,House,NJ,DE,2022-10-23,True,False
Josh Gottheimer,Democrat,House,NJ,LLY,2022-10-18,True,False
Josh Gottheimer,Democrat,House,NJ,EFX,2022-10-19,False,True
Josh Gottheimer,Democrat,House,NJ,FIS,2022-10-16,True,False
Josh Gottheimer,Democrat,House,NJ,META,2022-10-26,False,True
Josh Gottheimer,Democrat,House,NJ,MSFT,2022-10-26,False,True
Josh Gottheimer,Democrat,House,NJ,MSFT,2022-10-17,False,True
Josh Gottheimer,Democrat,House,NJ,MDB,2022-10-16,True,False
Josh Gottheimer,Democrat,House,NJ,NVDA,2022-10-16,True,False
Josh Gottheimer,Democrat,House,NJ,PCTY,2022-10-10,False,True
Josh Gottheimer,Democrat,House,NJ,REGN,2022-10-18,True,False
Josh Gottheimer,Democrat,House,NJ,CRM,2022-10-16,True,False
Josh Gottheimer,Democrat,House,NJ,SGEN,2022-10-16,True,False
Josh Gottheimer,Democrat,House,NJ,TCEHY,2022-10-16,True,False
Josh Gottheimer,Democrat,House,NJ,TSLA,2022-10-16,True,False
Josh Gottheimer,Democrat,House,NJ,TSLA,2022-10-20,False,True
Josh Gottheimer,Democrat,House,NJ,TTD,2022-10-18,True,False
Josh Gottheimer,Democrat,House,NJ,VZ,2022-10-16,True,False
Earl Blumenauer,Democrat,House,OR,AAPL,2022-10-27,True,False
Earl Blumenauer,Democrat,House,OR,T,2022-10-4,False,True
Earl Blumenauer,Democrat,House,OR,5672A,2022-10-2,True,False
Earl Blumenauer,Democrat,House,OR,VZ,2022-10-9,True,False
Tommy Tuberville,Republican,Senate,AL,MSFT,2022-10-27,False,True
Tommy Tuberville,Republican,Senate,AL,CLF,2022-10-30,True,False
Tommy Tuberville,Republican,Senate,AL,MSFT,2022-10-27,False,True
Tommy Tuberville,Republican,Senate,AL,MSFT,2022-10-27,False,True
Tommy Tuberville,Republican,Senate,AL,MSFT,2022-10-23,True,False
Tommy Tuberville,Republican,Senate,AL,NU,2022-10-12,True,False
Tommy Tuberville,Republican,Senate,AL,MSFT,2022-10-12,True,False
Tommy Tuberville,Republican,Senate,AL,NU,2022-10-10,True,False
Tommy Tuberville,Republican,Senate,AL,XOM,2022-10-5,False,True
Tommy Tuberville,Republican,Senate,AL,CVX,2022-10-5,False,True
Tommy Tuberville,Republican,Senate,AL,X,2022-10-5,False,True
Tommy Tuberville,Republican,Senate,AL,X,2022-10-5,False,True
Tommy Tuberville,Republican,Senate,AL,NU,2022-10-5,True,False
Tommy Tuberville,Republican,Senate,AL,VCTR,2022-10-5,True,False
Tommy Tuberville,Republican,Senate,AL,VCTR,2022-10-5,True,False
Tommy Tuberville,Republican,Senate,AL,VCTR,2022-10-5,True,False
Tommy Tuberville,Republican,Senate,AL,VRTX,2022-10-5,True,False
Tommy Tuberville,Republican,Senate,AL,TREX,2022-10-5,True,False
Tommy Tuberville,Republican,Senate,AL,SCI,2022-10-5,True,False
Tommy Tuberville,Republican,Senate,AL,RELX,2022-10-5,True,False
Tommy Tuberville,Republican,Senate,AL,RH,2022-10-5,True,False
Tommy Tuberville,Republican,Senate,AL,PHM,2022-10-5,True,False
Tommy Tuberville,Republican,Senate,AL,PAYC,2022-10-5,True,False
Tommy Tuberville,Republican,Senate,AL,GIS,2022-10-5,True,False
Tommy Tuberville,Republican,Senate,AL,GLPI,2022-10-5,True,False
Tommy Tuberville,Republican,Senate,AL,RACE,2022-10-5,True,False
Tommy Tuberville,Republican,Senate,AL,XOM,2022-10-5,True,False
Tommy Tuberville,Republican,Senate,AL,EXR,2022-10-5,True,False
Tommy Tuberville,Republican,Senate,AL,ETSY,2022-10-5,True,False
Tommy Tuberville,Republican,Senate,AL,ELS,2022-10-5,True,False
Tommy Tuberville,Republican,Senate,AL,DQ,2022-10-5,True,False
Tommy Tuberville,Republican,Senate,AL,CROX,2022-10-5,True,False
Tommy Tuberville,Republican,Senate,AL,CSCO,2022-10-5,True,False
Tommy Tuberville,Republican,Senate,AL,AMGN,2022-10-5,True,False
Tommy Tuberville,Republican,Senate,AL,AMT,2022-10-4,True,False
Tommy Tuberville,Republican,Senate,AL,ZTS,2022-10-4,False,True
Tommy Tuberville,Republican,Senate,AL,WIT,2022-10-4,False,True
Tommy Tuberville,Republican,Senate,AL,SEIC,2022-10-4,False,True
Tommy Tuberville,Republican,Senate,AL,RMD,2022-10-4,False,True
Tommy Tuberville,Republican,Senate,AL,TROW,2022-10-4,False,True
Tommy Tuberville,Republican,Senate,AL,NOC,2022-10-4,False,True
Tommy Tuberville,Republican,Senate,AL,NVDA,2022-10-4,False,True
Tommy Tuberville,Republican,Senate,AL,MNST,2022-10-4,False,True
Tommy Tuberville,Republican,Senate,AL,MSFT,2022-10-4,False,True
Tommy Tuberville,Republican,Senate,AL,MASI,2022-10-4,False,True
Tommy Tuberville,Republican,Senate,AL,MKTX,2022-10-4,False,True
Tommy Tuberville,Republican,Senate,AL,IDXX,2022-10-4,False,True
Tommy Tuberville,Republican,Senate,AL,HON,2022-10-4,False,True
Tommy Tuberville,Republican,Senate,AL,GGG,2022-10-4,False,True
Tommy Tuberville,Republican,Senate,AL,IT,2022-10-4,False,True
Tommy Tuberville,Republican,Senate,AL,GRMN,2022-10-4,False,True
Tommy Tuberville,Republican,Senate,AL,FAST,2022-10-4,False,True
Tommy Tuberville,Republican,Senate,AL,EL,2022-10-4,False,True
Tommy Tuberville,Republican,Senate,AL,DHI,2022-10-4,False,True
Tommy Tuberville,Republican,Senate,AL,CHD,2022-10-4,False,True
Tommy Tuberville,Republican,Senate,AL,BF/A,2022-10-4,False,True
Tommy Tuberville,Republican,Senate,AL,AMAT,2022-10-4,False,True
Tommy Tuberville,Republican,Senate,AL,ALGN,2022-10-4,False,True
Tommy Tuberville,Republican,Senate,AL,APD,2022-10-4,False,True
Tommy Tuberville,Republican,Senate,AL,MRO,2022-10-3,False,True
Tommy Tuberville,Republican,Senate,AL,OXY,2022-10-3,False,True
Tommy Tuberville,Republican,Senate,AL,OXY,2022-10-3,False,True
Tommy Tuberville,Republican,Senate,AL,OXY,2022-10-3,False,True
Tommy Tuberville,Republican,Senate,AL,OXY,2022-10-3,True,False
Tommy Tuberville,Republican,Senate,AL,FTBFX,2022-10-24,False,True
Tommy Tuberville,Republican,Senate,AL,VZ,2022-10-24,False,True
Tommy Tuberville,Republican,Senate,AL,SIEGY,2022-10-24,False,True
Tommy Tuberville,Republican,Senate,AL,FDX,2022-10-24,False,True
Tommy Tuberville,Republican,Senate,AL,N/A,2022-10-2,True,False
Kevin Hern,Republican,House,OK,FSEN,2022-10-18,True,False
Kevin Hern,Republican,House,OK,FSEN,2022-10-6,True,False
Kevin Hern,Republican,House,OK,JPM,2022-10-30,True,False
Kevin Hern,Republican,House,OK,JEPI,2022-10-5,True,False
Bob Latta,Republican,House,OH,FMAO,2022-10-19,True,False
John Curtis,Republican,House,UT,ABT,2022-10-20,False,True
John Curtis,Republican,House,UT,ADBE,2022-10-20,True,False
John Curtis,Republican,House,UT,CMG,2022-10-20,True,False
John Curtis,Republican,House,UT,N/A,2022-10-27,True,False
John Curtis,Republican,House,UT,TMUS,2022-10-20,False,True
John Curtis,Republican,House,UT,WM,2022-10-20,False,True
Jim Langevin,Democrat,House,RI,ABNB,2022-10-2,False,True
Jim Langevin,Democrat,House,RI,ABNB,2022-10-12,False,True
Jim Langevin,Democrat,House,RI,ABNB,2022-10-20,False,True
Jim Langevin,Democrat,House,RI,ABNB,2022-10-26,True,False
Jim Langevin,Democrat,House,RI,ABNB,2022-10-27,True,False
Jim Langevin,Democrat,House,RI,SQ,2022-10-27,False,True
Jim Langevin,Democrat,House,RI,SQ,2022-10-19,False,True
Jim Langevin,Democrat,House,RI,DASH,2022-10-19,False,True
Jim Langevin,Democrat,House,RI,GNRC,2022-10-19,False,True
Jim Langevin,Democrat,House,RI,GNRC,2022-10-2,False,True
Jim Langevin,Democrat,House,RI,PYPL,2022-10-16,False,True
Kurt Schrader,Democrat,House,OR,AEE,2022-10-12,True,False
Kurt Schrader,Democrat,House,OR,PLD,2022-10-18,True,False
Kurt Schrader,Democrat,House,OR,CPRT,2022-10-18,True,False
Kurt Schrader,Democrat,House,OR,CP,2022-10-20,True,False
Kurt Schrader,Democrat,House,OR,SLB,2022-10-25,True,False
Kurt Schrader,Democrat,House,OR,OWMBX,2022-10-10,False,True
Kurt Schrader,Democrat,House,OR,SCHW,2022-10-18,False,True
Kurt Schrader,Democrat,House,OR,UNP,2022-10-20,False,True
Kurt Schrader,Democrat,House,OR,COP,2022-10-25,False,True
Kurt Schrader,Democrat,House,OR,JSOAX,2022-10-19,False,True
Alan Lowenthal,Democrat,House,CA,BSX,2022-10-23,False,True
Bill Keating,Democrat,House,MA,IBTE,2022-10-6,True,False
Diana Harshbarger,Republican,House,TN,BKR,2022-9-20,True,False
Diana Harshbarger,Republican,House,TN,BKR,2022-9-20,True,False
Diana Harshbarger,Republican,House,TN,BKR,2022-9-20,True,False
Diana Harshbarger,Republican,House,TN,BKR,2022-9-20,True,False
Diana Harshbarger,Republican,House,TN,BKR,2022-9-21,True,False
Diana Harshbarger,Republican,House,TN,BKR,2022-9-21,True,False
Diana Harshbarger,Republican,House,TN,BKR,2022-9-21,True,False
Diana Harshbarger,Republican,House,TN,BKR,2022-9-21,True,False
Diana Harshbarger,Republican,House,TN,SLB,2022-9-21,False,True
Diana Harshbarger,Republican,House,TN,ALGN,2022-9-25,True,False
Diana Harshbarger,Republican,House,TN,ALGN,2022-9-25,True,False
Diana Harshbarger,Republican,House,TN,WDC,2022-9-25,True,False
Diana Harshbarger,Republican,House,TN,WDC,2022-9-25,True,False
Diana Harshbarger,Republican,House,TN,WDC,2022-9-25,True,False
Diana Harshbarger,Republican,House,TN,WDC,2022-9-25,True,False
Diana Harshbarger,Republican,House,TN,IDXX,2022-9-25,False,True
Diana Harshbarger,Republican,House,TN,IDXX,2022-9-25,False,True
Diana Harshbarger,Republican,House,TN,MU,2022-9-25,False,True
Diana Harshbarger,Republican,House,TN,MU,2022-9-25,False,True
Diana Harshbarger,Republican,House,TN,MU,2022-9-25,False,True
Diana Harshbarger,Republican,House,TN,MU,2022-9-25,False,True
Diana Harshbarger,Republican,House,TN,CBOE,2022-9-26,True,False
Diana Harshbarger,Republican,House,TN,CBOE,2022-9-26,True,False
Diana Harshbarger,Republican,House,TN,CBOE,2022-9-26,True,False
Diana Harshbarger,Republican,House,TN,CBOE,2022-9-26,True,False
Diana Harshbarger,Republican,House,TN,CNC,2022-9-26,True,False
Diana Harshbarger,Republican,House,TN,CNC,2022-9-26,True,False
Diana Harshbarger,Republican,House,TN,CNC,2022-9-26,True,False
Diana Harshbarger,Republican,House,TN,CNC,2022-9-26,True,False
Diana Harshbarger,Republican,House,TN,LYB,2022-9-26,True,False
Diana Harshbarger,Republican,House,TN,LYB,2022-9-26,True,False
Diana Harshbarger,Republican,House,TN,LYB,2022-9-26,True,False
Diana Harshbarger,Republican,House,TN,LYB,2022-9-26,True,False
Diana Harshbarger,Republican,House,TN,GOOGL,2022-9-26,False,True
Diana Harshbarger,Republican,House,TN,GOOGL,2022-9-26,False,True
Diana Harshbarger,Republican,House,TN,CME,2022-9-26,False,True
Diana Harshbarger,Republican,House,TN,CME,2022-9-26,False,True
Diana Harshbarger,Republican,House,TN,CME,2022-9-26,False,True
Diana Harshbarger,Republican,House,TN,CME,2022-9-26,False,True
Diana Harshbarger,Republican,House,TN,HD,2022-9-26,False,True
Diana Harshbarger,Republican,House,TN,HD,2022-9-26,False,True
Diana Harshbarger,Republican,House,TN,HD,2022-9-26,False,True
Diana Harshbarger,Republican,House,TN,HD,2022-9-26,False,True
Diana Harshbarger,Republican,House,TN,PG,2022-9-26,False,True
Diana Harshbarger,Republican,House,TN,SCI,2022-9-26,False,True
Diana Harshbarger,Republican,House,TN,TSM,2022-9-26,False,True
Diana Harshbarger,Republican,House,TN,TSM,2022-9-26,False,True
Diana Harshbarger,Republican,House,TN,TSM,2022-9-26,False,True
Diana Harshbarger,Republican,House,TN,TSM,2022-9-26,False,True
Diana Harshbarger,Republican,House,TN,WMT,2022-9-26,False,True
Diana Harshbarger,Republican,House,TN,N/A,2022-9-25,True,False
Diana Harshbarger,Republican,House,TN,N/A,2022-10-2,False,True
Diana Harshbarger,Republican,House,TN,N/A,2022-10-2,False,True
Diana Harshbarger,Republican,House,TN,N/A,2022-10-2,False,True
Diana Harshbarger,Republican,House,TN,N/A,2022-10-3,False,True
Diana Harshbarger,Republican,House,TN,N/A,2022-10-3,False,True
Diana Harshbarger,Republican,House,TN,N/A,2022-10-3,False,True
Diana Harshbarger,Republican,House,TN,CMCSA,2022-10-4,False,True
Diana Harshbarger,Republican,House,TN,N/A,2022-10-4,False,True
Diana Harshbarger,Republican,House,TN,FIS,2022-10-4,False,True
Diana Harshbarger,Republican,House,TN,FIS,2022-10-4,False,True
Diana Harshbarger,Republican,House,TN,FIS,2022-10-4,False,True
Diana Harshbarger,Republican,House,TN,BKNG,2022-10-5,True,False
Diana Harshbarger,Republican,House,TN,N/A,2022-10-5,True,False
Diana Harshbarger,Republican,House,TN,ADBE,2022-10-5,False,True
Diana Harshbarger,Republican,House,TN,ADBE,2022-10-5,False,True
Diana Harshbarger,Republican,House,TN,ADBE,2022-10-5,False,True
Diana Harshbarger,Republican,House,TN,N/A,2022-10-5,False,True
Diana Harshbarger,Republican,House,TN,N/A,2022-10-6,True,False
Diana Harshbarger,Republican,House,TN,ADSK,2022-10-6,True,False
Diana Harshbarger,Republican,House,TN,ADSK,2022-10-6,True,False
Diana Harshbarger,Republican,House,TN,ADSK,2022-10-6,True,False
Diana Harshbarger,Republican,House,TN,ADSK,2022-10-6,True,False
Diana Harshbarger,Republican,House,TN,N/A,2022-10-6,True,False
Diana Harshbarger,Republican,House,TN,USB,2022-10-6,True,False
Diana Harshbarger,Republican,House,TN,AZO,2022-10-9,False,True
Diana Harshbarger,Republican,House,TN,ADBE,2022-10-10,False,True
Diana Harshbarger,Republican,House,TN,ADBE,2022-10-10,False,True
Diana Harshbarger,Republican,House,TN,ADBE,2022-10-10,False,True
Diana Harshbarger,Republican,House,TN,ADBE,2022-10-10,False,True
Diana Harshbarger,Republican,House,TN,CMCSA,2022-10-10,False,True
Diana Harshbarger,Republican,House,TN,CMCSA,2022-10-10,False,True
Diana Harshbarger,Republican,House,TN,CMCSA,2022-10-10,False,True
Diana Harshbarger,Republican,House,TN,CMCSA,2022-10-10,False,True
Diana Harshbarger,Republican,House,TN,CMCSA,2022-10-10,False,True
Diana Harshbarger,Republican,House,TN,N/A,2022-10-10,False,True
Diana Harshbarger,Republican,House,TN,GEN,2022-10-10,False,True
Diana Harshbarger,Republican,House,TN,MSFT,2022-10-11,True,False
Diana Harshbarger,Republican,House,TN,NOW,2022-10-12,True,False
Diana Harshbarger,Republican,House,TN,NOW,2022-10-12,True,False
Diana Harshbarger,Republican,House,TN,V,2022-10-12,True,False
Diana Harshbarger,Republican,House,TN,N/A,2022-10-18,True,False
Diana Harshbarger,Republican,House,TN,N/A,2022-10-18,False,True
Diana Harshbarger,Republican,House,TN,N/A,2022-10-19,True,False
Diana Harshbarger,Republican,House,TN,N/A,2022-10-19,True,False
Virginia Foxx,Republican,House,NC,CPXWF,2022-10-20,False,True
Virginia Foxx,Republican,House,NC,FLNG,2022-10-4,True,False
Virginia Foxx,Republican,House,NC,MRO,2022-10-30,True,False
Virginia Foxx,Republican,House,NC,NEE,2022-10-13,False,True
Virginia Foxx,Republican,House,NC,PG,2022-10-6,False,True
Dan Sullivan,Republican,Senate,AK,MHGVY,2022-8-1,False,True
Dan Sullivan,Republican,Senate,AK,FIVE,2022-8-29,False,True
Tom Carper,Democrat,Senate,DE,N/A,2022-10-16,True,False
Tom Carper,Democrat,Senate,DE,BMN,2022-10-26,True,False
Tom Carper,Democrat,Senate,DE,MBXIX,2022-10-16,True,False
Tom Carper,Democrat,Senate,DE,GSMYX,2022-10-16,False,True
Tom Carper,Democrat,Senate,DE,SBPYX,2022-10-16,True,False
Tom Carper,Democrat,Senate,DE,FIMKX,2022-10-16,False,True
Tom Carper,Democrat,Senate,DE,FCPIX,2022-10-16,False,True
Tom Carper,Democrat,Senate,DE,VZ,2022-10-16,False,True
Tom Carper,Democrat,Senate,DE,CVS,2022-10-16,True,False
Tom Carper,Democrat,Senate,DE,DLR,2022-10-16,False,True
Tom Carper,Democrat,Senate,DE,TSM,2022-10-16,True,False
Tom Carper,Democrat,Senate,DE,MPW,2022-10-16,True,False
Tom Carper,Democrat,Senate,DE,SRVR,2022-10-16,False,True
Tom Carper,Democrat,Senate,DE,LDP,2022-10-16,False,True
Tom Carper,Democrat,Senate,DE,EFAD,2022-10-16,True,False
Tom Carper,Democrat,Senate,DE,GMRE,2022-10-16,False,True
Tom Carper,Democrat,Senate,DE,JHEM,2022-10-16,True,False
Tom Carper,Democrat,Senate,DE,ABT,2022-10-16,True,False
Tom Carper,Democrat,Senate,DE,DIS,2022-10-16,False,True
Tom Carper,Democrat,Senate,DE,INTC,2022-10-16,False,True
Tom Carper,Democrat,Senate,DE,HDGE,2022-10-9,True,False
Tom Carper,Democrat,Senate,DE,HDGE,2022-10-9,True,False
Tom Carper,Democrat,Senate,DE,PSQ,2022-10-9,False,True
Tom Carper,Democrat,Senate,DE,HDGE,2022-10-9,True,False
Tom Carper,Democrat,Senate,DE,HDGE,2022-10-9,True,False
Tom Carper,Democrat,Senate,DE,PSQ,2022-10-4,False,True
Tom Carper,Democrat,Senate,DE,PSQ,2022-10-4,False,True
Tom Carper,Democrat,Senate,DE,SH,2022-10-4,False,True
Tom Carper,Democrat,Senate,DE,HDGE,2022-10-4,True,False
Tom Carper,Democrat,Senate,DE,PSQ,2022-10-4,False,True
Tom Carper,Democrat,Senate,DE,HQL,2022-10-3,False,True
Tom Carper,Democrat,Senate,DE,JPM,2022-10-3,False,True
Tom Carper,Democrat,Senate,DE,NID,2022-10-3,False,True
Tom Carper,Democrat,Senate,DE,SBIO,2022-10-3,False,True
Michael Burgess,Republican,House,TX,MS,2022-10-6,True,False
Michael Burgess,Republican,House,TX,MS,2022-10-6,False,True
Lloyd Doggett,Democrat,House,TX,KO,2022-10-2,True,False
Lloyd Doggett,Democrat,House,TX,HD,2022-9-14,True,False
Lloyd Doggett,Democrat,House,TX,IBM,2022-9-11,True,False
Lloyd Doggett,Democrat,House,TX,JNJ,2022-9-5,True,False
Lloyd Doggett,Democrat,House,TX,PPG,2022-9-11,True,False
Bob Gibbs,Republican,House,OH,F,2022-10-26,False,True
Alan Lowenthal,Democrat,House,CA,BSX,2022-10-20,False,True
Alan Lowenthal,Democrat,House,CA,CCK,2022-10-20,False,True
Bill Keating,Democrat,House,MA,ORCL,2022-9-14,False,True
Bill Keating,Democrat,House,MA,ROST,2022-9-8,False,True
Bill Keating,Democrat,House,MA,TJX,2022-9-8,True,False
Bill Keating,Democrat,House,MA,N/A,2022-7-19,True,False
Bill Keating,Democrat,House,MA,VZ,2022-9-29,True,False
Alan Lowenthal,Democrat,House,CA,BSX,2022-10-20,False,True
Alan Lowenthal,Democrat,House,CA,CCK,2022-10-20,False,True
Suzan DelBene,Democrat,House,WA,N/A,2022-10-12,True,False
Suzan DelBene,Democrat,House,WA,N/A,2022-10-11,True,False
Suzan DelBene,Democrat,House,WA,N/A,2022-10-12,True,False
Suzan DelBene,Democrat,House,WA,N/A,2022-10-12,False,True
Suzan DelBene,Democrat,House,WA,N/A,2022-10-6,True,False
Suzan DelBene,Democrat,House,WA,N/A,2022-10-16,True,False
Suzan DelBene,Democrat,House,WA,N/A,2022-10-16,True,False
Suzan DelBene,Democrat,House,WA,N/A,2022-10-12,True,False
Rick Scott,Republican,Senate,FL,N/A,2022-10-19,True,False
Rick Scott,Republican,Senate,FL,N/A,2022-9-27,True,False
Rick Scott,Republican,Senate,FL,N/A,2022-9-27,True,False
Mike Garcia,Republican,House,CA,TSLA,2022-9-28,True,False
Mark Green,Republican,House,TN,ET,2022-10-13,False,True
Lois Frankel,Democrat,House,FL,BSX,2022-9-27,True,False
Lois Frankel,Democrat,House,FL,BR,2022-10-12,False,True
Lois Frankel,Democrat,House,FL,CARG,2022-9-19,False,True
Lois Frankel,Democrat,House,FL,CMCSA,2022-10-11,True,False
Lois Frankel,Democrat,House,FL,DHR,2022-9-27,False,True
Lois Frankel,Democrat,House,FL,DHR,2022-10-11,False,True
Lois Frankel,Democrat,House,FL,FANG,2022-10-6,False,True
Lois Frankel,Democrat,House,FL,EPAM,2022-9-18,False,True
Lois Frankel,Democrat,House,FL,EXPE,2022-10-6,False,True
Lois Frankel,Democrat,House,FL,HAL,2022-10-6,True,False
Lois Frankel,Democrat,House,FL,PGR,2022-9-27,False,True
Lois Frankel,Democrat,House,FL,SEDG,2022-9-18,False,True
Lois Frankel,Democrat,House,FL,TGT,2022-9-27,True,False
Lois Frankel,Democrat,House,FL,UI,2022-9-20,False,True
Lois Frankel,Democrat,House,FL,UI,2022-9-19,False,True
Lois Frankel,Democrat,House,FL,VNT,2022-9-22,True,False
David Kustoff,Republican,House,TN,AMD,2022-10-9,False,True
Trey Hollingsworth,Republican,House,IN,JPM,2022-10-3,True,False
Chris Jacobs,Republican,House,NY,N/A,2022-9-7,False,True
Chris Jacobs,Republican,House,NY,N/A,2022-9-7,False,True
Chris Jacobs,Republican,House,NY,N/A,2022-9-13,False,True
Chris Jacobs,Republican,House,NY,N/A,2022-9-8,False,True
Garret Graves,Republican,House,LA,COIN,2022-9-29,True,False
Michael Bennet,Democrat,Senate,CO,N/A,2022-10-3,True,False
Tina Smith,Democrat,Senate,MN,AORT,2022-9-22,True,False
Tom Suozzi,Democrat,House,NY,VLO,2022-9-12,True,False
Tom Suozzi,Democrat,House,NY,IP,2022-9-12,False,True
Tom Suozzi,Democrat,House,NY,AMD,2022-9-25,True,False
Tom Suozzi,Democrat,House,NY,GNRC,2022-9-25,True,False
Tom Suozzi,Democrat,House,NY,NVDA,2022-9-25,True,False
Tom Suozzi,Democrat,House,NY,DPZ,2022-9-25,False,True
Tom Suozzi,Democrat,House,NY,JAZZ,2022-9-25,False,True
Tom Suozzi,Democrat,House,NY,AMD,2022-9-25,True,False
Tom Suozzi,Democrat,House,NY,BA,2022-9-25,False,True
Tom Suozzi,Democrat,House,NY,AMD,2022-9-25,True,False
Tom Suozzi,Democrat,House,NY,GNRC,2022-9-25,True,False
Tom Suozzi,Democrat,House,NY,NVDA,2022-9-25,True,False
Maria Elvira Salazar,Republican,House,FL,N/A,2022-9-21,True,False
Brad Schneider,Democrat,House,IL,N/A,2022-9-15,False,True
Brad Schneider,Democrat,House,IL,N/A,2022-9-19,True,False
Brad Schneider,Democrat,House,IL,N/A,2022-9-19,True,False
Alan Lowenthal,Democrat,House,CA,SCI,2022-9-26,True,False
Nancy Pelosi,Democrat,House,CA,GOOGL,2022-9-15,True,False
Nancy Pelosi,Democrat,House,CA,MU,2022-9-15,False,True
Nancy Pelosi,Democrat,House,CA,NVDA,2022-9-15,False,True
Nancy Pelosi,Democrat,House,CA,DIS,2022-9-15,False,True
Josh Gottheimer,Democrat,House,NJ,ABMD,2022-9-13,False,True
Josh Gottheimer,Democrat,House,NJ,ALIZY,2022-9-14,False,True
Josh Gottheimer,Democrat,House,NJ,ALNY,2022-9-27,True,False
Josh Gottheimer,Democrat,House,NJ,ADP,2022-9-25,True,False
Josh Gottheimer,Democrat,House,NJ,BHP,2022-9-14,False,True
Josh Gottheimer,Democrat,House,NJ,BX,2022-9-13,False,True
Josh Gottheimer,Democrat,House,NJ,CTSH,2022-9-14,False,True
Josh Gottheimer,Democrat,House,NJ,CVET,2022-9-14,False,True
Josh Gottheimer,Democrat,House,NJ,DE,2022-9-11,False,True
Josh Gottheimer,Democrat,House,NJ,DXCM,2022-9-27,False,True
Josh Gottheimer,Democrat,House,NJ,FIS,2022-9-14,False,True
Josh Gottheimer,Democrat,House,NJ,FLYW,2022-9-26,True,False
Josh Gottheimer,Democrat,House,NJ,HCA,2022-9-27,False,True
Josh Gottheimer,Democrat,House,NJ,MGY,2022-9-26,False,True
Josh Gottheimer,Democrat,House,NJ,MDB,2022-9-14,False,True
Josh Gottheimer,Democrat,House,NJ,NVDA,2022-9-14,False,True
Josh Gottheimer,Democrat,House,NJ,ORCL,2022-9-27,False,True
Josh Gottheimer,Democrat,House,NJ,PCTY,2022-9-20,False,True
Josh Gottheimer,Democrat,House,NJ,REGN,2022-9-11,True,False
Josh Gottheimer,Democrat,House,NJ,CRM,2022-9-14,False,True
Josh Gottheimer,Democrat,House,NJ,SAP,2022-8-31,False,True
Josh Gottheimer,Democrat,House,NJ,SMNNY,2022-9-25,True,False
Josh Gottheimer,Democrat,House,NJ,SMNNY,2022-9-26,True,False
Josh Gottheimer,Democrat,House,NJ,STAG,2022-9-14,True,False
Josh Gottheimer,Democrat,House,NJ,TCEHY,2022-9-14,False,True
Josh Gottheimer,Democrat,House,NJ,TWKS,2022-9-14,False,True
Josh Gottheimer,Democrat,House,NJ,UNH,2022-9-27,True,False
Josh Gottheimer,Democrat,House,NJ,VZ,2022-9-14,False,True
Michael McCaul,Republican,House,TX,SHEL,2022-9-26,True,False
Michael McCaul,Republican,House,TX,SHEL,2022-9-7,True,False
Michael McCaul,Republican,House,TX,SHEL,2022-9-25,True,False
Michael McCaul,Republican,House,TX,N/A,2022-9-13,True,False
Michael McCaul,Republican,House,TX,N/A,2022-9-7,True,False
Michael McCaul,Republican,House,TX,N/A,2022-9-5,True,False
Michael McCaul,Republican,House,TX,ACN,2022-9-13,True,False
Michael McCaul,Republican,House,TX,BURL,2022-9-13,True,False
Michael McCaul,Republican,House,TX,EPAM,2022-9-13,True,False
Michael McCaul,Republican,House,TX,INTU,2022-9-13,True,False
Michael McCaul,Republican,House,TX,N/A,2022-9-13,True,False
Michael McCaul,Republican,House,TX,MNST,2022-9-13,True,False
Michael McCaul,Republican,House,TX,N/A,2022-9-13,True,False
Michael McCaul,Republican,House,TX,AZEK,2022-8-31,True,False
Michael McCaul,Republican,House,TX,ADBE,2022-9-20,True,False
Michael McCaul,Republican,House,TX,ADSK,2022-9-8,True,False
Michael McCaul,Republican,House,TX,SEDG,2022-9-7,True,False
Michael McCaul,Republican,House,TX,SEDG,2022-9-8,True,False
Michael McCaul,Republican,House,TX,ENTG,2022-9-7,True,False
Michael McCaul,Republican,House,TX,ENTG,2022-9-8,True,False
Michael McCaul,Republican,House,TX,ADSK,2022-9-7,True,False
Michael McCaul,Republican,House,TX,SSD,2022-9-21,True,False
Michael McCaul,Republican,House,TX,PAHC,2022-8-31,False,True
Michael McCaul,Republican,House,TX,CNXC,2022-8-31,False,True
Michael McCaul,Republican,House,TX,META,2022-9-20,False,True
Michael McCaul,Republican,House,TX,FMS,2022-9-1,False,True
Michael McCaul,Republican,House,TX,META,2022-9-1,False,True
Michael McCaul,Republican,House,TX,PHG,2022-9-1,False,True
Michael McCaul,Republican,House,TX,SLB,2022-9-1,False,True
Michael McCaul,Republican,House,TX,N/A,2022-8-31,False,True
Michael McCaul,Republican,House,TX,JPM,2022-9-1,False,True
Michael McCaul,Republican,House,TX,TJX,2022-9-1,False,True
Michael McCaul,Republican,House,TX,ETN,2022-9-1,False,True
Michael McCaul,Republican,House,TX,SNN,2022-9-1,False,True
Michael McCaul,Republican,House,TX,ACGL,2022-9-1,False,True
Michael McCaul,Republican,House,TX,AON,2022-9-1,False,True
Michael McCaul,Republican,House,TX,UPS,2022-9-7,False,True
Michael McCaul,Republican,House,TX,UPS,2022-9-8,False,True
Michael McCaul,Republican,House,TX,SAP,2022-9-1,False,True
Michael McCaul,Republican,House,TX,OMC,2022-9-1,False,True
Michael McCaul,Republican,House,TX,UNH,2022-9-13,False,True
Michael McCaul,Republican,House,TX,PGR,2022-9-1,False,True
Michael McCaul,Republican,House,TX,FERG,2022-9-1,False,True
Michael McCaul,Republican,House,TX,KMX,2022-9-1,False,True
Michael McCaul,Republican,House,TX,MU,2022-9-1,False,True
Michael McCaul,Republican,House,TX,NTRS,2022-9-1,False,True
Michael McCaul,Republican,House,TX,AVY,2022-9-1,False,True
Michael McCaul,Republican,House,TX,CSL,2022-9-1,False,True
Michael McCaul,Republican,House,TX,UL,2022-9-1,False,True
Michael McCaul,Republican,House,TX,PCAR,2022-9-1,False,True
Michael McCaul,Republican,House,TX,SONY,2022-9-1,False,True
Michael McCaul,Republican,House,TX,CDW,2022-9-1,False,True
Michael McCaul,Republican,House,TX,N/A,2022-9-14,False,True
Michael McCaul,Republican,House,TX,BKNG,2022-9-1,False,True
Michael McCaul,Republican,House,TX,DLTR,2022-9-1,False,True
Michael McCaul,Republican,House,TX,MAS,2022-9-1,False,True
Michael McCaul,Republican,House,TX,GOOGL,2022-9-1,False,True
Michael McCaul,Republican,House,TX,UNH,2022-9-1,False,True
Michael McCaul,Republican,House,TX,MAR,2022-9-6,False,True
Michael McCaul,Republican,House,TX,SCHW,2022-9-1,False,True
Michael McCaul,Republican,House,TX,BRK/B,2022-9-1,False,True
Michael McCaul,Republican,House,TX,DG,2022-9-1,False,True
Michael McCaul,Republican,House,TX,SHEL,2022-9-26,True,False
Michael McCaul,Republican,House,TX,SHEL,2022-9-7,True,False
Michael McCaul,Republican,House,TX,SHEL,2022-9-25,True,False
Michael McCaul,Republican,House,TX,N/A,2022-9-13,True,False
Michael McCaul,Republican,House,TX,N/A,2022-9-7,True,False
Michael McCaul,Republican,House,TX,N/A,2022-9-5,True,False
Michael McCaul,Republican,House,TX,ACN,2022-9-13,True,False
Michael McCaul,Republican,House,TX,BURL,2022-9-13,True,False
Michael McCaul,Republican,House,TX,EPAM,2022-9-13,True,False
Michael McCaul,Republican,House,TX,INTU,2022-9-13,True,False
Michael McCaul,Republican,House,TX,N/A,2022-9-13,True,False
Michael McCaul,Republican,House,TX,MNST,2022-9-13,True,False
Michael McCaul,Republican,House,TX,AZEK,2022-8-31,True,False
Michael McCaul,Republican,House,TX,N/A,2022-9-13,True,False
Michael McCaul,Republican,House,TX,ADBE,2022-9-20,True,False
Michael McCaul,Republican,House,TX,ADSK,2022-9-8,True,False
Michael McCaul,Republican,House,TX,SEDG,2022-9-7,True,False
Michael McCaul,Republican,House,TX,SEDG,2022-9-8,True,False
Michael McCaul,Republican,House,TX,ENTG,2022-9-7,True,False
Michael McCaul,Republican,House,TX,ENTG,2022-9-8,True,False
Michael McCaul,Republican,House,TX,ADSK,2022-9-7,True,False
Michael McCaul,Republican,House,TX,SSD,2022-9-21,True,False
Michael McCaul,Republican,House,TX,PAHC,2022-8-31,False,True
Michael McCaul,Republican,House,TX,META,2022-9-20,False,True
Michael McCaul,Republican,House,TX,CNXC,2022-8-31,False,True
Michael McCaul,Republican,House,TX,FMS,2022-9-1,False,True
Michael McCaul,Republican,House,TX,META,2022-9-1,False,True
Michael McCaul,Republican,House,TX,PHG,2022-9-1,False,True
Michael McCaul,Republican,House,TX,SLB,2022-9-1,False,True
Michael McCaul,Republican,House,TX,N/A,2022-8-31,False,True
Michael McCaul,Republican,House,TX,UPS,2022-9-7,False,True
Michael McCaul,Republican,House,TX,UPS,2022-9-8,False,True
Michael McCaul,Republican,House,TX,JPM,2022-9-1,False,True
Michael McCaul,Republican,House,TX,AON,2022-9-1,False,True
Michael McCaul,Republican,House,TX,TJX,2022-9-1,False,True
Michael McCaul,Republican,House,TX,ETN,2022-9-1,False,True
Michael McCaul,Republican,House,TX,SNN,2022-9-1,False,True
Michael McCaul,Republican,House,TX,ACGL,2022-9-1,False,True
Michael McCaul,Republican,House,TX,UNH,2022-9-13,False,True
Michael McCaul,Republican,House,TX,SAP,2022-9-1,False,True
Michael McCaul,Republican,House,TX,OMC,2022-9-1,False,True
Michael McCaul,Republican,House,TX,PGR,2022-9-1,False,True
Michael McCaul,Republican,House,TX,FERG,2022-9-1,False,True
Michael McCaul,Republican,House,TX,KMX,2022-9-1,False,True
Michael McCaul,Republican,House,TX,N/A,2022-9-14,False,True
Michael McCaul,Republican,House,TX,MU,2022-9-1,False,True
Michael McCaul,Republican,House,TX,NTRS,2022-9-1,False,True
Michael McCaul,Republican,House,TX,AVY,2022-9-1,False,True
Michael McCaul,Republican,House,TX,CSL,2022-9-1,False,True
Michael McCaul,Republican,House,TX,UL,2022-9-1,False,True
Michael McCaul,Republican,House,TX,PCAR,2022-9-1,False,True
Michael McCaul,Republican,House,TX,SONY,2022-9-1,False,True
Michael McCaul,Republican,House,TX,CDW,2022-9-1,False,True
Michael McCaul,Republican,House,TX,BKNG,2022-9-1,False,True
Michael McCaul,Republican,House,TX,DLTR,2022-9-1,False,True
Michael McCaul,Republican,House,TX,MAS,2022-9-1,False,True
Michael McCaul,Republican,House,TX,GOOGL,2022-9-1,False,True
Michael McCaul,Republican,House,TX,UNH,2022-9-1,False,True
Michael McCaul,Republican,House,TX,MAR,2022-9-6,False,True
Michael McCaul,Republican,House,TX,SCHW,2022-9-1,False,True
Michael McCaul,Republican,House,TX,BRK/B,2022-9-1,False,True
Michael McCaul,Republican,House,TX,DG,2022-9-1,False,True
Michael McCaul,Republican,House,TX,WBD,2022-9-13,True,False
Michael McCaul,Republican,House,TX,PM,2022-9-20,True,False
Michael McCaul,Republican,House,TX,MRK,2022-9-8,True,False
Michael McCaul,Republican,House,TX,CAG,2022-9-12,True,False
Michael McCaul,Republican,House,TX,TPR,2022-9-12,True,False
Michael McCaul,Republican,House,TX,MUR,2022-9-27,True,False
Michael McCaul,Republican,House,TX,OGN,2022-9-21,False,True
Michael McCaul,Republican,House,TX,OGN,2022-9-14,False,True
Michael McCaul,Republican,House,TX,OGN,2022-9-8,False,True
Michael McCaul,Republican,House,TX,OGN,2022-9-12,False,True
Michael McCaul,Republican,House,TX,OGN,2022-9-13,False,True
Michael McCaul,Republican,House,TX,OGN,2022-9-20,False,True
Michael McCaul,Republican,House,TX,PARA,2022-9-13,False,True
Michael McCaul,Republican,House,TX,WBD,2022-9-13,True,False
Michael McCaul,Republican,House,TX,PM,2022-9-20,True,False
Michael McCaul,Republican,House,TX,MRK,2022-9-8,True,False
Michael McCaul,Republican,House,TX,CAG,2022-9-12,True,False
Michael McCaul,Republican,House,TX,TPR,2022-9-12,True,False
Michael McCaul,Republican,House,TX,MUR,2022-9-27,True,False
Michael McCaul,Republican,House,TX,OGN,2022-9-21,False,True
Michael McCaul,Republican,House,TX,OGN,2022-9-14,False,True
Michael McCaul,Republican,House,TX,OGN,2022-9-8,False,True
Michael McCaul,Republican,House,TX,OGN,2022-9-12,False,True
Michael McCaul,Republican,House,TX,OGN,2022-9-13,False,True
Michael McCaul,Republican,House,TX,OGN,2022-9-20,False,True
Michael McCaul,Republican,House,TX,PARA,2022-9-13,False,True
Michael McCaul,Republican,House,TX,VTI,2022-9-27,True,False
Michael McCaul,Republican,House,TX,VTI,2022-9-8,True,False
Michael McCaul,Republican,House,TX,VTI,2022-9-7,True,False
Michael McCaul,Republican,House,TX,VTI,2022-9-27,True,False
Michael McCaul,Republican,House,TX,VTI,2022-9-8,True,False
Michael McCaul,Republican,House,TX,VTI,2022-9-7,True,False
Michael McCaul,Republican,House,TX,VTI,2022-9-8,True,False
Michael McCaul,Republican,House,TX,VTI,2022-9-7,True,False
Michael McCaul,Republican,House,TX,VTI,2022-9-8,True,False
Michael McCaul,Republican,House,TX,VTI,2022-9-7,True,False
Michael McCaul,Republican,House,TX,VTI,2022-9-27,True,False
Michael McCaul,Republican,House,TX,VTI,2022-9-8,True,False
Michael McCaul,Republican,House,TX,VTI,2022-9-7,True,False
Michael McCaul,Republican,House,TX,VTI,2022-9-27,True,False
Michael McCaul,Republican,House,TX,VTI,2022-9-8,True,False
Michael McCaul,Republican,House,TX,VTI,2022-9-27,True,False
Michael McCaul,Republican,House,TX,VTI,2022-9-7,True,False
Michael McCaul,Republican,House,TX,VTI,2022-9-27,True,False
Michael McCaul,Republican,House,TX,VTI,2022-9-27,True,False
David McKinley,Republican,House,WV,ABT,2022-9-20,False,True
David McKinley,Republican,House,WV,AJG,2022-9-20,True,False
David McKinley,Republican,House,WV,KMX,2022-9-20,False,True
David McKinley,Republican,House,WV,CNC,2022-9-20,True,False
David McKinley,Republican,House,WV,SPGI,2022-9-20,False,True
David McKinley,Republican,House,WV,SWK,2022-9-20,False,True
David McKinley,Republican,House,WV,TSLA,2022-9-20,True,False
David McKinley,Republican,House,WV,GWW,2022-9-20,True,False
Virginia Foxx,Republican,House,NC,AA,2022-8-31,True,False
Virginia Foxx,Republican,House,NC,AA,2022-9-27,False,True
Virginia Foxx,Republican,House,NC,APO,2022-9-15,True,False
Virginia Foxx,Republican,House,NC,APO,2022-9-22,True,False
Virginia Foxx,Republican,House,NC,CF,2022-8-31,True,False
Virginia Foxx,Republican,House,NC,CF,2022-9-6,True,False
Virginia Foxx,Republican,House,NC,CF,2022-9-11,True,False
Virginia Foxx,Republican,House,NC,CF,2022-9-15,True,False
Virginia Foxx,Republican,House,NC,DUK,2022-9-18,True,False
Virginia Foxx,Republican,House,NC,GOGL,2022-9-28,False,True
Virginia Foxx,Republican,House,NC,GOGL,2022-9-14,True,False
Virginia Foxx,Republican,House,NC,GPP,2022-8-31,True,False
Virginia Foxx,Republican,House,NC,GPP,2022-9-28,True,False
Virginia Foxx,Republican,House,NC,GPP,2022-9-22,True,False
Virginia Foxx,Republican,House,NC,IMKTA,2022-9-29,False,True
Virginia Foxx,Republican,House,NC,NFG,2022-9-6,True,False
Virginia Foxx,Republican,House,NC,NFG,2022-9-29,False,True
Virginia Foxx,Republican,House,NC,NHI,2022-8-31,False,True
Virginia Foxx,Republican,House,NC,NEWT,2022-9-26,False,True
Virginia Foxx,Republican,House,NC,NEWT,2022-8-31,True,False
Virginia Foxx,Republican,House,NC,NEWT,2022-9-5,True,False
Virginia Foxx,Republican,House,NC,NEWT,2022-9-18,True,False
Virginia Foxx,Republican,House,NC,NEWT,2022-9-19,True,False
Virginia Foxx,Republican,House,NC,NUE,2022-9-13,True,False
Virginia Foxx,Republican,House,NC,SJT,2022-8-31,True,False
Virginia Foxx,Republican,House,NC,SJT,2022-9-25,False,True
Virginia Foxx,Republican,House,NC,USDP,2022-9-15,True,False
Tommy Tuberville,Republican,Senate,AL,MSFT,2022-9-19,False,True
Tommy Tuberville,Republican,Senate,AL,X,2022-9-19,False,True
Tommy Tuberville,Republican,Senate,AL,X,2022-9-18,True,False
Tommy Tuberville,Republican,Senate,AL,MSFT,2022-9-18,True,False
Tommy Tuberville,Republican,Senate,AL,ARKK,2022-9-18,True,False
Tommy Tuberville,Republican,Senate,AL,F,2022-9-11,False,True
Tommy Tuberville,Republican,Senate,AL,F,2022-9-11,True,False
Tommy Tuberville,Republican,Senate,AL,F,2022-9-11,True,False
Tommy Tuberville,Republican,Senate,AL,ECOM,2022-9-6,False,True
Tommy Tuberville,Republican,Senate,AL,ARKK,2022-9-6,True,False
Tommy Tuberville,Republican,Senate,AL,NU,2022-9-5,True,False
Tommy Tuberville,Republican,Senate,AL,N/A,2022-9-6,False,True
Adrian Smith,Republican,House,NE,N/A,2022-9-18,True,False
Kathy Manning,Democrat,House,NC,ABBV,2022-9-11,True,False
Kathy Manning,Democrat,House,NC,AMZN,2022-9-11,False,True
Kathy Manning,Democrat,House,NC,T,2022-9-11,True,False
Kathy Manning,Democrat,House,NC,AVGO,2022-9-11,False,True
Kathy Manning,Democrat,House,NC,CHTR,2022-9-11,True,False
Kathy Manning,Democrat,House,NC,CMCSA,2022-9-11,False,True
Kathy Manning,Democrat,House,NC,ISRG,2022-9-11,True,False
Kathy Manning,Democrat,House,NC,JNJ,2022-9-11,False,True
Kathy Manning,Democrat,House,NC,MRK,2022-9-11,True,False
Kathy Manning,Democrat,House,NC,MSFT,2022-9-11,False,True
Kathy Manning,Democrat,House,NC,PFE,2022-9-11,False,True
Kathy Manning,Democrat,House,NC,PG,2022-9-11,False,True
Kathy Manning,Democrat,House,NC,N/A,2022-9-30,True,False
Kathy Manning,Democrat,House,NC,N/A,2022-9-30,True,False
Kathy Manning,Democrat,House,NC,N/A,2022-9-30,True,False
Kathy Manning,Democrat,House,NC,N/A,2022-9-30,True,False
Kathy Manning,Democrat,House,NC,TSLA,2022-9-11,False,True
Zoe Lofgren,Democrat,House,CA,N/A,2022-9-8,True,False
Zoe Lofgren,Democrat,House,CA,BUD,2022-9-8,True,False
Zoe Lofgren,Democrat,House,CA,BAC,2022-9-8,True,False
Zoe Lofgren,Democrat,House,CA,BDX,2022-9-8,True,False
Zoe Lofgren,Democrat,House,CA,GILD,2022-9-8,True,False
Zoe Lofgren,Democrat,House,CA,PWR,2022-9-8,True,False
Ro Khanna,Democrat,House,CA,PEP,2022-9-14,True,False
Ro Khanna,Democrat,House,CA,AMZN,2022-9-14,True,False
Ro Khanna,Democrat,House,CA,TXN,2022-9-14,True,False
Ro Khanna,Democrat,House,CA,WY,2022-9-14,True,False
Ro Khanna,Democrat,House,CA,SIVBQ,2022-9-14,True,False
Ro Khanna,Democrat,House,CA,GOOGL,2022-9-14,True,False
Ro Khanna,Democrat,House,CA,MSFT,2022-9-14,True,False
Ro Khanna,Democrat,House,CA,HCA,2022-9-25,True,False
Ro Khanna,Democrat,House,CA,CAT,2022-9-14,True,False
Ro Khanna,Democrat,House,CA,PFE,2022-9-14,True,False
Ro Khanna,Democrat,House,CA,HCA,2022-9-14,True,False
Ro Khanna,Democrat,House,CA,MDT,2022-9-14,True,False
Ro Khanna,Democrat,House,CA,HUM,2022-9-14,True,False
Ro Khanna,Democrat,House,CA,GM,2022-9-14,True,False
Ro Khanna,Democrat,House,CA,FIS,2022-9-14,True,False
Ro Khanna,Democrat,House,CA,VRTX,2022-9-15,True,False
Ro Khanna,Democrat,House,CA,GOOGL,2022-9-18,True,False
Ro Khanna,Democrat,House,CA,TMUS,2022-9-28,True,False
Ro Khanna,Democrat,House,CA,UNH,2022-9-21,True,False
Ro Khanna,Democrat,House,CA,GM,2022-9-13,False,True
Ro Khanna,Democrat,House,CA,HBI,2022-9-25,False,True
Ro Khanna,Democrat,House,CA,HBI,2022-9-26,False,True
Ro Khanna,Democrat,House,CA,TSLA,2022-9-18,False,True
Ro Khanna,Democrat,House,CA,HUBS,2022-9-7,False,True
Ro Khanna,Democrat,House,CA,NKE,2022-9-29,False,True
Ro Khanna,Democrat,House,CA,CRI,2022-9-5,True,False
Ro Khanna,Democrat,House,CA,DIS,2022-9-20,True,False
Ro Khanna,Democrat,House,CA,AMZN,2022-9-14,True,False
Ro Khanna,Democrat,House,CA,ST,2022-9-25,True,False
Ro Khanna,Democrat,House,CA,GOOGL,2022-9-14,True,False
Ro Khanna,Democrat,House,CA,BAC,2022-9-5,True,False
Ro Khanna,Democrat,House,CA,MSFT,2022-9-5,True,False
Ro Khanna,Democrat,House,CA,GOOGL,2022-9-5,True,False
Ro Khanna,Democrat,House,CA,UNP,2022-9-28,True,False
Ro Khanna,Democrat,House,CA,PG,2022-9-5,True,False
Ro Khanna,Democrat,House,CA,TSLA,2022-9-28,True,False
Ro Khanna,Democrat,House,CA,T,2022-9-5,True,False
Ro Khanna,Democrat,House,CA,MA,2022-9-28,True,False
Ro Khanna,Democrat,House,CA,BAC,2022-9-28,True,False
Ro Khanna,Democrat,House,CA,JNJ,2022-9-28,True,False
Ro Khanna,Democrat,House,CA,ZTS,2022-9-28,True,False
Ro Khanna,Democrat,House,CA,KO,2022-9-5,True,False
Ro Khanna,Democrat,House,CA,AON,2022-9-28,True,False
Ro Khanna,Democrat,House,CA,DIS,2022-9-5,True,False
Ro Khanna,Democrat,House,CA,MSFT,2022-9-28,True,False
Ro Khanna,Democrat,House,CA,WMT,2022-9-28,True,False
Ro Khanna,Democrat,House,CA,TXN,2022-9-28,True,False
Ro Khanna,Democrat,House,CA,PRU,2022-9-5,True,False
Ro Khanna,Democrat,House,CA,DE,2022-9-5,True,False
Ro Khanna,Democrat,House,CA,TGT,2022-9-5,True,False
Ro Khanna,Democrat,House,CA,MDT,2022-9-28,True,False
Ro Khanna,Democrat,House,CA,TMUS,2022-9-28,True,False
Ro Khanna,Democrat,House,CA,TRV,2022-9-28,True,False
Ro Khanna,Democrat,House,CA,COF,2022-9-28,True,False
Ro Khanna,Democrat,House,CA,GILD,2022-9-5,True,False
Ro Khanna,Democrat,House,CA,SBUX,2022-9-5,True,False
Ro Khanna,Democrat,House,CA,MMM,2022-9-28,True,False
Ro Khanna,Democrat,House,CA,GM,2022-9-5,True,False
Ro Khanna,Democrat,House,CA,FI,2022-9-28,True,False
Ro Khanna,Democrat,House,CA,CCI,2022-9-28,True,False
Ro Khanna,Democrat,House,CA,PEP,2022-9-28,True,False
Ro Khanna,Democrat,House,CA,BDX,2022-9-28,True,False
Ro Khanna,Democrat,House,CA,ECL,2022-9-28,True,False
Ro Khanna,Democrat,House,CA,ACN,2022-9-5,True,False
Ro Khanna,Democrat,House,CA,WFC,2022-9-28,True,False
Ro Khanna,Democrat,House,CA,EQR,2022-9-28,True,False
Ro Khanna,Democrat,House,CA,AIG,2022-9-28,True,False
Ro Khanna,Democrat,House,CA,CHD,2022-9-28,True,False
Ro Khanna,Democrat,House,CA,MDT,2022-9-5,True,False
Ro Khanna,Democrat,House,CA,SYK,2022-9-7,True,False
Ro Khanna,Democrat,House,CA,AMZN,2022-9-5,True,False
Ro Khanna,Democrat,House,CA,HLT,2022-9-5,True,False
Ro Khanna,Democrat,House,CA,ANET,2022-9-28,True,False
Ro Khanna,Democrat,House,CA,DHR,2022-9-5,True,False
Ro Khanna,Democrat,House,CA,AME,2022-9-28,True,False
Ro Khanna,Democrat,House,CA,KO,2022-9-28,True,False
Ro Khanna,Democrat,House,CA,LBYAV,2022-9-28,True,False
Ro Khanna,Democrat,House,CA,AMAT,2022-9-5,True,False
Ro Khanna,Democrat,House,CA,MET,2022-9-28,True,False
Ro Khanna,Democrat,House,CA,PEAK,2022-9-28,True,False
Ro Khanna,Democrat,House,CA,ABT,2022-9-5,True,False
Ro Khanna,Democrat,House,CA,KLAC,2022-9-5,True,False
Ro Khanna,Democrat,House,CA,ISRG,2022-9-28,True,False
Ro Khanna,Democrat,House,CA,MA,2022-9-5,True,False
Ro Khanna,Democrat,House,CA,MMC,2022-9-5,True,False
Ro Khanna,Democrat,House,CA,LRCX,2022-9-5,True,False
Ro Khanna,Democrat,House,CA,MAR,2022-9-28,True,False
Ro Khanna,Democrat,House,CA,AMZN,2022-9-28,True,False
Ro Khanna,Democrat,House,CA,GOOGL,2022-9-28,True,False
Ro Khanna,Democrat,House,CA,AVB,2022-9-5,True,False
Ro Khanna,Democrat,House,CA,AAPL,2022-9-5,True,False
Ro Khanna,Democrat,House,CA,APD,2022-9-5,True,False
Ro Khanna,Democrat,House,CA,BK,2022-9-5,True,False
Ro Khanna,Democrat,House,CA,PH,2022-9-28,True,False
Ro Khanna,Democrat,House,CA,INTC,2022-9-28,True,False
Ro Khanna,Democrat,House,CA,LYB,2022-9-5,True,False
Ro Khanna,Democrat,House,CA,CHTR,2022-9-5,True,False
Ro Khanna,Democrat,House,CA,CDNS,2022-9-5,True,False
Ro Khanna,Democrat,House,CA,CE,2022-9-5,True,False
Ro Khanna,Democrat,House,CA,FOXA,2022-9-28,True,False
Ro Khanna,Democrat,House,CA,BLK,2022-9-28,True,False
Ro Khanna,Democrat,House,CA,INVH,2022-9-28,True,False
Ro Khanna,Democrat,House,CA,PPG,2022-9-28,True,False
Ro Khanna,Democrat,House,CA,HD,2022-9-28,True,False
Ro Khanna,Democrat,House,CA,ROP,2022-9-28,True,False
Ro Khanna,Democrat,House,CA,TMO,2022-9-5,True,False
Ro Khanna,Democrat,House,CA,CL,2022-9-5,True,False
Ro Khanna,Democrat,House,CA,WBD,2022-9-28,True,False
Ro Khanna,Democrat,House,CA,ESS,2022-9-5,True,False
Ro Khanna,Democrat,House,CA,TSN,2022-9-28,True,False
Ro Khanna,Democrat,House,CA,AMD,2022-9-5,True,False
Ro Khanna,Democrat,House,CA,N/A,2022-9-18,True,False
Ro Khanna,Democrat,House,CA,AFL,2022-9-28,True,False
Ro Khanna,Democrat,House,CA,WTW,2022-9-28,True,False
Ro Khanna,Democrat,House,CA,TJX,2022-9-5,True,False
Ro Khanna,Democrat,House,CA,NEM,2022-9-5,True,False
Ro Khanna,Democrat,House,CA,LBYAV,2022-9-28,True,False
Ro Khanna,Democrat,House,CA,ICE,2022-9-28,True,False
Ro Khanna,Democrat,House,CA,LBRDA,2022-9-28,True,False
Ro Khanna,Democrat,House,CA,LUMN,2022-9-28,True,False
Ro Khanna,Democrat,House,CA,WFC,2022-9-5,True,False
Ro Khanna,Democrat,House,CA,UDR,2022-9-28,True,False
Ro Khanna,Democrat,House,CA,SPG,2022-9-28,True,False
Ro Khanna,Democrat,House,CA,TXN,2022-9-5,True,False
Ro Khanna,Democrat,House,CA,CMG,2022-9-5,True,False
Ro Khanna,Democrat,House,CA,CSX,2022-9-28,True,False
Ro Khanna,Democrat,House,CA,LOW,2022-9-5,True,False
Ro Khanna,Democrat,House,CA,EQR,2022-9-5,True,False
Ro Khanna,Democrat,House,CA,RSG,2022-9-28,True,False
Ro Khanna,Democrat,House,CA,NFLX,2022-9-28,True,False
Ro Khanna,Democrat,House,CA,MPW,2022-9-28,True,False
Ro Khanna,Democrat,House,CA,SUI,2022-9-5,True,False
Ro Khanna,Democrat,House,CA,CSX,2022-9-5,True,False
Ro Khanna,Democrat,House,CA,CSGP,2022-9-28,True,False
Ro Khanna,Democrat,House,CA,CPT,2022-9-5,True,False
Ro Khanna,Democrat,House,CA,ANSS,2022-9-28,True,False
Ro Khanna,Democrat,House,CA,DAL,2022-9-5,True,False
Ro Khanna,Democrat,House,CA,WBA,2022-9-28,True,False
Ro Khanna,Democrat,House,CA,CTSH,2022-9-27,True,False
Ro Khanna,Democrat,House,CA,SCHW,2022-9-28,True,False
Ro Khanna,Democrat,House,CA,CVS,2022-9-28,True,False
Ro Khanna,Democrat,House,CA,MCO,2022-9-5,True,False
Ro Khanna,Democrat,House,CA,NOW,2022-9-5,True,False
Ro Khanna,Democrat,House,CA,NSC,2022-9-28,True,False
Ro Khanna,Democrat,House,CA,SBAC,2022-9-28,True,False
Ro Khanna,Democrat,House,CA,TMUS,2022-9-5,True,False
Ro Khanna,Democrat,House,CA,AME,2022-9-5,True,False
Ro Khanna,Democrat,House,CA,MAA,2022-9-5,True,False
Ro Khanna,Democrat,House,CA,ODFL,2022-9-5,True,False
Ro Khanna,Democrat,House,CA,MO,2022-9-28,True,False
Ro Khanna,Democrat,House,CA,STT,2022-9-28,True,False
Ro Khanna,Democrat,House,CA,IEX,2022-9-5,True,False
Ro Khanna,Democrat,House,CA,WY,2022-9-5,True,False
Ro Khanna,Democrat,House,CA,EW,2022-9-5,True,False
Ro Khanna,Democrat,House,CA,YUM,2022-9-5,True,False
Ro Khanna,Democrat,House,CA,NTRS,2022-9-28,True,False
Ro Khanna,Democrat,House,CA,VFC,2022-9-5,True,False
Ro Khanna,Democrat,House,CA,MCHP,2022-9-4,True,False
Ro Khanna,Democrat,House,CA,TROW,2022-9-28,True,False
Ro Khanna,Democrat,House,CA,KHC,2022-9-5,True,False
Ro Khanna,Democrat,House,CA,VRSK,2022-9-5,True,False
Ro Khanna,Democrat,House,CA,FI,2022-9-5,True,False
Ro Khanna,Democrat,House,CA,NSC,2022-9-5,True,False
Ro Khanna,Democrat,House,CA,HIG,2022-9-5,True,False
Ro Khanna,Democrat,House,CA,TRU,2022-9-28,True,False
Ro Khanna,Democrat,House,CA,MTB,2022-9-28,True,False
Ro Khanna,Democrat,House,CA,CBRE,2022-9-5,True,False
Ro Khanna,Democrat,House,CA,PARA,2022-9-5,True,False
Ro Khanna,Democrat,House,CA,DOW,2022-9-5,True,False
Ro Khanna,Democrat,House,CA,NVDA,2022-9-5,True,False
Ro Khanna,Democrat,House,CA,CLX,2022-9-28,True,False
Ro Khanna,Democrat,House,CA,HPE,2022-9-5,True,False
Ro Khanna,Democrat,House,CA,BLK,2022-9-5,True,False
Ro Khanna,Democrat,House,CA,KEYS,2022-9-5,True,False
Ro Khanna,Democrat,House,CA,NFLX,2022-9-5,True,False
Ro Khanna,Democrat,House,CA,MLM,2022-9-28,True,False
Ro Khanna,Democrat,House,CA,CAG,2022-9-28,True,False
Ro Khanna,Democrat,House,CA,GILD,2022-9-28,True,False
Ro Khanna,Democrat,House,CA,LEN,2022-9-5,True,False
Ro Khanna,Democrat,House,CA,REG,2022-9-5,True,False
Ro Khanna,Democrat,House,CA,BAX,2022-9-5,True,False
Ro Khanna,Democrat,House,CA,KHC,2022-9-28,True,False
Ro Khanna,Democrat,House,CA,COO,2022-9-5,True,False
Ro Khanna,Democrat,House,CA,LBRDA,2022-9-5,True,False
Ro Khanna,Democrat,House,CA,REGN,2022-9-5,True,False
Ro Khanna,Democrat,House,CA,CCL,2022-9-28,True,False
Ro Khanna,Democrat,House,CA,BALL,2022-9-28,True,False
Ro Khanna,Democrat,House,CA,ABBV,2022-9-28,True,False
Ro Khanna,Democrat,House,CA,BSX,2022-9-5,True,False
Ro Khanna,Democrat,House,CA,CI,2022-9-28,True,False
Ro Khanna,Democrat,House,CA,FAST,2022-9-5,True,False
Ro Khanna,Democrat,House,CA,MRNA,2022-9-5,True,False
Ro Khanna,Democrat,House,CA,TMO,2022-9-28,True,False
Ro Khanna,Democrat,House,CA,VTRS,2022-9-28,True,False
Ro Khanna,Democrat,House,CA,SQ,2022-9-28,True,False
Ro Khanna,Democrat,House,CA,AMAT,2022-9-28,True,False
Ro Khanna,Democrat,House,CA,FOXA,2022-9-5,True,False
Ro Khanna,Democrat,House,CA,JCI,2022-9-5,True,False
Ro Khanna,Democrat,House,CA,PAYX,2022-9-28,True,False
Ro Khanna,Democrat,House,CA,AVGO,2022-9-28,True,False
Ro Khanna,Democrat,House,CA,MU,2022-9-5,True,False
Ro Khanna,Democrat,House,CA,LSXMA,2022-9-5,True,False
Ro Khanna,Democrat,House,CA,GPN,2022-9-28,True,False
Ro Khanna,Democrat,House,CA,MPWR,2022-9-5,True,False
Ro Khanna,Democrat,House,CA,MSCI,2022-9-28,True,False
Ro Khanna,Democrat,House,CA,ROP,2022-9-5,True,False
Ro Khanna,Democrat,House,CA,VRSN,2022-9-5,True,False
Ro Khanna,Democrat,House,CA,BF/A,2022-9-28,True,False
Ro Khanna,Democrat,House,CA,INTC,2022-9-5,True,False
Ro Khanna,Democrat,House,CA,LLY,2022-9-28,True,False
Ro Khanna,Democrat,House,CA,JPM,2022-9-28,False,True
Ro Khanna,Democrat,House,CA,PFE,2022-9-28,False,True
Ro Khanna,Democrat,House,CA,V,2022-9-28,False,True
Ro Khanna,Democrat,House,CA,UNP,2022-9-5,False,True
Ro Khanna,Democrat,House,CA,VZ,2022-9-5,False,True
Ro Khanna,Democrat,House,CA,CMCSA,2022-9-5,False,True
Ro Khanna,Democrat,House,CA,META,2022-9-5,False,True
Ro Khanna,Democrat,House,CA,ADI,2022-9-5,False,True
Ro Khanna,Democrat,House,CA,T,2022-9-28,False,True
Ro Khanna,Democrat,House,CA,ABT,2022-9-28,False,True
Ro Khanna,Democrat,House,CA,MCD,2022-9-28,False,True
Ro Khanna,Democrat,House,CA,PG,2022-9-28,False,True
Ro Khanna,Democrat,House,CA,CSCO,2022-9-28,False,True
Ro Khanna,Democrat,House,CA,LIN,2022-9-5,False,True
Ro Khanna,Democrat,House,CA,BRK/B,2022-9-4,False,True
Ro Khanna,Democrat,House,CA,ADBE,2022-9-5,False,True
Ro Khanna,Democrat,House,CA,CB,2022-9-28,False,True
Ro Khanna,Democrat,House,CA,FIS,2022-9-5,False,True
Ro Khanna,Democrat,House,CA,PLD,2022-9-5,False,True
Ro Khanna,Democrat,House,CA,AMT,2022-9-28,False,True
Ro Khanna,Democrat,House,CA,NKE,2022-9-5,False,True
Ro Khanna,Democrat,House,CA,COST,2022-9-28,False,True
Ro Khanna,Democrat,House,CA,MDLZ,2022-9-5,False,True
Ro Khanna,Democrat,House,CA,MRK,2022-9-5,False,True
Ro Khanna,Democrat,House,CA,UPS,2022-9-28,False,True
Ro Khanna,Democrat,House,CA,STE,2022-9-5,False,True
Ro Khanna,Democrat,House,CA,TSLA,2022-9-5,False,True
Ro Khanna,Democrat,House,CA,CRM,2022-9-5,False,True
Ro Khanna,Democrat,House,CA,NOW,2022-9-28,False,True
Ro Khanna,Democrat,House,CA,BKNG,2022-9-5,False,True
Ro Khanna,Democrat,House,CA,PM,2022-9-5,False,True
Ro Khanna,Democrat,House,CA,QCOM,2022-9-5,False,True
Ro Khanna,Democrat,House,CA,MMC,2022-9-28,False,True
Ro Khanna,Democrat,House,CA,ORCL,2022-9-28,False,True
Ro Khanna,Democrat,House,CA,DIS,2022-9-28,False,True
Ro Khanna,Democrat,House,CA,HPQ,2022-9-5,False,True
Ro Khanna,Democrat,House,CA,PNC,2022-9-5,False,True
Ro Khanna,Democrat,House,CA,MS,2022-9-28,False,True
Ro Khanna,Democrat,House,CA,USB,2022-9-28,False,True
Ro Khanna,Democrat,House,CA,NXPI,2022-9-5,False,True
Ro Khanna,Democrat,House,CA,PRU,2022-9-28,False,True
Ro Khanna,Democrat,House,CA,ACN,2022-9-28,False,True
Ro Khanna,Democrat,House,CA,DE,2022-9-28,False,True
Ro Khanna,Democrat,House,CA,CL,2022-9-28,False,True
Ro Khanna,Democrat,House,CA,MU,2022-9-28,False,True
Ro Khanna,Democrat,House,CA,N/A,2022-9-5,False,True
Ro Khanna,Democrat,House,CA,PAYX,2022-9-5,False,True
Ro Khanna,Democrat,House,CA,AXP,2022-9-28,False,True
Ro Khanna,Democrat,House,CA,EW,2022-9-28,False,True
Ro Khanna,Democrat,House,CA,N/A,2022-9-28,False,True
Ro Khanna,Democrat,House,CA,FDX,2022-9-28,False,True
Ro Khanna,Democrat,House,CA,CAT,2022-9-28,False,True
Ro Khanna,Democrat,House,CA,EMR,2022-9-5,False,True
Ro Khanna,Democrat,House,CA,CHTR,2022-9-28,False,True
Ro Khanna,Democrat,House,CA,MCD,2022-9-5,False,True
Ro Khanna,Democrat,House,CA,ETN,2022-9-5,False,True
Ro Khanna,Democrat,House,CA,BDX,2022-9-5,False,True
Ro Khanna,Democrat,House,CA,MRK,2022-9-28,False,True
Ro Khanna,Democrat,House,CA,TTWO,2022-9-5,False,True
Ro Khanna,Democrat,House,CA,KKR,2022-9-5,False,True
Ro Khanna,Democrat,House,CA,KMB,2022-9-5,False,True
Ro Khanna,Democrat,House,CA,DG,2022-9-5,False,True
Ro Khanna,Democrat,House,CA,SHW,2022-9-5,False,True
Ro Khanna,Democrat,House,CA,RSG,2022-9-4,False,True
Ro Khanna,Democrat,House,CA,SPOT,2022-9-28,False,True
Ro Khanna,Democrat,House,CA,LYB,2022-9-28,False,True
Ro Khanna,Democrat,House,CA,CFG,2022-9-5,False,True
Ro Khanna,Democrat,House,CA,EL,2022-9-28,False,True
Ro Khanna,Democrat,House,CA,AVB,2022-9-28,False,True
Ro Khanna,Democrat,House,CA,OTIS,2022-9-5,False,True
Ro Khanna,Democrat,House,CA,DD,2022-9-28,False,True
Ro Khanna,Democrat,House,CA,CE,2022-9-28,False,True
Ro Khanna,Democrat,House,CA,DRE,2022-9-28,False,True
Ro Khanna,Democrat,House,CA,ESS,2022-9-28,False,True
Ro Khanna,Democrat,House,CA,TSCO,2022-9-5,False,True
Ro Khanna,Democrat,House,CA,EBAY,2022-9-28,False,True
