Name,Party,Chamber,State,Ticker,Date,Buy,Sell
Michael McCaul,Republican,House,TX,N/A,2024-10-20,True,False
Michael McCaul,Republican,House,TX,FCFS,2024-10-29,True,False
Michael McCaul,Republican,House,TX,NVO,2024-10-30,True,False
Michael McCaul,Republican,House,TX,DT,2024-10-24,True,False
Michael McCaul,Republican,House,TX,FTNT,2024-10-24,True,False
Michael McCaul,Republican,House,TX,N/A,2024-10-23,True,False
Michael McCaul,Republican,House,TX,N/A,2024-10-8,True,False
Michael McCaul,Republican,House,TX,N/A,2024-10-20,True,False
Michael McCaul,Republican,House,TX,N/A,2024-10-17,True,False
Michael McCaul,Republican,House,TX,N/A,2024-10-17,True,False
Michael McCaul,Republican,House,TX,N/A,2024-10-8,True,False
Michael McCaul,Republican,House,TX,N/A,2024-10-6,False,True
Michael McCaul,Republican,House,TX,N/A,2024-10-24,False,True
Michael McCaul,Republican,House,TX,AIT,2024-10-27,False,True
Michael McCaul,Republican,House,TX,N/A,2024-10-29,False,True
Michael McCaul,Republican,House,TX,GEV,2024-10-2,False,True
Michael McCaul,Republican,House,TX,V,2024-10-24,False,True
Michael McCaul,Republican,House,TX,INTU,2024-10-24,False,True
Michael McCaul,Republican,House,TX,CSL,2024-10-9,False,True
Michael McCaul,Republican,House,TX,N/A,2024-10-29,False,True
Michael McCaul,Republican,House,TX,OXY,2024-10-23,False,True
Michael McCaul,Republican,House,TX,N/A,2024-10-7,False,True
Michael McCaul,Republican,House,TX,N/A,2024-10-30,False,True
Michael McCaul,Republican,House,TX,N/A,2024-10-20,False,True
Michael McCaul,Republican,House,TX,N/A,2024-10-21,False,True
Michael McCaul,Republican,House,TX,N/A,2024-9-30,False,True
Michael McCaul,Republican,House,TX,COR,2024-10-8,True,False
Michael McCaul,Republican,House,TX,MRK,2024-10-8,False,True
Michael McCaul,Republican,House,TX,IBM,2024-10-27,False,True
Michael McCaul,Republican,House,TX,VWLUX,2024-9-30,True,False
Michael McCaul,Republican,House,TX,DFCEX,2024-9-30,True,False
Michael McCaul,Republican,House,TX,VTI,2024-9-30,True,False
Michael McCaul,Republican,House,TX,N/A,2024-10-14,True,False
Michael McCaul,Republican,House,TX,N/A,2024-10-8,True,False
Michael McCaul,Republican,House,TX,N/A,2024-10-28,True,False
Michael McCaul,Republican,House,TX,N/A,2024-10-16,True,False
Michael McCaul,Republican,House,TX,N/A,2024-10-17,True,False
Michael McCaul,Republican,House,TX,N/A,2024-10-1,True,False
Michael McCaul,Republican,House,TX,N/A,2024-10-20,True,False
Michael McCaul,Republican,House,TX,N/A,2024-10-22,True,False
Michael McCaul,Republican,House,TX,LDNXF,2024-10-21,True,False
Michael McCaul,Republican,House,TX,N/A,2024-10-9,True,False
Michael McCaul,Republican,House,TX,FCFS,2024-10-29,True,False
Michael McCaul,Republican,House,TX,N/A,2024-10-20,True,False
Michael McCaul,Republican,House,TX,N/A,2024-9-30,True,False
Michael McCaul,Republican,House,TX,NVO,2024-10-30,True,False
Michael McCaul,Republican,House,TX,DT,2024-10-24,True,False
Michael McCaul,Republican,House,TX,FTNT,2024-10-24,True,False
Michael McCaul,Republican,House,TX,UBER,2024-10-24,True,False
Michael McCaul,Republican,House,TX,RHI,2024-10-27,True,False
Michael McCaul,Republican,House,TX,CDNS,2024-10-29,True,False
Michael McCaul,Republican,House,TX,N/A,2024-10-8,True,False
Michael McCaul,Republican,House,TX,N/A,2024-10-20,True,False
Michael McCaul,Republican,House,TX,N/A,2024-10-23,True,False
Michael McCaul,Republican,House,TX,N/A,2024-10-17,True,False
Michael McCaul,Republican,House,TX,N/A,2024-10-17,True,False
Michael McCaul,Republican,House,TX,N/A,2024-10-8,True,False
Michael McCaul,Republican,House,TX,N/A,2024-10-6,False,True
Michael McCaul,Republican,House,TX,N/A,2024-10-24,False,True
Michael McCaul,Republican,House,TX,N/A,2024-10-29,False,True
Michael McCaul,Republican,House,TX,AIT,2024-10-27,False,True
Michael McCaul,Republican,House,TX,GEV,2024-10-2,False,True
Michael McCaul,Republican,House,TX,N/A,2024-10-30,False,True
Michael McCaul,Republican,House,TX,N/A,2024-10-7,False,True
Michael McCaul,Republican,House,TX,N/A,2024-10-20,False,True
Michael McCaul,Republican,House,TX,N/A,2024-10-21,False,True
Michael McCaul,Republican,House,TX,N/A,2024-10-27,False,True
Michael McCaul,Republican,House,TX,N/A,2024-9-30,False,True
Michael McCaul,Republican,House,TX,N/A,2024-9-30,False,True
Michael McCaul,Republican,House,TX,N/A,2024-9-30,False,True
Michael McCaul,Republican,House,TX,N/A,2024-10-29,False,True
Michael McCaul,Republican,House,TX,N/A,2024-9-30,False,True
Michael McCaul,Republican,House,TX,COR,2024-10-8,True,False
Michael McCaul,Republican,House,TX,MRK,2024-10-8,False,True
Michael McCaul,Republican,House,TX,IBM,2024-10-27,False,True
Michael McCaul,Republican,House,TX,VWLUX,2024-9-30,True,False
Michael McCaul,Republican,House,TX,DFCEX,2024-9-30,True,False
Michael McCaul,Republican,House,TX,VTI,2024-9-30,True,False
Michael McCaul,Republican,House,TX,N/A,2024-10-20,True,False
Mike Kelly,Republican,House,PA,N/A,2024-10-30,False,True
Chuck Fleischmann,Republican,House,TN,XONE,2024-10-21,False,True
Chuck Fleischmann,Republican,House,TN,FLJP,2024-10-21,False,True
Chuck Fleischmann,Republican,House,TN,SHY,2024-10-21,False,True
Chuck Fleischmann,Republican,House,TN,IGSB,2024-10-21,False,True
Chuck Fleischmann,Republican,House,TN,IEI,2024-10-21,True,False
Chuck Fleischmann,Republican,House,TN,ZROZ,2024-10-21,True,False
Chuck Fleischmann,Republican,House,TN,SPDW,2024-10-21,False,True
Chuck Fleischmann,Republican,House,TN,SPMB,2024-10-21,True,False
Chuck Fleischmann,Republican,House,TN,GLDM,2024-10-21,False,True
Byron Donalds,Republican,House,FL,AA,2022-4-4,True,False
Byron Donalds,Republican,House,FL,AA,2022-4-4,True,False
Byron Donalds,Republican,House,FL,RHI,2022-4-4,True,False
Byron Donalds,Republican,House,FL,RHI,2022-4-4,True,False
Byron Donalds,Republican,House,FL,CHRW,2022-5-2,True,False
Byron Donalds,Republican,House,FL,CHRW,2022-5-2,True,False
Byron Donalds,Republican,House,FL,WLK,2022-5-2,True,False
Byron Donalds,Republican,House,FL,WLK,2022-5-2,True,False
Byron Donalds,Republican,House,FL,LH,2022-5-2,False,True
Byron Donalds,Republican,House,FL,LH,2022-5-2,False,True
Byron Donalds,Republican,House,FL,SHOP,2022-5-2,False,True
Byron Donalds,Republican,House,FL,CMA,2022-8-11,True,False
Byron Donalds,Republican,House,FL,CMA,2022-8-11,True,False
Byron Donalds,Republican,House,FL,ELV,2022-8-11,True,False
Byron Donalds,Republican,House,FL,ELV,2022-8-11,True,False
Byron Donalds,Republican,House,FL,HWM,2022-8-11,True,False
Byron Donalds,Republican,House,FL,HWM,2022-8-11,True,False
Byron Donalds,Republican,House,FL,MRK,2022-8-11,True,False
Byron Donalds,Republican,House,FL,MRK,2022-8-11,True,False
Byron Donalds,Republican,House,FL,WAT,2022-8-11,True,False
Byron Donalds,Republican,House,FL,WAT,2022-8-11,True,False
Byron Donalds,Republican,House,FL,AA,2022-8-11,False,True
Byron Donalds,Republican,House,FL,AA,2022-8-11,False,True
Byron Donalds,Republican,House,FL,CE,2022-8-11,False,True
Byron Donalds,Republican,House,FL,CE,2022-8-11,False,True
Byron Donalds,Republican,House,FL,EXPD,2022-8-11,False,True
Byron Donalds,Republican,House,FL,EXPD,2022-8-11,False,True
Byron Donalds,Republican,House,FL,VZ,2022-8-11,False,True
Byron Donalds,Republican,House,FL,VZ,2022-8-11,False,True
Byron Donalds,Republican,House,FL,WLK,2022-8-11,False,True
Byron Donalds,Republican,House,FL,WLK,2022-8-11,False,True
Byron Donalds,Republican,House,FL,CSL,2022-10-6,True,False
Byron Donalds,Republican,House,FL,CSL,2022-10-6,True,False
Byron Donalds,Republican,House,FL,NVO,2022-10-6,True,False
Byron Donalds,Republican,House,FL,NVO,2022-10-6,True,False
Byron Donalds,Republican,House,FL,STLA,2022-10-6,False,True
Byron Donalds,Republican,House,FL,STLA,2022-10-6,False,True
Byron Donalds,Republican,House,FL,TTWO,2022-10-6,False,True
Byron Donalds,Republican,House,FL,TTWO,2022-10-6,False,True
Byron Donalds,Republican,House,FL,ARCH,2022-12-6,True,False
Byron Donalds,Republican,House,FL,ARCH,2022-12-6,True,False
Byron Donalds,Republican,House,FL,MPWR,2022-12-6,True,False
Byron Donalds,Republican,House,FL,MPWR,2022-12-6,True,False
Byron Donalds,Republican,House,FL,QDEL,2022-12-6,True,False
Byron Donalds,Republican,House,FL,QDEL,2022-12-6,True,False
Byron Donalds,Republican,House,FL,VRTX,2022-12-6,True,False
Byron Donalds,Republican,House,FL,VRTX,2022-12-6,True,False
Byron Donalds,Republican,House,FL,BC,2022-12-6,False,True
Byron Donalds,Republican,House,FL,BC,2022-12-6,False,True
Byron Donalds,Republican,House,FL,CHRW,2022-12-6,False,True
Byron Donalds,Republican,House,FL,CHRW,2022-12-6,False,True
Byron Donalds,Republican,House,FL,CMA,2022-12-6,False,True
Byron Donalds,Republican,House,FL,CMA,2022-12-6,False,True
Byron Donalds,Republican,House,FL,CSL,2022-12-6,False,True
Byron Donalds,Republican,House,FL,CSL,2022-12-6,False,True
Byron Donalds,Republican,House,FL,HUM,2023-2-23,True,False
Byron Donalds,Republican,House,FL,HUM,2023-2-23,True,False
Byron Donalds,Republican,House,FL,IT,2023-2-23,True,False
Byron Donalds,Republican,House,FL,IT,2023-2-23,True,False
Byron Donalds,Republican,House,FL,MSCI,2023-2-23,True,False
Byron Donalds,Republican,House,FL,MSCI,2023-2-23,True,False
Byron Donalds,Republican,House,FL,STM,2023-2-23,True,False
Byron Donalds,Republican,House,FL,STM,2023-2-23,True,False
Byron Donalds,Republican,House,FL,FTNT,2023-2-23,False,True
Byron Donalds,Republican,House,FL,FTNT,2023-2-23,False,True
Byron Donalds,Republican,House,FL,ISRG,2023-2-23,False,True
Byron Donalds,Republican,House,FL,ISRG,2023-2-23,False,True
Byron Donalds,Republican,House,FL,WAT,2023-2-23,False,True
Byron Donalds,Republican,House,FL,WAT,2023-2-23,False,True
Byron Donalds,Republican,House,FL,ZBRA,2023-2-23,False,True
Byron Donalds,Republican,House,FL,ZBRA,2023-2-23,False,True
Byron Donalds,Republican,House,FL,META,2023-7-5,True,False
Byron Donalds,Republican,House,FL,META,2023-7-4,True,False
Byron Donalds,Republican,House,FL,MSFT,2023-7-5,True,False
Byron Donalds,Republican,House,FL,MSFT,2023-7-4,True,False
Byron Donalds,Republican,House,FL,RLI,2023-7-4,True,False
Byron Donalds,Republican,House,FL,RLI,2023-7-4,True,False
Byron Donalds,Republican,House,FL,ARCH,2023-7-5,False,True
Byron Donalds,Republican,House,FL,ARCH,2023-7-4,False,True
Byron Donalds,Republican,House,FL,RVTY,2023-7-4,False,True
Byron Donalds,Republican,House,FL,RVTY,2023-7-4,False,True
Byron Donalds,Republican,House,FL,WAFD,2023-7-4,False,True
Byron Donalds,Republican,House,FL,WAFD,2023-7-4,False,True
Byron Donalds,Republican,House,FL,DT,2023-10-18,True,False
Byron Donalds,Republican,House,FL,DT,2023-10-18,True,False
Byron Donalds,Republican,House,FL,GOOGL,2023-10-17,True,False
Byron Donalds,Republican,House,FL,GOOGL,2023-10-18,True,False
Byron Donalds,Republican,House,FL,JPM,2023-10-17,True,False
Byron Donalds,Republican,House,FL,JPM,2023-10-18,True,False
Byron Donalds,Republican,House,FL,NVDA,2023-10-18,True,False
Byron Donalds,Republican,House,FL,NVDA,2023-10-18,True,False
Byron Donalds,Republican,House,FL,ELV,2023-10-17,False,True
Byron Donalds,Republican,House,FL,ELV,2023-10-18,False,True
Byron Donalds,Republican,House,FL,EW,2023-10-18,False,True
Byron Donalds,Republican,House,FL,EW,2023-10-18,False,True
Byron Donalds,Republican,House,FL,QDEL,2023-10-17,False,True
Byron Donalds,Republican,House,FL,QDEL,2023-10-18,False,True
Byron Donalds,Republican,House,FL,STM,2023-10-18,False,True
Byron Donalds,Republican,House,FL,STM,2023-10-18,False,True
Byron Donalds,Republican,House,FL,GOOGL,2024-2-21,True,False
Byron Donalds,Republican,House,FL,HUM,2024-2-21,True,False
Byron Donalds,Republican,House,FL,BMY,2024-2-21,False,True
Byron Donalds,Republican,House,FL,GM,2024-2-21,False,True
Byron Donalds,Republican,House,FL,IR,2024-2-21,False,True
Byron Donalds,Republican,House,FL,APPF,2024-3-26,True,False
Byron Donalds,Republican,House,FL,APPF,2024-3-26,True,False
Byron Donalds,Republican,House,FL,DECK,2024-3-26,True,False
Byron Donalds,Republican,House,FL,DECK,2024-3-26,True,False
Byron Donalds,Republican,House,FL,SNPS,2024-2-21,True,False
Byron Donalds,Republican,House,FL,SNPS,2024-2-21,True,False
Byron Donalds,Republican,House,FL,DT,2024-2-21,False,True
Byron Donalds,Republican,House,FL,DT,2024-2-21,False,True
Byron Donalds,Republican,House,FL,HUM,2024-2-21,False,True
Byron Donalds,Republican,House,FL,HUM,2024-2-21,False,True
Byron Donalds,Republican,House,FL,SONY,2024-2-21,False,True
Byron Donalds,Republican,House,FL,SONY,2024-2-21,False,True
Byron Donalds,Republican,House,FL,EFX,2024-5-8,True,False
Byron Donalds,Republican,House,FL,EFX,2024-5-8,True,False
Byron Donalds,Republican,House,FL,MNST,2024-5-8,False,True
Byron Donalds,Republican,House,FL,MNST,2024-5-8,False,True
Tom Suozzi,Democrat,House,NY,BA,2024-10-23,False,True
Tom Suozzi,Democrat,House,NY,GLW,2024-10-23,False,True
Tom Suozzi,Democrat,House,NY,CVS,2024-10-23,False,True
Tom Suozzi,Democrat,House,NY,NVDA,2024-10-23,True,False
Tom Suozzi,Democrat,House,NY,WY,2024-10-23,False,True
Tom Suozzi,Democrat,House,NY,NVDA,2024-10-23,False,True
Virginia Foxx,Republican,House,NC,HTGC,2024-10-22,True,False
Mark Warner,Democrat,Senate,VA,N/A,2024-10-7,True,False
John Fetterman,Democrat,Senate,PA,VFC,2024-10-23,True,False
John Fetterman,Democrat,Senate,PA,N/A,2024-10-16,True,False
John Fetterman,Democrat,Senate,PA,KD,2024-10-23,False,True
John Fetterman,Democrat,Senate,PA,ADSK,2024-10-16,False,True
John Fetterman,Democrat,Senate,PA,AUY,2024-10-16,False,True
John Fetterman,Democrat,Senate,PA,KD,2024-10-24,False,True
John Fetterman,Democrat,Senate,PA,FHN,2024-10-14,False,True
John Fetterman,Democrat,Senate,PA,KD,2024-10-24,True,False
John Fetterman,Democrat,Senate,PA,GM,2024-10-16,True,False
John Fetterman,Democrat,Senate,PA,BX,2024-10-14,True,False
Shelley Moore Capito,Republican,Senate,WV,CSL,2024-10-7,True,False
Maria Elvira Salazar,Republican,House,FL,AR,2024-10-30,True,False
Maria Elvira Salazar,Republican,House,FL,CWEN.A,2024-10-24,False,True
Maria Elvira Salazar,Republican,House,FL,OXY,2024-10-24,True,False
Ro Khanna,Democrat,House,CA,BNS,2024-10-23,True,False
Ro Khanna,Democrat,House,CA,8376923Z,2024-10-30,True,False
Ro Khanna,Democrat,House,CA,UBS,2024-10-1,True,False
Ro Khanna,Democrat,House,CA,ODFL,2024-10-3,True,False
Ro Khanna,Democrat,House,CA,AAPL,2024-10-3,True,False
Ro Khanna,Democrat,House,CA,NKE,2024-10-3,True,False
Ro Khanna,Democrat,House,CA,SYY,2024-10-14,True,False
Ro Khanna,Democrat,House,CA,FERG,2024-10-8,True,False
Ro Khanna,Democrat,House,CA,BRK/B,2024-10-20,True,False
Ro Khanna,Democrat,House,CA,LULU,2024-10-6,True,False
Ro Khanna,Democrat,House,CA,BRK/B,2024-10-22,True,False
Ro Khanna,Democrat,House,CA,LULU,2024-10-10,True,False
Ro Khanna,Democrat,House,CA,LULU,2024-10-7,True,False
Ro Khanna,Democrat,House,CA,LULU,2024-10-8,True,False
Ro Khanna,Democrat,House,CA,ACN,2024-10-23,True,False
Ro Khanna,Democrat,House,CA,LULU,2024-10-3,True,False
Ro Khanna,Democrat,House,CA,AON,2024-10-2,True,False
Ro Khanna,Democrat,House,CA,AON,2024-10-8,True,False
Ro Khanna,Democrat,House,CA,WM,2024-10-14,True,False
Ro Khanna,Democrat,House,CA,GEV,2024-10-3,False,True
Ro Khanna,Democrat,House,CA,UPS,2024-10-3,False,True
Ro Khanna,Democrat,House,CA,PH,2024-10-14,False,True
Ro Khanna,Democrat,House,CA,HCA,2024-10-14,False,True
Ro Khanna,Democrat,House,CA,LEA,2024-10-8,False,True
Ro Khanna,Democrat,House,CA,EXR,2024-10-17,False,True
Ro Khanna,Democrat,House,CA,SSNC,2024-10-8,False,True
Ro Khanna,Democrat,House,CA,HUM,2024-10-1,False,True
Ro Khanna,Democrat,House,CA,GEV,2024-10-3,False,True
Ro Khanna,Democrat,House,CA,HUM,2024-10-1,False,True
Ro Khanna,Democrat,House,CA,CAT,2024-10-15,False,True
Ro Khanna,Democrat,House,CA,PEP,2024-10-8,False,True
Ro Khanna,Democrat,House,CA,LEA,2024-10-21,False,True
Ro Khanna,Democrat,House,CA,PEP,2024-10-7,False,True
Ro Khanna,Democrat,House,CA,LEA,2024-10-22,False,True
Ro Khanna,Democrat,House,CA,ALL,2024-10-22,False,True
Ro Khanna,Democrat,House,CA,HUM,2024-10-1,False,True
Ro Khanna,Democrat,House,CA,LEA,2024-10-16,False,True
Ro Khanna,Democrat,House,CA,PH,2024-10-22,False,True
Ro Khanna,Democrat,House,CA,ALL,2024-10-14,False,True
Ro Khanna,Democrat,House,CA,BNS,2024-10-23,True,False
Ro Khanna,Democrat,House,CA,UCTT,2024-10-29,True,False
Ro Khanna,Democrat,House,CA,PINS,2024-10-28,True,False
Ro Khanna,Democrat,House,CA,PINS,2024-10-24,True,False
Ro Khanna,Democrat,House,CA,PINS,2024-10-21,True,False
Ro Khanna,Democrat,House,CA,NCR,2024-10-10,True,False
Ro Khanna,Democrat,House,CA,PH,2024-10-14,False,True
Ro Khanna,Democrat,House,CA,NDAQ,2024-10-29,False,True
Ro Khanna,Democrat,House,CA,CRI,2024-10-15,False,True
Ro Khanna,Democrat,House,CA,EXR,2024-10-17,False,True
Ro Khanna,Democrat,House,CA,8376923Z,2024-10-30,True,False
Ro Khanna,Democrat,House,CA,CM,2024-10-9,True,False
Ro Khanna,Democrat,House,CA,AAPL,2024-10-13,True,False
Ro Khanna,Democrat,House,CA,CRM,2024-10-13,True,False
Ro Khanna,Democrat,House,CA,VZ,2024-10-13,True,False
Ro Khanna,Democrat,House,CA,CDNS,2024-10-13,True,False
Ro Khanna,Democrat,House,CA,PEP,2024-10-13,True,False
Ro Khanna,Democrat,House,CA,MA,2024-10-13,True,False
Ro Khanna,Democrat,House,CA,MRK,2024-10-13,True,False
Ro Khanna,Democrat,House,CA,AMGN,2024-10-13,True,False
Ro Khanna,Democrat,House,CA,MDLZ,2024-10-13,True,False
Ro Khanna,Democrat,House,CA,PLTR,2024-10-13,True,False
Ro Khanna,Democrat,House,CA,PGR,2024-10-13,True,False
Ro Khanna,Democrat,House,CA,AME,2024-10-13,True,False
Ro Khanna,Democrat,House,CA,UPS,2024-10-13,True,False
Ro Khanna,Democrat,House,CA,DLR,2024-10-13,True,False
Ro Khanna,Democrat,House,CA,PRU,2024-10-13,True,False
Ro Khanna,Democrat,House,CA,AIG,2024-10-13,True,False
Ro Khanna,Democrat,House,CA,FAST,2024-10-13,True,False
Ro Khanna,Democrat,House,CA,BK,2024-10-13,True,False
Ro Khanna,Democrat,House,CA,KVUE,2024-10-13,True,False
Ro Khanna,Democrat,House,CA,CNC,2024-10-13,True,False
Ro Khanna,Democrat,House,CA,A,2024-10-13,True,False
Ro Khanna,Democrat,House,CA,WMT,2024-10-13,True,False
Ro Khanna,Democrat,House,CA,EW,2024-10-13,True,False
Ro Khanna,Democrat,House,CA,MLM,2024-10-13,True,False
Ro Khanna,Democrat,House,CA,TMO,2024-10-13,True,False
Ro Khanna,Democrat,House,CA,ABBV,2024-10-13,True,False
Ro Khanna,Democrat,House,CA,UBER,2024-10-13,True,False
Ro Khanna,Democrat,House,CA,RE,2024-10-13,True,False
Ro Khanna,Democrat,House,CA,SYK,2024-10-13,True,False
Ro Khanna,Democrat,House,CA,TRV,2024-10-13,True,False
Ro Khanna,Democrat,House,CA,CI,2024-10-13,True,False
Ro Khanna,Democrat,House,CA,MS,2024-10-13,True,False
Ro Khanna,Democrat,House,CA,STE,2024-10-13,True,False
Ro Khanna,Democrat,House,CA,CINF,2024-10-13,True,False
Ro Khanna,Democrat,House,CA,KKR,2024-10-13,True,False
Ro Khanna,Democrat,House,CA,NDAQ,2024-10-13,True,False
Ro Khanna,Democrat,House,CA,TROW,2024-10-13,True,False
Ro Khanna,Democrat,House,CA,PCAR,2024-10-13,True,False
Ro Khanna,Democrat,House,CA,PH,2024-10-13,True,False
Ro Khanna,Democrat,House,CA,PPG,2024-10-13,True,False
Ro Khanna,Democrat,House,CA,WELL,2024-10-13,True,False
Ro Khanna,Democrat,House,CA,ZBH,2024-10-13,True,False
Ro Khanna,Democrat,House,CA,DAL,2024-10-13,True,False
Ro Khanna,Democrat,House,CA,VICI,2024-10-13,True,False
Ro Khanna,Democrat,House,CA,N/A,2024-10-13,True,False
Ro Khanna,Democrat,House,CA,TTWO,2024-10-13,True,False
Ro Khanna,Democrat,House,CA,MNST,2024-10-13,True,False
Ro Khanna,Democrat,House,CA,SCHW,2024-10-13,True,False
Ro Khanna,Democrat,House,CA,SMCI,2024-10-13,True,False
Ro Khanna,Democrat,House,CA,EXPD,2024-10-13,True,False
Ro Khanna,Democrat,House,CA,CPRT,2024-10-13,True,False
Ro Khanna,Democrat,House,CA,KR,2024-10-13,True,False
Ro Khanna,Democrat,House,CA,DD,2024-10-13,True,False
Ro Khanna,Democrat,House,CA,LUV,2024-10-13,True,False
Ro Khanna,Democrat,House,CA,CL,2024-10-13,True,False
Ro Khanna,Democrat,House,CA,MET,2024-10-13,True,False
Ro Khanna,Democrat,House,CA,KHC,2024-10-13,True,False
Ro Khanna,Democrat,House,CA,NWSA,2024-10-13,True,False
Ro Khanna,Democrat,House,CA,WRB,2024-10-13,True,False
Ro Khanna,Democrat,House,CA,CMG,2024-10-13,True,False
Ro Khanna,Democrat,House,CA,WST,2024-10-13,True,False
Ro Khanna,Democrat,House,CA,EQR,2024-10-13,True,False
Ro Khanna,Democrat,House,CA,TECH,2024-10-13,True,False
Ro Khanna,Democrat,House,CA,MRNA,2024-10-13,True,False
Ro Khanna,Democrat,House,CA,FI,2024-10-13,True,False
Ro Khanna,Democrat,House,CA,BIIB,2024-10-13,True,False
Ro Khanna,Democrat,House,CA,PAYX,2024-10-13,True,False
Ro Khanna,Democrat,House,CA,CAH,2024-10-13,True,False
Ro Khanna,Democrat,House,CA,LYB,2024-10-13,True,False
Ro Khanna,Democrat,House,CA,L,2024-10-13,True,False
Ro Khanna,Democrat,House,CA,ACGL,2024-10-13,True,False
Ro Khanna,Democrat,House,CA,GPC,2024-10-13,True,False
Ro Khanna,Democrat,House,CA,DXCM,2024-10-13,True,False
Ro Khanna,Democrat,House,CA,JKHY,2024-10-13,True,False
Ro Khanna,Democrat,House,CA,VRSK,2024-10-13,True,False
Ro Khanna,Democrat,House,CA,FDX,2024-10-13,True,False
Ro Khanna,Democrat,House,CA,PG,2024-10-13,True,False
Ro Khanna,Democrat,House,CA,MCK,2024-10-13,True,False
Ro Khanna,Democrat,House,CA,NKE,2024-10-13,True,False
Ro Khanna,Democrat,House,CA,JNJ,2024-10-13,True,False
Ro Khanna,Democrat,House,CA,AMZN,2024-10-13,True,False
Ro Khanna,Democrat,House,CA,V,2024-10-13,False,True
Ro Khanna,Democrat,House,CA,DHR,2024-10-13,False,True
Ro Khanna,Democrat,House,CA,ADBE,2024-10-13,False,True
Ro Khanna,Democrat,House,CA,UNP,2024-10-13,False,True
Ro Khanna,Democrat,House,CA,BLK,2024-10-13,False,True
Ro Khanna,Democrat,House,CA,T,2024-10-13,False,True
Ro Khanna,Democrat,House,CA,TMUS,2024-10-13,False,True
Ro Khanna,Democrat,House,CA,CB,2024-10-13,False,True
Ro Khanna,Democrat,House,CA,AMT,2024-10-13,False,True
Ro Khanna,Democrat,House,CA,DIS,2024-10-13,False,True
Ro Khanna,Democrat,House,CA,VRTX,2024-10-13,False,True
Ro Khanna,Democrat,House,CA,CSX,2024-10-13,False,True
Ro Khanna,Democrat,House,CA,NSC,2024-10-13,False,True
Ro Khanna,Democrat,House,CA,GIS,2024-10-13,False,True
Ro Khanna,Democrat,House,CA,MDT,2024-10-13,False,True
Ro Khanna,Democrat,House,CA,WM,2024-10-13,False,True
Ro Khanna,Democrat,House,CA,HUM,2024-10-13,False,True
Ro Khanna,Democrat,House,CA,AMP,2024-10-13,False,True
Ro Khanna,Democrat,House,CA,DHI,2024-10-13,False,True
Ro Khanna,Democrat,House,CA,TEL,2024-10-13,False,True
Ro Khanna,Democrat,House,CA,RMD,2024-10-13,False,True
Ro Khanna,Democrat,House,CA,MCO,2024-10-13,False,True
Ro Khanna,Democrat,House,CA,RSG,2024-10-13,False,True
Ro Khanna,Democrat,House,CA,MO,2024-10-13,False,True
Ro Khanna,Democrat,House,CA,SYY,2024-10-13,False,True
Ro Khanna,Democrat,House,CA,COO,2024-10-13,False,True
Ro Khanna,Democrat,House,CA,CTAS,2024-10-13,False,True
Ro Khanna,Democrat,House,CA,TT,2024-10-13,False,True
Ro Khanna,Democrat,House,CA,LLY,2024-10-13,False,True
Ro Khanna,Democrat,House,CA,XYL,2024-10-13,False,True
Ro Khanna,Democrat,House,CA,IFF,2024-10-13,False,True
Ro Khanna,Democrat,House,CA,ROL,2024-10-13,False,True
Ro Khanna,Democrat,House,CA,EPAM,2024-10-13,False,True
Ro Khanna,Democrat,House,CA,LKQ,2024-10-13,False,True
Ro Khanna,Democrat,House,CA,CTVA,2024-10-13,False,True
Ro Khanna,Democrat,House,CA,ENPH,2024-10-13,False,True
Ro Khanna,Democrat,House,CA,STZ,2024-10-13,False,True
Ro Khanna,Democrat,House,CA,DRI,2024-10-13,False,True
Ro Khanna,Democrat,House,CA,8376923Z,2024-10-30,True,False
Ro Khanna,Democrat,House,CA,BNS,2024-10-23,True,False
Ro Khanna,Democrat,House,CA,CM,2024-10-9,True,False
Ro Khanna,Democrat,House,CA,N/A,2024-10-29,True,False
Ro Khanna,Democrat,House,CA,PINS,2024-10-24,True,False
Ro Khanna,Democrat,House,CA,UCTT,2024-10-29,True,False
Ro Khanna,Democrat,House,CA,PINS,2024-10-21,True,False
Ro Khanna,Democrat,House,CA,NCR,2024-10-10,True,False
Ro Khanna,Democrat,House,CA,N/A,2024-10-9,True,False
Ro Khanna,Democrat,House,CA,PINS,2024-10-28,True,False
Ro Khanna,Democrat,House,CA,PINS,2024-10-27,True,False
Ro Khanna,Democrat,House,CA,PINS,2024-10-23,True,False
Ro Khanna,Democrat,House,CA,PINS,2024-10-29,True,False
Ro Khanna,Democrat,House,CA,NCR,2024-10-7,True,False
Ro Khanna,Democrat,House,CA,NCR,2024-10-22,True,False
Ro Khanna,Democrat,House,CA,DNB,2024-9-30,True,False
Ro Khanna,Democrat,House,CA,NCR,2024-10-1,True,False
Ro Khanna,Democrat,House,CA,NCR,2024-10-9,True,False
Ro Khanna,Democrat,House,CA,NCR,2024-10-16,True,False
Ro Khanna,Democrat,House,CA,ELAN,2024-10-27,True,False
Ro Khanna,Democrat,House,CA,DNB,2024-10-24,True,False
Ro Khanna,Democrat,House,CA,SSNC,2024-10-21,False,True
Ro Khanna,Democrat,House,CA,NDAQ,2024-10-29,False,True
Ro Khanna,Democrat,House,CA,CRI,2024-10-15,False,True
Ro Khanna,Democrat,House,CA,AXTA,2024-10-29,False,True
Ro Khanna,Democrat,House,CA,GPK,2024-10-27,False,True
Ro Khanna,Democrat,House,CA,8376923Z,2024-10-30,True,False
Ro Khanna,Democrat,House,CA,UBS,2024-10-1,True,False
Ro Khanna,Democrat,House,CA,TTE,2024-10-10,True,False
Ro Khanna,Democrat,House,CA,AMGN,2024-10-10,True,False
Ro Khanna,Democrat,House,CA,PEP,2024-10-10,True,False
Ro Khanna,Democrat,House,CA,ADRNY,2024-10-10,True,False
Ro Khanna,Democrat,House,CA,PINS,2024-10-24,True,False
Ro Khanna,Democrat,House,CA,ADP,2024-10-10,True,False
Ro Khanna,Democrat,House,CA,L,2024-10-10,True,False
Ro Khanna,Democrat,House,CA,SNPS,2024-10-10,True,False
Ro Khanna,Democrat,House,CA,PLTR,2024-10-10,True,False
Ro Khanna,Democrat,House,CA,UCTT,2024-10-29,True,False
Ro Khanna,Democrat,House,CA,CDNS,2024-10-10,True,False
Ro Khanna,Democrat,House,CA,IBM,2024-10-10,True,False
Ro Khanna,Democrat,House,CA,AAPL,2024-10-10,True,False
Ro Khanna,Democrat,House,CA,CME,2024-10-10,True,False
Ro Khanna,Democrat,House,CA,DIS,2024-10-10,True,False
Ro Khanna,Democrat,House,CA,PINS,2024-10-21,True,False
Ro Khanna,Democrat,House,CA,CNC,2024-10-10,True,False
Ro Khanna,Democrat,House,CA,AJG,2024-10-10,True,False
Ro Khanna,Democrat,House,CA,ACGL,2024-10-10,True,False
Ro Khanna,Democrat,House,CA,CMG,2024-10-10,True,False
Ro Khanna,Democrat,House,CA,REGN,2024-10-10,True,False
Ro Khanna,Democrat,House,CA,NCR,2024-10-10,True,False
Ro Khanna,Democrat,House,CA,RE,2024-10-10,True,False
Ro Khanna,Democrat,House,CA,N/A,2024-10-9,True,False
Ro Khanna,Democrat,House,CA,MSFT,2024-10-10,True,False
Ro Khanna,Democrat,House,CA,AVGO,2024-10-10,True,False
Ro Khanna,Democrat,House,CA,MOH,2024-10-10,True,False
Ro Khanna,Democrat,House,CA,PINS,2024-10-28,True,False
Ro Khanna,Democrat,House,CA,PG,2024-10-10,True,False
Ro Khanna,Democrat,House,CA,PINS,2024-10-27,True,False
Ro Khanna,Democrat,House,CA,PINS,2024-10-23,True,False
Ro Khanna,Democrat,House,CA,ADSK,2024-10-10,True,False
Ro Khanna,Democrat,House,CA,HIG,2024-10-10,True,False
Ro Khanna,Democrat,House,CA,CTVA,2024-10-10,True,False
Ro Khanna,Democrat,House,CA,MNST,2024-10-10,True,False
Ro Khanna,Democrat,House,CA,SMCI,2024-10-10,True,False
Ro Khanna,Democrat,House,CA,PINS,2024-10-29,True,False
Ro Khanna,Democrat,House,CA,NCR,2024-10-7,True,False
Ro Khanna,Democrat,House,CA,ABNB,2024-10-10,True,False
Ro Khanna,Democrat,House,CA,T,2024-10-10,True,False
Ro Khanna,Democrat,House,CA,FDX,2024-10-10,True,False
Ro Khanna,Democrat,House,CA,ADM,2024-10-10,True,False
Ro Khanna,Democrat,House,CA,NCR,2024-10-22,True,False
Ro Khanna,Democrat,House,CA,CPRT,2024-10-10,True,False
Ro Khanna,Democrat,House,CA,WELL,2024-10-10,True,False
Ro Khanna,Democrat,House,CA,VRTX,2024-10-10,True,False
Ro Khanna,Democrat,House,CA,TRV,2024-10-10,True,False
Ro Khanna,Democrat,House,CA,PGR,2024-10-10,True,False
Ro Khanna,Democrat,House,CA,DHR,2024-10-10,True,False
Ro Khanna,Democrat,House,CA,NCR,2024-10-1,True,False
Ro Khanna,Democrat,House,CA,NCR,2024-10-9,True,False
Ro Khanna,Democrat,House,CA,NCR,2024-10-16,True,False
Ro Khanna,Democrat,House,CA,SMFG,2024-10-10,True,False
Ro Khanna,Democrat,House,CA,ELAN,2024-10-27,True,False
Ro Khanna,Democrat,House,CA,DNB,2024-9-30,True,False
Ro Khanna,Democrat,House,CA,DNB,2024-10-24,True,False
Ro Khanna,Democrat,House,CA,XSP,2024-10-7,False,True
Ro Khanna,Democrat,House,CA,XSP,2024-10-14,False,True
Ro Khanna,Democrat,House,CA,XSP,2024-10-21,False,True
Ro Khanna,Democrat,House,CA,XSP,2024-9-30,False,True
Ro Khanna,Democrat,House,CA,XSP,2024-10-28,False,True
Ro Khanna,Democrat,House,CA,BP,2024-10-10,False,True
Ro Khanna,Democrat,House,CA,NDAQ,2024-10-10,False,True
Ro Khanna,Democrat,House,CA,WM,2024-10-10,False,True
Ro Khanna,Democrat,House,CA,CB,2024-10-10,False,True
Ro Khanna,Democrat,House,CA,SSNC,2024-10-21,False,True
Ro Khanna,Democrat,House,CA,WRB,2024-10-10,False,True
Ro Khanna,Democrat,House,CA,NDAQ,2024-10-29,False,True
Ro Khanna,Democrat,House,CA,VZ,2024-10-10,False,True
Ro Khanna,Democrat,House,CA,ABB,2024-10-10,False,True
Ro Khanna,Democrat,House,CA,UNH,2024-10-10,False,True
Ro Khanna,Democrat,House,CA,CRI,2024-10-15,False,True
Ro Khanna,Democrat,House,CA,JNJ,2024-10-10,False,True
Ro Khanna,Democrat,House,CA,WTW,2024-10-10,False,True
Ro Khanna,Democrat,House,CA,MCK,2024-10-10,False,True
Ro Khanna,Democrat,House,CA,CL,2024-10-10,False,True
Ro Khanna,Democrat,House,CA,GLW,2024-10-20,False,True
Ro Khanna,Democrat,House,CA,MRK,2024-10-10,False,True
Ro Khanna,Democrat,House,CA,COR,2024-10-10,False,True
Ro Khanna,Democrat,House,CA,INVH,2024-10-10,False,True
Ro Khanna,Democrat,House,CA,AXTA,2024-10-29,False,True
Ro Khanna,Democrat,House,CA,MRNA,2024-10-10,False,True
Ro Khanna,Democrat,House,CA,ALL,2024-10-10,False,True
Ro Khanna,Democrat,House,CA,GRMN,2024-10-10,False,True
Ro Khanna,Democrat,House,CA,GPK,2024-10-27,False,True
Ro Khanna,Democrat,House,CA,WST,2024-10-10,False,True
Ro Khanna,Democrat,House,CA,AIZ,2024-10-10,False,True
Ro Khanna,Democrat,House,CA,LKQ,2024-10-10,False,True
Ro Khanna,Democrat,House,CA,ENPH,2024-10-10,False,True
Ro Khanna,Democrat,House,CA,ADBE,2024-10-10,False,True
Ro Khanna,Democrat,House,CA,VMC,2024-10-10,False,True
Ro Khanna,Democrat,House,CA,KHC,2024-10-10,False,True
Ro Khanna,Democrat,House,CA,DXCM,2024-10-10,False,True
Ro Khanna,Democrat,House,CA,STZ,2024-10-10,False,True
Ro Khanna,Democrat,House,CA,VTRS,2024-10-10,False,True
Ro Khanna,Democrat,House,CA,TGT,2024-10-10,False,True
Ro Khanna,Democrat,House,CA,IQV,2024-10-10,False,True
Ro Khanna,Democrat,House,CA,EA,2024-10-10,False,True
Ro Khanna,Democrat,House,CA,INTC,2024-10-10,False,True
Ro Khanna,Democrat,House,CA,HUM,2024-10-10,False,True
Ro Khanna,Democrat,House,CA,C,2024-10-1,True,False
Ro Khanna,Democrat,House,CA,STT,2024-10-1,True,False
Ro Khanna,Democrat,House,CA,JPM,2024-10-1,True,False
Ro Khanna,Democrat,House,CA,SYY,2024-10-14,True,False
Ro Khanna,Democrat,House,CA,BRK/B,2024-10-20,True,False
Ro Khanna,Democrat,House,CA,FERG,2024-10-8,True,False
Ro Khanna,Democrat,House,CA,LULU,2024-10-7,True,False
Ro Khanna,Democrat,House,CA,LULU,2024-10-6,True,False
Ro Khanna,Democrat,House,CA,BRK/B,2024-10-22,True,False
Ro Khanna,Democrat,House,CA,AON,2024-10-2,True,False
Ro Khanna,Democrat,House,CA,LULU,2024-10-10,True,False
Ro Khanna,Democrat,House,CA,LULU,2024-10-8,True,False
Ro Khanna,Democrat,House,CA,LULU,2024-10-3,True,False
Ro Khanna,Democrat,House,CA,ACN,2024-10-23,True,False
Ro Khanna,Democrat,House,CA,WM,2024-10-14,True,False
Ro Khanna,Democrat,House,CA,AON,2024-10-8,True,False
Ro Khanna,Democrat,House,CA,MLM,2024-10-8,True,False
Ro Khanna,Democrat,House,CA,LEA,2024-10-8,False,True
Ro Khanna,Democrat,House,CA,PH,2024-10-9,False,True
Ro Khanna,Democrat,House,CA,HCA,2024-10-14,False,True
Ro Khanna,Democrat,House,CA,EXR,2024-10-17,False,True
Ro Khanna,Democrat,House,CA,HUM,2024-10-1,False,True
Ro Khanna,Democrat,House,CA,PEP,2024-10-8,False,True
Ro Khanna,Democrat,House,CA,HUM,2024-10-1,False,True
Ro Khanna,Democrat,House,CA,CAT,2024-10-15,False,True
Ro Khanna,Democrat,House,CA,SSNC,2024-10-8,False,True
Ro Khanna,Democrat,House,CA,LEA,2024-10-21,False,True
Ro Khanna,Democrat,House,CA,PH,2024-10-22,False,True
Ro Khanna,Democrat,House,CA,PEP,2024-10-7,False,True
Ro Khanna,Democrat,House,CA,LEA,2024-10-22,False,True
Ro Khanna,Democrat,House,CA,ALL,2024-10-22,False,True
Ro Khanna,Democrat,House,CA,HUM,2024-10-1,False,True
Ro Khanna,Democrat,House,CA,LEA,2024-10-16,False,True
Ro Khanna,Democrat,House,CA,ALL,2024-10-14,False,True
Ro Khanna,Democrat,House,CA,PH,2024-10-14,False,True
Ro Khanna,Democrat,House,CA,N/A,2024-9-30,False,True
Ro Khanna,Democrat,House,CA,LII,2024-10-22,False,True
Ro Khanna,Democrat,House,CA,ROK,2024-10-22,False,True
Ro Khanna,Democrat,House,CA,PWR,2024-10-22,True,False
Ro Khanna,Democrat,House,CA,HON,2024-10-22,True,False
Ro Khanna,Democrat,House,CA,N/A,2024-10-2,True,False
Ro Khanna,Democrat,House,CA,N/A,2024-10-1,True,False
Ro Khanna,Democrat,House,CA,NET,2024-10-21,True,False
Ro Khanna,Democrat,House,CA,SNOW,2024-10-21,True,False
Ro Khanna,Democrat,House,CA,AVGO,2024-10-21,True,False
Ro Khanna,Democrat,House,CA,GEV,2024-10-22,False,True
Ro Khanna,Democrat,House,CA,N/A,2024-10-21,False,True
Ro Khanna,Democrat,House,CA,N/A,2024-10-30,True,False
Ro Khanna,Democrat,House,CA,N/A,2024-10-30,True,False
Ro Khanna,Democrat,House,CA,N/A,2024-10-30,True,False
Ro Khanna,Democrat,House,CA,N/A,2024-10-30,True,False
Ro Khanna,Democrat,House,CA,N/A,2024-10-30,True,False
Ro Khanna,Democrat,House,CA,N/A,2024-10-30,True,False
Ro Khanna,Democrat,House,CA,MAIPX,2024-10-22,False,True
Ro Khanna,Democrat,House,CA,MAIPX,2024-10-22,False,True
Ro Khanna,Democrat,House,CA,MAIPX,2024-10-22,False,True
Marjorie Taylor Greene,Republican,House,GA,BRK/B,2024-11-6,True,False
Marjorie Taylor Greene,Republican,House,GA,BX,2024-11-6,True,False
Marjorie Taylor Greene,Republican,House,GA,DELL,2024-11-6,True,False
Marjorie Taylor Greene,Republican,House,GA,FDX,2024-11-6,True,False
Marjorie Taylor Greene,Republican,House,GA,GS,2024-11-6,True,False
Marjorie Taylor Greene,Republican,House,GA,NEE,2024-11-6,True,False
Marjorie Taylor Greene,Republican,House,GA,PANW,2024-11-6,True,False
Marjorie Taylor Greene,Republican,House,GA,NOW,2024-11-6,True,False
Marjorie Taylor Greene,Republican,House,GA,SO,2024-11-6,True,False
Marjorie Taylor Greene,Republican,House,GA,TSLA,2024-11-6,True,False
Marjorie Taylor Greene,Republican,House,GA,HSY,2024-11-6,True,False
Marjorie Taylor Greene,Republican,House,GA,TSCO,2024-11-6,True,False
Debbie Dingell,Democrat,House,MI,N/A,2024-10-31,True,False
Markwayne Mullin,Republican,Senate,OK,LRN,2024-7-29,True,False
Markwayne Mullin,Republican,Senate,OK,N/A,2024-10-15,True,False
Markwayne Mullin,Republican,Senate,OK,N/A,2024-10-7,True,False
Markwayne Mullin,Republican,Senate,OK,N/A,2024-10-9,True,False
Tom Suozzi,Democrat,House,NY,NVDA,2024-10-1,False,True
Bob Latta,Republican,House,OH,FMAO,2024-10-19,True,False
Byron Donalds,Republican,House,FL,APPF,2024-9-30,False,True
Byron Donalds,Republican,House,FL,APPF,2024-9-30,False,True
Byron Donalds,Republican,House,FL,MCK,2024-9-30,True,False
Byron Donalds,Republican,House,FL,MCK,2024-9-30,True,False
Byron Donalds,Republican,House,FL,NU,2024-9-30,True,False
Byron Donalds,Republican,House,FL,NU,2024-9-30,True,False
Byron Donalds,Republican,House,FL,SNPS,2024-9-30,False,True
Byron Donalds,Republican,House,FL,SNPS,2024-9-30,False,True
Neal Dunn,Republican,House,FL,T,2024-9-26,True,False
Neal Dunn,Republican,House,FL,CADE,2024-9-26,True,False
Neal Dunn,Republican,House,FL,COF,2024-9-26,True,False
Neal Dunn,Republican,House,FL,JPM,2024-9-26,True,False
Neal Dunn,Republican,House,FL,KEY,2024-9-26,True,False
Neal Dunn,Republican,House,FL,RF,2024-9-26,True,False
Neal Dunn,Republican,House,FL,N/A,2024-9-26,True,False
Neal Dunn,Republican,House,FL,USB,2024-9-26,True,False
Michael Collins,Republican,House,GA,$AERO,2024-11-2,True,False
Michael Collins,Republican,House,GA,$ETH,2024-10-6,True,False
Michael Collins,Republican,House,GA,$ETH,2024-10-15,True,False
Michael Collins,Republican,House,GA,$ETH,2024-10-29,True,False
Sheldon Whitehouse,Democrat,Senate,RI,KO,2024-10-7,True,False
Sheldon Whitehouse,Democrat,Senate,RI,TSLA,2024-10-27,False,True
Sheldon Whitehouse,Democrat,Senate,RI,CELH,2024-10-7,False,True
Sheldon Whitehouse,Democrat,Senate,RI,SBUX,2024-10-28,False,True
Sheldon Whitehouse,Democrat,Senate,RI,VZ,2024-10-28,False,True
Sheldon Whitehouse,Democrat,Senate,RI,MA,2024-10-28,False,True
Sheldon Whitehouse,Democrat,Senate,RI,DIS,2024-10-28,False,True
Sheldon Whitehouse,Democrat,Senate,RI,SBUX,2024-10-28,False,True
Sheldon Whitehouse,Democrat,Senate,RI,VZ,2024-10-28,False,True
Sheldon Whitehouse,Democrat,Senate,RI,HON,2024-10-28,False,True
Sheldon Whitehouse,Democrat,Senate,RI,MA,2024-10-28,False,True
Sheldon Whitehouse,Democrat,Senate,RI,TSLA,2024-10-10,False,True
Sheldon Whitehouse,Democrat,Senate,RI,TSLA,2024-10-27,False,True
Sheldon Whitehouse,Democrat,Senate,RI,LLY,2024-10-29,True,False
Josh Gottheimer,Democrat,House,NJ,ALG,2024-10-24,False,True
Josh Gottheimer,Democrat,House,NJ,BABA,2024-10-15,True,False
Josh Gottheimer,Democrat,House,NJ,ALGM,2024-10-16,True,False
Josh Gottheimer,Democrat,House,NJ,GOOGL,2024-10-16,True,False
Josh Gottheimer,Democrat,House,NJ,APPF,2024-10-30,False,True
Josh Gottheimer,Democrat,House,NJ,AAPL,2024-10-1,True,False
Josh Gottheimer,Democrat,House,NJ,BRK/B,2024-10-16,True,False
Josh Gottheimer,Democrat,House,NJ,BX,2024-10-23,True,False
Josh Gottheimer,Democrat,House,NJ,BKNG,2024-10-16,False,True
Josh Gottheimer,Democrat,House,NJ,AVGO,2024-10-2,False,True
Josh Gottheimer,Democrat,House,NJ,CHRD,2024-10-16,True,False
Josh Gottheimer,Democrat,House,NJ,DSCSY,2024-10-24,True,False
Josh Gottheimer,Democrat,House,NJ,DSCSY,2024-10-27,True,False
Josh Gottheimer,Democrat,House,NJ,XNGSY,2024-10-16,True,False
Josh Gottheimer,Democrat,House,NJ,LLY,2024-10-15,False,True
Josh Gottheimer,Democrat,House,NJ,EPAC,2024-10-24,True,False
Josh Gottheimer,Democrat,House,NJ,GTES,2024-10-30,True,False
Josh Gottheimer,Democrat,House,NJ,HD,2024-10-2,True,False
Josh Gottheimer,Democrat,House,NJ,ICUI,2024-10-30,False,True
Josh Gottheimer,Democrat,House,NJ,IBM,2024-10-9,True,False
Josh Gottheimer,Democrat,House,NJ,ITT,2024-10-30,False,True
Josh Gottheimer,Democrat,House,NJ,KKR,2024-10-16,False,True
Josh Gottheimer,Democrat,House,NJ,LRCX,2024-10-21,False,True
Josh Gottheimer,Democrat,House,NJ,LRCX,2024-10-16,False,True
Josh Gottheimer,Democrat,House,NJ,MFC,2024-10-3,False,True
Josh Gottheimer,Democrat,House,NJ,MFC,2024-10-14,True,False
Josh Gottheimer,Democrat,House,NJ,META,2024-10-16,False,True
Josh Gottheimer,Democrat,House,NJ,MSFT,2024-10-2,False,True
Josh Gottheimer,Democrat,House,NJ,MSFT,2024-10-1,False,True
Josh Gottheimer,Democrat,House,NJ,MDB,2024-10-16,False,True
Josh Gottheimer,Democrat,House,NJ,NFLX,2024-10-17,False,True
Josh Gottheimer,Democrat,House,NJ,NVDA,2024-10-16,False,True
Josh Gottheimer,Democrat,House,NJ,PPBI,2024-10-16,True,False
Josh Gottheimer,Democrat,House,NJ,PYPL,2024-10-23,True,False
Josh Gottheimer,Democrat,House,NJ,REGN,2024-10-22,False,True
Josh Gottheimer,Democrat,House,NJ,NOW,2024-10-3,True,False
Josh Gottheimer,Democrat,House,NJ,NOW,2024-10-7,True,False
Josh Gottheimer,Democrat,House,NJ,SF,2024-10-30,False,True
Josh Gottheimer,Democrat,House,NJ,TSM,2024-10-23,False,True
Josh Gottheimer,Democrat,House,NJ,TSM,2024-10-3,False,True
Josh Gottheimer,Democrat,House,NJ,TEL,2024-10-3,True,False
Josh Gottheimer,Democrat,House,NJ,TEL,2024-10-2,True,False
Josh Gottheimer,Democrat,House,NJ,TTNDY,2024-10-27,True,False
Josh Gottheimer,Democrat,House,NJ,TTNDY,2024-10-28,True,False
Josh Gottheimer,Democrat,House,NJ,TSLA,2024-10-13,False,True
Josh Gottheimer,Democrat,House,NJ,TCBI,2024-10-30,True,False
Josh Gottheimer,Democrat,House,NJ,TDG,2024-10-16,False,True
Josh Gottheimer,Democrat,House,NJ,USPH,2024-10-16,True,False
Josh Gottheimer,Democrat,House,NJ,VRT,2024-10-16,True,False
Suzan DelBene,Democrat,House,WA,N/A,2024-10-17,False,True
Suzan DelBene,Democrat,House,WA,N/A,2024-10-27,True,False
Suzan DelBene,Democrat,House,WA,N/A,2024-10-17,True,False
Kathy Manning,Democrat,House,NC,N/A,2024-10-24,False,True
Kathy Manning,Democrat,House,NC,N/A,2024-10-27,False,True
Kathy Manning,Democrat,House,NC,N/A,2024-10-24,True,False
Bill Keating,Democrat,House,MA,GOOGL,2024-10-30,True,False
Bill Keating,Democrat,House,MA,AMZN,2024-10-30,True,False
Bill Keating,Democrat,House,MA,AMTM,2024-10-30,False,True
Bill Keating,Democrat,House,MA,LOW,2024-10-8,False,True
Bill Keating,Democrat,House,MA,MSFT,2024-10-30,True,False
Bill Keating,Democrat,House,MA,QCOM,2024-10-30,True,False
Lloyd Doggett,Democrat,House,TX,KO,2024-9-30,True,False
Earl Blumenauer,Democrat,House,OR,STZ,2024-10-10,True,False
Earl Blumenauer,Democrat,House,OR,UNH,2024-10-10,False,True
Earl Blumenauer,Democrat,House,OR,N/A,2024-10-20,True,False
Earl Blumenauer,Democrat,House,OR,N/A,2024-10-20,True,False
Earl Blumenauer,Democrat,House,OR,N/A,2024-10-14,True,False
Earl Blumenauer,Democrat,House,OR,N/A,2024-10-14,True,False
Victoria Spartz,Republican,House,IN,SPG,2024-9-19,False,True
Marjorie Taylor Greene,Republican,House,GA,AMD,2024-10-31,True,False
Marjorie Taylor Greene,Republican,House,GA,AAPL,2024-10-31,True,False
Marjorie Taylor Greene,Republican,House,GA,BRK/B,2024-10-31,True,False
Marjorie Taylor Greene,Republican,House,GA,GLW,2024-10-31,True,False
Marjorie Taylor Greene,Republican,House,GA,DLR,2024-10-31,True,False
Marjorie Taylor Greene,Republican,House,GA,DUK,2024-10-31,True,False
Marjorie Taylor Greene,Republican,House,GA,INTC,2024-10-31,True,False
Marjorie Taylor Greene,Republican,House,GA,META,2024-10-31,True,False
Marjorie Taylor Greene,Republican,House,GA,TSLA,2024-10-31,True,False
Marjorie Taylor Greene,Republican,House,GA,HSY,2024-10-31,True,False
Pete Sessions,Republican,House,TX,NVDA,2024-10-31,True,False
Don Beyer,Democrat,House,VA,N/A,2024-10-15,True,False
Don Beyer,Democrat,House,VA,N/A,2024-10-8,True,False
Don Beyer,Democrat,House,VA,N/A,2024-10-2,True,False
Don Beyer,Democrat,House,VA,N/A,2024-10-28,True,False
Don Beyer,Democrat,House,VA,N/A,2024-10-1,False,False
Don Beyer,Democrat,House,VA,N/A,2024-10-1,True,False
Don Beyer,Democrat,House,VA,N/A,2024-10-23,True,False
Don Beyer,Democrat,House,VA,N/A,2024-10-17,True,False
Don Beyer,Democrat,House,VA,N/A,2024-10-27,True,False
Don Beyer,Democrat,House,VA,N/A,2024-10-8,True,False
Richard Blumenthal,Democrat,Senate,CT,N/A,2024-10-6,False,True
Richard Blumenthal,Democrat,Senate,CT,N/A,2024-10-6,False,True
Richard Blumenthal,Democrat,Senate,CT,VAPO,2024-9-18,False,True
Richard Blumenthal,Democrat,Senate,CT,VAPO,2024-9-18,False,True
Richard Blumenthal,Democrat,Senate,CT,N/A,2024-9-18,True,False
Richard Blumenthal,Democrat,Senate,CT,N/A,2024-9-18,True,False
Richard Blumenthal,Democrat,Senate,CT,N/A,2024-9-18,True,False
Richard Blumenthal,Democrat,Senate,CT,N/A,2024-9-18,True,False
Richard Blumenthal,Democrat,Senate,CT,VAPO,2024-9-18,False,True
Richard Blumenthal,Democrat,Senate,CT,VAPO,2024-9-18,False,True
Richard Blumenthal,Democrat,Senate,CT,VAPO,2024-9-18,False,True
Richard Blumenthal,Democrat,Senate,CT,N/A,2024-10-6,False,True
Richard Blumenthal,Democrat,Senate,CT,N/A,2024-10-6,False,True
Mark Green,Republican,House,TN,NGL,2024-10-15,False,True
Mark Green,Republican,House,TN,NGL,2024-10-23,False,True
Max Miller,Republican,House,OH,N/A,2024-10-8,True,False
Max Miller,Republican,House,OH,N/A,2024-9-28,False,True
Tom Suozzi,Democrat,House,NY,AAPL,2024-10-6,False,True
Doug Lamborn,Republican,House,CO,NTAP,2024-10-8,False,True
Rick Scott,Republican,Senate,FL,N/A,2024-10-8,False,True
Rick Scott,Republican,Senate,FL,N/A,2024-10-8,False,True
Rick Scott,Republican,Senate,FL,N/A,2024-9-22,False,True
Rick Scott,Republican,Senate,FL,N/A,2024-9-22,False,True
Rick Scott,Republican,Senate,FL,N/A,2024-9-24,False,True
Rick Scott,Republican,Senate,FL,N/A,2024-9-24,False,True
Marjorie Taylor Greene,Republican,House,GA,N/A,2024-10-20,True,False
Marjorie Taylor Greene,Republican,House,GA,BRK/B,2024-10-20,True,False
Marjorie Taylor Greene,Republican,House,GA,BX,2024-10-20,True,False
Marjorie Taylor Greene,Republican,House,GA,CAT,2024-10-20,True,False
Marjorie Taylor Greene,Republican,House,GA,HD,2024-10-20,True,False
Marjorie Taylor Greene,Republican,House,GA,INTC,2024-10-20,True,False
Marjorie Taylor Greene,Republican,House,GA,MSFT,2024-10-20,True,False
Marjorie Taylor Greene,Republican,House,GA,NSRGY,2024-10-20,True,False
Marjorie Taylor Greene,Republican,House,GA,TSLA,2024-10-20,True,False
Marjorie Taylor Greene,Republican,House,GA,V,2024-10-20,True,False
Virginia Foxx,Republican,House,NC,EFC,2024-9-29,True,False
Rick Allen,Republican,House,GA,SCHW,2024-9-11,False,True
Rick Allen,Republican,House,GA,N/A,2024-9-12,False,True
John Boozman,Republican,Senate,AR,FI,2024-9-25,False,True
John Boozman,Republican,Senate,AR,VEA,2024-9-8,False,True
John Boozman,Republican,Senate,AR,VNQI,2024-9-5,False,True
John Boozman,Republican,Senate,AR,MDY,2024-9-8,False,True
John Boozman,Republican,Senate,AR,TPYP,2024-9-5,False,True
John Boozman,Republican,Senate,AR,IVV,2024-10-5,False,True
John Boozman,Republican,Senate,AR,IWM,2024-10-8,False,True
John Boozman,Republican,Senate,AR,EFA,2024-9-8,False,True
John Boozman,Republican,Senate,AR,EMLP,2024-9-5,False,True
John Boozman,Republican,Senate,AR,WWSYX,2024-9-5,False,True
John Boozman,Republican,Senate,AR,SCHP,2024-9-5,True,False
John Boozman,Republican,Senate,AR,JMBS,2024-9-5,True,False
John Boozman,Republican,Senate,AR,IVV,2024-9-5,True,False
John Boozman,Republican,Senate,AR,IEF,2024-9-5,True,False
John Boozman,Republican,Senate,AR,SHY,2024-9-5,True,False
John Boozman,Republican,Senate,AR,TLH,2024-9-5,True,False
John Boozman,Republican,Senate,AR,CMBS,2024-9-5,True,False
John Boozman,Republican,Senate,AR,IEI,2024-9-5,True,False
John Boozman,Republican,Senate,AR,TLT,2024-9-5,True,False
John Boozman,Republican,Senate,AR,MBB,2024-9-5,True,False
John Boozman,Republican,Senate,AR,AGZ,2024-9-5,True,False
John Boozman,Republican,Senate,AR,TBLL,2024-9-5,True,False
John Boozman,Republican,Senate,AR,GIGB,2024-9-5,True,False
John Boozman,Republican,Senate,AR,FTGC,2024-9-5,True,False
John Boozman,Republican,Senate,AR,PPLT,2024-9-5,True,False
John Boozman,Republican,Senate,AR,PALL,2024-9-5,True,False
Rudy Yakym,Republican,House,IN,N/A,2024-10-14,True,False
Rudy Yakym,Republican,House,IN,N/A,2024-10-14,True,False
Scott Peters,Democrat,House,CA,N/A,2024-9-18,True,False
Scott Peters,Democrat,House,CA,N/A,2024-9-19,True,False
Scott Peters,Democrat,House,CA,N/A,2024-9-9,True,False
Scott Peters,Democrat,House,CA,N/A,2024-9-10,True,False
Scott Peters,Democrat,House,CA,N/A,2024-9-8,True,False
Scott Peters,Democrat,House,CA,N/A,2024-9-26,True,False
Scott Peters,Democrat,House,CA,N/A,2024-9-2,False,True
Kevin Hern,Republican,House,OK,C,2024-9-22,False,True
Richard Blumenthal,Democrat,Senate,CT,N/A,2024-9-1,True,False
Richard Blumenthal,Democrat,Senate,CT,N/A,2024-9-8,True,False
Richard Blumenthal,Democrat,Senate,CT,N/A,2024-9-16,True,False
Richard Blumenthal,Democrat,Senate,CT,N/A,2024-9-8,True,False
Richard Blumenthal,Democrat,Senate,CT,N/A,2024-9-8,True,False
Mike Kelly,Republican,House,PA,N/A,2024-9-22,True,False
Thomas Kean Jr,Republican,House,NJ,AMTM,2024-9-29,False,False
Thomas Kean Jr,Republican,House,NJ,AMTM,2024-9-29,False,False
Thomas Kean Jr,Republican,House,NJ,AMTM,2024-9-29,False,False
Thomas Kean Jr,Republican,House,NJ,AMTM,2024-9-29,False,False
Thomas Kean Jr,Republican,House,NJ,J,2024-9-29,False,False
Thomas Kean Jr,Republican,House,NJ,J,2024-9-29,False,False
Thomas Kean Jr,Republican,House,NJ,J,2024-9-29,False,False
Thomas Kean Jr,Republican,House,NJ,J,2024-9-29,False,False
Thomas Kean Jr,Republican,House,NJ,J,2024-9-29,False,False
Thomas Kean Jr,Republican,House,NJ,J,2024-9-29,False,False
Thomas Kean Jr,Republican,House,NJ,J,2024-9-29,False,False
Thomas Kean Jr,Republican,House,NJ,J,2024-9-29,False,False
Thomas Kean Jr,Republican,House,NJ,LSXMA,2024-9-9,False,False
Thomas Kean Jr,Republican,House,NJ,LSXMA,2024-9-9,False,False
Thomas Kean Jr,Republican,House,NJ,NKE,2024-9-10,False,True
Thomas Kean Jr,Republican,House,NJ,SIRI,2024-9-9,False,False
Scott Franklin,Republican,House,FL,ADP,2024-9-23,True,False
Scott Franklin,Republican,House,FL,ADP,2024-9-23,True,False
Scott Franklin,Republican,House,FL,ITW,2024-9-24,True,False
Scott Franklin,Republican,House,FL,ITW,2024-9-24,True,False
John Hickenlooper,Democrat,Senate,CO,LSXMA,2024-9-8,False,False
John Hickenlooper,Democrat,Senate,CO,LSXMA,2024-9-5,False,True
John Hickenlooper,Democrat,Senate,CO,CMG,2024-9-11,False,True
John Hickenlooper,Democrat,Senate,CO,SIRI,2024-9-8,False,False
Greg Landsman,Democrat,House,OH,FANG,2024-9-9,False,True
Greg Landsman,Democrat,House,OH,NEE,2024-9-9,True,False
Michael McCaul,Republican,House,TX,ARMK,2024-9-19,True,False
Michael McCaul,Republican,House,TX,N/A,2024-9-5,True,False
Michael McCaul,Republican,House,TX,HWM,2024-9-15,True,False
Michael McCaul,Republican,House,TX,N/A,2024-9-16,True,False
Michael McCaul,Republican,House,TX,GEV,2024-9-15,True,False
Michael McCaul,Republican,House,TX,WDAY,2024-9-22,True,False
Michael McCaul,Republican,House,TX,N/A,2024-9-22,True,False
Michael McCaul,Republican,House,TX,MSDA,2024-9-24,True,False
Michael McCaul,Republican,House,TX,N/A,2024-9-19,True,False
Michael McCaul,Republican,House,TX,WDAY,2024-9-12,True,False
Michael McCaul,Republican,House,TX,CNM,2024-9-9,True,False
Michael McCaul,Republican,House,TX,N/A,2024-9-24,True,False
Michael McCaul,Republican,House,TX,N/A,2024-9-18,True,False
Michael McCaul,Republican,House,TX,N/A,2024-9-11,True,False
Michael McCaul,Republican,House,TX,N/A,2024-9-15,True,False
Michael McCaul,Republican,House,TX,N/A,2024-9-2,False,True
Michael McCaul,Republican,House,TX,N/A,2024-9-18,False,True
Michael McCaul,Republican,House,TX,GEV,2024-9-24,False,True
Michael McCaul,Republican,House,TX,N/A,2024-9-17,False,True
Michael McCaul,Republican,House,TX,N/A,2024-9-9,False,True
Michael McCaul,Republican,House,TX,BJ,2024-9-5,False,True
Michael McCaul,Republican,House,TX,N/A,2024-9-2,False,True
Michael McCaul,Republican,House,TX,GOOGL,2024-9-15,False,True
Michael McCaul,Republican,House,TX,GPN,2024-9-18,True,False
Michael McCaul,Republican,House,TX,INTC,2024-9-18,True,False
Michael McCaul,Republican,House,TX,MUR,2024-9-29,True,False
Michael McCaul,Republican,House,TX,CVX,2024-9-29,True,False
Michael McCaul,Republican,House,TX,SUI,2024-9-29,False,True
Michael McCaul,Republican,House,TX,AIG,2024-9-18,False,True
Michael McCaul,Republican,House,TX,VWLUX,2024-9-2,False,True
Michael McCaul,Republican,House,TX,ARMK,2024-9-19,True,False
Michael McCaul,Republican,House,TX,N/A,2024-9-5,True,False
Michael McCaul,Republican,House,TX,HWM,2024-9-15,True,False
Michael McCaul,Republican,House,TX,MSDA,2024-9-24,True,False
Michael McCaul,Republican,House,TX,N/A,2024-9-19,True,False
Michael McCaul,Republican,House,TX,N/A,2024-9-16,True,False
Michael McCaul,Republican,House,TX,GEV,2024-9-15,True,False
Michael McCaul,Republican,House,TX,WDAY,2024-9-22,True,False
Michael McCaul,Republican,House,TX,N/A,2024-9-22,True,False
Michael McCaul,Republican,House,TX,WDAY,2024-9-12,True,False
Michael McCaul,Republican,House,TX,CNM,2024-9-9,True,False
Michael McCaul,Republican,House,TX,N/A,2024-9-24,True,False
Michael McCaul,Republican,House,TX,N/A,2024-9-18,True,False
Michael McCaul,Republican,House,TX,N/A,2024-9-11,True,False
Michael McCaul,Republican,House,TX,N/A,2024-9-15,True,False
Michael McCaul,Republican,House,TX,N/A,2024-9-2,False,True
Michael McCaul,Republican,House,TX,N/A,2024-9-18,False,True
Michael McCaul,Republican,House,TX,GEV,2024-9-24,False,True
Michael McCaul,Republican,House,TX,N/A,2024-9-17,False,True
Michael McCaul,Republican,House,TX,N/A,2024-9-9,False,True
Michael McCaul,Republican,House,TX,BJ,2024-9-5,False,True
Michael McCaul,Republican,House,TX,N/A,2024-9-2,False,True
Michael McCaul,Republican,House,TX,GOOGL,2024-9-15,False,True
Michael McCaul,Republican,House,TX,GPN,2024-9-18,False,True
Michael McCaul,Republican,House,TX,INTC,2024-9-18,True,False
Michael McCaul,Republican,House,TX,MUR,2024-9-29,True,False
Michael McCaul,Republican,House,TX,CVX,2024-9-29,True,False
Michael McCaul,Republican,House,TX,SUI,2024-9-29,False,True
Michael McCaul,Republican,House,TX,AIG,2024-9-18,False,True
Michael McCaul,Republican,House,TX,VWLUX,2024-9-2,True,False
Michael McCaul,Republican,House,TX,N/A,2024-9-22,True,False
Jonathan Jackson,Democrat,House,IL,ARMK,2024-9-18,True,False
Jonathan Jackson,Democrat,House,IL,GD,2024-9-23,True,False
Jonathan Jackson,Democrat,House,IL,MRK,2024-9-23,False,True
Jonathan Jackson,Democrat,House,IL,AES,2024-9-18,False,True
Gerry Connolly,Democrat,House,VA,LDOS,2024-10-9,False,True
Gerry Connolly,Democrat,House,VA,SAIC,2024-10-9,False,True
Lloyd Doggett,Democrat,House,TX,HD,2024-9-11,True,False
Lloyd Doggett,Democrat,House,TX,IBM,2024-9-9,True,False
Lloyd Doggett,Democrat,House,TX,JNJ,2024-9-9,True,False
Lloyd Doggett,Democrat,House,TX,PPG,2024-9-11,True,False
Sheldon Whitehouse,Democrat,Senate,RI,AMGN,2024-9-16,False,True
Marjorie Taylor Greene,Republican,House,GA,N/A,2024-10-8,True,False
Marjorie Taylor Greene,Republican,House,GA,AMAT,2024-10-3,True,False
Marjorie Taylor Greene,Republican,House,GA,N/A,2024-10-3,True,False
Marjorie Taylor Greene,Republican,House,GA,COST,2024-10-3,True,False
Marjorie Taylor Greene,Republican,House,GA,DELL,2024-10-3,True,False
Marjorie Taylor Greene,Republican,House,GA,FDX,2024-10-3,True,False
Marjorie Taylor Greene,Republican,House,GA,JPM,2024-10-3,True,False
Marjorie Taylor Greene,Republican,House,GA,LRCX,2024-10-3,True,False
Marjorie Taylor Greene,Republican,House,GA,META,2024-10-3,True,False
Marjorie Taylor Greene,Republican,House,GA,N/A,2024-10-3,True,False
Marjorie Taylor Greene,Republican,House,GA,V,2024-10-3,True,False
Earl Blumenauer,Democrat,House,OR,TGT,2024-9-25,True,False
Earl Blumenauer,Democrat,House,OR,TGT,2024-9-25,False,True
Earl Blumenauer,Democrat,House,OR,N/A,2024-9-12,True,False
Earl Blumenauer,Democrat,House,OR,N/A,2024-9-26,True,False
Earl Blumenauer,Democrat,House,OR,N/A,2024-9-26,True,False
Earl Blumenauer,Democrat,House,OR,VTR,2024-9-18,False,True
Ro Khanna,Democrat,House,CA,8376923Z,2024-9-11,True,False
Ro Khanna,Democrat,House,CA,BNPQY,2024-9-2,True,False
Ro Khanna,Democrat,House,CA,CM,2024-9-3,True,False
Ro Khanna,Democrat,House,CA,8376923Z,2024-9-9,True,False
Ro Khanna,Democrat,House,CA,MLM,2024-9-4,True,False
Ro Khanna,Democrat,House,CA,ACN,2024-9-19,True,False
Ro Khanna,Democrat,House,CA,AON,2024-9-5,True,False
Ro Khanna,Democrat,House,CA,AON,2024-9-19,True,False
Ro Khanna,Democrat,House,CA,AON,2024-9-29,True,False
Ro Khanna,Democrat,House,CA,AON,2024-9-10,True,False
Ro Khanna,Democrat,House,CA,AON,2024-9-18,True,False
Ro Khanna,Democrat,House,CA,AON,2024-9-23,True,False
Ro Khanna,Democrat,House,CA,ACN,2024-9-19,True,False
Ro Khanna,Democrat,House,CA,NI,2024-9-2,True,False
Ro Khanna,Democrat,House,CA,AL,2024-9-17,True,False
Ro Khanna,Democrat,House,CA,NVR,2024-9-12,False,True
Ro Khanna,Democrat,House,CA,ALL,2024-9-8,False,True
Ro Khanna,Democrat,House,CA,SYK,2024-9-12,False,True
Ro Khanna,Democrat,House,CA,PEP,2024-9-22,False,True
Ro Khanna,Democrat,House,CA,PEP,2024-9-29,False,True
Ro Khanna,Democrat,House,CA,PEP,2024-9-19,False,True
Ro Khanna,Democrat,House,CA,PEP,2024-9-26,False,True
Ro Khanna,Democrat,House,CA,C,2024-9-11,True,False
Ro Khanna,Democrat,House,CA,MU,2024-9-26,True,False
Ro Khanna,Democrat,House,CA,N/A,2024-9-19,True,False
Ro Khanna,Democrat,House,CA,SBUX,2024-9-11,False,True
Ro Khanna,Democrat,House,CA,SBUX,2024-9-5,False,True
Ro Khanna,Democrat,House,CA,GPK,2024-9-24,False,True
Ro Khanna,Democrat,House,CA,ALL,2024-9-8,False,True
Ro Khanna,Democrat,House,CA,BNS,2024-9-11,True,False
Ro Khanna,Democrat,House,CA,ADBE,2024-9-8,True,False
Ro Khanna,Democrat,House,CA,MRK,2024-9-8,True,False
Ro Khanna,Democrat,House,CA,INTC,2024-9-8,True,False
Ro Khanna,Democrat,House,CA,SCHW,2024-9-8,True,False
Ro Khanna,Democrat,House,CA,NKE,2024-9-8,True,False
Ro Khanna,Democrat,House,CA,LRCX,2024-9-8,True,False
Ro Khanna,Democrat,House,CA,UPS,2024-9-8,True,False
Ro Khanna,Democrat,House,CA,MCK,2024-9-8,True,False
Ro Khanna,Democrat,House,CA,SNPS,2024-9-8,True,False
Ro Khanna,Democrat,House,CA,N/A,2024-9-8,True,False
Ro Khanna,Democrat,House,CA,ABNB,2024-9-8,True,False
Ro Khanna,Democrat,House,CA,ALGN,2024-9-8,True,False
Ro Khanna,Democrat,House,CA,FTV,2024-9-8,True,False
Ro Khanna,Democrat,House,CA,CCL,2024-9-8,True,False
Ro Khanna,Democrat,House,CA,BEN,2024-9-8,True,False
Ro Khanna,Democrat,House,CA,F,2024-9-8,True,False
Ro Khanna,Democrat,House,CA,RF,2024-9-8,True,False
Ro Khanna,Democrat,House,CA,UBER,2024-9-8,True,False
Ro Khanna,Democrat,House,CA,DXCM,2024-9-8,True,False
Ro Khanna,Democrat,House,CA,LKQ,2024-9-8,True,False
Ro Khanna,Democrat,House,CA,DLTR,2024-9-8,True,False
Ro Khanna,Democrat,House,CA,EW,2024-9-8,True,False
Ro Khanna,Democrat,House,CA,MTB,2024-9-8,True,False
Ro Khanna,Democrat,House,CA,STZ,2024-9-8,True,False
Ro Khanna,Democrat,House,CA,ALB,2024-9-8,True,False
Ro Khanna,Democrat,House,CA,CRM,2024-9-8,False,True
Ro Khanna,Democrat,House,CA,NTAP,2024-9-8,False,True
Ro Khanna,Democrat,House,CA,CE,2024-9-8,False,True
Ro Khanna,Democrat,House,CA,PNC,2024-9-8,False,True
Ro Khanna,Democrat,House,CA,GPC,2024-9-8,False,True
Ro Khanna,Democrat,House,CA,CMG,2024-9-8,False,True
Ro Khanna,Democrat,House,CA,PTC,2024-9-8,False,True
Ro Khanna,Democrat,House,CA,CNC,2024-9-8,False,True
Ro Khanna,Democrat,House,CA,DG,2024-9-8,False,True
Ro Khanna,Democrat,House,CA,NXPI,2024-9-8,False,True
Ro Khanna,Democrat,House,CA,BLK,2024-9-8,False,True
Ro Khanna,Democrat,House,CA,NVDA,2024-9-8,False,True
Ro Khanna,Democrat,House,CA,CTAS,2024-9-8,False,True
Ro Khanna,Democrat,House,CA,BKNG,2024-9-8,False,True
Ro Khanna,Democrat,House,CA,ON,2024-9-8,False,True
Ro Khanna,Democrat,House,CA,N/A,2024-9-8,False,True
Ro Khanna,Democrat,House,CA,FSLR,2024-9-8,False,True
Ro Khanna,Democrat,House,CA,MRNA,2024-9-8,False,True
Ro Khanna,Democrat,House,CA,WST,2024-9-8,False,True
Ro Khanna,Democrat,House,CA,BIIB,2024-9-8,False,True
Ro Khanna,Democrat,House,CA,AIG,2024-9-8,False,True
Ro Khanna,Democrat,House,CA,PCAR,2024-9-8,False,True
Ro Khanna,Democrat,House,CA,LULU,2024-9-8,False,True
Ro Khanna,Democrat,House,CA,MNST,2024-9-8,False,True
Ro Khanna,Democrat,House,CA,FMC,2024-9-8,False,True
Ro Khanna,Democrat,House,CA,FAST,2024-9-8,False,True
Ro Khanna,Democrat,House,CA,DAL,2024-9-8,False,True
Ro Khanna,Democrat,House,CA,MLM,2024-9-8,False,True
Ro Khanna,Democrat,House,CA,CDNS,2024-9-8,False,True
Ro Khanna,Democrat,House,CA,WBD,2024-9-8,False,True
Ro Khanna,Democrat,House,CA,AMD,2024-9-8,False,True
Ro Khanna,Democrat,House,CA,MAR,2024-9-8,False,True
Ro Khanna,Democrat,House,CA,META,2024-9-8,False,True
Ro Khanna,Democrat,House,CA,BBWI,2024-9-8,False,True
Ro Khanna,Democrat,House,CA,DIS,2024-9-8,False,True
Ro Khanna,Democrat,House,CA,8376923Z,2024-9-11,True,False
Ro Khanna,Democrat,House,CA,CM,2024-9-11,True,False
Ro Khanna,Democrat,House,CA,CRM,2024-9-8,True,False
Ro Khanna,Democrat,House,CA,TSLA,2024-9-8,True,False
Ro Khanna,Democrat,House,CA,INTC,2024-9-8,True,False
Ro Khanna,Democrat,House,CA,N/A,2024-9-19,True,False
Ro Khanna,Democrat,House,CA,AMZN,2024-9-8,True,False
Ro Khanna,Democrat,House,CA,CVS,2024-9-8,True,False
Ro Khanna,Democrat,House,CA,MU,2024-9-5,True,False
Ro Khanna,Democrat,House,CA,IBM,2024-9-8,True,False
Ro Khanna,Democrat,House,CA,N/A,2024-9-25,True,False
Ro Khanna,Democrat,House,CA,SBUX,2024-9-8,True,False
Ro Khanna,Democrat,House,CA,AMGN,2024-9-8,True,False
Ro Khanna,Democrat,House,CA,REGN,2024-9-8,True,False
Ro Khanna,Democrat,House,CA,VRTX,2024-9-8,True,False
Ro Khanna,Democrat,House,CA,EXC,2024-9-8,True,False
Ro Khanna,Democrat,House,CA,MU,2024-9-16,True,False
Ro Khanna,Democrat,House,CA,EL,2024-9-8,True,False
Ro Khanna,Democrat,House,CA,ELAN,2024-9-25,True,False
Ro Khanna,Democrat,House,CA,CI,2024-9-8,True,False
Ro Khanna,Democrat,House,CA,NCR,2024-9-26,True,False
Ro Khanna,Democrat,House,CA,MRK,2024-9-8,True,False
Ro Khanna,Democrat,House,CA,MCK,2024-9-8,True,False
Ro Khanna,Democrat,House,CA,CDAY,2024-9-8,True,False
Ro Khanna,Democrat,House,CA,LULU,2024-9-8,True,False
Ro Khanna,Democrat,House,CA,STZ,2024-9-2,True,False
Ro Khanna,Democrat,House,CA,CDNS,2024-9-8,True,False
Ro Khanna,Democrat,House,CA,DXCM,2024-9-8,True,False
Ro Khanna,Democrat,House,CA,DG,2024-9-8,True,False
Ro Khanna,Democrat,House,CA,PAYC,2024-9-8,True,False
Ro Khanna,Democrat,House,CA,ON,2024-9-8,True,False
Ro Khanna,Democrat,House,CA,PARA,2024-9-8,True,False
Ro Khanna,Democrat,House,CA,WBD,2024-9-8,True,False
Ro Khanna,Democrat,House,CA,BF/A,2024-9-8,True,False
Ro Khanna,Democrat,House,CA,DNB,2024-9-12,True,False
Ro Khanna,Democrat,House,CA,SNPS,2024-9-8,True,False
Ro Khanna,Democrat,House,CA,DIS,2024-9-8,True,False
Ro Khanna,Democrat,House,CA,ALGN,2024-9-8,True,False
Ro Khanna,Democrat,House,CA,WBA,2024-9-8,True,False
Ro Khanna,Democrat,House,CA,MRNA,2024-9-8,True,False
Ro Khanna,Democrat,House,CA,NCR,2024-9-11,True,False
Ro Khanna,Democrat,House,CA,DNB,2024-9-8,True,False
Ro Khanna,Democrat,House,CA,GPK,2024-9-24,False,True
Ro Khanna,Democrat,House,CA,NVDA,2024-9-8,False,True
Ro Khanna,Democrat,House,CA,CSCO,2024-9-8,False,True
Ro Khanna,Democrat,House,CA,CMCSA,2024-9-8,False,True
Ro Khanna,Democrat,House,CA,BDX,2024-9-8,False,True
Ro Khanna,Democrat,House,CA,DLR,2024-9-8,False,True
Ro Khanna,Democrat,House,CA,CRI,2024-9-2,False,True
Ro Khanna,Democrat,House,CA,CHTR,2024-9-8,False,True
Ro Khanna,Democrat,House,CA,CNC,2024-9-8,False,True
Ro Khanna,Democrat,House,CA,MNST,2024-9-8,False,True
Ro Khanna,Democrat,House,CA,PTC,2024-9-8,False,True
Ro Khanna,Democrat,House,CA,DTE,2024-9-8,False,True
Ro Khanna,Democrat,House,CA,MOH,2024-9-8,False,True
Ro Khanna,Democrat,House,CA,AES,2024-9-8,False,True
Ro Khanna,Democrat,House,CA,DHR,2024-9-8,False,True
Ro Khanna,Democrat,House,CA,ACN,2024-9-8,False,True
Ro Khanna,Democrat,House,CA,ABNB,2024-9-8,False,True
Ro Khanna,Democrat,House,CA,DLTR,2024-9-8,False,True
Ro Khanna,Democrat,House,CA,INTU,2024-9-8,False,True
Ro Khanna,Democrat,House,CA,WST,2024-9-8,False,True
Ro Khanna,Democrat,House,CA,AVTR,2024-9-9,False,True
Ro Khanna,Democrat,House,CA,EQIX,2024-9-8,False,True
Ro Khanna,Democrat,House,CA,MA,2024-9-8,False,True
Ro Khanna,Democrat,House,CA,CE,2024-9-8,False,True
Ro Khanna,Democrat,House,CA,QCOM,2024-9-8,False,True
Ro Khanna,Democrat,House,CA,VRSN,2024-9-8,False,True
Ro Khanna,Democrat,House,CA,HRL,2024-9-8,False,True
Ro Khanna,Democrat,House,CA,FCX,2024-9-8,False,True
Ro Khanna,Democrat,House,CA,ADM,2024-9-8,False,True
Ro Khanna,Democrat,House,CA,AMD,2024-9-8,False,True
Ro Khanna,Democrat,House,CA,AIG,2024-9-8,False,True
Ro Khanna,Democrat,House,CA,TEL,2024-9-8,False,True
Ro Khanna,Democrat,House,CA,INCY,2024-9-8,False,True
Ro Khanna,Democrat,House,CA,ETSY,2024-9-8,False,True
Ro Khanna,Democrat,House,CA,CSGP,2024-9-8,False,True
Ro Khanna,Democrat,House,CA,GOOGL,2024-9-8,False,True
Ro Khanna,Democrat,House,CA,EPAM,2024-9-8,False,True
Ro Khanna,Democrat,House,CA,HSIC,2024-9-8,False,True
Ro Khanna,Democrat,House,CA,DOW,2024-9-8,False,True
Ro Khanna,Democrat,House,CA,BIIB,2024-9-8,False,True
Ro Khanna,Democrat,House,CA,ALB,2024-9-8,False,True
Ro Khanna,Democrat,House,CA,NKE,2024-9-8,False,True
Ro Khanna,Democrat,House,CA,WAT,2024-9-8,False,True
Ro Khanna,Democrat,House,CA,CM,2024-9-11,True,False
Ro Khanna,Democrat,House,CA,N/A,2024-9-19,True,False
Ro Khanna,Democrat,House,CA,NKE,2024-9-8,True,False
Ro Khanna,Democrat,House,CA,VRTX,2024-9-8,True,False
Ro Khanna,Democrat,House,CA,IBM,2024-9-8,True,False
Ro Khanna,Democrat,House,CA,ST,2024-9-16,True,False
Ro Khanna,Democrat,House,CA,MU,2024-9-5,True,False
Ro Khanna,Democrat,House,CA,AMZN,2024-9-8,True,False
Ro Khanna,Democrat,House,CA,ROP,2024-9-8,True,False
Ro Khanna,Democrat,House,CA,JPM,2024-9-8,True,False
Ro Khanna,Democrat,House,CA,UPS,2024-9-8,True,False
Ro Khanna,Democrat,House,CA,LULU,2024-9-8,True,False
Ro Khanna,Democrat,House,CA,N/A,2024-9-25,True,False
Ro Khanna,Democrat,House,CA,LRCX,2024-9-8,True,False
Ro Khanna,Democrat,House,CA,AMGN,2024-9-8,True,False
Ro Khanna,Democrat,House,CA,REGN,2024-9-8,True,False
Ro Khanna,Democrat,House,CA,ELAN,2024-9-25,True,False
Ro Khanna,Democrat,House,CA,GOOGL,2024-9-8,True,False
Ro Khanna,Democrat,House,CA,FTNT,2024-9-8,True,False
Ro Khanna,Democrat,House,CA,MCHP,2024-9-8,True,False
Ro Khanna,Democrat,House,CA,N/A,2024-9-8,True,False
Ro Khanna,Democrat,House,CA,ON,2024-9-8,True,False
Ro Khanna,Democrat,House,CA,INTC,2024-9-8,True,False
Ro Khanna,Democrat,House,CA,MU,2024-9-16,True,False
Ro Khanna,Democrat,House,CA,BKNG,2024-9-8,True,False
Ro Khanna,Democrat,House,CA,NCR,2024-9-26,True,False
Ro Khanna,Democrat,House,CA,DNB,2024-9-12,True,False
Ro Khanna,Democrat,House,CA,ANSS,2024-9-8,True,False
Ro Khanna,Democrat,House,CA,MRNA,2024-9-8,True,False
Ro Khanna,Democrat,House,CA,WST,2024-9-8,True,False
Ro Khanna,Democrat,House,CA,ADBE,2024-9-8,True,False
Ro Khanna,Democrat,House,CA,ALB,2024-9-8,True,False
Ro Khanna,Democrat,House,CA,PNC,2024-9-8,True,False
Ro Khanna,Democrat,House,CA,DLTR,2024-9-8,True,False
Ro Khanna,Democrat,House,CA,CRM,2024-9-8,True,False
Ro Khanna,Democrat,House,CA,EW,2024-9-8,True,False
Ro Khanna,Democrat,House,CA,AMAT,2024-9-8,True,False
Ro Khanna,Democrat,House,CA,ENPH,2024-9-8,True,False
Ro Khanna,Democrat,House,CA,EL,2024-9-8,True,False
Ro Khanna,Democrat,House,CA,LKQ,2024-9-8,True,False
Ro Khanna,Democrat,House,CA,MCK,2024-9-8,True,False
Ro Khanna,Democrat,House,CA,LW,2024-9-8,True,False
Ro Khanna,Democrat,House,CA,STZ,2024-9-8,True,False
Ro Khanna,Democrat,House,CA,DXCM,2024-9-8,True,False
Ro Khanna,Democrat,House,CA,PAYC,2024-9-8,True,False
Ro Khanna,Democrat,House,CA,WFC,2024-9-8,True,False
Ro Khanna,Democrat,House,CA,MAR,2024-9-8,True,False
Ro Khanna,Democrat,House,CA,ALGN,2024-9-8,True,False
Ro Khanna,Democrat,House,CA,ING,2024-9-12,True,False
Ro Khanna,Democrat,House,CA,CSCO,2024-9-8,True,False
Ro Khanna,Democrat,House,CA,ROK,2024-9-8,True,False
Ro Khanna,Democrat,House,CA,NCR,2024-9-11,True,False
Ro Khanna,Democrat,House,CA,DNB,2024-9-8,True,False
Ro Khanna,Democrat,House,CA,USB,2024-9-8,True,False
Ro Khanna,Democrat,House,CA,XSP,2024-9-5,True,False
Ro Khanna,Democrat,House,CA,FLEX,2024-9-12,True,False
Ro Khanna,Democrat,House,CA,FLEX,2024-9-12,True,False
Ro Khanna,Democrat,House,CA,XSP,2024-9-5,False,True
Ro Khanna,Democrat,House,CA,XSP,2024-9-5,False,True
Ro Khanna,Democrat,House,CA,XSP,2024-9-22,False,True
Ro Khanna,Democrat,House,CA,XSP,2024-9-16,False,True
Ro Khanna,Democrat,House,CA,SBUX,2024-9-8,False,True
Ro Khanna,Democrat,House,CA,SBUX,2024-9-11,False,True
Ro Khanna,Democrat,House,CA,BAC,2024-9-8,False,True
Ro Khanna,Democrat,House,CA,PEP,2024-9-8,False,True
Ro Khanna,Democrat,House,CA,DIS,2024-9-8,False,True
Ro Khanna,Democrat,House,CA,SNPS,2024-9-8,False,True
Ro Khanna,Democrat,House,CA,CDNS,2024-9-8,False,True
Ro Khanna,Democrat,House,CA,SBUX,2024-9-4,False,True
Ro Khanna,Democrat,House,CA,SBUX,2024-9-5,False,True
Ro Khanna,Democrat,House,CA,AVGO,2024-9-8,False,True
Ro Khanna,Democrat,House,CA,MRK,2024-9-8,False,True
Ro Khanna,Democrat,House,CA,CRI,2024-9-2,False,True
Ro Khanna,Democrat,House,CA,MSFT,2024-9-8,False,True
Ro Khanna,Democrat,House,CA,DHR,2024-9-8,False,True
Ro Khanna,Democrat,House,CA,TMO,2024-9-8,False,True
Ro Khanna,Democrat,House,CA,GPK,2024-9-24,False,True
Ro Khanna,Democrat,House,CA,FDX,2024-9-8,False,True
Ro Khanna,Democrat,House,CA,AVTR,2024-9-9,False,True
Ro Khanna,Democrat,House,CA,ABNB,2024-9-8,False,True
Ro Khanna,Democrat,House,CA,INCY,2024-9-8,False,True
Ro Khanna,Democrat,House,CA,BDX,2024-9-8,False,True
Ro Khanna,Democrat,House,CA,DECK,2024-9-8,False,True
Ro Khanna,Democrat,House,CA,NVDA,2024-9-8,False,True
Ro Khanna,Democrat,House,CA,MNST,2024-9-8,False,True
Ro Khanna,Democrat,House,CA,MOH,2024-9-8,False,True
Ro Khanna,Democrat,House,CA,ADSK,2024-9-8,False,True
Ro Khanna,Democrat,House,CA,INTU,2024-9-8,False,True
Ro Khanna,Democrat,House,CA,ORCL,2024-9-8,False,True
Ro Khanna,Democrat,House,CA,CMCSA,2024-9-8,False,True
Ro Khanna,Democrat,House,CA,CVS,2024-9-8,False,True
Ro Khanna,Democrat,House,CA,MLM,2024-9-8,False,True
Ro Khanna,Democrat,House,CA,PTC,2024-9-8,False,True
Ro Khanna,Democrat,House,CA,CNC,2024-9-8,False,True
Ro Khanna,Democrat,House,CA,FCX,2024-9-8,False,True
Ro Khanna,Democrat,House,CA,QCOM,2024-9-8,False,True
Ro Khanna,Democrat,House,CA,NXPI,2024-9-8,False,True
Ro Khanna,Democrat,House,CA,MU,2024-9-8,False,True
Ro Khanna,Democrat,House,CA,DLR,2024-9-8,False,True
Ro Khanna,Democrat,House,CA,CPRT,2024-9-8,False,True
Ro Khanna,Democrat,House,CA,TEL,2024-9-8,False,True
Ro Khanna,Democrat,House,CA,ETSY,2024-9-8,False,True
Ro Khanna,Democrat,House,CA,TROW,2024-9-8,False,True
Ro Khanna,Democrat,House,CA,BIIB,2024-9-8,False,True
Ro Khanna,Democrat,House,CA,WBA,2024-9-8,False,True
Ro Khanna,Democrat,House,CA,ADM,2024-9-8,False,True
Ro Khanna,Democrat,House,CA,PANW,2024-9-8,False,True
Ro Khanna,Democrat,House,CA,MLM,2024-9-5,True,False
Ro Khanna,Democrat,House,CA,AON,2024-9-18,True,False
Ro Khanna,Democrat,House,CA,ACN,2024-9-19,True,False
Ro Khanna,Democrat,House,CA,AL,2024-9-16,True,False
Ro Khanna,Democrat,House,CA,AON,2024-9-4,True,False
Ro Khanna,Democrat,House,CA,AON,2024-9-23,True,False
Ro Khanna,Democrat,House,CA,AON,2024-9-19,True,False
