Name,Party,Chamber,State,Ticker,Date,Buy,Sell
Chris Jacobs,Republican,House,NY,IMVT,2022-11-7,True,False
Chris Jacobs,Republican,House,NY,HLX,2022-11-7,True,False
Chris Jacobs,Republican,House,NY,HP,2022-11-7,True,False
Chris Jacobs,Republican,House,NY,HD,2022-11-7,False,True
Chris Jacobs,Republican,House,NY,JNJ,2022-11-7,True,False
Chris Jacobs,Republican,House,NY,JPM,2022-11-7,True,False
Chris Jacobs,Republican,House,NY,KOD,2022-11-7,False,True
Chris Jacobs,Republican,House,NY,OCGN,2022-11-7,False,True
Chris Jacobs,Republican,House,NY,DOC,2022-11-7,False,True
Chris Jacobs,Republican,House,NY,PLUG,2022-11-7,False,True
Chris Jacobs,Republican,House,NY,RLMD,2022-11-7,True,False
Chris Jacobs,Republican,House,NY,SBRA,2022-11-7,False,True
Chris Jacobs,Republican,House,NY,N/A,2022-11-14,False,True
Chris Jacobs,Republican,House,NY,SI,2022-11-7,False,True
Chris Jacobs,Republican,House,NY,TELL,2022-11-7,False,True
Chris Jacobs,Republican,House,NY,UEC,2022-11-7,True,False
Chris Jacobs,Republican,House,NY,PCVX,2022-11-7,True,False
Chuck Fleischmann,Republican,House,TN,PARMX,2022-11-17,True,False
Chuck Fleischmann,Republican,House,TN,TWLO,2022-11-27,False,True
Pete Sessions,Republican,House,TX,N/A,2022-12-8,True,False
Tom Carper,Democrat,Senate,DE,WIW,2022-11-28,False,True
Tom Carper,Democrat,Senate,DE,GBIL,2022-11-28,True,False
Tom Carper,Democrat,Senate,DE,WIW,2022-11-28,False,True
Tom Carper,Democrat,Senate,DE,GBIL,2022-11-28,True,False
Tom Carper,Democrat,Senate,DE,N/A,2022-11-28,False,True
Tom Carper,Democrat,Senate,DE,WIW,2022-11-14,False,True
Tom Carper,Democrat,Senate,DE,GBIL,2022-11-14,True,False
Tom Carper,Democrat,Senate,DE,LUBFX,2022-11-7,False,True
Tom Carper,Democrat,Senate,DE,WIW,2022-11-7,False,True
Tom Carper,Democrat,Senate,DE,LDP,2022-11-7,False,True
Tom Carper,Democrat,Senate,DE,GBIL,2022-11-7,True,False
Rob Wittman,Republican,House,VA,AMZN,2022-11-17,True,False
Rob Wittman,Republican,House,VA,AAPL,2022-11-16,True,False
Rob Wittman,Republican,House,VA,FLJP,2022-11-16,True,False
Rob Wittman,Republican,House,VA,KBWB,2022-11-16,True,False
Rob Wittman,Republican,House,VA,QQQ,2022-11-16,False,True
Rob Wittman,Republican,House,VA,HEFA,2022-11-16,False,True
Rob Wittman,Republican,House,VA,IGLB,2022-11-16,True,False
Rob Wittman,Republican,House,VA,TLT,2022-11-16,False,True
Rob Wittman,Republican,House,VA,IJR,2022-11-16,True,False
Rob Wittman,Republican,House,VA,EFV,2022-11-16,True,False
Rob Wittman,Republican,House,VA,IYW,2022-11-10,False,True
Rob Wittman,Republican,House,VA,MSEQX,2022-11-17,False,True
Kurt Schrader,Democrat,House,OR,MSFT,2022-11-7,True,False
Kurt Schrader,Democrat,House,OR,JPM,2022-11-7,True,False
Kurt Schrader,Democrat,House,OR,NULC,2022-11-7,False,True
Kurt Schrader,Democrat,House,OR,MGA,2022-11-7,True,False
Kurt Schrader,Democrat,House,OR,HD,2022-11-24,True,False
Kurt Schrader,Democrat,House,OR,XOM,2022-11-21,False,True
Kurt Schrader,Democrat,House,OR,PFG,2022-11-10,True,False
Kurt Schrader,Democrat,House,OR,CFJAX,2022-11-7,False,True
Kurt Schrader,Democrat,House,OR,CCVAX,2022-11-7,False,True
Kurt Schrader,Democrat,House,OR,CSX,2022-11-7,True,False
Kurt Schrader,Democrat,House,OR,TXN,2022-11-7,True,False
Kurt Schrader,Democrat,House,OR,AVGO,2022-11-7,True,False
Kurt Schrader,Democrat,House,OR,BIV,2022-11-7,True,False
Kurt Schrader,Democrat,House,OR,STX,2022-11-7,False,True
Kurt Schrader,Democrat,House,OR,BNS,2022-11-7,False,True
Kurt Schrader,Democrat,House,OR,BLK,2022-11-7,True,False
Kurt Schrader,Democrat,House,OR,FITB,2022-11-7,True,False
Kurt Schrader,Democrat,House,OR,VNQ,2022-11-7,True,False
Kurt Schrader,Democrat,House,OR,ETR,2022-11-7,True,False
Kurt Schrader,Democrat,House,OR,IVV,2022-11-7,True,False
Kurt Schrader,Democrat,House,OR,GD,2022-11-7,True,False
Kurt Schrader,Democrat,House,OR,SYF,2022-11-7,True,False
Kurt Schrader,Democrat,House,OR,AXP,2022-11-7,True,False
Kurt Schrader,Democrat,House,OR,IWB,2022-11-7,True,False
Kurt Schrader,Democrat,House,OR,HPE,2022-11-7,True,False
Kurt Schrader,Democrat,House,OR,VMBS,2022-11-7,True,False
Kurt Schrader,Democrat,House,OR,N/A,2022-11-7,True,False
Kurt Schrader,Democrat,House,OR,GOVT,2022-11-7,True,False
Kurt Schrader,Democrat,House,OR,KMI,2022-11-7,True,False
Kurt Schrader,Democrat,House,OR,JNJ,2022-11-7,True,False
Kurt Schrader,Democrat,House,OR,IWB,2022-11-7,True,False
Kurt Schrader,Democrat,House,OR,MDT,2022-11-7,True,False
Kurt Schrader,Democrat,House,OR,CCI,2022-11-7,True,False
Kurt Schrader,Democrat,House,OR,BMY,2022-11-7,False,True
Kurt Schrader,Democrat,House,OR,PEP,2022-11-7,True,False
Kurt Schrader,Democrat,House,OR,SPBO,2022-11-7,False,True
Kurt Schrader,Democrat,House,OR,BNDX,2022-11-7,True,False
Kurt Schrader,Democrat,House,OR,NULC,2022-11-7,False,True
Kurt Schrader,Democrat,House,OR,ESGD,2022-11-7,False,True
Kurt Schrader,Democrat,House,OR,CCI,2022-11-7,True,False
Kurt Schrader,Democrat,House,OR,BMY,2022-11-7,False,True
Kurt Schrader,Democrat,House,OR,PEP,2022-11-7,True,False
Kurt Schrader,Democrat,House,OR,SPBO,2022-11-7,False,True
Kurt Schrader,Democrat,House,OR,BNDX,2022-11-7,True,False
Kurt Schrader,Democrat,House,OR,NULC,2022-11-7,False,True
Kurt Schrader,Democrat,House,OR,ESGD,2022-11-7,False,True
Kurt Schrader,Democrat,House,OR,BAWAX,2022-11-7,False,True
Kurt Schrader,Democrat,House,OR,CRAIX,2022-11-7,False,True
Kurt Schrader,Democrat,House,OR,DGCAX,2022-11-7,False,True
Kurt Schrader,Democrat,House,OR,TSBRX,2022-11-7,False,True
Kurt Schrader,Democrat,House,OR,JSOAX,2022-11-7,False,True
Kurt Schrader,Democrat,House,OR,BLK,2022-11-7,False,True
Kurt Schrader,Democrat,House,OR,PRMSX,2022-11-7,True,False
Kurt Schrader,Democrat,House,OR,N/A,2022-11-7,True,False
Kurt Schrader,Democrat,House,OR,OAKIX,2022-11-7,True,False
Kurt Schrader,Democrat,House,OR,DCCIX,2022-11-7,True,False
Kurt Schrader,Democrat,House,OR,EGFIX,2022-11-7,True,False
Kurt Schrader,Democrat,House,OR,GSIHX,2022-11-7,True,False
Kurt Schrader,Democrat,House,OR,NEE,2022-11-2,True,False
Kurt Schrader,Democrat,House,OR,SLB,2022-11-14,True,False
Kurt Schrader,Democrat,House,OR,ORCL,2022-11-22,True,False
Kurt Schrader,Democrat,House,OR,AWK,2022-11-2,False,True
Kurt Schrader,Democrat,House,OR,COP,2022-11-14,False,True
Kurt Schrader,Democrat,House,OR,CTLT,2022-11-20,False,True
Kurt Schrader,Democrat,House,OR,ADBE,2022-11-22,False,True
Kurt Schrader,Democrat,House,OR,MSFT,2022-11-22,False,True
Kevin Hern,Republican,House,OK,ACN,2022-11-14,True,False
Kevin Hern,Republican,House,OK,AMP,2022-11-20,False,True
Kevin Hern,Republican,House,OK,CR,2022-11-20,False,True
Kevin Hern,Republican,House,OK,MMP,2022-11-13,True,False
Kevin Hern,Republican,House,OK,MMC,2022-11-20,False,True
Kevin Hern,Republican,House,OK,OKE,2022-11-13,True,False
Kevin Hern,Republican,House,OK,SHW,2022-11-20,False,True
Kevin Hern,Republican,House,OK,TXN,2022-11-14,True,False
Kevin Hern,Republican,House,OK,VFC,2022-11-20,False,True
Michael Burgess,Republican,House,TX,MS,2022-11-10,False,True
Michael Burgess,Republican,House,TX,SYK,2022-11-28,False,True
Michael Burgess,Republican,House,TX,DIS,2022-11-15,True,False
Michael Burgess,Republican,House,TX,DIS,2022-11-15,False,True
Jim Langevin,Democrat,House,RI,ABNB,2022-11-3,False,True
Jim Langevin,Democrat,House,RI,ABNB,2022-11-6,True,False
Jim Langevin,Democrat,House,RI,SQ,2022-10-31,True,False
Jim Langevin,Democrat,House,RI,DASH,2022-11-2,False,True
Jim Langevin,Democrat,House,RI,DASH,2022-11-3,False,True
Jim Langevin,Democrat,House,RI,GNRC,2022-11-28,True,False
Jim Langevin,Democrat,House,RI,META,2022-10-31,False,True
Jim Langevin,Democrat,House,RI,META,2022-10-31,False,True
Jim Langevin,Democrat,House,RI,META,2022-11-13,False,True
Cliff Bentz,Republican,House,OR,AGG,2022-11-20,False,True
Cindy Axne,Democrat,House,IA,AMZN,2022-11-22,True,False
Cindy Axne,Democrat,House,IA,CHD,2022-11-22,True,False
Cindy Axne,Democrat,House,IA,DHR,2022-11-22,True,False
Cindy Axne,Democrat,House,IA,DHR,2022-11-22,True,False
Ann Wagner,Republican,House,MO,N/A,2022-11-1,True,False
Fred Upton,Republican,House,MI,UAA,2022-10-30,False,True
Fred Upton,Republican,House,MI,N/A,2022-11-6,True,False
Doug Lamborn,Republican,House,CO,NTAP,2022-11-6,True,False
Doug Lamborn,Republican,House,CO,NTAP,2022-11-13,False,True
Doug Lamborn,Republican,House,CO,NTAP,2022-11-17,True,False
Doug Lamborn,Republican,House,CO,NTAP,2022-11-6,True,False
Doug Lamborn,Republican,House,CO,NTAP,2022-11-13,False,True
Doug Lamborn,Republican,House,CO,NTAP,2022-11-17,True,False
Doug Lamborn,Republican,House,CO,NTAP,2022-11-6,True,False
Doug Lamborn,Republican,House,CO,NTAP,2022-11-13,False,True
Doug Lamborn,Republican,House,CO,NTAP,2022-11-17,True,False
Doug Lamborn,Republican,House,CO,NTAP,2022-8-3,True,False
Doug Lamborn,Republican,House,CO,NTAP,2022-8-14,False,True
Doug Lamborn,Republican,House,CO,NTAP,2022-8-16,True,False
Doug Lamborn,Republican,House,CO,NTAP,2022-8-28,False,True
Doug Lamborn,Republican,House,CO,NTAP,2022-8-3,True,False
Doug Lamborn,Republican,House,CO,NTAP,2022-8-14,False,True
Doug Lamborn,Republican,House,CO,NTAP,2022-8-16,True,False
Doug Lamborn,Republican,House,CO,NTAP,2022-8-28,False,True
Doug Lamborn,Republican,House,CO,NTAP,2022-8-3,True,False
Doug Lamborn,Republican,House,CO,NTAP,2022-8-14,False,True
Doug Lamborn,Republican,House,CO,NTAP,2022-8-16,True,False
Doug Lamborn,Republican,House,CO,NTAP,2022-8-28,False,True
Ro Khanna,Democrat,House,CA,NVDA,2022-11-3,True,False
Ro Khanna,Democrat,House,CA,PG,2022-11-3,True,False
Ro Khanna,Democrat,House,CA,FRC,2022-10-31,True,False
Ro Khanna,Democrat,House,CA,LNC,2022-11-14,True,False
Ro Khanna,Democrat,House,CA,KMX,2022-11-27,True,False
Ro Khanna,Democrat,House,CA,FRC,2022-11-1,True,False
Ro Khanna,Democrat,House,CA,KMX,2022-11-6,True,False
Ro Khanna,Democrat,House,CA,KMX,2022-11-2,True,False
Ro Khanna,Democrat,House,CA,KMX,2022-11-3,True,False
Ro Khanna,Democrat,House,CA,FRC,2022-11-6,True,False
Ro Khanna,Democrat,House,CA,KMX,2022-11-15,True,False
Ro Khanna,Democrat,House,CA,KMX,2022-11-7,True,False
Ro Khanna,Democrat,House,CA,TMUS,2022-10-31,True,False
Ro Khanna,Democrat,House,CA,AAPL,2022-11-3,False,True
Ro Khanna,Democrat,House,CA,AIG,2022-11-9,False,True
Ro Khanna,Democrat,House,CA,KKR,2022-11-9,False,True
Ro Khanna,Democrat,House,CA,CVS,2022-11-3,False,True
Ro Khanna,Democrat,House,CA,GM,2022-11-9,False,True
Ro Khanna,Democrat,House,CA,APTV,2022-11-3,False,True
Ro Khanna,Democrat,House,CA,FIS,2022-10-31,False,True
Ro Khanna,Democrat,House,CA,CMCSA,2022-10-31,False,True
Ro Khanna,Democrat,House,CA,SIVBQ,2022-10-31,False,True
Ro Khanna,Democrat,House,CA,CMCSA,2022-11-1,False,True
Ro Khanna,Democrat,House,CA,FIS,2022-11-1,False,True
Ro Khanna,Democrat,House,CA,SIVBQ,2022-11-1,False,True
Ro Khanna,Democrat,House,CA,DHR,2022-11-2,False,True
Ro Khanna,Democrat,House,CA,SSNC,2022-11-16,True,False
Ro Khanna,Democrat,House,CA,ELAN,2022-11-14,True,False
Ro Khanna,Democrat,House,CA,AIG,2022-11-9,False,True
Ro Khanna,Democrat,House,CA,KKR,2022-11-9,False,True
Ro Khanna,Democrat,House,CA,URBN,2022-11-16,False,True
Ro Khanna,Democrat,House,CA,V,2022-11-1,True,False
Ro Khanna,Democrat,House,CA,MCD,2022-11-1,True,False
Ro Khanna,Democrat,House,CA,JPM,2022-11-1,True,False
Ro Khanna,Democrat,House,CA,QCOM,2022-11-1,True,False
Ro Khanna,Democrat,House,CA,META,2022-11-1,True,False
Ro Khanna,Democrat,House,CA,BRK/B,2022-11-1,True,False
Ro Khanna,Democrat,House,CA,CSCO,2022-11-1,True,False
Ro Khanna,Democrat,House,CA,PLD,2022-11-1,True,False
Ro Khanna,Democrat,House,CA,UPS,2022-11-1,True,False
Ro Khanna,Democrat,House,CA,CAT,2022-11-1,True,False
Ro Khanna,Democrat,House,CA,LIN,2022-11-1,True,False
Ro Khanna,Democrat,House,CA,NKE,2022-11-1,True,False
Ro Khanna,Democrat,House,CA,PG,2022-11-1,True,False
Ro Khanna,Democrat,House,CA,CRM,2022-11-1,True,False
Ro Khanna,Democrat,House,CA,NOW,2022-11-1,True,False
Ro Khanna,Democrat,House,CA,HPQ,2022-11-1,True,False
Ro Khanna,Democrat,House,CA,T,2022-11-1,True,False
Ro Khanna,Democrat,House,CA,ADBE,2022-11-1,True,False
Ro Khanna,Democrat,House,CA,ADI,2022-11-1,True,False
Ro Khanna,Democrat,House,CA,N/A,2022-11-8,True,False
Ro Khanna,Democrat,House,CA,CMCSA,2022-11-1,True,False
Ro Khanna,Democrat,House,CA,DE,2022-11-1,True,False
Ro Khanna,Democrat,House,CA,SPGI,2022-11-1,True,False
Ro Khanna,Democrat,House,CA,ORCL,2022-11-1,True,False
Ro Khanna,Democrat,House,CA,PM,2022-11-1,True,False
Ro Khanna,Democrat,House,CA,MU,2022-11-1,True,False
Ro Khanna,Democrat,House,CA,VZ,2022-11-1,True,False
Ro Khanna,Democrat,House,CA,DIS,2022-11-1,True,False
Ro Khanna,Democrat,House,CA,EL,2022-11-1,True,False
Ro Khanna,Democrat,House,CA,SNPS,2022-11-1,True,False
Ro Khanna,Democrat,House,CA,LOW,2022-11-1,True,False
Ro Khanna,Democrat,House,CA,N/A,2022-11-8,True,False
Ro Khanna,Democrat,House,CA,EW,2022-11-1,True,False
Ro Khanna,Democrat,House,CA,LEN,2022-11-1,True,False
Ro Khanna,Democrat,House,CA,NXPI,2022-11-1,True,False
Ro Khanna,Democrat,House,CA,APTV,2022-11-1,True,False
Ro Khanna,Democrat,House,CA,AXP,2022-11-1,True,False
Ro Khanna,Democrat,House,CA,WDC,2022-11-1,True,False
Ro Khanna,Democrat,House,CA,F,2022-11-1,True,False
Ro Khanna,Democrat,House,CA,PFE,2022-11-1,True,False
Ro Khanna,Democrat,House,CA,SYY,2022-11-1,True,False
Ro Khanna,Democrat,House,CA,BKNG,2022-11-1,True,False
Ro Khanna,Democrat,House,CA,ABT,2022-11-1,True,False
Ro Khanna,Democrat,House,CA,MTCH,2022-11-1,True,False
Ro Khanna,Democrat,House,CA,STX,2022-11-1,True,False
Ro Khanna,Democrat,House,CA,ON,2022-11-1,True,False
Ro Khanna,Democrat,House,CA,POOL,2022-11-1,True,False
Ro Khanna,Democrat,House,CA,CL,2022-11-1,True,False
Ro Khanna,Democrat,House,CA,WY,2022-11-1,True,False
Ro Khanna,Democrat,House,CA,AZO,2022-11-1,True,False
Ro Khanna,Democrat,House,CA,DLTR,2022-11-1,True,False
Ro Khanna,Democrat,House,CA,KR,2022-11-1,True,False
Ro Khanna,Democrat,House,CA,HPE,2022-11-1,True,False
Ro Khanna,Democrat,House,CA,IRM,2022-11-1,True,False
Ro Khanna,Democrat,House,CA,PLUG,2022-11-1,True,False
Ro Khanna,Democrat,House,CA,GPC,2022-11-1,True,False
Ro Khanna,Democrat,House,CA,MPWR,2022-11-1,True,False
Ro Khanna,Democrat,House,CA,WMS,2022-11-1,True,False
Ro Khanna,Democrat,House,CA,FTNT,2022-11-1,True,False
Ro Khanna,Democrat,House,CA,JBL,2022-11-1,True,False
Ro Khanna,Democrat,House,CA,MDLZ,2022-11-1,True,False
Ro Khanna,Democrat,House,CA,FDX,2022-11-1,True,False
Ro Khanna,Democrat,House,CA,ZI,2022-11-1,True,False
Ro Khanna,Democrat,House,CA,DDOG,2022-11-1,True,False
Ro Khanna,Democrat,House,CA,CHPT,2022-11-1,True,False
Ro Khanna,Democrat,House,CA,ENPH,2022-11-1,True,False
Ro Khanna,Democrat,House,CA,PSTG,2022-11-1,True,False
Ro Khanna,Democrat,House,CA,WMT,2022-11-1,True,False
Ro Khanna,Democrat,House,CA,MNST,2022-11-1,True,False
Ro Khanna,Democrat,House,CA,ACN,2022-11-1,True,False
Ro Khanna,Democrat,House,CA,ALB,2022-11-1,True,False
Ro Khanna,Democrat,House,CA,DELL,2022-11-1,True,False
Ro Khanna,Democrat,House,CA,LKQ,2022-11-1,True,False
Ro Khanna,Democrat,House,CA,DG,2022-11-1,True,False
Ro Khanna,Democrat,House,CA,NET,2022-11-1,True,False
Ro Khanna,Democrat,House,CA,DD,2022-11-1,True,False
Ro Khanna,Democrat,House,CA,BLDR,2022-11-1,True,False
Ro Khanna,Democrat,House,CA,DASH,2022-11-1,True,False
Ro Khanna,Democrat,House,CA,TJX,2022-11-1,True,False
Ro Khanna,Democrat,House,CA,WSC,2022-11-1,True,False
Ro Khanna,Democrat,House,CA,MAT,2022-11-1,True,False
Ro Khanna,Democrat,House,CA,LCID,2022-11-1,True,False
Ro Khanna,Democrat,House,CA,GOOGL,2022-11-1,False,True
Ro Khanna,Democrat,House,CA,MSFT,2022-11-1,False,True
Ro Khanna,Democrat,House,CA,AAPL,2022-11-1,False,True
Ro Khanna,Democrat,House,CA,COST,2022-11-1,False,True
Ro Khanna,Democrat,House,CA,AMZN,2022-11-1,False,True
Ro Khanna,Democrat,House,CA,UNP,2022-11-1,False,True
Ro Khanna,Democrat,House,CA,INTC,2022-11-1,False,True
Ro Khanna,Democrat,House,CA,TSLA,2022-11-1,False,True
Ro Khanna,Democrat,House,CA,GIS,2022-11-1,False,True
Ro Khanna,Democrat,House,CA,PCAR,2022-11-1,False,True
Ro Khanna,Democrat,House,CA,MMM,2022-11-1,False,True
Ro Khanna,Democrat,House,CA,WM,2022-11-1,False,True
Ro Khanna,Democrat,House,CA,SBAC,2022-11-1,False,True
Ro Khanna,Democrat,House,CA,KEY,2022-11-1,False,True
Ro Khanna,Democrat,House,CA,KLAC,2022-11-1,False,True
Ro Khanna,Democrat,House,CA,DOW,2022-11-1,False,True
Ro Khanna,Democrat,House,CA,HD,2022-11-1,False,True
Ro Khanna,Democrat,House,CA,ADM,2022-11-1,False,True
Ro Khanna,Democrat,House,CA,FI,2022-11-1,False,True
Ro Khanna,Democrat,House,CA,EQIX,2022-11-1,False,True
Ro Khanna,Democrat,House,CA,MRK,2022-11-1,False,True
Ro Khanna,Democrat,House,CA,INVH,2022-11-1,False,True
Ro Khanna,Democrat,House,CA,EA,2022-11-1,False,True
Ro Khanna,Democrat,House,CA,MCO,2022-11-1,False,True
Ro Khanna,Democrat,House,CA,CDNS,2022-11-1,False,True
Ro Khanna,Democrat,House,CA,LUMN,2022-11-1,False,True
Ro Khanna,Democrat,House,CA,CSX,2022-11-1,False,True
Ro Khanna,Democrat,House,CA,MCHP,2022-11-1,False,True
Ro Khanna,Democrat,House,CA,AMAT,2022-11-1,False,True
Ro Khanna,Democrat,House,CA,ANSS,2022-11-1,False,True
Ro Khanna,Democrat,House,CA,CMG,2022-11-1,False,True
Ro Khanna,Democrat,House,CA,AMT,2022-11-1,False,True
Ro Khanna,Democrat,House,CA,AMD,2022-11-1,False,True
Ro Khanna,Democrat,House,CA,NTRS,2022-11-1,False,True
Ro Khanna,Democrat,House,CA,NSC,2022-11-1,False,True
Ro Khanna,Democrat,House,CA,C,2022-11-1,False,True
Ro Khanna,Democrat,House,CA,TRU,2022-11-1,False,True
Ro Khanna,Democrat,House,CA,IFF,2022-11-1,False,True
Ro Khanna,Democrat,House,CA,MTB,2022-11-1,False,True
Ro Khanna,Democrat,House,CA,CBRE,2022-11-1,False,True
Ro Khanna,Democrat,House,CA,HSY,2022-11-1,False,True
Ro Khanna,Democrat,House,CA,BAX,2022-11-1,False,True
Ro Khanna,Democrat,House,CA,GWW,2022-11-1,False,True
Ro Khanna,Democrat,House,CA,PPG,2022-11-1,False,True
Ro Khanna,Democrat,House,CA,CCL,2022-11-1,False,True
Ro Khanna,Democrat,House,CA,AVY,2022-11-1,False,True
Ro Khanna,Democrat,House,CA,PHM,2022-11-1,False,True
Ro Khanna,Democrat,House,CA,STZ,2022-11-1,False,True
Ro Khanna,Democrat,House,CA,FOXA,2022-11-1,False,True
Ro Khanna,Democrat,House,CA,MRNA,2022-11-1,False,True
Ro Khanna,Democrat,House,CA,LUV,2022-11-1,False,True
Ro Khanna,Democrat,House,CA,CTSH,2022-11-1,False,True
Ro Khanna,Democrat,House,CA,BALL,2022-11-1,False,True
Ro Khanna,Democrat,House,CA,GLW,2022-11-1,False,True
Ro Khanna,Democrat,House,CA,IDXX,2022-11-1,False,True
Ro Khanna,Democrat,House,CA,DLR,2022-11-1,False,True
Ro Khanna,Democrat,House,CA,SIRI,2022-11-1,False,True
Ro Khanna,Democrat,House,CA,CHD,2022-11-1,False,True
Ro Khanna,Democrat,House,CA,FMC,2022-11-1,False,True
Ro Khanna,Democrat,House,CA,IR,2022-11-1,False,True
Ro Khanna,Democrat,House,CA,BRO,2022-11-1,False,True
Ro Khanna,Democrat,House,CA,WRK,2022-11-1,False,True
Ro Khanna,Democrat,House,CA,EFX,2022-11-1,False,True
Ro Khanna,Democrat,House,CA,TER,2022-11-1,False,True
Ro Khanna,Democrat,House,CA,WELL,2022-11-1,False,True
Ro Khanna,Democrat,House,CA,SBNY,2022-11-1,False,True
Ro Khanna,Democrat,House,CA,PSA,2022-11-1,False,True
Ro Khanna,Democrat,House,CA,ARE,2022-11-1,False,True
Ro Khanna,Democrat,House,CA,NYT,2022-11-1,False,True
Ro Khanna,Democrat,House,CA,BF/A,2022-11-1,False,True
Ro Khanna,Democrat,House,CA,CHH,2022-11-1,False,True
Ro Khanna,Democrat,House,CA,SWKS,2022-11-1,False,True
Ro Khanna,Democrat,House,CA,MKTX,2022-11-1,False,True
Ro Khanna,Democrat,House,CA,IP,2022-11-1,False,True
Ro Khanna,Democrat,House,CA,FRC,2022-11-1,False,True
Ro Khanna,Democrat,House,CA,PAG,2022-11-1,False,True
Ro Khanna,Democrat,House,CA,SIVBQ,2022-11-1,False,True
Ro Khanna,Democrat,House,CA,N/A,2022-11-1,False,True
Ro Khanna,Democrat,House,CA,ADSK,2022-11-1,False,True
Ro Khanna,Democrat,House,CA,N/A,2022-11-14,True,False
Ro Khanna,Democrat,House,CA,GOOGL,2022-11-2,True,False
Ro Khanna,Democrat,House,CA,MA,2022-11-2,True,False
Ro Khanna,Democrat,House,CA,JPM,2022-11-2,True,False
Ro Khanna,Democrat,House,CA,BAC,2022-11-2,True,False
Ro Khanna,Democrat,House,CA,NVDA,2022-11-2,True,False
Ro Khanna,Democrat,House,CA,ACN,2022-11-2,True,False
Ro Khanna,Democrat,House,CA,META,2022-11-2,True,False
Ro Khanna,Democrat,House,CA,COST,2022-11-2,True,False
Ro Khanna,Democrat,House,CA,SPGI,2022-11-2,True,False
Ro Khanna,Democrat,House,CA,CRM,2022-11-2,True,False
Ro Khanna,Democrat,House,CA,CSCO,2022-11-2,True,False
Ro Khanna,Democrat,House,CA,UPS,2022-11-2,True,False
Ro Khanna,Democrat,House,CA,ABT,2022-11-2,True,False
Ro Khanna,Democrat,House,CA,NKE,2022-11-2,True,False
Ro Khanna,Democrat,House,CA,CAT,2022-11-2,True,False
Ro Khanna,Democrat,House,CA,CMCSA,2022-11-2,True,False
Ro Khanna,Democrat,House,CA,ADBE,2022-11-2,True,False
Ro Khanna,Democrat,House,CA,UNP,2022-11-2,True,False
Ro Khanna,Democrat,House,CA,HPQ,2022-11-2,True,False
Ro Khanna,Democrat,House,CA,AMT,2022-11-2,True,False
Ro Khanna,Democrat,House,CA,VZ,2022-11-2,True,False
Ro Khanna,Democrat,House,CA,ELAN,2022-11-14,True,False
Ro Khanna,Democrat,House,CA,T,2022-11-2,True,False
Ro Khanna,Democrat,House,CA,ELAN,2022-11-15,True,False
Ro Khanna,Democrat,House,CA,QCOM,2022-11-2,True,False
Ro Khanna,Democrat,House,CA,AMAT,2022-11-2,True,False
Ro Khanna,Democrat,House,CA,N/A,2022-11-3,True,False
Ro Khanna,Democrat,House,CA,APTV,2022-11-2,True,False
Ro Khanna,Democrat,House,CA,TMO,2022-11-29,True,False
Ro Khanna,Democrat,House,CA,NOW,2022-11-2,True,False
Ro Khanna,Democrat,House,CA,HPE,2022-11-2,True,False
Ro Khanna,Democrat,House,CA,GM,2022-11-2,True,False
Ro Khanna,Democrat,House,CA,ETSY,2022-11-2,True,False
Ro Khanna,Democrat,House,CA,N/A,2022-11-14,True,False
Ro Khanna,Democrat,House,CA,SSNC,2022-11-6,True,False
Ro Khanna,Democrat,House,CA,EW,2022-11-2,True,False
Ro Khanna,Democrat,House,CA,PRU,2022-11-2,True,False
Ro Khanna,Democrat,House,CA,ELAN,2022-11-29,True,False
Ro Khanna,Democrat,House,CA,ELAN,2022-11-21,True,False
Ro Khanna,Democrat,House,CA,AZO,2022-11-2,True,False
Ro Khanna,Democrat,House,CA,SHW,2022-11-2,True,False
Ro Khanna,Democrat,House,CA,APD,2022-11-2,True,False
Ro Khanna,Democrat,House,CA,EQR,2022-11-2,True,False
Ro Khanna,Democrat,House,CA,ELAN,2022-11-28,True,False
Ro Khanna,Democrat,House,CA,IQV,2022-11-2,True,False
Ro Khanna,Democrat,House,CA,BSX,2022-11-2,True,False
Ro Khanna,Democrat,House,CA,SSNC,2022-11-14,True,False
Ro Khanna,Democrat,House,CA,SSNC,2022-11-27,True,False
Ro Khanna,Democrat,House,CA,DLR,2022-11-2,True,False
Ro Khanna,Democrat,House,CA,SSNC,2022-11-9,True,False
Ro Khanna,Democrat,House,CA,SSNC,2022-11-16,True,False
Ro Khanna,Democrat,House,CA,WY,2022-11-2,True,False
Ro Khanna,Democrat,House,CA,ROP,2022-11-2,True,False
Ro Khanna,Democrat,House,CA,SSNC,2022-11-2,True,False
Ro Khanna,Democrat,House,CA,MAR,2022-11-2,True,False
Ro Khanna,Democrat,House,CA,EXR,2022-11-2,True,False
Ro Khanna,Democrat,House,CA,STX,2022-11-2,True,False
Ro Khanna,Democrat,House,CA,DELL,2022-11-2,True,False
Ro Khanna,Democrat,House,CA,MELI,2022-11-2,True,False
Ro Khanna,Democrat,House,CA,POOL,2022-11-2,True,False
Ro Khanna,Democrat,House,CA,ST,2022-11-1,True,False
Ro Khanna,Democrat,House,CA,CB,2022-11-2,True,False
Ro Khanna,Democrat,House,CA,AXP,2022-11-2,True,False
Ro Khanna,Democrat,House,CA,EL,2022-11-2,True,False
Ro Khanna,Democrat,House,CA,LKQ,2022-11-2,True,False
Ro Khanna,Democrat,House,CA,CBRE,2022-11-2,True,False
Ro Khanna,Democrat,House,CA,CSX,2022-11-2,True,False
Ro Khanna,Democrat,House,CA,ANSS,2022-11-2,True,False
Ro Khanna,Democrat,House,CA,NTAP,2022-11-2,True,False
Ro Khanna,Democrat,House,CA,AMD,2022-11-2,True,False
Ro Khanna,Democrat,House,CA,BXP,2022-11-2,True,False
Ro Khanna,Democrat,House,CA,LEN,2022-11-2,True,False
Ro Khanna,Democrat,House,CA,DASH,2022-11-2,True,False
Ro Khanna,Democrat,House,CA,ABMD,2022-11-2,True,False
Ro Khanna,Democrat,House,CA,DDOG,2022-11-2,True,False
Ro Khanna,Democrat,House,CA,PANW,2022-11-2,True,False
Ro Khanna,Democrat,House,CA,PHM,2022-11-2,True,False
Ro Khanna,Democrat,House,CA,SSNC,2022-11-20,True,False
Ro Khanna,Democrat,House,CA,N/A,2022-11-22,True,False
Ro Khanna,Democrat,House,CA,MSI,2022-11-2,True,False
Ro Khanna,Democrat,House,CA,GPC,2022-11-2,True,False
Ro Khanna,Democrat,House,CA,MU,2022-11-2,True,False
Ro Khanna,Democrat,House,CA,SEE,2022-11-2,True,False
Ro Khanna,Democrat,House,CA,STLD,2022-11-2,True,False
Ro Khanna,Democrat,House,CA,CHWY,2022-11-2,True,False
Ro Khanna,Democrat,House,CA,ZS,2022-11-2,True,False
Ro Khanna,Democrat,House,CA,ON,2022-11-2,True,False
Ro Khanna,Democrat,House,CA,DHI,2022-11-2,True,False
Ro Khanna,Democrat,House,CA,ORCL,2022-11-2,True,False
Ro Khanna,Democrat,House,CA,CTVA,2022-11-2,True,False
Ro Khanna,Democrat,House,CA,NUE,2022-11-2,True,False
Ro Khanna,Democrat,House,CA,EA,2022-11-2,True,False
Ro Khanna,Democrat,House,CA,JBL,2022-11-2,True,False
Ro Khanna,Democrat,House,CA,SNOW,2022-11-2,True,False
Ro Khanna,Democrat,House,CA,TECH,2022-11-2,True,False
Ro Khanna,Democrat,House,CA,GWW,2022-11-2,True,False
Ro Khanna,Democrat,House,CA,BILL,2022-11-2,True,False
Ro Khanna,Democrat,House,CA,GLW,2022-11-2,True,False
Ro Khanna,Democrat,House,CA,N/A,2022-11-2,True,False
Ro Khanna,Democrat,House,CA,PSA,2022-11-2,True,False
Ro Khanna,Democrat,House,CA,W,2022-11-2,True,False
Ro Khanna,Democrat,House,CA,ALB,2022-11-2,True,False
Ro Khanna,Democrat,House,CA,VMW,2022-11-2,True,False
Ro Khanna,Democrat,House,CA,EXPE,2022-11-2,True,False
Ro Khanna,Democrat,House,CA,CCI,2022-11-2,True,False
Ro Khanna,Democrat,House,CA,RVTY,2022-11-2,True,False
Ro Khanna,Democrat,House,CA,RIVN,2022-11-2,True,False
Ro Khanna,Democrat,House,CA,KRC,2022-11-2,True,False
Ro Khanna,Democrat,House,CA,CC,2022-11-2,True,False
Ro Khanna,Democrat,House,CA,CHPT,2022-11-2,True,False
Ro Khanna,Democrat,House,CA,DD,2022-11-2,True,False
Ro Khanna,Democrat,House,CA,U,2022-11-2,True,False
Ro Khanna,Democrat,House,CA,AA,2022-11-2,True,False
Ro Khanna,Democrat,House,CA,CPRI,2022-11-2,True,False
Ro Khanna,Democrat,House,CA,ABBV,2022-11-2,True,False
Ro Khanna,Democrat,House,CA,ESS,2022-11-2,True,False
Ro Khanna,Democrat,House,CA,CTLT,2022-11-2,True,False
Ro Khanna,Democrat,House,CA,WST,2022-11-2,True,False
Ro Khanna,Democrat,House,CA,X,2022-11-2,True,False
Ro Khanna,Democrat,House,CA,JLL,2022-11-2,True,False
Ro Khanna,Democrat,House,CA,ULTA,2022-11-2,True,False
Ro Khanna,Democrat,House,CA,MCK,2022-11-2,True,False
Ro Khanna,Democrat,House,CA,FTNT,2022-11-2,True,False
Ro Khanna,Democrat,House,CA,BIO,2022-11-2,True,False
Ro Khanna,Democrat,House,CA,VNO,2022-11-2,True,False
Ro Khanna,Democrat,House,CA,FMC,2022-11-2,True,False
Ro Khanna,Democrat,House,CA,HOG,2022-11-2,True,False
Ro Khanna,Democrat,House,CA,ESTC,2022-11-2,True,False
Ro Khanna,Democrat,House,CA,WMS,2022-11-2,True,False
Ro Khanna,Democrat,House,CA,LVS,2022-11-2,True,False
Ro Khanna,Democrat,House,CA,AYX,2022-11-2,True,False
Ro Khanna,Democrat,House,CA,MAT,2022-11-2,True,False
Ro Khanna,Democrat,House,CA,CF,2022-11-2,True,False
Ro Khanna,Democrat,House,CA,HR,2022-11-2,True,False
Ro Khanna,Democrat,House,CA,HUBS,2022-11-2,True,False
Ro Khanna,Democrat,House,CA,ENPH,2022-11-2,True,False
Ro Khanna,Democrat,House,CA,ARE,2022-11-2,True,False
Ro Khanna,Democrat,House,CA,PH,2022-11-2,True,False
Ro Khanna,Democrat,House,CA,BIIB,2022-11-2,True,False
Ro Khanna,Democrat,House,CA,ABNB,2022-11-2,True,False
Ro Khanna,Democrat,House,CA,RITM,2022-11-2,True,False
Ro Khanna,Democrat,House,CA,COHR,2022-11-2,True,False
Ro Khanna,Democrat,House,CA,NET,2022-11-2,True,False
Ro Khanna,Democrat,House,CA,NWL,2022-11-2,True,False
Ro Khanna,Democrat,House,CA,VTR,2022-11-2,True,False
Ro Khanna,Democrat,House,CA,XSP,2022-11-2,True,False
Ro Khanna,Democrat,House,CA,XSP,2022-11-2,False,True
Ro Khanna,Democrat,House,CA,XSP,2022-11-2,False,True
Ro Khanna,Democrat,House,CA,XSP,2022-11-6,False,True
Ro Khanna,Democrat,House,CA,XSP,2022-11-21,False,True
Ro Khanna,Democrat,House,CA,MSFT,2022-11-2,False,True
Ro Khanna,Democrat,House,CA,AAPL,2022-11-2,False,True
Ro Khanna,Democrat,House,CA,AMZN,2022-11-2,False,True
Ro Khanna,Democrat,House,CA,BRK/B,2022-11-2,False,True
Ro Khanna,Democrat,House,CA,TSLA,2022-11-2,False,True
Ro Khanna,Democrat,House,CA,V,2022-11-2,False,True
Ro Khanna,Democrat,House,CA,PM,2022-11-2,False,True
Ro Khanna,Democrat,House,CA,PFE,2022-11-2,False,True
Ro Khanna,Democrat,House,CA,ADI,2022-11-2,False,True
Ro Khanna,Democrat,House,CA,INTC,2022-11-2,False,True
Ro Khanna,Democrat,House,CA,N/A,2022-11-2,False,True
Ro Khanna,Democrat,House,CA,BAC,2022-11-14,False,True
Ro Khanna,Democrat,House,CA,ATVI,2022-11-2,False,True
Ro Khanna,Democrat,House,CA,MTCH,2022-11-2,False,True
Ro Khanna,Democrat,House,CA,TMO,2022-11-2,False,True
Ro Khanna,Democrat,House,CA,MMM,2022-11-2,False,True
Ro Khanna,Democrat,House,CA,AVB,2022-11-2,False,True
Ro Khanna,Democrat,House,CA,MRK,2022-11-16,False,True
Ro Khanna,Democrat,House,CA,DIS,2022-11-2,False,True
Ro Khanna,Democrat,House,CA,WAB,2022-11-16,False,True
Ro Khanna,Democrat,House,CA,ICE,2022-11-2,False,True
Ro Khanna,Democrat,House,CA,REGN,2022-11-2,False,True
Ro Khanna,Democrat,House,CA,MLM,2022-11-2,False,True
Ro Khanna,Democrat,House,CA,CME,2022-11-2,False,True
Ro Khanna,Democrat,House,CA,BDX,2022-11-2,False,True
Ro Khanna,Democrat,House,CA,FCX,2022-11-2,False,True
Ro Khanna,Democrat,House,CA,FOXA,2022-11-2,False,True
Ro Khanna,Democrat,House,CA,URBN,2022-11-16,False,True
Ro Khanna,Democrat,House,CA,CDNS,2022-11-2,False,True
Ro Khanna,Democrat,House,CA,MRK,2022-10-31,False,True
Ro Khanna,Democrat,House,CA,URBN,2022-11-9,False,True
Ro Khanna,Democrat,House,CA,IAC,2022-11-2,False,True
Ro Khanna,Democrat,House,CA,LIN,2022-11-2,False,True
Ro Khanna,Democrat,House,CA,T,2022-11-20,False,True
Ro Khanna,Democrat,House,CA,URBN,2022-11-14,False,True
Ro Khanna,Democrat,House,CA,URBN,2022-11-10,False,True
Ro Khanna,Democrat,House,CA,SNPS,2022-11-2,False,True
Ro Khanna,Democrat,House,CA,CCL,2022-11-2,False,True
Ro Khanna,Democrat,House,CA,DOW,2022-11-2,False,True
Ro Khanna,Democrat,House,CA,URBN,2022-10-31,False,True
Ro Khanna,Democrat,House,CA,URBN,2022-11-1,False,True
Ro Khanna,Democrat,House,CA,MCHP,2022-11-2,False,True
Ro Khanna,Democrat,House,CA,KLAC,2022-11-2,False,True
Ro Khanna,Democrat,House,CA,INVH,2022-11-2,False,True
Ro Khanna,Democrat,House,CA,NEM,2022-11-2,False,True
Ro Khanna,Democrat,House,CA,SBAC,2022-11-2,False,True
Ro Khanna,Democrat,House,CA,LUMN,2022-11-2,False,True
Ro Khanna,Democrat,House,CA,LYB,2022-11-2,False,True
Ro Khanna,Democrat,House,CA,WAB,2022-11-20,False,True
Ro Khanna,Democrat,House,CA,ADSK,2022-11-2,False,True
Ro Khanna,Democrat,House,CA,FOXA,2022-11-2,False,True
Ro Khanna,Democrat,House,CA,URBN,2022-11-2,False,True
Ro Khanna,Democrat,House,CA,FWONK,2022-11-2,False,True
Ro Khanna,Democrat,House,CA,BKNG,2022-11-2,False,True
Ro Khanna,Democrat,House,CA,WDAY,2022-11-2,False,True
Ro Khanna,Democrat,House,CA,MSCI,2022-11-2,False,True
Ro Khanna,Democrat,House,CA,SWKS,2022-11-2,False,True
Ro Khanna,Democrat,House,CA,EQIX,2022-11-2,False,True
Ro Khanna,Democrat,House,CA,BRO,2022-11-2,False,True
Ro Khanna,Democrat,House,CA,MPWR,2022-11-2,False,True
Ro Khanna,Democrat,House,CA,SNAP,2022-11-2,False,True
Ro Khanna,Democrat,House,CA,SUI,2022-11-2,False,True
Ro Khanna,Democrat,House,CA,MTB,2022-11-2,False,True
Ro Khanna,Democrat,House,CA,RF,2022-11-2,False,True
Ro Khanna,Democrat,House,CA,WBA,2022-11-2,False,True
Ro Khanna,Democrat,House,CA,NSC,2022-11-2,False,True
Ro Khanna,Democrat,House,CA,LUV,2022-11-2,False,True
Ro Khanna,Democrat,House,CA,SIVBQ,2022-11-2,False,True
Ro Khanna,Democrat,House,CA,SQ,2022-11-2,False,True
Ro Khanna,Democrat,House,CA,CMG,2022-11-2,False,True
Ro Khanna,Democrat,House,CA,BRX,2022-11-2,False,True
Ro Khanna,Democrat,House,CA,WBD,2022-11-2,False,True
Ro Khanna,Democrat,House,CA,DBRG,2022-11-2,False,True
Ro Khanna,Democrat,House,CA,OTIS,2022-11-2,False,True
Ro Khanna,Democrat,House,CA,WM,2022-11-2,False,True
Ro Khanna,Democrat,House,CA,EBAY,2022-11-2,False,True
Ro Khanna,Democrat,House,CA,TEAM,2022-11-2,False,True
Ro Khanna,Democrat,House,CA,SNA,2022-11-2,False,True
Ro Khanna,Democrat,House,CA,ENTG,2022-11-2,False,True
Ro Khanna,Democrat,House,CA,URBN,2022-11-17,False,True
Ro Khanna,Democrat,House,CA,LEA,2022-11-2,False,True
Ro Khanna,Democrat,House,CA,IRM,2022-11-2,False,True
Ro Khanna,Democrat,House,CA,PTC,2022-11-2,False,True
Ro Khanna,Democrat,House,CA,KR,2022-11-2,False,True
Ro Khanna,Democrat,House,CA,MOS,2022-11-2,False,True
Ro Khanna,Democrat,House,CA,FRC,2022-11-2,False,True
Ro Khanna,Democrat,House,CA,LH,2022-11-2,False,True
Ro Khanna,Democrat,House,CA,CTSH,2022-11-2,False,True
Ro Khanna,Democrat,House,CA,FLT,2022-11-2,False,True
Ro Khanna,Democrat,House,CA,WDC,2022-11-2,False,True
Ro Khanna,Democrat,House,CA,WELL,2022-11-2,False,True
Ro Khanna,Democrat,House,CA,BALL,2022-11-2,False,True
Ro Khanna,Democrat,House,CA,EMR,2022-11-2,False,True
Ro Khanna,Democrat,House,CA,USB,2022-11-2,False,True
Ro Khanna,Democrat,House,CA,KEYS,2022-11-2,False,True
Ro Khanna,Democrat,House,CA,BAX,2022-11-2,False,True
Ro Khanna,Democrat,House,CA,TER,2022-11-2,False,True
Ro Khanna,Democrat,House,CA,MDB,2022-11-2,False,True
Ro Khanna,Democrat,House,CA,VEEV,2022-11-2,False,True
Ro Khanna,Democrat,House,CA,PINS,2022-11-2,False,True
Ro Khanna,Democrat,House,CA,STZ,2022-11-2,False,True
Ro Khanna,Democrat,House,CA,LAMR,2022-11-2,False,True
Ro Khanna,Democrat,House,CA,ZBRA,2022-11-2,False,True
Ro Khanna,Democrat,House,CA,ELS,2022-11-2,False,True
Ro Khanna,Democrat,House,CA,CCK,2022-11-2,False,True
Ro Khanna,Democrat,House,CA,FDX,2022-11-2,False,True
Ro Khanna,Democrat,House,CA,RRX,2022-11-2,False,True
Ro Khanna,Democrat,House,CA,PLUG,2022-11-2,False,True
Ro Khanna,Democrat,House,CA,COO,2022-11-2,False,True
Ro Khanna,Democrat,House,CA,LSI,2022-11-2,False,True
Ro Khanna,Democrat,House,CA,EFX,2022-11-2,False,True
Ro Khanna,Democrat,House,CA,WRK,2022-11-2,False,True
Ro Khanna,Democrat,House,CA,LBYAV,2022-11-2,False,True
Ro Khanna,Democrat,House,CA,GNRC,2022-11-2,False,True
Ro Khanna,Democrat,House,CA,AMCR,2022-11-2,False,True
Ro Khanna,Democrat,House,CA,KIM,2022-11-2,False,True
Ro Khanna,Democrat,House,CA,CUBE,2022-11-2,False,True
Ro Khanna,Democrat,House,CA,FND,2022-11-2,False,True
Ro Khanna,Democrat,House,CA,VMC,2022-11-2,False,True
Ro Khanna,Democrat,House,CA,CHTR,2022-11-2,False,True
Ro Khanna,Democrat,House,CA,EPAM,2022-11-2,False,True
Ro Khanna,Democrat,House,CA,TYL,2022-11-2,False,True
Ro Khanna,Democrat,House,CA,HZNP,2022-11-2,False,True
Ro Khanna,Democrat,House,CA,CLX,2022-11-2,False,True
Ro Khanna,Democrat,House,CA,KSS,2022-11-2,False,True
Ro Khanna,Democrat,House,CA,CSL,2022-11-2,False,True
Ro Khanna,Democrat,House,CA,MKTX,2022-11-2,False,True
Ro Khanna,Democrat,House,CA,SEDG,2022-11-2,False,True
Ro Khanna,Democrat,House,CA,XRAY,2022-11-2,False,True
Ro Khanna,Democrat,House,CA,ACI,2022-11-2,False,True
Ro Khanna,Democrat,House,CA,N/A,2022-10-31,True,False
Ro Khanna,Democrat,House,CA,N/A,2022-10-31,True,False
Ro Khanna,Democrat,House,CA,N/A,2022-11-3,True,False
Ro Khanna,Democrat,House,CA,N/A,2022-10-31,True,False
Ro Khanna,Democrat,House,CA,N/A,2022-10-31,True,False
Ro Khanna,Democrat,House,CA,N/A,2022-10-31,True,False
Ro Khanna,Democrat,House,CA,N/A,2022-11-14,True,False
Ro Khanna,Democrat,House,CA,N/A,2022-11-22,True,False
Ro Khanna,Democrat,House,CA,FRC,2022-10-31,True,False
Ro Khanna,Democrat,House,CA,KMX,2022-11-27,True,False
Ro Khanna,Democrat,House,CA,FRC,2022-11-1,True,False
Ro Khanna,Democrat,House,CA,KMX,2022-11-6,True,False
Ro Khanna,Democrat,House,CA,KMX,2022-11-2,True,False
Ro Khanna,Democrat,House,CA,KMX,2022-11-3,True,False
Ro Khanna,Democrat,House,CA,FRC,2022-11-6,True,False
Ro Khanna,Democrat,House,CA,KMX,2022-11-7,True,False
Ro Khanna,Democrat,House,CA,KMX,2022-11-15,True,False
Ro Khanna,Democrat,House,CA,AIG,2022-11-9,False,True
Ro Khanna,Democrat,House,CA,KKR,2022-11-9,False,True
Ro Khanna,Democrat,House,CA,GM,2022-11-9,False,True
Ro Khanna,Democrat,House,CA,FIS,2022-10-31,False,True
Ro Khanna,Democrat,House,CA,CMCSA,2022-10-31,False,True
Ro Khanna,Democrat,House,CA,FIS,2022-11-1,False,True
Ro Khanna,Democrat,House,CA,CMCSA,2022-11-1,False,True
Ro Khanna,Democrat,House,CA,SIVBQ,2022-10-31,False,True
Ro Khanna,Democrat,House,CA,SIVBQ,2022-11-1,False,True
Virginia Foxx,Republican,House,NC,ARLP,2022-11-14,True,False
Virginia Foxx,Republican,House,NC,T,2022-10-31,True,False
Virginia Foxx,Republican,House,NC,BTI,2022-11-1,False,True
Virginia Foxx,Republican,House,NC,FLNG,2022-11-14,True,False
Virginia Foxx,Republican,House,NC,MRO,2022-11-20,True,False
Virginia Foxx,Republican,House,NC,MRO,2022-11-27,True,False
Virginia Foxx,Republican,House,NC,MOS,2022-12-20,False,True
Virginia Foxx,Republican,House,NC,NUE,2022-11-1,False,True
Virginia Foxx,Republican,House,NC,SIRE,2022-11-17,True,False
Virginia Foxx,Republican,House,NC,TAK,2022-10-31,True,False
Lloyd Doggett,Democrat,House,TX,PG,2022-11-15,True,False
Richard Blumenthal,Democrat,Senate,CT,N/A,2022-10-24,True,False
Richard Blumenthal,Democrat,Senate,CT,N/A,2022-10-24,True,False
Richard Blumenthal,Democrat,Senate,CT,N/A,2022-10-24,True,False
Richard Blumenthal,Democrat,Senate,CT,N/A,2022-10-24,True,False
Richard Blumenthal,Democrat,Senate,CT,N/A,2022-10-24,True,False
Richard Blumenthal,Democrat,Senate,CT,N/A,2022-10-24,True,False
Richard Blumenthal,Democrat,Senate,CT,N/A,2022-10-24,True,False
Richard Blumenthal,Democrat,Senate,CT,N/A,2022-10-24,True,False
Richard Blumenthal,Democrat,Senate,CT,N/A,2022-10-24,True,False
Richard Blumenthal,Democrat,Senate,CT,N/A,2022-10-24,True,False
Richard Blumenthal,Democrat,Senate,CT,N/A,2022-10-24,True,False
Richard Blumenthal,Democrat,Senate,CT,N/A,2022-10-24,True,False
Brad Sherman,Democrat,House,CA,N/A,2022-11-27,False,True
Brad Sherman,Democrat,House,CA,N/A,2022-11-27,False,True
Tom Suozzi,Democrat,House,NY,AMD,2022-10-10,True,False
Tom Suozzi,Democrat,House,NY,ETN,2022-10-10,True,False
Tom Suozzi,Democrat,House,NY,GNRC,2022-10-10,False,True
Tom Suozzi,Democrat,House,NY,GS,2022-10-10,True,False
Tom Suozzi,Democrat,House,NY,N/A,2022-10-23,True,False
Earl Blumenauer,Democrat,House,OR,NWN,2022-11-14,True,False
Earl Blumenauer,Democrat,House,OR,N/A,2022-11-29,False,True
Dan Crenshaw,Republican,House,TX,GOOGL,2022-10-24,True,False
Dan Crenshaw,Republican,House,TX,AMZN,2022-10-24,True,False
Dan Crenshaw,Republican,House,TX,AAPL,2022-10-24,True,False
Dan Crenshaw,Republican,House,TX,FAS,2022-10-24,True,False
Dan Crenshaw,Republican,House,TX,META,2022-10-24,True,False
Dan Crenshaw,Republican,House,TX,USO,2022-10-24,True,False
Dan Crenshaw,Republican,House,TX,N/A,2022-10-24,True,False
Pat Fallon,Republican,House,TX,TWTR,2022-10-30,False,True
Don Beyer,Democrat,House,VA,N/A,2022-11-9,True,False
Don Beyer,Democrat,House,VA,N/A,2022-11-9,False,True
Nancy Pelosi,Democrat,House,CA,V,2022-11-7,False,True
Diana Harshbarger,Republican,House,TN,DPZ,2022-10-20,True,False
Diana Harshbarger,Republican,House,TN,DPZ,2022-10-20,True,False
Diana Harshbarger,Republican,House,TN,DPZ,2022-10-20,True,False
Diana Harshbarger,Republican,House,TN,DPZ,2022-10-20,True,False
Diana Harshbarger,Republican,House,TN,KNX,2022-10-20,True,False
Diana Harshbarger,Republican,House,TN,KNX,2022-10-20,True,False
Diana Harshbarger,Republican,House,TN,KNX,2022-10-20,True,False
Diana Harshbarger,Republican,House,TN,KNX,2022-10-20,True,False
Diana Harshbarger,Republican,House,TN,LMT,2022-10-20,True,False
Diana Harshbarger,Republican,House,TN,LMT,2022-10-20,True,False
Diana Harshbarger,Republican,House,TN,LMT,2022-10-20,True,False
Diana Harshbarger,Republican,House,TN,LMT,2022-10-20,True,False
Diana Harshbarger,Republican,House,TN,MCK,2022-10-20,True,False
Diana Harshbarger,Republican,House,TN,MCK,2022-10-20,True,False
Diana Harshbarger,Republican,House,TN,MCK,2022-10-20,True,False
Diana Harshbarger,Republican,House,TN,MCK,2022-10-20,True,False
Diana Harshbarger,Republican,House,TN,AMZN,2022-10-20,False,True
Diana Harshbarger,Republican,House,TN,AZO,2022-10-20,False,True
Diana Harshbarger,Republican,House,TN,KO,2022-10-20,False,True
Diana Harshbarger,Republican,House,TN,NOC,2022-10-20,False,True
Diana Harshbarger,Republican,House,TN,NOC,2022-10-20,False,True
Diana Harshbarger,Republican,House,TN,NOC,2022-10-20,False,True
Diana Harshbarger,Republican,House,TN,NOC,2022-10-20,False,True
Diana Harshbarger,Republican,House,TN,RRX,2022-10-20,False,True
Diana Harshbarger,Republican,House,TN,WMT,2022-10-20,False,True
Diana Harshbarger,Republican,House,TN,WMT,2022-10-20,False,True
Diana Harshbarger,Republican,House,TN,N/A,2022-10-23,True,False
Diana Harshbarger,Republican,House,TN,N/A,2022-10-23,True,False
Diana Harshbarger,Republican,House,TN,IXUS,2022-10-23,True,False
Diana Harshbarger,Republican,House,TN,IXUS,2022-10-23,True,False
Diana Harshbarger,Republican,House,TN,XEL,2022-10-23,True,False
Diana Harshbarger,Republican,House,TN,XEL,2022-10-23,True,False
Diana Harshbarger,Republican,House,TN,XEL,2022-10-23,True,False
Diana Harshbarger,Republican,House,TN,XEL,2022-10-23,True,False
Diana Harshbarger,Republican,House,TN,AEE,2022-10-23,False,True
Diana Harshbarger,Republican,House,TN,AEE,2022-10-23,False,True
Diana Harshbarger,Republican,House,TN,AEE,2022-10-23,False,True
Diana Harshbarger,Republican,House,TN,AEE,2022-10-23,False,True
Diana Harshbarger,Republican,House,TN,LPLA,2022-10-23,False,True
Diana Harshbarger,Republican,House,TN,IXUS,2022-10-24,True,False
Diana Harshbarger,Republican,House,TN,XEL,2022-10-24,True,False
Diana Harshbarger,Republican,House,TN,XEL,2022-10-24,True,False
Diana Harshbarger,Republican,House,TN,XEL,2022-10-24,True,False
Diana Harshbarger,Republican,House,TN,XEL,2022-10-24,True,False
Diana Harshbarger,Republican,House,TN,AEE,2022-10-24,False,True
Diana Harshbarger,Republican,House,TN,AEE,2022-10-24,False,True
Diana Harshbarger,Republican,House,TN,CNC,2022-10-25,True,False
Diana Harshbarger,Republican,House,TN,RE,2022-10-25,True,False
Diana Harshbarger,Republican,House,TN,MSFT,2022-10-25,True,False
Diana Harshbarger,Republican,House,TN,N/A,2022-10-25,False,True
Diana Harshbarger,Republican,House,TN,MDT,2022-10-25,False,True
Diana Harshbarger,Republican,House,TN,MDT,2022-10-25,False,True
Diana Harshbarger,Republican,House,TN,MDT,2022-10-25,False,True
Diana Harshbarger,Republican,House,TN,N/A,2022-10-25,False,True
Diana Harshbarger,Republican,House,TN,EW,2022-10-26,True,False
Diana Harshbarger,Republican,House,TN,EW,2022-10-26,True,False
Diana Harshbarger,Republican,House,TN,EW,2022-10-26,True,False
Diana Harshbarger,Republican,House,TN,EW,2022-10-26,True,False
Diana Harshbarger,Republican,House,TN,META,2022-10-26,False,True
Diana Harshbarger,Republican,House,TN,META,2022-10-26,False,True
Diana Harshbarger,Republican,House,TN,GOOGL,2022-10-27,True,False
Diana Harshbarger,Republican,House,TN,N/A,2022-10-31,False,True
Diana Harshbarger,Republican,House,TN,N/A,2022-10-31,False,True
Diana Harshbarger,Republican,House,TN,N/A,2022-10-31,False,True
Diana Harshbarger,Republican,House,TN,GOOGL,2022-11-3,True,False
Diana Harshbarger,Republican,House,TN,GOOGL,2022-11-3,True,False
Diana Harshbarger,Republican,House,TN,BKNG,2022-11-3,True,False
Diana Harshbarger,Republican,House,TN,BKNG,2022-11-3,True,False
Diana Harshbarger,Republican,House,TN,BKNG,2022-11-3,True,False
Diana Harshbarger,Republican,House,TN,BKNG,2022-11-3,True,False
Diana Harshbarger,Republican,House,TN,DPZ,2022-11-3,True,False
Diana Harshbarger,Republican,House,TN,JPM,2022-11-3,True,False
Diana Harshbarger,Republican,House,TN,JPM,2022-11-3,True,False
Diana Harshbarger,Republican,House,TN,JPM,2022-11-3,True,False
Diana Harshbarger,Republican,House,TN,JPM,2022-11-3,True,False
Diana Harshbarger,Republican,House,TN,CME,2022-11-3,False,True
Diana Harshbarger,Republican,House,TN,CME,2022-11-3,False,True
Diana Harshbarger,Republican,House,TN,CME,2022-11-3,False,True
Diana Harshbarger,Republican,House,TN,CME,2022-11-3,False,True
Diana Harshbarger,Republican,House,TN,USB,2022-11-3,False,True
Diana Harshbarger,Republican,House,TN,LYB,2022-11-6,True,False
Diana Harshbarger,Republican,House,TN,LYB,2022-11-6,True,False
Diana Harshbarger,Republican,House,TN,LYB,2022-11-6,True,False
Diana Harshbarger,Republican,House,TN,LYB,2022-11-6,True,False
Diana Harshbarger,Republican,House,TN,NOW,2022-11-6,True,False
Diana Harshbarger,Republican,House,TN,NOW,2022-11-6,True,False
Diana Harshbarger,Republican,House,TN,N/A,2022-11-8,True,False
Diana Harshbarger,Republican,House,TN,N/A,2022-11-8,True,False
Diana Harshbarger,Republican,House,TN,N/A,2022-11-8,True,False
Diana Harshbarger,Republican,House,TN,N/A,2022-11-8,False,True
Diana Harshbarger,Republican,House,TN,N/A,2022-11-8,False,True
Diana Harshbarger,Republican,House,TN,N/A,2022-11-8,False,True
Diana Harshbarger,Republican,House,TN,BAH,2022-11-9,False,True
Diana Harshbarger,Republican,House,TN,BAH,2022-11-9,False,True
Diana Harshbarger,Republican,House,TN,N/A,2022-11-9,False,True
Diana Harshbarger,Republican,House,TN,NOC,2022-11-9,False,True
Diana Harshbarger,Republican,House,TN,NOC,2022-11-9,False,True
Diana Harshbarger,Republican,House,TN,ORLY,2022-11-9,False,True
Diana Harshbarger,Republican,House,TN,N/A,2022-11-9,False,True
Diana Harshbarger,Republican,House,TN,ADBE,2022-11-10,True,False
Diana Harshbarger,Republican,House,TN,ADBE,2022-11-10,True,False
Diana Harshbarger,Republican,House,TN,ADBE,2022-11-10,True,False
Diana Harshbarger,Republican,House,TN,ADBE,2022-11-10,True,False
Diana Harshbarger,Republican,House,TN,CMCSA,2022-11-10,True,False
Diana Harshbarger,Republican,House,TN,CMCSA,2022-11-10,True,False
Diana Harshbarger,Republican,House,TN,CMCSA,2022-11-10,True,False
Diana Harshbarger,Republican,House,TN,CMCSA,2022-11-10,True,False
Diana Harshbarger,Republican,House,TN,FIS,2022-11-10,True,False
Diana Harshbarger,Republican,House,TN,FIS,2022-11-10,True,False
Diana Harshbarger,Republican,House,TN,FIS,2022-11-10,True,False
Diana Harshbarger,Republican,House,TN,FIS,2022-11-10,True,False
Diana Harshbarger,Republican,House,TN,GEN,2022-11-10,True,False
Diana Harshbarger,Republican,House,TN,AMZN,2022-11-10,False,True
Diana Harshbarger,Republican,House,TN,AMZN,2022-11-10,False,True
Diana Harshbarger,Republican,House,TN,RRX,2022-11-10,False,True
Diana Harshbarger,Republican,House,TN,RRX,2022-11-10,False,True
Diana Harshbarger,Republican,House,TN,SCHW,2022-11-13,True,False
Diana Harshbarger,Republican,House,TN,GOOGL,2022-11-13,False,True
Diana Harshbarger,Republican,House,TN,LPLA,2022-11-13,False,True
Diana Harshbarger,Republican,House,TN,N/A,2022-11-13,False,True
Diana Harshbarger,Republican,House,TN,META,2022-11-13,False,True
Diana Harshbarger,Republican,House,TN,META,2022-11-13,False,True
Diana Harshbarger,Republican,House,TN,USB,2022-11-13,False,True
Diana Harshbarger,Republican,House,TN,N/A,2022-11-13,False,True
Diana Harshbarger,Republican,House,TN,ADBE,2022-11-14,True,False
Diana Harshbarger,Republican,House,TN,ADBE,2022-11-14,True,False
Diana Harshbarger,Republican,House,TN,FTNT,2022-11-14,True,False
Diana Harshbarger,Republican,House,TN,FTNT,2022-11-14,True,False
Diana Harshbarger,Republican,House,TN,FTNT,2022-11-14,True,False
Diana Harshbarger,Republican,House,TN,FTNT,2022-11-14,True,False
Diana Harshbarger,Republican,House,TN,DOX,2022-11-14,False,True
Diana Harshbarger,Republican,House,TN,USB,2022-11-14,False,True
Diana Harshbarger,Republican,House,TN,N/A,2022-11-15,True,False
Diana Harshbarger,Republican,House,TN,N/A,2022-11-15,True,False
Diana Harshbarger,Republican,House,TN,N/A,2022-11-15,True,False
Diana Harshbarger,Republican,House,TN,DOX,2022-11-15,False,True
Diana Harshbarger,Republican,House,TN,N/A,2022-11-15,False,True
Diana Harshbarger,Republican,House,TN,USB,2022-11-15,False,True
Diana Harshbarger,Republican,House,TN,USB,2022-11-15,False,True
Diana Harshbarger,Republican,House,TN,N/A,2022-11-15,False,True
Diana Harshbarger,Republican,House,TN,KO,2022-11-16,False,True
Diana Harshbarger,Republican,House,TN,KO,2022-11-16,False,True
Steve Womack,Republican,House,AR,N/A,2022-11-16,True,False
Michael Burgess,Republican,House,TX,SYK,2022-10-23,False,True
Michael Burgess,Republican,House,TX,SYK,2022-11-27,False,True
John Hickenlooper,Democrat,Senate,CO,BATRA,2022-11-22,False,True
John Hickenlooper,Democrat,Senate,CO,BATRA,2022-11-22,True,False
John Hickenlooper,Democrat,Senate,CO,LBRDA,2022-11-13,False,True
John Hickenlooper,Democrat,Senate,CO,LBRDA,2022-11-13,True,False
John Hickenlooper,Democrat,Senate,CO,BATRA,2022-11-20,False,True
John Hickenlooper,Democrat,Senate,CO,BATRA,2022-11-20,True,False
John Hickenlooper,Democrat,Senate,CO,BATRA,2022-11-20,False,True
John Hickenlooper,Democrat,Senate,CO,BATRA,2022-11-20,True,False
Suzan DelBene,Democrat,House,WA,N/A,2022-11-16,False,True
Suzan DelBene,Democrat,House,WA,N/A,2022-11-16,False,True
Suzan DelBene,Democrat,House,WA,N/A,2022-11-9,True,False
Suzan DelBene,Democrat,House,WA,N/A,2022-11-3,True,False
Suzan DelBene,Democrat,House,WA,N/A,2022-11-16,True,False
Suzan DelBene,Democrat,House,WA,N/A,2022-11-8,True,False
Suzan DelBene,Democrat,House,WA,N/A,2022-11-9,True,False
Alan Lowenthal,Democrat,House,CA,N/A,2022-11-7,True,False
Alan Lowenthal,Democrat,House,CA,BX,2022-11-13,False,True
Alan Lowenthal,Democrat,House,CA,TJX,2022-11-3,False,True
Alan Lowenthal,Democrat,House,CA,BX,2022-11-13,False,True
Alan Lowenthal,Democrat,House,CA,TJX,2022-11-3,False,True
Alan Lowenthal,Democrat,House,CA,TMUS,2022-11-3,False,True
Alan Lowenthal,Democrat,House,CA,GM,2022-11-3,True,False
Alan Lowenthal,Democrat,House,CA,SHW,2022-11-3,False,True
Rick Scott,Republican,Senate,FL,N/A,2022-11-16,False,True
Rick Scott,Republican,Senate,FL,N/A,2022-11-16,False,True
Rick Scott,Republican,Senate,FL,N/A,2022-11-16,False,True
Rick Scott,Republican,Senate,FL,N/A,2022-11-15,True,False
Rick Scott,Republican,Senate,FL,N/A,2022-11-15,True,False
Rick Scott,Republican,Senate,FL,N/A,2022-11-16,True,False
Rick Scott,Republican,Senate,FL,N/A,2022-11-16,True,False
Rick Scott,Republican,Senate,FL,N/A,2022-11-16,True,False
Rick Scott,Republican,Senate,FL,N/A,2022-11-16,True,False
Rick Scott,Republican,Senate,FL,N/A,2022-11-15,True,False
Rick Scott,Republican,Senate,FL,N/A,2022-11-15,True,False
Rick Scott,Republican,Senate,FL,N/A,2022-11-15,True,False
Rick Scott,Republican,Senate,FL,N/A,2022-11-13,False,True
Rick Scott,Republican,Senate,FL,N/A,2022-11-13,False,True
Rick Scott,Republican,Senate,FL,N/A,2022-11-13,False,True
Rick Scott,Republican,Senate,FL,N/A,2022-11-13,False,True
Rick Scott,Republican,Senate,FL,N/A,2022-10-20,True,False
Rick Scott,Republican,Senate,FL,N/A,2022-10-20,True,False
Bill Keating,Democrat,House,MA,ADBE,2022-11-8,False,True
Bill Keating,Democrat,House,MA,MS,2022-11-3,False,True
Bill Keating,Democrat,House,MA,MS,2022-11-3,True,False
Bill Keating,Democrat,House,MA,NOW,2022-11-8,True,False
Dwight Evans,Democrat,House,PA,SRE,2022-11-13,True,False
Dwight Evans,Democrat,House,PA,QYLD,2022-11-13,False,True
Dwight Evans,Democrat,House,PA,SRVR,2022-11-13,False,True
Dwight Evans,Democrat,House,PA,BTEC,2022-11-13,False,True
Dwight Evans,Democrat,House,PA,RTX,2022-11-13,False,True
Dwight Evans,Democrat,House,PA,RHHBY,2022-11-13,True,False
Lois Frankel,Democrat,House,FL,COLD,2022-10-26,True,False
Lois Frankel,Democrat,House,FL,CI,2022-11-1,False,True
Lois Frankel,Democrat,House,FL,GD,2022-10-18,True,False
Lois Frankel,Democrat,House,FL,HAL,2022-10-25,True,False
Lois Frankel,Democrat,House,FL,NSP,2022-10-23,False,True
Lois Frankel,Democrat,House,FL,NSP,2022-10-20,False,True
Lois Frankel,Democrat,House,FL,JNJ,2022-10-25,False,True
Lois Frankel,Democrat,House,FL,NOC,2022-10-18,False,True
Lois Frankel,Democrat,House,FL,PFE,2022-10-25,True,False
Lois Frankel,Democrat,House,FL,PLD,2022-11-8,True,False
Lois Frankel,Democrat,House,FL,PLD,2022-11-1,True,False
Fred Upton,Republican,House,MI,N/A,2022-10-11,False,True
Michael McCaul,Republican,House,TX,N/A,2022-10-24,True,False
Michael McCaul,Republican,House,TX,N/A,2022-10-6,True,False
Michael McCaul,Republican,House,TX,N/A,2022-10-17,True,False
Michael McCaul,Republican,House,TX,N/A,2022-10-10,True,False
Michael McCaul,Republican,House,TX,N/A,2022-10-20,True,False
Michael McCaul,Republican,House,TX,N/A,2022-10-18,True,False
Michael McCaul,Republican,House,TX,N/A,2022-10-20,True,False
Michael McCaul,Republican,House,TX,N/A,2022-10-20,True,False
Michael McCaul,Republican,House,TX,N/A,2022-10-18,True,False
Michael McCaul,Republican,House,TX,N/A,2022-10-2,True,False
Michael McCaul,Republican,House,TX,N/A,2022-10-25,True,False
Michael McCaul,Republican,House,TX,SHEL,2022-10-20,True,False
Michael McCaul,Republican,House,TX,N/A,2022-10-26,True,False
Michael McCaul,Republican,House,TX,N/A,2022-10-17,True,False
Michael McCaul,Republican,House,TX,N/A,2022-10-2,True,False
Michael McCaul,Republican,House,TX,SEDG,2022-10-10,True,False
Michael McCaul,Republican,House,TX,SEDG,2022-10-30,True,False
Michael McCaul,Republican,House,TX,ADBE,2022-10-30,True,False
Michael McCaul,Republican,House,TX,EPAM,2022-10-18,True,False
Michael McCaul,Republican,House,TX,GTES,2022-10-16,True,False
Michael McCaul,Republican,House,TX,RHI,2022-10-6,True,False
Michael McCaul,Republican,House,TX,DCI,2022-10-16,True,False
Michael McCaul,Republican,House,TX,HLI,2022-10-16,True,False
Michael McCaul,Republican,House,TX,FCN,2022-10-16,False,True
Michael McCaul,Republican,House,TX,N/A,2022-10-19,False,True
Michael McCaul,Republican,House,TX,BJ,2022-10-6,False,True
Michael McCaul,Republican,House,TX,META,2022-10-30,False,True
Michael McCaul,Republican,House,TX,GM,2022-10-20,False,True
Michael McCaul,Republican,House,TX,N/A,2022-10-2,False,True
Michael McCaul,Republican,House,TX,N/A,2022-10-20,False,True
Michael McCaul,Republican,House,TX,LIN,2022-10-3,False,True
Michael McCaul,Republican,House,TX,N/A,2022-10-2,False,True
Michael McCaul,Republican,House,TX,N/A,2022-10-2,False,True
Michael McCaul,Republican,House,TX,N/A,2022-10-2,False,True
Michael McCaul,Republican,House,TX,N/A,2022-10-19,False,True
Michael McCaul,Republican,House,TX,N/A,2022-10-2,False,True
Michael McCaul,Republican,House,TX,N/A,2022-10-2,False,True
Michael McCaul,Republican,House,TX,N/A,2022-10-2,False,True
Michael McCaul,Republican,House,TX,N/A,2022-10-24,True,False
Michael McCaul,Republican,House,TX,N/A,2022-10-6,True,False
Michael McCaul,Republican,House,TX,N/A,2022-10-17,True,False
Michael McCaul,Republican,House,TX,N/A,2022-10-10,True,False
Michael McCaul,Republican,House,TX,N/A,2022-10-20,True,False
Michael McCaul,Republican,House,TX,N/A,2022-10-18,True,False
Michael McCaul,Republican,House,TX,N/A,2022-10-20,True,False
Michael McCaul,Republican,House,TX,N/A,2022-10-20,True,False
Michael McCaul,Republican,House,TX,N/A,2022-10-18,True,False
Michael McCaul,Republican,House,TX,SHEL,2022-10-20,True,False
Michael McCaul,Republican,House,TX,N/A,2022-10-2,True,False
Michael McCaul,Republican,House,TX,N/A,2022-10-26,True,False
Michael McCaul,Republican,House,TX,N/A,2022-10-25,True,False
Michael McCaul,Republican,House,TX,N/A,2022-10-17,True,False
Michael McCaul,Republican,House,TX,N/A,2022-10-2,True,False
Michael McCaul,Republican,House,TX,SEDG,2022-10-10,True,False
Michael McCaul,Republican,House,TX,SEDG,2022-10-30,True,False
Michael McCaul,Republican,House,TX,ADBE,2022-10-30,True,False
Michael McCaul,Republican,House,TX,EPAM,2022-10-18,True,False
Michael McCaul,Republican,House,TX,GTES,2022-10-16,True,False
Michael McCaul,Republican,House,TX,RHI,2022-10-6,True,False
Michael McCaul,Republican,House,TX,DCI,2022-10-16,True,False
Michael McCaul,Republican,House,TX,HLI,2022-10-16,True,False
Michael McCaul,Republican,House,TX,N/A,2022-10-19,False,True
Michael McCaul,Republican,House,TX,FCN,2022-10-16,False,True
Michael McCaul,Republican,House,TX,BJ,2022-10-6,False,True
Michael McCaul,Republican,House,TX,META,2022-10-30,False,True
Michael McCaul,Republican,House,TX,N/A,2022-10-20,False,True
Michael McCaul,Republican,House,TX,N/A,2022-10-2,False,True
Michael McCaul,Republican,House,TX,GM,2022-10-20,False,True
Michael McCaul,Republican,House,TX,LIN,2022-10-3,False,True
Michael McCaul,Republican,House,TX,N/A,2022-10-2,False,True
Michael McCaul,Republican,House,TX,N/A,2022-10-2,False,True
Michael McCaul,Republican,House,TX,N/A,2022-10-2,False,True
Michael McCaul,Republican,House,TX,N/A,2022-10-19,False,True
Michael McCaul,Republican,House,TX,N/A,2022-10-2,False,True
Michael McCaul,Republican,House,TX,N/A,2022-10-2,False,True
Michael McCaul,Republican,House,TX,N/A,2022-10-2,False,True
Michael McCaul,Republican,House,TX,INTC,2022-10-12,True,False
Michael McCaul,Republican,House,TX,DOW,2022-10-4,True,False
Michael McCaul,Republican,House,TX,COR,2022-10-6,False,True
Michael McCaul,Republican,House,TX,FDX,2022-10-4,False,True
Michael McCaul,Republican,House,TX,INTC,2022-10-12,True,False
Michael McCaul,Republican,House,TX,DOW,2022-10-4,True,False
Michael McCaul,Republican,House,TX,COR,2022-10-6,False,True
Michael McCaul,Republican,House,TX,FDX,2022-10-4,False,True
Chris Jacobs,Republican,House,NY,AGNC,2022-10-6,False,True
Chris Jacobs,Republican,House,NY,AMLX,2022-10-11,True,False
Chris Jacobs,Republican,House,NY,AVXL,2022-10-11,True,False
Chris Jacobs,Republican,House,NY,BAC,2022-10-11,True,False
Chris Jacobs,Republican,House,NY,BRMK,2022-10-6,False,True
Chris Jacobs,Republican,House,NY,SAVA,2022-10-11,True,False
Chris Jacobs,Republican,House,NY,CVX,2022-10-11,True,False
Chris Jacobs,Republican,House,NY,CIVI,2022-10-11,True,False
Chris Jacobs,Republican,House,NY,XPRO,2022-10-11,True,False
Chris Jacobs,Republican,House,NY,XOM,2022-10-11,True,False
Chris Jacobs,Republican,House,NY,IIPR,2022-10-11,True,False
Chris Jacobs,Republican,House,NY,ISEE,2022-10-11,True,False
Chris Jacobs,Republican,House,NY,JPM,2022-10-11,True,False
Chris Jacobs,Republican,House,NY,N/A,2022-10-17,True,False
Chris Jacobs,Republican,House,NY,PFE,2022-10-6,False,True
Chris Jacobs,Republican,House,NY,PLL,2022-10-11,True,False
Chris Jacobs,Republican,House,NY,TELL,2022-10-6,False,True
Chris Jacobs,Republican,House,NY,VTNR,2022-10-6,False,True
Ro Khanna,Democrat,House,CA,WST,2022-10-19,False,True
Ro Khanna,Democrat,House,CA,MPWR,2022-10-19,False,True
Ro Khanna,Democrat,House,CA,MRVL,2022-10-19,False,True
Ro Khanna,Democrat,House,CA,BIO,2022-10-19,False,True
Ro Khanna,Democrat,House,CA,IWD,2022-10-19,True,False
Ro Khanna,Democrat,House,CA,IWF,2022-10-19,True,False
Ro Khanna,Democrat,House,CA,N/A,2022-9-30,True,False
Ro Khanna,Democrat,House,CA,CVS,2022-10-6,True,False
Ro Khanna,Democrat,House,CA,GM,2022-10-9,True,False
Ro Khanna,Democrat,House,CA,TSLA,2022-10-4,True,False
Ro Khanna,Democrat,House,CA,AMZN,2022-10-2,True,False
Ro Khanna,Democrat,House,CA,BAC,2022-10-30,True,False
Ro Khanna,Democrat,House,CA,VZ,2022-10-6,True,False
Ro Khanna,Democrat,House,CA,TSLA,2022-10-12,True,False
Ro Khanna,Democrat,House,CA,HCA,2022-10-20,True,False
Ro Khanna,Democrat,House,CA,AMZN,2022-10-27,True,False
Ro Khanna,Democrat,House,CA,NFLX,2022-10-26,True,False
Ro Khanna,Democrat,House,CA,COF,2022-10-27,True,False
Ro Khanna,Democrat,House,CA,APTV,2022-10-6,True,False
Ro Khanna,Democrat,House,CA,AIG,2022-10-19,False,True
Ro Khanna,Democrat,House,CA,PEP,2022-10-19,False,True
Ro Khanna,Democrat,House,CA,BAC,2022-10-19,False,True
Ro Khanna,Democrat,House,CA,ABT,2022-10-19,False,True
Ro Khanna,Democrat,House,CA,GOOGL,2022-10-19,False,True
Ro Khanna,Democrat,House,CA,NVR,2022-10-19,False,True
Ro Khanna,Democrat,House,CA,TXN,2022-10-19,False,True
Ro Khanna,Democrat,House,CA,AMZN,2022-10-19,False,True
Ro Khanna,Democrat,House,CA,AAPL,2022-10-19,False,True
Ro Khanna,Democrat,House,CA,KKR,2022-10-19,False,True
Ro Khanna,Democrat,House,CA,MSFT,2022-10-19,False,True
Ro Khanna,Democrat,House,CA,MMC,2022-10-19,False,True
Ro Khanna,Democrat,House,CA,PH,2022-10-19,False,True
Ro Khanna,Democrat,House,CA,HUM,2022-10-19,False,True
Ro Khanna,Democrat,House,CA,TSLA,2022-10-19,False,True
Ro Khanna,Democrat,House,CA,PFE,2022-10-19,False,True
Ro Khanna,Democrat,House,CA,CAT,2022-10-19,False,True
Ro Khanna,Democrat,House,CA,N/A,2022-10-19,False,True
Ro Khanna,Democrat,House,CA,HD,2022-10-19,False,True
Ro Khanna,Democrat,House,CA,AMZN,2022-10-19,False,True
Ro Khanna,Democrat,House,CA,MSFT,2022-10-19,False,True
Ro Khanna,Democrat,House,CA,GM,2022-10-19,False,True
Ro Khanna,Democrat,House,CA,DE,2022-10-19,False,True
Ro Khanna,Democrat,House,CA,BRK/B,2022-10-19,False,True
Ro Khanna,Democrat,House,CA,UNP,2022-10-19,False,True
Ro Khanna,Democrat,House,CA,HCA,2022-10-19,False,True
Ro Khanna,Democrat,House,CA,BDX,2022-10-19,False,True
Ro Khanna,Democrat,House,CA,SYK,2022-10-19,False,True
Ro Khanna,Democrat,House,CA,WFC,2022-10-19,False,True
Ro Khanna,Democrat,House,CA,WY,2022-10-19,False,True
Ro Khanna,Democrat,House,CA,LIN,2022-10-19,False,True
Ro Khanna,Democrat,House,CA,MDT,2022-10-19,False,True
Ro Khanna,Democrat,House,CA,NDAQ,2022-10-19,False,True
Ro Khanna,Democrat,House,CA,ABBV,2022-10-19,False,True
Ro Khanna,Democrat,House,CA,HON,2022-10-19,False,True
Ro Khanna,Democrat,House,CA,DIS,2022-10-19,False,True
Ro Khanna,Democrat,House,CA,WM,2022-10-19,False,True
Ro Khanna,Democrat,House,CA,V,2022-10-19,False,True
Ro Khanna,Democrat,House,CA,SSNC,2022-10-19,False,True
Ro Khanna,Democrat,House,CA,BKNG,2022-10-19,False,True
Ro Khanna,Democrat,House,CA,CARR,2022-10-19,False,True
Ro Khanna,Democrat,House,CA,BWA,2022-10-19,False,True
Ro Khanna,Democrat,House,CA,V,2022-10-19,False,True
Ro Khanna,Democrat,House,CA,TTWO,2022-10-19,False,True
Ro Khanna,Democrat,House,CA,VZ,2022-10-19,False,True
Ro Khanna,Democrat,House,CA,SIVBQ,2022-10-19,False,True
Ro Khanna,Democrat,House,CA,LLY,2022-10-19,False,True
Ro Khanna,Democrat,House,CA,SHW,2022-10-19,False,True
Ro Khanna,Democrat,House,CA,GOOGL,2022-10-19,False,True
Ro Khanna,Democrat,House,CA,GOOGL,2022-10-19,False,True
Ro Khanna,Democrat,House,CA,HIG,2022-10-19,False,True
Ro Khanna,Democrat,House,CA,MLM,2022-10-19,False,True
Ro Khanna,Democrat,House,CA,MA,2022-10-19,False,True
Ro Khanna,Democrat,House,CA,UNH,2022-10-19,False,True
Ro Khanna,Democrat,House,CA,NVDA,2022-10-19,False,True
Ro Khanna,Democrat,House,CA,CRM,2022-10-19,False,True
Ro Khanna,Democrat,House,CA,LVMHF,2022-10-19,False,True
Ro Khanna,Democrat,House,CA,VFC,2022-10-19,False,True
Ro Khanna,Democrat,House,CA,DHR,2022-10-19,False,True
Ro Khanna,Democrat,House,CA,COST,2022-10-19,False,True
Ro Khanna,Democrat,House,CA,CMG,2022-10-19,False,True
Ro Khanna,Democrat,House,CA,FIS,2022-10-6,False,True
Ro Khanna,Democrat,House,CA,SIVBQ,2022-10-30,False,True
Ro Khanna,Democrat,House,CA,UBER,2022-10-19,False,True
Ro Khanna,Democrat,House,CA,SBAC,2022-10-19,False,True
Ro Khanna,Democrat,House,CA,ADYEY,2022-10-19,False,True
Ro Khanna,Democrat,House,CA,TEAM,2022-10-19,False,True
Ro Khanna,Democrat,House,CA,PG,2022-10-6,False,True
Ro Khanna,Democrat,House,CA,TJX,2022-10-19,False,True
Ro Khanna,Democrat,House,CA,VRTX,2022-10-19,False,True
Ro Khanna,Democrat,House,CA,N/A,2022-10-19,False,True
Ro Khanna,Democrat,House,CA,EL,2022-10-19,False,True
Ro Khanna,Democrat,House,CA,NVO,2022-10-19,False,True
Ro Khanna,Democrat,House,CA,ADBE,2022-10-19,False,True
Ro Khanna,Democrat,House,CA,ABNB,2022-10-19,False,True
Ro Khanna,Democrat,House,CA,LULU,2022-10-19,False,True
Ro Khanna,Democrat,House,CA,AMT,2022-10-19,False,True
Ro Khanna,Democrat,House,CA,MELI,2022-10-19,False,True
Ro Khanna,Democrat,House,CA,CMCSA,2022-10-6,False,True
Ro Khanna,Democrat,House,CA,ABT,2022-10-19,False,True
Ro Khanna,Democrat,House,CA,AVGO,2022-10-19,False,True
Ro Khanna,Democrat,House,CA,CMCSA,2022-10-19,False,True
Ro Khanna,Democrat,House,CA,FIS,2022-10-19,False,True
Ro Khanna,Democrat,House,CA,DXCM,2022-10-19,False,True
Ro Khanna,Democrat,House,CA,NKE,2022-10-19,False,True
Ro Khanna,Democrat,House,CA,SPGI,2022-10-19,False,True
Ro Khanna,Democrat,House,CA,MAR,2022-10-19,False,True
Ro Khanna,Democrat,House,CA,AAPL,2022-10-27,False,True
Ro Khanna,Democrat,House,CA,META,2022-10-19,False,True
Ro Khanna,Democrat,House,CA,TTD,2022-10-19,False,True
Ro Khanna,Democrat,House,CA,SNOW,2022-10-19,False,True
Ro Khanna,Democrat,House,CA,CMCSA,2022-10-9,False,True
Ro Khanna,Democrat,House,CA,HD,2022-10-19,False,True
Ro Khanna,Democrat,House,CA,FIS,2022-10-9,False,True
Ro Khanna,Democrat,House,CA,ISRG,2022-10-19,False,True
Ro Khanna,Democrat,House,CA,NKE,2022-10-2,False,True
Ro Khanna,Democrat,House,CA,N/A,2022-10-19,False,True
Ro Khanna,Democrat,House,CA,SPOT,2022-10-19,False,True
Ro Khanna,Democrat,House,CA,KKR,2022-10-19,False,True
Ro Khanna,Democrat,House,CA,SIVBQ,2022-10-27,False,True
Ro Khanna,Democrat,House,CA,ABNB,2022-10-2,False,True
Ro Khanna,Democrat,House,CA,IWD,2022-10-19,True,False
Ro Khanna,Democrat,House,CA,IWF,2022-10-19,True,False
Ro Khanna,Democrat,House,CA,IWF,2022-10-20,True,False
Ro Khanna,Democrat,House,CA,SSNC,2022-10-27,True,False
Ro Khanna,Democrat,House,CA,ST,2022-10-24,True,False
Ro Khanna,Democrat,House,CA,GM,2022-10-9,True,False
Ro Khanna,Democrat,House,CA,AMZN,2022-10-20,False,True
Ro Khanna,Democrat,House,CA,TSLA,2022-10-20,False,True
Ro Khanna,Democrat,House,CA,AAPL,2022-10-20,False,True
Ro Khanna,Democrat,House,CA,MSFT,2022-10-20,False,True
Ro Khanna,Democrat,House,CA,GOOGL,2022-10-20,False,True
Ro Khanna,Democrat,House,CA,GOOGL,2022-10-20,False,True
Ro Khanna,Democrat,House,CA,NVDA,2022-10-20,False,True
Ro Khanna,Democrat,House,CA,V,2022-10-20,False,True
Ro Khanna,Democrat,House,CA,AIG,2022-10-19,False,True
Ro Khanna,Democrat,House,CA,LLY,2022-10-20,False,True
Ro Khanna,Democrat,House,CA,ADBE,2022-10-20,False,True
Ro Khanna,Democrat,House,CA,MA,2022-10-20,False,True
Ro Khanna,Democrat,House,CA,ABNB,2022-10-20,False,True
Ro Khanna,Democrat,House,CA,CMG,2022-10-20,False,True
Ro Khanna,Democrat,House,CA,NFLX,2022-10-20,False,True
Ro Khanna,Democrat,House,CA,BAC,2022-10-19,False,True
Ro Khanna,Democrat,House,CA,COST,2022-10-20,False,True
Ro Khanna,Democrat,House,CA,GOOGL,2022-10-19,False,True
Ro Khanna,Democrat,House,CA,TXN,2022-10-19,False,True
Ro Khanna,Democrat,House,CA,CRM,2022-10-20,False,True
Ro Khanna,Democrat,House,CA,ABT,2022-10-19,False,True
Ro Khanna,Democrat,House,CA,KKR,2022-10-19,False,True
Ro Khanna,Democrat,House,CA,EL,2022-10-20,False,True
Ro Khanna,Democrat,House,CA,LULU,2022-10-20,False,True
Ro Khanna,Democrat,House,CA,HUM,2022-10-20,False,True
Ro Khanna,Democrat,House,CA,HUM,2022-10-19,False,True
Ro Khanna,Democrat,House,CA,PEP,2022-10-19,False,True
Ro Khanna,Democrat,House,CA,MSFT,2022-10-19,False,True
Ro Khanna,Democrat,House,CA,NKE,2022-10-20,False,True
Ro Khanna,Democrat,House,CA,UBER,2022-10-20,False,True
Ro Khanna,Democrat,House,CA,PFE,2022-10-19,False,True
Ro Khanna,Democrat,House,CA,HD,2022-10-19,False,True
Ro Khanna,Democrat,House,CA,MMC,2022-10-19,False,True
Ro Khanna,Democrat,House,CA,N/A,2022-10-19,False,True
Ro Khanna,Democrat,House,CA,BRK/B,2022-10-19,False,True
Ro Khanna,Democrat,House,CA,AMZN,2022-10-19,False,True
Ro Khanna,Democrat,House,CA,TEAM,2022-10-20,False,True
Ro Khanna,Democrat,House,CA,MELI,2022-10-20,False,True
Ro Khanna,Democrat,House,CA,GM,2022-10-19,False,True
Ro Khanna,Democrat,House,CA,TJX,2022-10-20,False,True
Ro Khanna,Democrat,House,CA,CAT,2022-10-19,False,True
Ro Khanna,Democrat,House,CA,SHOP,2022-10-20,False,True
Ro Khanna,Democrat,House,CA,DE,2022-10-19,False,True
Ro Khanna,Democrat,House,CA,PH,2022-10-19,False,True
Ro Khanna,Democrat,House,CA,META,2022-10-20,False,True
Ro Khanna,Democrat,House,CA,NVR,2022-10-19,False,True
Ro Khanna,Democrat,House,CA,UNP,2022-10-19,False,True
Ro Khanna,Democrat,House,CA,N/A,2022-10-20,False,True
Ro Khanna,Democrat,House,CA,BDX,2022-10-19,False,True
Ro Khanna,Democrat,House,CA,MTCH,2022-10-20,False,True
Ro Khanna,Democrat,House,CA,LIN,2022-10-19,False,True
Ro Khanna,Democrat,House,CA,WY,2022-10-19,False,True
Ro Khanna,Democrat,House,CA,HCA,2022-10-19,False,True
Ro Khanna,Democrat,House,CA,MDT,2022-10-19,False,True
Ro Khanna,Democrat,House,CA,SSNC,2022-10-19,False,True
Ro Khanna,Democrat,House,CA,NDAQ,2022-10-19,False,True
Ro Khanna,Democrat,House,CA,SYK,2022-10-19,False,True
Ro Khanna,Democrat,House,CA,WM,2022-10-19,False,True
Ro Khanna,Democrat,House,CA,WFC,2022-10-19,False,True
Ro Khanna,Democrat,House,CA,MAR,2022-10-20,False,True
Ro Khanna,Democrat,House,CA,V,2022-10-19,False,True
Ro Khanna,Democrat,House,CA,DIS,2022-10-19,False,True
Ro Khanna,Democrat,House,CA,DHR,2022-10-20,False,True
Ro Khanna,Democrat,House,CA,HON,2022-10-19,False,True
Ro Khanna,Democrat,House,CA,TTD,2022-10-20,False,True
Ro Khanna,Democrat,House,CA,ABBV,2022-10-19,False,True
Ro Khanna,Democrat,House,CA,BKNG,2022-10-19,False,True
Ro Khanna,Democrat,House,CA,D,2022-10-19,False,True
Ro Khanna,Democrat,House,CA,HIG,2022-10-19,False,True
Ro Khanna,Democrat,House,CA,BWA,2022-10-19,False,True
Ro Khanna,Democrat,House,CA,VZ,2022-10-19,False,True
Ro Khanna,Democrat,House,CA,DXCM,2022-10-20,False,True
Ro Khanna,Democrat,House,CA,SNOW,2022-10-20,False,True
Ro Khanna,Democrat,House,CA,SIVBQ,2022-10-19,False,True
