Name,Party,Chamber,State,Ticker,Date,Buy,Sell
Ro Khanna,Democrat,House,CA,MCK,2023-6-28,True,False
Ro Khanna,Democrat,House,CA,CI,2023-6-28,True,False
Ro Khanna,Democrat,House,CA,TMUS,2023-6-28,True,False
Ro Khanna,Democrat,House,CA,KEYS,2023-6-28,True,False
Ro Khanna,Democrat,House,CA,HSIC,2023-6-28,True,False
Ro Khanna,Democrat,House,CA,AVTR,2023-6-12,True,False
Ro Khanna,Democrat,House,CA,BF/A,2023-6-28,True,False
Ro Khanna,Democrat,House,CA,SPG,2023-6-28,True,False
Ro Khanna,Democrat,House,CA,K,2023-6-28,True,False
Ro Khanna,Democrat,House,CA,AVTR,2023-6-27,True,False
Ro Khanna,Democrat,House,CA,CINF,2023-6-28,True,False
Ro Khanna,Democrat,House,CA,CPB,2023-6-28,True,False
Ro Khanna,Democrat,House,CA,OGN,2023-6-28,True,False
Ro Khanna,Democrat,House,CA,GLW,2023-6-28,True,False
Ro Khanna,Democrat,House,CA,L,2023-6-28,True,False
Ro Khanna,Democrat,House,CA,ROL,2023-6-28,True,False
Ro Khanna,Democrat,House,CA,DXC,2023-6-28,True,False
Ro Khanna,Democrat,House,CA,CAG,2023-6-28,True,False
Ro Khanna,Democrat,House,CA,COR,2023-6-28,True,False
Ro Khanna,Democrat,House,CA,TSN,2023-6-28,True,False
Ro Khanna,Democrat,House,CA,GEN,2023-6-28,True,False
Ro Khanna,Democrat,House,CA,WBA,2023-6-28,True,False
Ro Khanna,Democrat,House,CA,CAH,2023-6-28,True,False
Ro Khanna,Democrat,House,CA,KDP,2023-6-28,True,False
Ro Khanna,Democrat,House,CA,SYY,2023-6-28,True,False
Ro Khanna,Democrat,House,CA,BNPQY,2023-6-8,True,False
Ro Khanna,Democrat,House,CA,VRTX,2023-6-28,True,False
Ro Khanna,Democrat,House,CA,BAC,2023-6-28,True,False
Ro Khanna,Democrat,House,CA,AVTR,2023-6-14,True,False
Ro Khanna,Democrat,House,CA,XSP,2023-6-21,False,True
Ro Khanna,Democrat,House,CA,XSP,2023-6-28,False,True
Ro Khanna,Democrat,House,CA,XSP,2023-6-7,False,True
Ro Khanna,Democrat,House,CA,XSP,2023-5-31,False,True
Ro Khanna,Democrat,House,CA,XSP,2023-6-14,False,True
Ro Khanna,Democrat,House,CA,ISRG,2023-6-28,False,True
Ro Khanna,Democrat,House,CA,MRK,2023-6-28,False,True
Ro Khanna,Democrat,House,CA,SBUX,2023-6-28,False,True
Ro Khanna,Democrat,House,CA,WFC,2023-6-28,False,True
Ro Khanna,Democrat,House,CA,ABBV,2023-6-28,False,True
Ro Khanna,Democrat,House,CA,TXN,2023-6-28,False,True
Ro Khanna,Democrat,House,CA,BLK,2023-6-28,False,True
Ro Khanna,Democrat,House,CA,CPRT,2023-6-28,False,True
Ro Khanna,Democrat,House,CA,AJG,2023-6-28,False,True
Ro Khanna,Democrat,House,CA,NDAQ,2023-6-28,False,True
Ro Khanna,Democrat,House,CA,CVS,2023-6-28,False,True
Ro Khanna,Democrat,House,CA,TEL,2023-6-28,False,True
Ro Khanna,Democrat,House,CA,ODFL,2023-6-28,False,True
Ro Khanna,Democrat,House,CA,BWA,2023-6-28,False,True
Ro Khanna,Democrat,House,CA,PGR,2023-6-28,False,True
Ro Khanna,Democrat,House,CA,A,2023-6-28,False,True
Ro Khanna,Democrat,House,CA,DIS,2023-6-28,False,True
Ro Khanna,Democrat,House,CA,VRSK,2023-6-28,False,True
Ro Khanna,Democrat,House,CA,MMM,2023-6-28,False,True
Ro Khanna,Democrat,House,CA,ANET,2023-6-28,False,True
Ro Khanna,Democrat,House,CA,WRK,2023-6-28,False,True
Ro Khanna,Democrat,House,CA,HLT,2023-6-28,False,True
Ro Khanna,Democrat,House,CA,SNPS,2023-6-28,False,True
Ro Khanna,Democrat,House,CA,IT,2023-6-28,False,True
Ro Khanna,Democrat,House,CA,ROK,2023-6-28,False,True
Ro Khanna,Democrat,House,CA,MDLZ,2023-6-28,False,True
Ro Khanna,Democrat,House,CA,PWR,2023-6-28,False,True
Ro Khanna,Democrat,House,CA,RMD,2023-6-28,False,True
Ro Khanna,Democrat,House,CA,PEAK,2023-6-28,False,True
Ro Khanna,Democrat,House,CA,MCO,2023-6-28,False,True
Ro Khanna,Democrat,House,CA,MNST,2023-6-28,False,True
Ro Khanna,Democrat,House,CA,NVDA,2023-6-28,False,True
Ro Khanna,Democrat,House,CA,TDY,2023-6-28,False,True
Ro Khanna,Democrat,House,CA,DLTR,2023-6-28,False,True
Ro Khanna,Democrat,House,CA,TMO,2023-6-28,False,True
Ro Khanna,Democrat,House,CA,HSY,2023-6-28,False,True
Ro Khanna,Democrat,House,CA,MRNA,2023-6-28,False,True
Ro Khanna,Democrat,House,CA,CFG,2023-6-28,False,True
Ro Khanna,Democrat,House,CA,ARES,2023-6-28,False,True
Ro Khanna,Democrat,House,CA,DG,2023-6-28,False,True
Ro Khanna,Democrat,House,CA,FTV,2023-6-28,False,True
Ro Khanna,Democrat,House,CA,ILMN,2023-6-28,False,True
Ro Khanna,Democrat,House,CA,MGM,2023-6-28,False,True
Ro Khanna,Democrat,House,CA,URBN,2023-5-31,False,True
Ro Khanna,Democrat,House,CA,ARE,2023-6-28,False,True
Ro Khanna,Democrat,House,CA,DVA,2023-6-28,False,True
Ro Khanna,Democrat,House,CA,XYL,2023-6-28,False,True
Ro Khanna,Democrat,House,CA,ABB,2023-6-8,False,True
Ro Khanna,Democrat,House,CA,DEI,2023-6-28,False,True
Ro Khanna,Democrat,House,CA,KHC,2023-6-28,False,True
Ro Khanna,Democrat,House,CA,COTY,2023-6-28,False,True
Ro Khanna,Democrat,House,CA,DHI,2023-6-28,False,True
Ro Khanna,Democrat,House,CA,GPK,2023-6-6,False,True
Ro Khanna,Democrat,House,CA,AAP,2023-6-28,False,True
Ro Khanna,Democrat,House,CA,DKS,2023-6-28,False,True
Ro Khanna,Democrat,House,CA,BIO,2023-6-28,False,True
Ro Khanna,Democrat,House,CA,MMC,2023-6-28,False,True
Ro Khanna,Democrat,House,CA,TPX,2023-6-28,False,True
Ro Khanna,Democrat,House,CA,WCN,2023-6-28,False,True
Ro Khanna,Democrat,House,CA,N/A,2023-6-20,True,False
Ro Khanna,Democrat,House,CA,MS,2023-6-21,True,False
Ro Khanna,Democrat,House,CA,BAC,2023-6-25,True,False
Ro Khanna,Democrat,House,CA,N/A,2023-6-15,True,False
Ro Khanna,Democrat,House,CA,VZ,2023-6-15,True,False
Ro Khanna,Democrat,House,CA,N/A,2023-6-21,True,False
Ro Khanna,Democrat,House,CA,N/A,2023-6-21,True,False
Ro Khanna,Democrat,House,CA,N/A,2023-6-15,True,False
Ro Khanna,Democrat,House,CA,BAX,2023-6-25,True,False
Ro Khanna,Democrat,House,CA,DG,2023-6-21,True,False
Ro Khanna,Democrat,House,CA,CCI,2023-6-21,True,False
Ro Khanna,Democrat,House,CA,HUM,2023-6-20,True,False
Ro Khanna,Democrat,House,CA,DUK,2023-6-15,True,False
Ro Khanna,Democrat,House,CA,AL,2023-6-21,True,False
Ro Khanna,Democrat,House,CA,ACF,2023-6-15,True,False
Ro Khanna,Democrat,House,CA,XEL,2023-6-20,True,False
Ro Khanna,Democrat,House,CA,EMC,2023-6-21,True,False
Ro Khanna,Democrat,House,CA,NTR,2023-6-21,True,False
Ro Khanna,Democrat,House,CA,USB,2023-6-21,True,False
Ro Khanna,Democrat,House,CA,PNC,2023-6-21,True,False
Ro Khanna,Democrat,House,CA,GPN,2023-6-15,True,False
Ro Khanna,Democrat,House,CA,AMT,2023-6-21,True,False
Ro Khanna,Democrat,House,CA,NFLX,2023-6-25,True,False
Ro Khanna,Democrat,House,CA,AVGO,2023-6-21,True,False
Ro Khanna,Democrat,House,CA,BNS,2023-6-21,True,False
Ro Khanna,Democrat,House,CA,N/A,2023-6-25,True,False
Ro Khanna,Democrat,House,CA,CM,2023-6-21,True,False
Ro Khanna,Democrat,House,CA,N/A,2023-6-20,True,False
Ro Khanna,Democrat,House,CA,ICE,2023-6-25,True,False
Ro Khanna,Democrat,House,CA,TD,2023-6-21,True,False
Ro Khanna,Democrat,House,CA,HPQ,2023-6-21,True,False
Ro Khanna,Democrat,House,CA,MS,2023-6-6,True,False
Ro Khanna,Democrat,House,CA,D,2023-6-6,True,False
Ro Khanna,Democrat,House,CA,TGT,2023-6-13,True,False
Ro Khanna,Democrat,House,CA,ALL,2023-6-6,True,False
Ro Khanna,Democrat,House,CA,HIG,2023-6-13,True,False
Ro Khanna,Democrat,House,CA,USB,2023-6-6,True,False
Ro Khanna,Democrat,House,CA,TGT,2023-6-21,True,False
Ro Khanna,Democrat,House,CA,TGT,2023-6-21,True,False
Ro Khanna,Democrat,House,CA,TGT,2023-6-22,True,False
Ro Khanna,Democrat,House,CA,LH,2023-6-28,True,False
Ro Khanna,Democrat,House,CA,559242Z,2023-6-5,False,True
Ro Khanna,Democrat,House,CA,N/A,2023-6-5,False,True
Ro Khanna,Democrat,House,CA,MSFT,2023-6-21,False,True
Ro Khanna,Democrat,House,CA,SYK,2023-6-27,False,True
Ro Khanna,Democrat,House,CA,MSFT,2023-6-29,False,True
Ro Khanna,Democrat,House,CA,SYK,2023-6-21,False,True
Ro Khanna,Democrat,House,CA,N/A,2023-6-4,True,False
Ro Khanna,Democrat,House,CA,N/A,2023-6-14,True,False
Ro Khanna,Democrat,House,CA,N/A,2023-6-14,True,False
Ro Khanna,Democrat,House,CA,N/A,2023-6-27,False,True
Ro Khanna,Democrat,House,CA,N/A,2023-6-27,False,True
Ro Khanna,Democrat,House,CA,N/A,2023-6-27,False,True
Ro Khanna,Democrat,House,CA,N/A,2023-6-27,False,True
Ro Khanna,Democrat,House,CA,N/A,2023-6-27,False,True
Ro Khanna,Democrat,House,CA,ROP,2023-6-27,False,True
Ro Khanna,Democrat,House,CA,MPLX,2023-6-27,False,True
Ro Khanna,Democrat,House,CA,N/A,2023-6-27,False,True
Ro Khanna,Democrat,House,CA,ORCL,2023-6-27,False,True
Ro Khanna,Democrat,House,CA,AN,2023-6-27,False,True
Ro Khanna,Democrat,House,CA,N/A,2023-6-27,False,True
Ro Khanna,Democrat,House,CA,BMO,2023-6-27,False,True
Ro Khanna,Democrat,House,CA,PNC,2023-6-27,False,True
Ro Khanna,Democrat,House,CA,BAX,2023-6-27,False,True
Ro Khanna,Democrat,House,CA,FI,2023-6-27,False,True
Ro Khanna,Democrat,House,CA,AMT,2023-6-27,False,True
Ro Khanna,Democrat,House,CA,INTC,2023-6-27,False,True
Ro Khanna,Democrat,House,CA,SO,2023-6-27,False,True
Ro Khanna,Democrat,House,CA,USB,2023-6-27,False,True
Ro Khanna,Democrat,House,CA,NTRS,2023-6-27,False,True
Ro Khanna,Democrat,House,CA,EVRG,2023-6-27,False,True
Ro Khanna,Democrat,House,CA,HD,2023-6-27,False,True
Ro Khanna,Democrat,House,CA,RY,2023-6-27,False,True
Ro Khanna,Democrat,House,CA,AVGO,2023-6-27,False,True
Ro Khanna,Democrat,House,CA,N/A,2023-6-27,False,True
Ro Khanna,Democrat,House,CA,CLX,2023-6-27,False,True
Ro Khanna,Democrat,House,CA,AMP,2023-6-27,False,True
Ro Khanna,Democrat,House,CA,C,2023-6-27,False,True
Ro Khanna,Democrat,House,CA,BCE,2023-6-27,False,True
Ro Khanna,Democrat,House,CA,559242Z,2023-6-27,False,True
Ro Khanna,Democrat,House,CA,MUFG,2023-6-27,False,True
Ro Khanna,Democrat,House,CA,MUFG,2023-6-27,False,True
Ro Khanna,Democrat,House,CA,AL,2023-6-27,False,True
Ro Khanna,Democrat,House,CA,IR,2023-6-27,False,True
Ro Khanna,Democrat,House,CA,N/A,2023-6-27,False,True
Ro Khanna,Democrat,House,CA,FI,2023-6-27,False,True
Ro Khanna,Democrat,House,CA,USB,2023-6-27,False,True
Ro Khanna,Democrat,House,CA,N/A,2023-6-27,False,True
Ro Khanna,Democrat,House,CA,TD,2023-6-27,False,True
Ro Khanna,Democrat,House,CA,C,2023-6-27,False,True
Ro Khanna,Democrat,House,CA,N/A,2023-6-27,False,True
Ro Khanna,Democrat,House,CA,SPG,2023-6-27,False,True
Ro Khanna,Democrat,House,CA,BK,2023-6-27,False,True
Ro Khanna,Democrat,House,CA,BMO,2023-6-27,False,True
Ro Khanna,Democrat,House,CA,STT,2023-6-27,False,True
Ro Khanna,Democrat,House,CA,NDAQ,2023-6-27,False,True
Ro Khanna,Democrat,House,CA,MS,2023-6-27,False,True
Ro Khanna,Democrat,House,CA,FOXA,2023-6-27,False,True
Ro Khanna,Democrat,House,CA,TSS,2023-6-27,False,True
Ro Khanna,Democrat,House,CA,CNP,2023-6-27,False,True
Ro Khanna,Democrat,House,CA,BAC,2023-6-27,False,True
Ro Khanna,Democrat,House,CA,N/A,2023-6-27,False,True
Ro Khanna,Democrat,House,CA,PXD,2023-6-27,False,True
Ro Khanna,Democrat,House,CA,MPC,2023-6-27,False,True
Ro Khanna,Democrat,House,CA,BK,2023-6-27,False,True
Ro Khanna,Democrat,House,CA,AIG,2023-6-27,False,True
Ro Khanna,Democrat,House,CA,CM,2023-6-27,False,True
Ro Khanna,Democrat,House,CA,STT,2023-6-27,False,True
Ro Khanna,Democrat,House,CA,ACF,2023-6-27,False,True
Ro Khanna,Democrat,House,CA,DOW,2023-6-27,False,True
Ro Khanna,Democrat,House,CA,NTR,2023-6-27,False,True
Ro Khanna,Democrat,House,CA,CM,2023-6-27,False,True
Ro Khanna,Democrat,House,CA,SPG,2023-6-27,False,True
Ro Khanna,Democrat,House,CA,ARE,2023-6-27,False,True
Ro Khanna,Democrat,House,CA,CCI,2023-6-27,False,True
Ro Khanna,Democrat,House,CA,MO,2023-6-27,False,True
Ro Khanna,Democrat,House,CA,MMM,2023-6-27,False,True
Ro Khanna,Democrat,House,CA,BAC,2023-6-27,False,True
Ro Khanna,Democrat,House,CA,AVGO,2023-5-31,False,True
Ro Khanna,Democrat,House,CA,AVGO,2023-6-12,False,True
Ro Khanna,Democrat,House,CA,ZTS,2023-6-12,True,False
Ro Khanna,Democrat,House,CA,AVGO,2023-5-31,False,True
Ro Khanna,Democrat,House,CA,AVGO,2023-6-12,False,True
Ro Khanna,Democrat,House,CA,ZTS,2023-6-12,True,False
Ro Khanna,Democrat,House,CA,AVGO,2023-5-31,False,True
Ro Khanna,Democrat,House,CA,AVGO,2023-6-12,False,True
Ro Khanna,Democrat,House,CA,ZTS,2023-6-12,True,False
Josh Gottheimer,Democrat,House,NJ,ABBV,2023-6-25,False,True
Josh Gottheimer,Democrat,House,NJ,ADBE,2023-6-25,True,False
Josh Gottheimer,Democrat,House,NJ,AMD,2023-6-21,False,True
Josh Gottheimer,Democrat,House,NJ,GOOGL,2023-6-11,False,True
Josh Gottheimer,Democrat,House,NJ,APH,2023-6-21,False,True
Josh Gottheimer,Democrat,House,NJ,AAPL,2023-6-15,False,True
Josh Gottheimer,Democrat,House,NJ,AAPL,2023-6-21,False,True
Josh Gottheimer,Democrat,House,NJ,AORT,2023-6-12,False,True
Josh Gottheimer,Democrat,House,NJ,AZO,2023-5-31,False,True
Josh Gottheimer,Democrat,House,NJ,AZTA,2023-6-12,False,True
Josh Gottheimer,Democrat,House,NJ,AVGO,2023-6-25,True,False
Josh Gottheimer,Democrat,House,NJ,SCHW,2023-6-15,True,False
Josh Gottheimer,Democrat,House,NJ,SCHW,2023-6-11,True,False
Josh Gottheimer,Democrat,House,NJ,BAP,2023-6-14,True,False
Josh Gottheimer,Democrat,House,NJ,BAP,2023-6-13,True,False
Josh Gottheimer,Democrat,House,NJ,D,2023-6-12,False,True
Josh Gottheimer,Democrat,House,NJ,FSLR,2023-6-12,False,True
Josh Gottheimer,Democrat,House,NJ,FCX,2023-6-14,False,True
Josh Gottheimer,Democrat,House,NJ,HSHCY,2023-6-12,False,True
Josh Gottheimer,Democrat,House,NJ,HLIO,2023-6-11,False,True
Josh Gottheimer,Democrat,House,NJ,HMN,2023-6-12,False,True
Josh Gottheimer,Democrat,House,NJ,HUBS,2023-6-21,False,True
Josh Gottheimer,Democrat,House,NJ,IART,2023-6-12,False,True
Josh Gottheimer,Democrat,House,NJ,INTU,2023-6-21,False,True
Josh Gottheimer,Democrat,House,NJ,LOW,2023-6-21,False,True
Josh Gottheimer,Democrat,House,NJ,META,2023-6-25,True,False
Josh Gottheimer,Democrat,House,NJ,META,2023-6-11,True,False
Josh Gottheimer,Democrat,House,NJ,MSFT,2023-5-31,True,False
Josh Gottheimer,Democrat,House,NJ,MNST,2023-6-25,True,False
Josh Gottheimer,Democrat,House,NJ,MNST,2023-6-5,False,True
Josh Gottheimer,Democrat,House,NJ,NFLX,2023-6-5,True,False
Josh Gottheimer,Democrat,House,NJ,NVDA,2023-6-21,False,True
Josh Gottheimer,Democrat,House,NJ,ORCL,2023-6-21,False,True
Josh Gottheimer,Democrat,House,NJ,PTEN,2023-6-12,False,True
Josh Gottheimer,Democrat,House,NJ,1093,2023-6-12,False,True
Josh Gottheimer,Democrat,House,NJ,REGN,2023-6-21,False,True
Josh Gottheimer,Democrat,House,NJ,ROK,2023-6-21,False,True
Josh Gottheimer,Democrat,House,NJ,SRPT,2023-6-12,False,True
Josh Gottheimer,Democrat,House,NJ,SGEN,2023-6-25,False,True
Josh Gottheimer,Democrat,House,NJ,SHOP,2023-6-25,True,False
Josh Gottheimer,Democrat,House,NJ,SHOP,2023-6-5,True,False
Josh Gottheimer,Democrat,House,NJ,SNPS,2023-6-21,False,True
Josh Gottheimer,Democrat,House,NJ,TSLA,2023-6-21,False,True
Josh Gottheimer,Democrat,House,NJ,UPS,2023-6-25,False,True
Lloyd Doggett,Democrat,House,TX,HD,2023-6-15,True,False
Lloyd Doggett,Democrat,House,TX,IBM,2023-6-12,True,False
Lloyd Doggett,Democrat,House,TX,JNJ,2023-6-6,True,False
Lloyd Doggett,Democrat,House,TX,PPG,2023-6-12,True,False
Rudy Yakym,Republican,House,IN,N/A,2023-7-4,True,False
Rudy Yakym,Republican,House,IN,N/A,2023-7-4,True,False
Jonathan Jackson,Democrat,House,IL,GOOGL,2023-6-6,True,False
Jonathan Jackson,Democrat,House,IL,DE,2023-6-22,False,True
Jonathan Jackson,Democrat,House,IL,EL,2023-6-6,False,True
Jonathan Jackson,Democrat,House,IL,MAR,2023-6-5,True,False
Jonathan Jackson,Democrat,House,IL,REGN,2023-6-22,True,False
Jonathan Jackson,Democrat,House,IL,CRM,2023-6-8,True,False
Virginia Foxx,Republican,House,NC,DUK,2023-6-19,True,False
Virginia Foxx,Republican,House,NC,VGR,2023-6-29,True,False
Suzan DelBene,Democrat,House,WA,N/A,2023-6-28,True,False
Ann Wagner,Republican,House,MO,3733Z,2023-5-17,True,False
Ann Wagner,Republican,House,MO,N/A,2023-5-17,True,False
Ann Wagner,Republican,House,MO,EVERX,2023-5-31,True,False
Ann Wagner,Republican,House,MO,N/A,2023-6-19,True,False
Seth Moulton,Democrat,House,MA,ATVI,2023-6-12,False,True
Dwight Evans,Democrat,House,PA,BIDU,2023-6-21,False,True
Dwight Evans,Democrat,House,PA,CVS,2023-6-21,True,False
Dwight Evans,Democrat,House,PA,KD,2023-6-21,True,False
Dwight Evans,Democrat,House,PA,SRE,2023-6-21,True,False
Don Beyer,Democrat,House,VA,N/A,2023-6-5,True,False
Don Beyer,Democrat,House,VA,N/A,2023-6-29,False,True
Don Beyer,Democrat,House,VA,N/A,2023-6-5,False,True
Gary Peters,Democrat,Senate,MI,IFF,2023-6-5,True,False
Tom Carper,Democrat,Senate,DE,N/A,2023-6-19,False,True
Tom Carper,Democrat,Senate,DE,N/A,2023-6-19,False,True
Tom Carper,Democrat,Senate,DE,ETN,2023-6-19,False,True
Tom Carper,Democrat,Senate,DE,TT,2023-6-19,True,False
Tom Carper,Democrat,Senate,DE,N/A,2023-6-15,True,False
Tom Carper,Democrat,Senate,DE,N/A,2023-6-15,True,False
Tom Carper,Democrat,Senate,DE,NVDA,2023-5-24,False,True
Tom Carper,Democrat,Senate,DE,BAH,2023-5-21,True,False
Tom Carper,Democrat,Senate,DE,NTLA,2023-5-21,True,False
Tom Carper,Democrat,Senate,DE,KEYS,2023-5-21,False,True
Tom Carper,Democrat,Senate,DE,DIS,2023-5-21,False,True
Tom Carper,Democrat,Senate,DE,PYPL,2023-5-8,False,True
Tom Carper,Democrat,Senate,DE,N/A,2023-5-8,True,False
Tom Carper,Democrat,Senate,DE,N/A,2023-5-1,False,True
Tom Carper,Democrat,Senate,DE,N/A,2023-5-1,False,True
Tom Carper,Democrat,Senate,DE,N/A,2023-5-1,False,True
Tom Carper,Democrat,Senate,DE,N/A,2023-5-1,False,True
Tom Carper,Democrat,Senate,DE,N/A,2023-4-30,True,False
Tom Carper,Democrat,Senate,DE,N/A,2023-4-30,True,False
Mark Green,Republican,House,TN,ET,2023-6-25,False,True
Mark Green,Republican,House,TN,ET,2023-6-26,False,True
Mark Green,Republican,House,TN,ET,2023-6-26,False,True
Doug Lamborn,Republican,House,CO,NTAP,2023-6-4,False,True
Doug Lamborn,Republican,House,CO,NTAP,2023-6-4,False,True
Doug Lamborn,Republican,House,CO,NTAP,2023-6-4,False,True
Glenn Grothman,Republican,House,WI,N/A,2022-4-18,True,False
Pete Sessions,Republican,House,TX,AMT,2023-6-14,False,True
Pete Sessions,Republican,House,TX,DFS,2023-6-14,False,True
Pete Sessions,Republican,House,TX,LULU,2023-6-14,False,True
Pete Sessions,Republican,House,TX,MDT,2023-6-14,False,True
Pete Sessions,Republican,House,TX,NVDA,2023-6-22,True,False
Pete Sessions,Republican,House,TX,N/A,2023-6-22,True,False
Pete Sessions,Republican,House,TX,N/A,2023-6-22,True,False
Dan Meuser,Republican,House,PA,NVDA,2023-5-30,False,True
Steve Cohen,Democrat,House,TN,FHN,2023-5-25,True,False
Pete Sessions,Republican,House,TX,JPM,2023-6-22,True,False
Pete Sessions,Republican,House,TX,N/A,2023-6-22,True,False
Rick Larsen,Democrat,House,WA,ESS,2022-7-6,True,False
Lois Frankel,Democrat,House,FL,ARE,2023-5-29,True,False
Lois Frankel,Democrat,House,FL,ARE,2023-5-15,True,False
Lois Frankel,Democrat,House,FL,BSX,2023-5-29,True,False
Lois Frankel,Democrat,House,FL,BSX,2023-5-30,False,True
Lois Frankel,Democrat,House,FL,DG,2023-6-5,False,True
Lois Frankel,Democrat,House,FL,D,2023-6-7,True,False
Lois Frankel,Democrat,House,FL,D,2023-6-6,True,False
Lois Frankel,Democrat,House,FL,ES,2023-6-1,True,False
Lois Frankel,Democrat,House,FL,GD,2023-5-23,True,False
Lois Frankel,Democrat,House,FL,GL,2023-6-1,False,True
Lois Frankel,Democrat,House,FL,JPM,2023-6-13,False,True
Lois Frankel,Democrat,House,FL,NSA,2023-5-21,True,False
Lois Frankel,Democrat,House,FL,NSA,2023-5-18,True,False
Lois Frankel,Democrat,House,FL,NSA,2023-5-15,True,False
Lois Frankel,Democrat,House,FL,SHW,2023-6-6,False,True
Lois Frankel,Democrat,House,FL,TGT,2023-6-13,True,False
Lois Frankel,Democrat,House,FL,CI,2023-5-30,True,False
Lois Frankel,Democrat,House,FL,WRB,2023-5-25,True,False
Suzan DelBene,Democrat,House,WA,N/A,2023-6-5,True,False
Suzan DelBene,Democrat,House,WA,N/A,2023-6-1,True,False
Suzan DelBene,Democrat,House,WA,N/A,2023-6-6,True,False
Nancy Pelosi,Democrat,House,CA,AAPL,2023-6-14,True,False
Nancy Pelosi,Democrat,House,CA,MSFT,2023-6-14,True,False
Michael McCaul,Republican,House,TX,N/A,2023-5-23,True,False
Michael McCaul,Republican,House,TX,N/A,2023-5-18,True,False
Michael McCaul,Republican,House,TX,BAYRY,2023-5-9,True,False
Michael McCaul,Republican,House,TX,N/A,2023-5-18,True,False
Michael McCaul,Republican,House,TX,N/A,2023-5-7,True,False
Michael McCaul,Republican,House,TX,TMO,2023-5-1,True,False
Michael McCaul,Republican,House,TX,N/A,2023-5-11,True,False
Michael McCaul,Republican,House,TX,N/A,2023-5-4,True,False
Michael McCaul,Republican,House,TX,N/A,2023-5-16,True,False
Michael McCaul,Republican,House,TX,N/A,2023-5-24,True,False
Michael McCaul,Republican,House,TX,N/A,2023-5-4,True,False
Michael McCaul,Republican,House,TX,N/A,2023-5-11,True,False
Michael McCaul,Republican,House,TX,NVDA,2023-5-29,True,False
Michael McCaul,Republican,House,TX,N/A,2023-5-16,True,False
Michael McCaul,Republican,House,TX,SEDG,2023-5-7,True,False
Michael McCaul,Republican,House,TX,N/A,2023-5-23,True,False
Michael McCaul,Republican,House,TX,CTS,2023-5-23,True,False
Michael McCaul,Republican,House,TX,FN,2023-5-10,True,False
Michael McCaul,Republican,House,TX,ANET,2023-5-22,True,False
Michael McCaul,Republican,House,TX,N/A,2023-5-4,True,False
Michael McCaul,Republican,House,TX,BJ,2023-4-30,True,False
Michael McCaul,Republican,House,TX,CSL,2023-5-3,True,False
Michael McCaul,Republican,House,TX,G,2023-5-22,True,False
Michael McCaul,Republican,House,TX,RHI,2023-5-3,True,False
Michael McCaul,Republican,House,TX,DCI,2023-5-3,False,True
Michael McCaul,Republican,House,TX,SKX,2023-5-10,False,True
Michael McCaul,Republican,House,TX,NVT,2023-5-3,False,True
Michael McCaul,Republican,House,TX,IPG,2023-5-10,False,True
Michael McCaul,Republican,House,TX,MS,2023-5-9,False,True
Michael McCaul,Republican,House,TX,COF,2023-5-9,False,True
Michael McCaul,Republican,House,TX,WWD,2023-5-9,False,True
Michael McCaul,Republican,House,TX,ELV,2023-5-9,False,True
Michael McCaul,Republican,House,TX,MNST,2023-5-7,False,True
Michael McCaul,Republican,House,TX,LIN,2023-5-7,False,True
Michael McCaul,Republican,House,TX,BURL,2023-5-1,False,True
Michael McCaul,Republican,House,TX,NBIX,2023-5-1,False,True
Michael McCaul,Republican,House,TX,AZN,2023-5-1,False,True
Michael McCaul,Republican,House,TX,FLT,2023-5-1,False,True
Michael McCaul,Republican,House,TX,HLT,2023-5-9,False,True
Michael McCaul,Republican,House,TX,DISH,2023-5-9,False,True
Michael McCaul,Republican,House,TX,FLT,2023-5-22,False,True
Michael McCaul,Republican,House,TX,V,2023-5-9,False,True
Michael McCaul,Republican,House,TX,COP,2023-5-9,False,True
Michael McCaul,Republican,House,TX,MAR,2023-5-9,False,True
Michael McCaul,Republican,House,TX,N/A,2023-4-30,False,True
Michael McCaul,Republican,House,TX,MAN,2023-5-8,False,True
Michael McCaul,Republican,House,TX,AON,2023-5-9,False,True
Michael McCaul,Republican,House,TX,C,2023-5-9,False,True
Michael McCaul,Republican,House,TX,LBRDA,2023-5-9,False,True
Michael McCaul,Republican,House,TX,GE,2023-5-9,False,True
Michael McCaul,Republican,House,TX,WFC,2023-5-9,False,True
Michael McCaul,Republican,House,TX,GS,2023-5-9,False,True
Michael McCaul,Republican,House,TX,ADP,2023-5-29,False,True
Michael McCaul,Republican,House,TX,SHEL,2023-5-9,False,True
Michael McCaul,Republican,House,TX,CMCSA,2023-5-9,False,True
Michael McCaul,Republican,House,TX,UNH,2023-5-9,False,True
Michael McCaul,Republican,House,TX,N/A,2023-5-23,False,True
Michael McCaul,Republican,House,TX,SAFRY,2023-5-9,False,True
Michael McCaul,Republican,House,TX,NFLX,2023-5-9,False,True
Michael McCaul,Republican,House,TX,AMZN,2023-5-9,False,True
Michael McCaul,Republican,House,TX,META,2023-5-9,False,True
Michael McCaul,Republican,House,TX,EVVTY,2023-5-9,False,True
Michael McCaul,Republican,House,TX,MSFT,2023-5-9,False,True
Michael McCaul,Republican,House,TX,GOOGL,2023-5-9,False,True
Michael McCaul,Republican,House,TX,MSFT,2023-5-17,False,True
Michael McCaul,Republican,House,TX,N/A,2023-5-1,False,True
Michael McCaul,Republican,House,TX,N/A,2023-4-30,False,True
Michael McCaul,Republican,House,TX,N/A,2023-5-14,False,True
Michael McCaul,Republican,House,TX,N/A,2023-5-8,False,True
Michael McCaul,Republican,House,TX,N/A,2023-5-14,False,True
Michael McCaul,Republican,House,TX,DIS,2023-4-30,False,True
Michael McCaul,Republican,House,TX,N/A,2023-5-14,False,True
Michael McCaul,Republican,House,TX,N/A,2023-5-21,True,False
Michael McCaul,Republican,House,TX,N/A,2023-5-24,True,False
Michael McCaul,Republican,House,TX,N/A,2023-5-30,True,False
Michael McCaul,Republican,House,TX,CVS,2023-5-16,True,False
Michael McCaul,Republican,House,TX,OSK,2023-5-1,True,False
Michael McCaul,Republican,House,TX,CVS,2023-5-16,True,False
Michael McCaul,Republican,House,TX,OSK,2023-5-3,True,False
Michael McCaul,Republican,House,TX,OSK,2023-5-4,True,False
Michael McCaul,Republican,House,TX,NFG,2023-5-25,True,False
Michael McCaul,Republican,House,TX,NFG,2023-5-24,True,False
Michael McCaul,Republican,House,TX,NFG,2023-5-23,True,False
Michael McCaul,Republican,House,TX,NFG,2023-5-22,True,False
Michael McCaul,Republican,House,TX,MLKN,2023-5-30,False,True
Michael McCaul,Republican,House,TX,MLKN,2023-5-22,False,True
Michael McCaul,Republican,House,TX,CNHI,2023-5-4,False,True
Michael McCaul,Republican,House,TX,MLKN,2023-5-23,False,True
Michael McCaul,Republican,House,TX,MLKN,2023-5-1,False,True
Michael McCaul,Republican,House,TX,MLKN,2023-5-29,False,True
Michael McCaul,Republican,House,TX,MLKN,2023-5-3,False,True
Michael McCaul,Republican,House,TX,MLKN,2023-5-24,False,True
Michael McCaul,Republican,House,TX,MLKN,2023-5-25,False,True
Michael McCaul,Republican,House,TX,MLKN,2023-5-2,False,True
Michael McCaul,Republican,House,TX,MLKN,2023-5-4,False,True
Michael McCaul,Republican,House,TX,MLKN,2023-5-11,False,True
Michael McCaul,Republican,House,TX,CNHI,2023-5-3,False,True
Michael McCaul,Republican,House,TX,MUR,2023-5-11,False,True
Michael McCaul,Republican,House,TX,PRGO,2023-5-16,False,True
Michael McCaul,Republican,House,TX,CNHI,2023-5-11,False,True
Michael McCaul,Republican,House,TX,CNHI,2023-5-1,False,True
Michael McCaul,Republican,House,TX,DXC,2023-5-11,False,True
Michael McCaul,Republican,House,TX,TPR,2023-5-11,False,True
Michael McCaul,Republican,House,TX,WBD,2023-5-11,False,True
Michael McCaul,Republican,House,TX,PRGO,2023-5-17,False,True
Michael McCaul,Republican,House,TX,AIG,2023-5-11,False,True
Michael McCaul,Republican,House,TX,ALLY,2023-5-11,False,True
Michael McCaul,Republican,House,TX,AAP,2023-5-11,False,True
Michael McCaul,Republican,House,TX,CVS,2023-5-11,False,True
Michael McCaul,Republican,House,TX,CVS,2023-5-16,False,True
Michael McCaul,Republican,House,TX,FDX,2023-5-11,False,True
Michael McCaul,Republican,House,TX,NFG,2023-5-11,False,True
Michael McCaul,Republican,House,TX,PRGO,2023-5-11,False,True
Michael McCaul,Republican,House,TX,C,2023-5-11,False,True
Michael McCaul,Republican,House,TX,FIS,2023-5-11,False,True
Michael McCaul,Republican,House,TX,TSN,2023-5-11,False,True
Michael McCaul,Republican,House,TX,LVS,2023-5-11,False,True
Michael McCaul,Republican,House,TX,WFC,2023-5-11,False,True
Michael McCaul,Republican,House,TX,T,2023-5-11,False,True
Michael McCaul,Republican,House,TX,EQH,2023-5-11,False,True
Michael McCaul,Republican,House,TX,INTC,2023-5-11,False,True
Michael McCaul,Republican,House,TX,IBM,2023-5-11,False,True
Michael McCaul,Republican,House,TX,DOW,2023-5-11,False,True
Michael McCaul,Republican,House,TX,UTHR,2023-5-11,False,True
Michael McCaul,Republican,House,TX,ALL,2023-5-11,False,True
Michael McCaul,Republican,House,TX,CVX,2023-5-11,False,True
Michael McCaul,Republican,House,TX,COR,2023-5-11,False,True
Michael McCaul,Republican,House,TX,DLTR,2023-5-11,False,True
Michael McCaul,Republican,House,TX,MRK,2023-5-11,False,True
Michael McCaul,Republican,House,TX,PM,2023-5-11,False,True
Michael McCaul,Republican,House,TX,VWLUX,2023-4-30,True,False
Michael McCaul,Republican,House,TX,N/A,2023-5-14,True,False
Michael McCaul,Republican,House,TX,VMFXX,2023-5-9,True,False
Michael McCaul,Republican,House,TX,N/A,2023-5-23,True,False
Michael McCaul,Republican,House,TX,BAYRY,2023-5-9,True,False
Michael McCaul,Republican,House,TX,N/A,2023-5-18,True,False
Michael McCaul,Republican,House,TX,N/A,2023-5-18,True,False
Michael McCaul,Republican,House,TX,N/A,2023-5-7,True,False
Michael McCaul,Republican,House,TX,TMO,2023-5-1,True,False
Michael McCaul,Republican,House,TX,N/A,2023-5-11,True,False
Michael McCaul,Republican,House,TX,N/A,2023-5-4,True,False
Michael McCaul,Republican,House,TX,N/A,2023-5-16,True,False
Michael McCaul,Republican,House,TX,N/A,2023-5-24,True,False
Michael McCaul,Republican,House,TX,N/A,2023-5-4,True,False
Michael McCaul,Republican,House,TX,N/A,2023-5-11,True,False
Michael McCaul,Republican,House,TX,NVDA,2023-5-29,True,False
Michael McCaul,Republican,House,TX,N/A,2023-5-16,True,False
Michael McCaul,Republican,House,TX,SEDG,2023-5-7,True,False
Michael McCaul,Republican,House,TX,N/A,2023-5-23,True,False
Michael McCaul,Republican,House,TX,CTS,2023-5-23,True,False
Michael McCaul,Republican,House,TX,FN,2023-5-10,True,False
Michael McCaul,Republican,House,TX,ANET,2023-5-22,True,False
Michael McCaul,Republican,House,TX,N/A,2023-5-4,True,False
Michael McCaul,Republican,House,TX,BJ,2023-4-30,True,False
Michael McCaul,Republican,House,TX,CSL,2023-5-3,True,False
Michael McCaul,Republican,House,TX,G,2023-5-22,True,False
Michael McCaul,Republican,House,TX,RHI,2023-5-3,True,False
Michael McCaul,Republican,House,TX,DCI,2023-5-3,False,True
Michael McCaul,Republican,House,TX,SKX,2023-5-10,False,True
Michael McCaul,Republican,House,TX,NVT,2023-5-3,False,True
Michael McCaul,Republican,House,TX,IPG,2023-5-10,False,True
Michael McCaul,Republican,House,TX,MS,2023-5-9,False,True
Michael McCaul,Republican,House,TX,MNST,2023-5-7,False,True
Michael McCaul,Republican,House,TX,LIN,2023-5-7,False,True
Michael McCaul,Republican,House,TX,BURL,2023-5-1,False,True
Michael McCaul,Republican,House,TX,COF,2023-5-9,False,True
Michael McCaul,Republican,House,TX,WWD,2023-5-9,False,True
Michael McCaul,Republican,House,TX,NBIX,2023-5-1,False,True
Michael McCaul,Republican,House,TX,ELV,2023-5-9,False,True
Michael McCaul,Republican,House,TX,AZN,2023-5-1,False,True
Michael McCaul,Republican,House,TX,FLT,2023-5-1,False,True
Michael McCaul,Republican,House,TX,FLT,2023-5-22,False,True
Michael McCaul,Republican,House,TX,HLT,2023-5-9,False,True
Michael McCaul,Republican,House,TX,DISH,2023-5-9,False,True
Michael McCaul,Republican,House,TX,V,2023-5-9,False,True
Michael McCaul,Republican,House,TX,N/A,2023-4-30,False,True
Michael McCaul,Republican,House,TX,MAN,2023-5-8,False,True
Michael McCaul,Republican,House,TX,COP,2023-5-9,False,True
Michael McCaul,Republican,House,TX,MAR,2023-5-9,False,True
Michael McCaul,Republican,House,TX,AON,2023-5-9,False,True
Michael McCaul,Republican,House,TX,C,2023-5-9,False,True
Michael McCaul,Republican,House,TX,LBRDA,2023-5-9,False,True
Michael McCaul,Republican,House,TX,GE,2023-5-9,False,True
Michael McCaul,Republican,House,TX,WFC,2023-5-9,False,True
Michael McCaul,Republican,House,TX,GS,2023-5-9,False,True
Michael McCaul,Republican,House,TX,ADP,2023-5-29,False,True
Michael McCaul,Republican,House,TX,N/A,2023-5-23,False,True
Michael McCaul,Republican,House,TX,SHEL,2023-5-9,False,True
Michael McCaul,Republican,House,TX,CMCSA,2023-5-9,False,True
Michael McCaul,Republican,House,TX,UNH,2023-5-9,False,True
Michael McCaul,Republican,House,TX,SAFRY,2023-5-9,False,True
Michael McCaul,Republican,House,TX,NFLX,2023-5-9,False,True
Michael McCaul,Republican,House,TX,AMZN,2023-5-9,False,True
Michael McCaul,Republican,House,TX,META,2023-5-9,False,True
Michael McCaul,Republican,House,TX,EVVTY,2023-5-9,False,True
Michael McCaul,Republican,House,TX,MSFT,2023-5-9,False,True
Michael McCaul,Republican,House,TX,N/A,2023-5-1,False,True
Michael McCaul,Republican,House,TX,GOOGL,2023-5-9,False,True
Michael McCaul,Republican,House,TX,N/A,2023-4-30,False,True
Michael McCaul,Republican,House,TX,N/A,2023-5-14,False,True
Michael McCaul,Republican,House,TX,MSFT,2023-5-17,False,True
Michael McCaul,Republican,House,TX,N/A,2023-5-8,False,True
Michael McCaul,Republican,House,TX,N/A,2023-5-14,False,True
Michael McCaul,Republican,House,TX,N/A,2023-5-14,False,True
Michael McCaul,Republican,House,TX,DIS,2023-4-30,False,True
Michael McCaul,Republican,House,TX,N/A,2023-5-21,True,False
Michael McCaul,Republican,House,TX,N/A,2023-5-24,True,False
Michael McCaul,Republican,House,TX,N/A,2023-5-30,True,False
Michael McCaul,Republican,House,TX,CVS,2023-5-16,True,False
Michael McCaul,Republican,House,TX,OSK,2023-5-1,True,False
Michael McCaul,Republican,House,TX,CVS,2023-5-16,True,False
Michael McCaul,Republican,House,TX,OSK,2023-5-3,True,False
Michael McCaul,Republican,House,TX,OSK,2023-5-4,True,False
Michael McCaul,Republican,House,TX,NFG,2023-5-25,True,False
Michael McCaul,Republican,House,TX,NFG,2023-5-24,True,False
Michael McCaul,Republican,House,TX,NFG,2023-5-23,True,False
Michael McCaul,Republican,House,TX,NFG,2023-5-22,True,False
Michael McCaul,Republican,House,TX,MLKN,2023-5-30,False,True
Michael McCaul,Republican,House,TX,MLKN,2023-5-24,False,True
Michael McCaul,Republican,House,TX,CNHI,2023-5-4,False,True
Michael McCaul,Republican,House,TX,MLKN,2023-5-23,False,True
Michael McCaul,Republican,House,TX,MLKN,2023-5-1,False,True
Michael McCaul,Republican,House,TX,MLKN,2023-5-29,False,True
Michael McCaul,Republican,House,TX,MLKN,2023-5-3,False,True
Michael McCaul,Republican,House,TX,MLKN,2023-5-24,False,True
Michael McCaul,Republican,House,TX,MLKN,2023-5-25,False,True
Michael McCaul,Republican,House,TX,MLKN,2023-5-2,False,True
Michael McCaul,Republican,House,TX,MLKN,2023-5-4,False,True
Michael McCaul,Republican,House,TX,MLKN,2023-5-11,False,True
Michael McCaul,Republican,House,TX,CNHI,2023-5-3,False,True
Michael McCaul,Republican,House,TX,MUR,2023-5-11,False,True
Michael McCaul,Republican,House,TX,PRGO,2023-5-16,False,True
Michael McCaul,Republican,House,TX,CNHI,2023-5-11,False,True
Michael McCaul,Republican,House,TX,CNHI,2023-5-1,False,True
Michael McCaul,Republican,House,TX,DXC,2023-5-11,False,True
Michael McCaul,Republican,House,TX,TPR,2023-5-11,False,True
Michael McCaul,Republican,House,TX,WBD,2023-5-11,False,True
Michael McCaul,Republican,House,TX,PRGO,2023-5-17,False,True
Michael McCaul,Republican,House,TX,AIG,2023-5-11,False,True
Michael McCaul,Republican,House,TX,ALLY,2023-5-11,False,True
Michael McCaul,Republican,House,TX,AAP,2023-5-11,False,True
Michael McCaul,Republican,House,TX,CVS,2023-5-11,False,True
Michael McCaul,Republican,House,TX,CVS,2023-5-16,False,True
Michael McCaul,Republican,House,TX,FDX,2023-5-11,False,True
Michael McCaul,Republican,House,TX,NFG,2023-5-11,False,True
Michael McCaul,Republican,House,TX,PRGO,2023-5-11,False,True
Michael McCaul,Republican,House,TX,C,2023-5-11,False,True
Michael McCaul,Republican,House,TX,FIS,2023-5-11,False,True
Michael McCaul,Republican,House,TX,TSN,2023-5-11,False,True
Michael McCaul,Republican,House,TX,LVS,2023-5-11,False,True
Michael McCaul,Republican,House,TX,WFC,2023-5-11,False,True
Michael McCaul,Republican,House,TX,T,2023-5-11,False,True
Michael McCaul,Republican,House,TX,EQH,2023-5-11,False,True
Michael McCaul,Republican,House,TX,INTC,2023-5-11,False,True
Michael McCaul,Republican,House,TX,IBM,2023-5-11,False,True
Michael McCaul,Republican,House,TX,DOW,2023-5-11,False,True
Michael McCaul,Republican,House,TX,UTHR,2023-5-11,False,True
Michael McCaul,Republican,House,TX,ALL,2023-5-11,False,True
Michael McCaul,Republican,House,TX,CVX,2023-5-11,False,True
Michael McCaul,Republican,House,TX,COR,2023-5-11,False,True
Michael McCaul,Republican,House,TX,DLTR,2023-5-11,False,True
Michael McCaul,Republican,House,TX,MRK,2023-5-11,False,True
Michael McCaul,Republican,House,TX,PM,2023-5-11,False,True
Michael McCaul,Republican,House,TX,VWLUX,2023-4-30,True,False
Michael McCaul,Republican,House,TX,N/A,2023-5-14,True,False
Jim Banks,Republican,House,IN,PTON,2023-6-8,True,False
Angus King,Other,Senate,ME,MMM,2023-5-18,False,True
Mike Garcia,Republican,House,CA,GLD,2023-6-7,False,True
Mike Garcia,Republican,House,CA,TSLA,2023-6-7,False,True
Mike Garcia,Republican,House,CA,TSLA,2023-6-11,False,True
Rudy Yakym,Republican,House,IN,N/A,2023-6-14,True,False
Daniel S. Goldman,Democrat,House,NY,N/A,2023-5-10,False,True
Daniel S. Goldman,Democrat,House,NY,N/A,2023-5-3,True,False
Daniel S. Goldman,Democrat,House,NY,N/A,2023-5-16,True,False
Daniel S. Goldman,Democrat,House,NY,N/A,2023-5-10,False,True
Daniel S. Goldman,Democrat,House,NY,N/A,2023-5-10,True,False
Daniel S. Goldman,Democrat,House,NY,N/A,2023-5-2,True,False
Daniel S. Goldman,Democrat,House,NY,N/A,2023-5-11,True,False
Daniel S. Goldman,Democrat,House,NY,N/A,2023-5-15,True,False
Daniel S. Goldman,Democrat,House,NY,N/A,2023-5-10,False,True
Daniel S. Goldman,Democrat,House,NY,N/A,2023-5-23,True,False
Michael Burgess,Republican,House,TX,BX,2023-5-31,False,True
Tommy Tuberville,Republican,Senate,AL,CLF,2023-5-24,False,True
Tommy Tuberville,Republican,Senate,AL,CLF,2023-5-24,False,True
Tommy Tuberville,Republican,Senate,AL,CLF,2023-5-24,False,True
Tommy Tuberville,Republican,Senate,AL,CLF,2023-5-24,True,False
Tommy Tuberville,Republican,Senate,AL,V,2023-5-23,True,False
Tommy Tuberville,Republican,Senate,AL,V,2023-5-23,True,False
Tommy Tuberville,Republican,Senate,AL,CLF,2023-5-23,True,False
Tommy Tuberville,Republican,Senate,AL,PYPL,2023-5-22,False,True
Tommy Tuberville,Republican,Senate,AL,PYPL,2023-5-22,False,True
Tommy Tuberville,Republican,Senate,AL,PYPL,2023-5-22,False,True
Tommy Tuberville,Republican,Senate,AL,PYPL,2023-5-22,False,True
Tommy Tuberville,Republican,Senate,AL,PYPL,2023-5-22,False,True
Tommy Tuberville,Republican,Senate,AL,OXY,2023-5-21,False,True
Tommy Tuberville,Republican,Senate,AL,OXY,2023-5-21,True,False
Tommy Tuberville,Republican,Senate,AL,AAPL,2023-5-18,False,True
Tommy Tuberville,Republican,Senate,AL,X,2023-5-18,False,True
Tommy Tuberville,Republican,Senate,AL,OXY,2023-5-18,False,True
Tommy Tuberville,Republican,Senate,AL,OXY,2023-5-18,False,True
Tommy Tuberville,Republican,Senate,AL,CLF,2023-5-17,False,True
Tommy Tuberville,Republican,Senate,AL,CLX,2023-5-16,False,True
Tommy Tuberville,Republican,Senate,AL,CLX,2023-5-16,False,True
Tommy Tuberville,Republican,Senate,AL,F,2023-5-16,False,True
Tommy Tuberville,Republican,Senate,AL,CLF,2023-5-16,False,True
Tommy Tuberville,Republican,Senate,AL,CLF,2023-5-16,False,True
Tommy Tuberville,Republican,Senate,AL,PYPL,2023-5-10,True,False
Tommy Tuberville,Republican,Senate,AL,PYPL,2023-5-9,True,False
Tommy Tuberville,Republican,Senate,AL,CLX,2023-5-7,False,True
Tommy Tuberville,Republican,Senate,AL,CLX,2023-5-7,False,True
Tommy Tuberville,Republican,Senate,AL,PG,2023-5-7,False,True
Tommy Tuberville,Republican,Senate,AL,PG,2023-5-7,False,True
Tommy Tuberville,Republican,Senate,AL,PG,2023-5-7,False,True
Tommy Tuberville,Republican,Senate,AL,X,2023-5-7,False,True
Tommy Tuberville,Republican,Senate,AL,GOLD,2023-5-7,False,True
Tommy Tuberville,Republican,Senate,AL,GOLD,2023-5-7,False,True
Tommy Tuberville,Republican,Senate,AL,WBA,2023-5-7,True,False
Tommy Tuberville,Republican,Senate,AL,RF,2023-5-7,True,False
Tommy Tuberville,Republican,Senate,AL,QCOM,2023-5-7,True,False
Tommy Tuberville,Republican,Senate,AL,NU,2023-5-7,True,False
Tommy Tuberville,Republican,Senate,AL,KEY,2023-5-7,True,False
Tommy Tuberville,Republican,Senate,AL,FGBI,2023-5-7,True,False
Tommy Tuberville,Republican,Senate,AL,FITB,2023-5-7,True,False
Tommy Tuberville,Republican,Senate,AL,CFG,2023-5-7,True,False
Tommy Tuberville,Republican,Senate,AL,N/A,2023-5-30,True,False
Tommy Tuberville,Republican,Senate,AL,N/A,2023-5-25,False,True
Tommy Tuberville,Republican,Senate,AL,N/A,2023-5-17,False,True
Tommy Tuberville,Republican,Senate,AL,N/A,2023-5-15,True,False
Tommy Tuberville,Republican,Senate,AL,N/A,2023-5-16,False,True
Tommy Tuberville,Republican,Senate,AL,N/A,2023-5-14,True,False
Tommy Tuberville,Republican,Senate,AL,N/A,2023-5-3,True,False
Tommy Tuberville,Republican,Senate,AL,N/A,2023-4-30,True,False
John Hickenlooper,Democrat,Senate,CO,SIRI,2023-6-8,False,True
John Hickenlooper,Democrat,Senate,CO,CMG,2023-5-25,False,True
John Hickenlooper,Democrat,Senate,CO,VZ,2023-5-9,False,True
John Hickenlooper,Democrat,Senate,CO,INTC,2023-5-9,False,True
John Hickenlooper,Democrat,Senate,CO,AMT,2023-5-9,False,True
Bill Keating,Democrat,House,MA,CVS,2023-6-7,False,True
Bill Keating,Democrat,House,MA,MCK,2023-6-7,True,False
Suzan DelBene,Democrat,House,WA,MSFT,2022-8-29,False,True
Suzan DelBene,Democrat,House,WA,MSFT,2023-2-28,False,True
Shelley Moore Capito,Republican,Senate,WV,WFC,2023-5-9,False,True
Shelley Moore Capito,Republican,Senate,WV,XOM,2023-5-9,False,True
Shelley Moore Capito,Republican,Senate,WV,C,2023-5-9,False,True
Shelley Moore Capito,Republican,Senate,WV,BMY,2023-5-9,False,True
Richard Blumenthal,Democrat,Senate,CT,ARB,2023-5-4,False,True
Richard Blumenthal,Democrat,Senate,CT,OLO,2023-5-17,False,True
Richard Blumenthal,Democrat,Senate,CT,ADMR,2023-5-21,True,False
Richard Blumenthal,Democrat,Senate,CT,ADMR,2023-5-21,True,False
Richard Blumenthal,Democrat,Senate,CT,ADMR,2023-5-21,True,False
Richard Blumenthal,Democrat,Senate,CT,ADMR,2023-5-21,True,False
Richard Blumenthal,Democrat,Senate,CT,ADMR,2023-5-21,True,False
Mitch McConnell,Republican,Senate,KY,WFC,2023-6-4,True,False
Maria Elvira Salazar,Republican,House,FL,LNG,2023-5-15,False,True
Maria Elvira Salazar,Republican,House,FL,OKE,2023-5-15,False,True
Scott Peters,Democrat,House,CA,N/A,2023-5-14,False,True
Ro Khanna,Democrat,House,CA,TEAM,2023-5-4,True,False
Ro Khanna,Democrat,House,CA,NVDA,2023-5-17,False,True
Ro Khanna,Democrat,House,CA,MRVL,2023-5-17,False,True
Ro Khanna,Democrat,House,CA,NVDA,2023-5-24,False,True
Ro Khanna,Democrat,House,CA,NVDA,2023-5-30,False,True
Ro Khanna,Democrat,House,CA,SCGLY,2023-5-9,True,False
Ro Khanna,Democrat,House,CA,BNPQY,2023-5-23,True,False
Ro Khanna,Democrat,House,CA,N/A,2023-5-24,True,False
Ro Khanna,Democrat,House,CA,N/A,2023-5-30,True,False
Ro Khanna,Democrat,House,CA,C,2023-5-2,True,False
Ro Khanna,Democrat,House,CA,N/A,2023-5-3,True,False
Ro Khanna,Democrat,House,CA,RY,2023-5-7,True,False
Ro Khanna,Democrat,House,CA,BNS,2023-5-25,True,False
Ro Khanna,Democrat,House,CA,BNPQY,2023-5-29,True,False
Ro Khanna,Democrat,House,CA,C,2023-5-30,True,False
Ro Khanna,Democrat,House,CA,N/A,2023-5-16,True,False
Ro Khanna,Democrat,House,CA,CM,2023-5-1,True,False
Ro Khanna,Democrat,House,CA,N/A,2023-5-8,True,False
Ro Khanna,Democrat,House,CA,TD,2023-5-30,True,False
Ro Khanna,Democrat,House,CA,N/A,2023-5-2,True,False
Ro Khanna,Democrat,House,CA,RY,2023-5-7,True,False
Ro Khanna,Democrat,House,CA,SCGLY,2023-5-9,True,False
Ro Khanna,Democrat,House,CA,BNS,2023-5-14,True,False
Ro Khanna,Democrat,House,CA,CM,2023-5-16,True,False
Ro Khanna,Democrat,House,CA,TD,2023-5-21,True,False
Ro Khanna,Democrat,House,CA,N/A,2023-5-23,True,False
Ro Khanna,Democrat,House,CA,MSFT,2023-5-4,True,False
Ro Khanna,Democrat,House,CA,BAC,2023-5-25,True,False
Ro Khanna,Democrat,House,CA,MS,2023-5-25,True,False
Ro Khanna,Democrat,House,CA,PG,2023-5-4,True,False
Ro Khanna,Democrat,House,CA,MS,2023-5-25,True,False
Ro Khanna,Democrat,House,CA,AIG,2023-5-9,True,False
Ro Khanna,Democrat,House,CA,WFC,2023-5-25,True,False
Ro Khanna,Democrat,House,CA,CAT,2023-5-4,True,False
Ro Khanna,Democrat,House,CA,DUK,2023-5-25,True,False
Ro Khanna,Democrat,House,CA,CVS,2023-5-4,True,False
Ro Khanna,Democrat,House,CA,EMRAF,2023-5-25,True,False
Ro Khanna,Democrat,House,CA,HCA,2023-5-9,True,False
Ro Khanna,Democrat,House,CA,CMA,2023-5-25,True,False
Ro Khanna,Democrat,House,CA,BK,2023-5-25,True,False
Ro Khanna,Democrat,House,CA,FITB,2023-5-25,True,False
Ro Khanna,Democrat,House,CA,TXN,2023-5-9,True,False
Ro Khanna,Democrat,House,CA,KKR,2023-5-9,True,False
Ro Khanna,Democrat,House,CA,BAC,2023-5-9,True,False
Ro Khanna,Democrat,House,CA,GM,2023-5-9,True,False
Ro Khanna,Democrat,House,CA,PH,2023-5-9,True,False
Ro Khanna,Democrat,House,CA,COF,2023-5-25,True,False
Ro Khanna,Democrat,House,CA,CAT,2023-5-9,True,False
Ro Khanna,Democrat,House,CA,SYK,2023-5-9,True,False
Ro Khanna,Democrat,House,CA,HUM,2023-5-9,True,False
Ro Khanna,Democrat,House,CA,T,2023-5-25,True,False
Ro Khanna,Democrat,House,CA,UNP,2023-5-9,True,False
Ro Khanna,Democrat,House,CA,LEA,2023-5-9,True,False
Ro Khanna,Democrat,House,CA,ODFL,2023-5-4,True,False
Ro Khanna,Democrat,House,CA,MS,2023-5-25,True,False
Ro Khanna,Democrat,House,CA,LLY,2023-5-4,True,False
Ro Khanna,Democrat,House,CA,MSFT,2023-5-4,True,False
Ro Khanna,Democrat,House,CA,PG,2023-5-4,True,False
Ro Khanna,Democrat,House,CA,IWF,2023-5-22,False,True
Ro Khanna,Democrat,House,CA,DHR,2023-5-4,False,True
Ro Khanna,Democrat,House,CA,NVR,2023-5-9,False,True
Ro Khanna,Democrat,House,CA,NVDA,2023-5-4,False,True
Ro Khanna,Democrat,House,CA,AMZN,2023-5-9,False,True
Ro Khanna,Democrat,House,CA,ABT,2023-5-9,False,True
Ro Khanna,Democrat,House,CA,WY,2023-4-30,False,True
Ro Khanna,Democrat,House,CA,GOOGL,2023-5-4,False,True
Ro Khanna,Democrat,House,CA,DUK,2023-5-30,False,True
Ro Khanna,Democrat,House,CA,NEE,2023-5-4,False,True
Ro Khanna,Democrat,House,CA,EMRAF,2023-5-30,False,True
Ro Khanna,Democrat,House,CA,TTWO,2023-5-17,False,True
Ro Khanna,Democrat,House,CA,GE,2023-5-4,False,True
Ro Khanna,Democrat,House,CA,WY,2023-5-2,False,True
Ro Khanna,Democrat,House,CA,APTV,2023-5-4,False,True
Ro Khanna,Democrat,House,CA,TTWO,2023-5-18,False,True
Ro Khanna,Democrat,House,CA,TTWO,2023-5-17,False,True
Ro Khanna,Democrat,House,CA,WY,2023-5-3,False,True
Ro Khanna,Democrat,House,CA,TTWO,2023-5-18,False,True
Ro Khanna,Democrat,House,CA,TTWO,2023-5-17,False,True
Ro Khanna,Democrat,House,CA,HSBC,2023-5-29,True,False
Ro Khanna,Democrat,House,CA,N/A,2023-5-30,True,False
Ro Khanna,Democrat,House,CA,IWF,2023-5-22,False,True
Ro Khanna,Democrat,House,CA,IWD,2023-5-22,False,True
Ro Khanna,Democrat,House,CA,GOOGL,2023-5-29,False,True
Ro Khanna,Democrat,House,CA,AMZN,2023-5-9,False,True
Ro Khanna,Democrat,House,CA,URBN,2023-5-17,False,True
Ro Khanna,Democrat,House,CA,ABT,2023-5-9,False,True
Ro Khanna,Democrat,House,CA,URBN,2023-5-22,False,True
Ro Khanna,Democrat,House,CA,C,2023-5-30,True,False
Ro Khanna,Democrat,House,CA,AAPL,2023-5-22,True,False
Ro Khanna,Democrat,House,CA,MSFT,2023-5-22,True,False
Ro Khanna,Democrat,House,CA,N/A,2023-5-23,True,False
Ro Khanna,Democrat,House,CA,BNPQY,2023-5-24,True,False
Ro Khanna,Democrat,House,CA,BNPQY,2023-4-30,True,False
Ro Khanna,Democrat,House,CA,N/A,2023-5-2,True,False
Ro Khanna,Democrat,House,CA,RY,2023-5-7,True,False
Ro Khanna,Democrat,House,CA,SCGLY,2023-5-9,True,False
Ro Khanna,Democrat,House,CA,BNS,2023-5-14,True,False
Ro Khanna,Democrat,House,CA,N/A,2023-4-30,True,False
Ro Khanna,Democrat,House,CA,N/A,2023-5-3,True,False
Ro Khanna,Democrat,House,CA,CM,2023-5-16,True,False
Ro Khanna,Democrat,House,CA,GOOGL,2023-5-22,True,False
Ro Khanna,Democrat,House,CA,AMZN,2023-5-22,True,False
Ro Khanna,Democrat,House,CA,JNJ,2023-5-22,True,False
Ro Khanna,Democrat,House,CA,BAC,2023-5-22,True,False
Ro Khanna,Democrat,House,CA,TMO,2023-5-22,True,False
Ro Khanna,Democrat,House,CA,UNH,2023-5-22,True,False
Ro Khanna,Democrat,House,CA,N/A,2023-5-3,True,False
Ro Khanna,Democrat,House,CA,SCHW,2023-5-22,True,False
Ro Khanna,Democrat,House,CA,N/A,2023-5-4,True,False
Ro Khanna,Democrat,House,CA,META,2023-5-22,True,False
Ro Khanna,Democrat,House,CA,BNPQY,2023-5-29,True,False
Ro Khanna,Democrat,House,CA,MS,2023-5-22,True,False
Ro Khanna,Democrat,House,CA,AMGN,2023-5-22,True,False
Ro Khanna,Democrat,House,CA,TSLA,2023-5-29,True,False
Ro Khanna,Democrat,House,CA,CI,2023-5-22,True,False
Ro Khanna,Democrat,House,CA,PAYX,2023-5-22,True,False
Ro Khanna,Democrat,House,CA,N/A,2023-5-8,True,False
Ro Khanna,Democrat,House,CA,GM,2023-5-22,True,False
Ro Khanna,Democrat,House,CA,BMY,2023-5-22,True,False
Ro Khanna,Democrat,House,CA,IBM,2023-5-22,True,False
Ro Khanna,Democrat,House,CA,NVDA,2023-5-22,True,False
Ro Khanna,Democrat,House,CA,AMT,2023-5-22,True,False
Ro Khanna,Democrat,House,CA,ROP,2023-5-3,True,False
Ro Khanna,Democrat,House,CA,AXP,2023-5-22,True,False
Ro Khanna,Democrat,House,CA,ABT,2023-5-22,True,False
Ro Khanna,Democrat,House,CA,PG,2023-5-22,True,False
Ro Khanna,Democrat,House,CA,KLAC,2023-5-22,True,False
Ro Khanna,Democrat,House,CA,LOW,2023-5-22,True,False
Ro Khanna,Democrat,House,CA,AVGO,2023-5-22,True,False
Ro Khanna,Democrat,House,CA,COF,2023-5-22,True,False
Ro Khanna,Democrat,House,CA,F,2023-5-22,True,False
Ro Khanna,Democrat,House,CA,WM,2023-5-22,True,False
Ro Khanna,Democrat,House,CA,BRK/B,2023-5-22,True,False
Ro Khanna,Democrat,House,CA,CB,2023-5-22,True,False
Ro Khanna,Democrat,House,CA,MRK,2023-5-22,True,False
Ro Khanna,Democrat,House,CA,MTD,2023-5-22,True,False
Ro Khanna,Democrat,House,CA,VRTX,2023-5-22,True,False
Ro Khanna,Democrat,House,CA,RPRX,2023-5-3,True,False
Ro Khanna,Democrat,House,CA,CVS,2023-5-3,True,False
Ro Khanna,Democrat,House,CA,KO,2023-5-22,True,False
Ro Khanna,Democrat,House,CA,NSC,2023-5-22,True,False
Ro Khanna,Democrat,House,CA,DG,2023-5-22,True,False
Ro Khanna,Democrat,House,CA,IQV,2023-5-22,True,False
Ro Khanna,Democrat,House,CA,MMM,2023-5-22,True,False
Ro Khanna,Democrat,House,CA,MU,2023-5-22,True,False
Ro Khanna,Democrat,House,CA,MCK,2023-5-22,True,False
Ro Khanna,Democrat,House,CA,PM,2023-5-22,True,False
Ro Khanna,Democrat,House,CA,RJF,2023-5-22,True,False
Ro Khanna,Democrat,House,CA,RVTY,2023-5-22,True,False
Ro Khanna,Democrat,House,CA,CSCO,2023-5-22,True,False
Ro Khanna,Democrat,House,CA,ETN,2023-5-22,True,False
Ro Khanna,Democrat,House,CA,CMCSA,2023-5-22,True,False
Ro Khanna,Democrat,House,CA,INTC,2023-5-22,True,False
Ro Khanna,Democrat,House,CA,APTV,2023-5-22,True,False
Ro Khanna,Democrat,House,CA,ELV,2023-5-22,True,False
Ro Khanna,Democrat,House,CA,SHW,2023-5-22,True,False
Ro Khanna,Democrat,House,CA,EXR,2023-5-22,True,False
Ro Khanna,Democrat,House,CA,ALB,2023-5-22,True,False
Ro Khanna,Democrat,House,CA,MPLX,2023-5-3,True,False
Ro Khanna,Democrat,House,CA,MCD,2023-5-22,True,False
Ro Khanna,Democrat,House,CA,CAT,2023-5-22,True,False
Ro Khanna,Democrat,House,CA,EFX,2023-5-22,True,False
Ro Khanna,Democrat,House,CA,IFF,2023-5-22,True,False
Ro Khanna,Democrat,House,CA,MET,2023-5-22,True,False
Ro Khanna,Democrat,House,CA,MAS,2023-5-22,True,False
Ro Khanna,Democrat,House,CA,WY,2023-5-22,True,False
Ro Khanna,Democrat,House,CA,PFE,2023-5-29,True,False
Ro Khanna,Democrat,House,CA,CRL,2023-5-22,True,False
Ro Khanna,Democrat,House,CA,CSGP,2023-5-22,True,False
Ro Khanna,Democrat,House,CA,MCHP,2023-5-22,True,False
Ro Khanna,Democrat,House,CA,ADM,2023-5-22,True,False
Ro Khanna,Democrat,House,CA,PLD,2023-5-22,True,False
Ro Khanna,Democrat,House,CA,ADBE,2023-5-22,True,False
Ro Khanna,Democrat,House,CA,TEL,2023-5-22,True,False
Ro Khanna,Democrat,House,CA,NTRS,2023-5-22,True,False
Ro Khanna,Democrat,House,CA,LIN,2023-5-22,True,False
Ro Khanna,Democrat,House,CA,STZ,2023-5-22,True,False
Ro Khanna,Democrat,House,CA,CRM,2023-5-22,True,False
Ro Khanna,Democrat,House,CA,C,2023-5-15,True,False
Ro Khanna,Democrat,House,CA,WST,2023-5-22,True,False
Ro Khanna,Democrat,House,CA,EW,2023-5-22,True,False
Ro Khanna,Democrat,House,CA,NKE,2023-5-22,True,False
Ro Khanna,Democrat,House,CA,ENPH,2023-5-22,True,False
Ro Khanna,Democrat,House,CA,CE,2023-5-22,True,False
Ro Khanna,Democrat,House,CA,EMR,2023-5-22,True,False
Ro Khanna,Democrat,House,CA,KEYS,2023-5-22,True,False
Ro Khanna,Democrat,House,CA,MCO,2023-5-22,True,False
Ro Khanna,Democrat,House,CA,DLTR,2023-5-22,True,False
Ro Khanna,Democrat,House,CA,DFS,2023-5-22,True,False
Ro Khanna,Democrat,House,CA,WBD,2023-5-22,True,False
Ro Khanna,Democrat,House,CA,TGT,2023-5-22,True,False
Ro Khanna,Democrat,House,CA,SEDG,2023-5-22,True,False
Ro Khanna,Democrat,House,CA,ACN,2023-5-22,True,False
Ro Khanna,Democrat,House,CA,PSA,2023-5-22,True,False
Ro Khanna,Democrat,House,CA,LRCX,2023-5-22,True,False
Ro Khanna,Democrat,House,CA,PAYC,2023-5-22,True,False
Ro Khanna,Democrat,House,CA,C,2023-5-3,True,False
Ro Khanna,Democrat,House,CA,FOXA,2023-5-3,True,False
Ro Khanna,Democrat,House,CA,DLR,2023-5-22,True,False
Ro Khanna,Democrat,House,CA,WAT,2023-5-22,True,False
Ro Khanna,Democrat,House,CA,EPAM,2023-5-22,True,False
Ro Khanna,Democrat,House,CA,BKNG,2023-5-22,True,False
Ro Khanna,Democrat,House,CA,BAC,2023-5-3,True,False
Ro Khanna,Democrat,House,CA,NOW,2023-5-22,True,False
Ro Khanna,Democrat,House,CA,COST,2023-5-22,True,False
Ro Khanna,Democrat,House,CA,IDXX,2023-5-22,True,False
Ro Khanna,Democrat,House,CA,FFIV,2023-5-22,True,False
Ro Khanna,Democrat,House,CA,VRSK,2023-5-22,True,False
Ro Khanna,Democrat,House,CA,ALLE,2023-5-22,True,False
Ro Khanna,Democrat,House,CA,RSG,2023-5-22,True,False
Ro Khanna,Democrat,House,CA,HAS,2023-5-22,True,False
Ro Khanna,Democrat,House,CA,BWA,2023-5-22,True,False
Ro Khanna,Democrat,House,CA,KDP,2023-5-22,True,False
Ro Khanna,Democrat,House,CA,FCX,2023-5-22,True,False
Ro Khanna,Democrat,House,CA,TECH,2023-5-22,True,False
Ro Khanna,Democrat,House,CA,MRNA,2023-5-22,True,False
Ro Khanna,Democrat,House,CA,CDNS,2023-5-22,True,False
Ro Khanna,Democrat,House,CA,OTIS,2023-5-22,True,False
Ro Khanna,Democrat,House,CA,CSX,2023-5-22,True,False
Ro Khanna,Democrat,House,CA,LYV,2023-5-22,True,False
Ro Khanna,Democrat,House,CA,CMG,2023-5-22,True,False
Ro Khanna,Democrat,House,CA,AAL,2023-5-22,True,False
Ro Khanna,Democrat,House,CA,TTWO,2023-5-22,True,False
Ro Khanna,Democrat,House,CA,IVZ,2023-5-22,True,False
Ro Khanna,Democrat,House,CA,CF,2023-5-22,True,False
Ro Khanna,Democrat,House,CA,WRB,2023-5-22,True,False
Ro Khanna,Democrat,House,CA,PM,2023-5-15,True,False
Ro Khanna,Democrat,House,CA,STE,2023-5-22,True,False
Ro Khanna,Democrat,House,CA,PARA,2023-5-22,True,False
Ro Khanna,Democrat,House,CA,FSLR,2023-5-22,True,False
Ro Khanna,Democrat,House,CA,SYF,2023-5-22,True,False
Ro Khanna,Democrat,House,CA,DAL,2023-5-22,True,False
Ro Khanna,Democrat,House,CA,WRK,2023-5-22,True,False
Ro Khanna,Democrat,House,CA,ORCL,2023-5-22,True,False
Ro Khanna,Democrat,House,CA,ADSK,2023-5-22,True,False
Ro Khanna,Democrat,House,CA,FIS,2023-5-22,True,False
Ro Khanna,Democrat,House,CA,AIG,2023-5-22,True,False
Ro Khanna,Democrat,House,CA,GEHC,2023-5-22,True,False
Ro Khanna,Democrat,House,CA,CL,2023-5-22,True,False
Ro Khanna,Democrat,House,CA,UAL,2023-5-22,True,False
Ro Khanna,Democrat,House,CA,TER,2023-5-22,True,False
Ro Khanna,Democrat,House,CA,WELL,2023-5-22,True,False
Ro Khanna,Democrat,House,CA,C,2023-5-15,True,False
Ro Khanna,Democrat,House,CA,CBRE,2023-5-22,True,False
Ro Khanna,Democrat,House,CA,APH,2023-5-22,True,False
Ro Khanna,Democrat,House,CA,BG,2023-5-22,True,False
Ro Khanna,Democrat,House,CA,SPGI,2023-5-22,True,False
Ro Khanna,Democrat,House,CA,NXPI,2023-5-22,True,False
Ro Khanna,Democrat,House,CA,MMC,2023-5-22,True,False
Ro Khanna,Democrat,House,CA,DXCM,2023-5-22,True,False
Ro Khanna,Democrat,House,CA,PNC,2023-5-3,True,False
Ro Khanna,Democrat,House,CA,CDW,2023-5-22,True,False
Ro Khanna,Democrat,House,CA,ODFL,2023-5-22,True,False
Ro Khanna,Democrat,House,CA,MOH,2023-5-22,True,False
Ro Khanna,Democrat,House,CA,SYY,2023-5-22,True,False
Ro Khanna,Democrat,House,CA,A,2023-5-22,False,True
Ro Khanna,Democrat,House,CA,MSI,2023-5-22,False,True
Ro Khanna,Democrat,House,CA,ADP,2023-5-22,False,True
Ro Khanna,Democrat,House,CA,QCOM,2023-5-22,False,True
Ro Khanna,Democrat,House,CA,DHR,2023-5-22,False,True
Ro Khanna,Democrat,House,CA,PGR,2023-5-22,False,True
Ro Khanna,Democrat,House,CA,HUM,2023-5-22,False,True
Ro Khanna,Democrat,House,CA,CVS,2023-5-22,False,True
Ro Khanna,Democrat,House,CA,DIS,2023-5-22,False,True
Ro Khanna,Democrat,House,CA,RMD,2023-5-22,False,True
Ro Khanna,Democrat,House,CA,CTVA,2023-5-22,False,True
Ro Khanna,Democrat,House,CA,AJG,2023-5-22,False,True
Ro Khanna,Democrat,House,CA,AMP,2023-5-22,False,True
Ro Khanna,Democrat,House,CA,UNP,2023-5-22,False,True
Ro Khanna,Democrat,House,CA,PYPL,2023-5-22,False,True
Ro Khanna,Democrat,House,CA,TSN,2023-5-22,False,True
Ro Khanna,Democrat,House,CA,PWR,2023-5-22,False,True
Ro Khanna,Democrat,House,CA,VMC,2023-5-22,False,True
Ro Khanna,Democrat,House,CA,TROW,2023-5-22,False,True
Ro Khanna,Democrat,House,CA,PODD,2023-5-22,False,True
Ro Khanna,Democrat,House,CA,XYL,2023-5-22,False,True
Ro Khanna,Democrat,House,CA,ARES,2023-5-22,False,True
Ro Khanna,Democrat,House,CA,CME,2023-5-22,False,True
Ro Khanna,Democrat,House,CA,IBKR,2023-5-22,False,True
Ro Khanna,Democrat,House,CA,PEP,2023-5-22,False,True
Ro Khanna,Democrat,House,CA,BRKR,2023-5-22,False,True
Ro Khanna,Democrat,House,CA,STT,2023-5-22,False,True
Ro Khanna,Democrat,House,CA,TPR,2023-5-22,False,True
Ro Khanna,Democrat,House,CA,VEEV,2023-5-22,False,True
Ro Khanna,Democrat,House,CA,IP,2023-5-22,False,True
Ro Khanna,Democrat,House,CA,GLW,2023-5-22,False,True
Ro Khanna,Democrat,House,CA,CTLT,2023-5-22,False,True
Ro Khanna,Democrat,House,CA,IR,2023-5-22,False,True
Ro Khanna,Democrat,House,CA,VFC,2023-5-22,False,True
Ro Khanna,Democrat,House,CA,ALGN,2023-5-22,False,True
Ro Khanna,Democrat,House,CA,CPRI,2023-5-22,False,True
Ro Khanna,Democrat,House,CA,ZBRA,2023-5-22,False,True
Ro Khanna,Democrat,House,CA,SNA,2023-5-22,False,True
Ro Khanna,Democrat,House,CA,C,2023-5-30,True,False
Ro Khanna,Democrat,House,CA,C,2023-5-2,True,False
Ro Khanna,Democrat,House,CA,N/A,2023-5-30,True,False
Ro Khanna,Democrat,House,CA,N/A,2023-5-3,True,False
Ro Khanna,Democrat,House,CA,RY,2023-5-7,True,False
Ro Khanna,Democrat,House,CA,BNPQY,2023-5-23,True,False
Ro Khanna,Democrat,House,CA,N/A,2023-5-24,True,False
Ro Khanna,Democrat,House,CA,SCGLY,2023-5-9,True,False
Ro Khanna,Democrat,House,CA,BNPQY,2023-4-30,True,False
Ro Khanna,Democrat,House,CA,N/A,2023-5-2,True,False
Ro Khanna,Democrat,House,CA,RY,2023-5-7,True,False
Ro Khanna,Democrat,House,CA,N/A,2023-5-23,True,False
Ro Khanna,Democrat,House,CA,BNPQY,2023-5-24,True,False
Ro Khanna,Democrat,House,CA,SCGLY,2023-5-9,True,False
Ro Khanna,Democrat,House,CA,BNPQY,2023-5-29,True,False
Ro Khanna,Democrat,House,CA,IWM,2023-5-22,False,True
Ro Khanna,Democrat,House,CA,GCEPX,2023-5-3,False,True
Ro Khanna,Democrat,House,CA,GAEPX,2023-5-3,False,True
Ro Khanna,Democrat,House,CA,VIG,2023-5-3,False,True
Ro Khanna,Democrat,House,CA,MSFT,2023-5-3,False,True
Ro Khanna,Democrat,House,CA,CMG,2023-5-3,False,True
Ro Khanna,Democrat,House,CA,SPGI,2023-5-3,False,True
Ro Khanna,Democrat,House,CA,DHR,2023-5-3,False,True
Ro Khanna,Democrat,House,CA,META,2023-5-3,False,True
Ro Khanna,Democrat,House,CA,EQIX,2023-5-3,False,True
Ro Khanna,Democrat,House,CA,ADBE,2023-5-3,False,True
Ro Khanna,Democrat,House,CA,ALGN,2023-5-3,False,True
Ro Khanna,Democrat,House,CA,ILMN,2023-5-3,False,True
Ro Khanna,Democrat,House,CA,CME,2023-5-3,False,True
Ro Khanna,Democrat,House,CA,EL,2023-5-3,False,True
Ro Khanna,Democrat,House,CA,NFLX,2023-5-3,False,True
Ro Khanna,Democrat,House,CA,V,2023-5-3,False,True
Ro Khanna,Democrat,House,CA,DIS,2023-5-3,False,True
Ro Khanna,Democrat,House,CA,AMZN,2023-5-3,False,True
Ro Khanna,Democrat,House,CA,NKE,2023-5-3,False,True
Ro Khanna,Democrat,House,CA,MTCH,2023-5-3,False,True
Ro Khanna,Democrat,House,CA,PYPL,2023-5-3,False,True
Ro Khanna,Democrat,House,CA,SNAP,2023-5-3,False,True
Ro Khanna,Democrat,House,CA,INTU,2023-5-3,False,True
Ro Khanna,Democrat,House,CA,FIS,2023-5-3,False,True
Ro Khanna,Democrat,House,CA,VFC,2023-5-3,False,True
Ro Khanna,Democrat,House,CA,AMT,2023-5-3,False,True
Ro Khanna,Democrat,House,CA,C,2023-5-30,True,False
Ro Khanna,Democrat,House,CA,BNPQY,2023-5-29,True,False
Ro Khanna,Democrat,House,CA,SCGLY,2023-5-9,True,False
Ro Khanna,Democrat,House,CA,BNPQY,2023-4-30,True,False
Ro Khanna,Democrat,House,CA,N/A,2023-5-2,True,False
Ro Khanna,Democrat,House,CA,RY,2023-5-7,True,False
Ro Khanna,Democrat,House,CA,CM,2023-5-1,True,False
Ro Khanna,Democrat,House,CA,N/A,2023-5-8,True,False
Ro Khanna,Democrat,House,CA,N/A,2023-5-16,True,False
Ro Khanna,Democrat,House,CA,PFE,2023-5-18,True,False
Ro Khanna,Democrat,House,CA,BNS,2023-5-25,True,False
Ro Khanna,Democrat,House,CA,ABBV,2023-5-18,True,False
Ro Khanna,Democrat,House,CA,AMZN,2023-5-18,True,False
Ro Khanna,Democrat,House,CA,MMM,2023-5-18,True,False
Ro Khanna,Democrat,House,CA,CI,2023-5-18,True,False
Ro Khanna,Democrat,House,CA,BXP,2023-5-22,True,False
Ro Khanna,Democrat,House,CA,USB,2023-5-18,True,False
Ro Khanna,Democrat,House,CA,BXP,2023-5-18,True,False
Ro Khanna,Democrat,House,CA,FITB,2023-5-18,True,False
Ro Khanna,Democrat,House,CA,BMY,2023-5-18,True,False
Ro Khanna,Democrat,House,CA,DIS,2023-5-18,True,False
Ro Khanna,Democrat,House,CA,CVS,2023-5-18,True,False
Ro Khanna,Democrat,House,CA,WRK,2023-5-22,True,False
Ro Khanna,Democrat,House,CA,AMT,2023-5-18,True,False
Ro Khanna,Democrat,House,CA,PNC,2023-5-18,True,False
Ro Khanna,Democrat,House,CA,STZ,2023-5-18,True,False
Ro Khanna,Democrat,House,CA,PM,2023-5-18,True,False
Ro Khanna,Democrat,House,CA,ELV,2023-5-18,True,False
Ro Khanna,Democrat,House,CA,CCI,2023-5-18,True,False
Ro Khanna,Democrat,House,CA,WRK,2023-5-18,True,False
Ro Khanna,Democrat,House,CA,SCHW,2023-5-18,True,False
Ro Khanna,Democrat,House,CA,PEAK,2023-5-18,True,False
Ro Khanna,Democrat,House,CA,N/A,2023-5-18,True,False
Ro Khanna,Democrat,House,CA,FIS,2023-5-18,True,False
Ro Khanna,Democrat,House,CA,ADM,2023-5-18,True,False
Ro Khanna,Democrat,House,CA,MET,2023-5-18,True,False
Ro Khanna,Democrat,House,CA,CFG,2023-5-18,True,False
Ro Khanna,Democrat,House,CA,CMA,2023-5-18,True,False
Ro Khanna,Democrat,House,CA,PRU,2023-5-18,True,False
Ro Khanna,Democrat,House,CA,TSLA,2023-5-18,True,False
Ro Khanna,Democrat,House,CA,IBM,2023-5-18,True,False
Ro Khanna,Democrat,House,CA,LOW,2023-5-18,True,False
Ro Khanna,Democrat,House,CA,AVTR,2023-5-17,True,False
Ro Khanna,Democrat,House,CA,AVTR,2023-5-8,True,False
Ro Khanna,Democrat,House,CA,N/A,2023-5-2,True,False
Ro Khanna,Democrat,House,CA,N/A,2023-5-2,True,False
Ro Khanna,Democrat,House,CA,N/A,2023-4-30,True,False
Ro Khanna,Democrat,House,CA,N/A,2023-5-2,True,False
Ro Khanna,Democrat,House,CA,BRK/B,2023-5-18,True,False
Ro Khanna,Democrat,House,CA,IQV,2023-5-18,True,False
Ro Khanna,Democrat,House,CA,ALL,2023-5-18,True,False
Ro Khanna,Democrat,House,CA,HBAN,2023-5-18,True,False
Ro Khanna,Democrat,House,CA,IP,2023-5-18,True,False
Ro Khanna,Democrat,House,CA,KIM,2023-5-18,True,False
Ro Khanna,Democrat,House,CA,ARE,2023-5-18,True,False
Ro Khanna,Democrat,House,CA,SBAC,2023-5-18,True,False
Ro Khanna,Democrat,House,CA,SYF,2023-5-18,True,False
Ro Khanna,Democrat,House,CA,MOS,2023-5-18,True,False
Ro Khanna,Democrat,House,CA,SHW,2023-5-18,True,False
Ro Khanna,Democrat,House,CA,CF,2023-5-18,True,False
Ro Khanna,Democrat,House,CA,BBWI,2023-5-18,True,False
Ro Khanna,Democrat,House,CA,CBRE,2023-5-18,True,False
Ro Khanna,Democrat,House,CA,WHR,2023-5-18,True,False
Ro Khanna,Democrat,House,CA,DVA,2023-5-18,True,False
Ro Khanna,Democrat,House,CA,K,2023-5-18,True,False
Ro Khanna,Democrat,House,CA,INCY,2023-5-18,True,False
Ro Khanna,Democrat,House,CA,COF,2023-5-18,True,False
Ro Khanna,Democrat,House,CA,CAT,2023-5-18,True,False
Ro Khanna,Democrat,House,CA,ADP,2023-5-18,True,False
Ro Khanna,Democrat,House,CA,VFC,2023-5-18,True,False
Ro Khanna,Democrat,House,CA,LNC,2023-5-18,True,False
Ro Khanna,Democrat,House,CA,AVTR,2023-5-21,True,False
Ro Khanna,Democrat,House,CA,AAP,2023-5-18,True,False
Ro Khanna,Democrat,House,CA,ALB,2023-5-18,True,False
Ro Khanna,Democrat,House,CA,CRL,2023-5-18,True,False
Ro Khanna,Democrat,House,CA,REGN,2023-5-18,True,False
Ro Khanna,Democrat,House,CA,SNY,2023-5-11,True,False
Ro Khanna,Democrat,House,CA,AVTR,2023-5-4,True,False
Ro Khanna,Democrat,House,CA,AVTR,2023-4-30,True,False
Ro Khanna,Democrat,House,CA,ING,2023-5-11,True,False
Ro Khanna,Democrat,House,CA,NVO,2023-5-11,True,False
Ro Khanna,Democrat,House,CA,SNY,2023-5-11,True,False
Ro Khanna,Democrat,House,CA,NVS,2023-5-11,True,False
Ro Khanna,Democrat,House,CA,XSP,2023-5-3,False,True
Ro Khanna,Democrat,House,CA,XSP,2023-5-22,False,True
Ro Khanna,Democrat,House,CA,XSP,2023-5-10,False,True
Ro Khanna,Democrat,House,CA,SPY,2023-5-22,False,True
Ro Khanna,Democrat,House,CA,MSFT,2023-5-22,False,True
Ro Khanna,Democrat,House,CA,AAPL,2023-5-22,False,True
Ro Khanna,Democrat,House,CA,SPY,2023-5-9,False,True
Ro Khanna,Democrat,House,CA,SPY,2023-5-2,False,True
Ro Khanna,Democrat,House,CA,SPY,2023-5-7,False,True
Ro Khanna,Democrat,House,CA,HD,2023-5-22,False,True
Ro Khanna,Democrat,House,CA,JNJ,2023-5-22,False,True
Ro Khanna,Democrat,House,CA,GOOGL,2023-5-22,False,True
Ro Khanna,Democrat,House,CA,GOOGL,2023-5-22,False,True
Ro Khanna,Democrat,House,CA,KO,2023-5-22,False,True
Ro Khanna,Democrat,House,CA,BRK/B,2023-5-22,False,True
Ro Khanna,Democrat,House,CA,BAC,2023-5-22,False,True
Ro Khanna,Democrat,House,CA,MU,2023-5-22,False,True
Ro Khanna,Democrat,House,CA,RF,2023-5-22,False,True
Ro Khanna,Democrat,House,CA,AXTA,2023-5-22,False,True
Ro Khanna,Democrat,House,CA,UNH,2023-5-22,False,True
Ro Khanna,Democrat,House,CA,SSNC,2023-5-22,False,True
Ro Khanna,Democrat,House,CA,BAC,2023-5-18,False,True
Ro Khanna,Democrat,House,CA,GPK,2023-5-22,False,True
Ro Khanna,Democrat,House,CA,LGF/A,2023-5-22,False,True
Ro Khanna,Democrat,House,CA,SPY,2023-4-30,False,True
Ro Khanna,Democrat,House,CA,ELAN,2023-5-22,False,True
Ro Khanna,Democrat,House,CA,DHR,2023-5-18,False,True
Ro Khanna,Democrat,House,CA,DD,2023-5-22,False,True
Ro Khanna,Democrat,House,CA,PYPL,2023-5-18,False,True
Ro Khanna,Democrat,House,CA,IFF,2023-5-22,False,True
Ro Khanna,Democrat,House,CA,MHK,2023-5-22,False,True
Ro Khanna,Democrat,House,CA,DIS,2023-5-22,False,True
Ro Khanna,Democrat,House,CA,META,2023-5-22,False,True
Ro Khanna,Democrat,House,CA,CRI,2023-5-22,False,True
Ro Khanna,Democrat,House,CA,MS,2023-5-22,False,True
Ro Khanna,Democrat,House,CA,AMGN,2023-5-18,False,True
Ro Khanna,Democrat,House,CA,ST,2023-5-22,False,True
Ro Khanna,Democrat,House,CA,ABT,2023-5-22,False,True
Ro Khanna,Democrat,House,CA,GLW,2023-5-22,False,True
Ro Khanna,Democrat,House,CA,WBA,2023-5-22,False,True
Ro Khanna,Democrat,House,CA,UPS,2023-5-22,False,True
Ro Khanna,Democrat,House,CA,URBN,2023-5-15,False,True
Ro Khanna,Democrat,House,CA,MCD,2023-5-22,False,True
Ro Khanna,Democrat,House,CA,VZ,2023-5-18,False,True
Ro Khanna,Democrat,House,CA,QCOM,2023-5-22,False,True
Ro Khanna,Democrat,House,CA,GM,2023-5-22,False,True
Ro Khanna,Democrat,House,CA,LIN,2023-5-22,False,True
Ro Khanna,Democrat,House,CA,FI,2023-5-22,False,True
Ro Khanna,Democrat,House,CA,TGT,2023-5-22,False,True
Ro Khanna,Democrat,House,CA,UNP,2023-5-22,False,True
Ro Khanna,Democrat,House,CA,PLD,2023-5-22,False,True
Ro Khanna,Democrat,House,CA,TXN,2023-5-22,False,True
Ro Khanna,Democrat,House,CA,F,2023-5-22,False,True
Ro Khanna,Democrat,House,CA,AVTR,2023-5-22,False,True
Ro Khanna,Democrat,House,CA,MO,2023-5-18,False,True
Ro Khanna,Democrat,House,CA,BK,2023-5-22,False,True
Ro Khanna,Democrat,House,CA,MDLZ,2023-5-22,False,True
Ro Khanna,Democrat,House,CA,TMO,2023-5-22,False,True
Ro Khanna,Democrat,House,CA,NVDA,2023-5-22,False,True
Ro Khanna,Democrat,House,CA,URBN,2023-5-22,False,True
Ro Khanna,Democrat,House,CA,TMO,2023-5-18,False,True
Ro Khanna,Democrat,House,CA,MTB,2023-5-18,False,True
Ro Khanna,Democrat,House,CA,ZTS,2023-5-22,False,True
Ro Khanna,Democrat,House,CA,CB,2023-5-22,False,True
Ro Khanna,Democrat,House,CA,HUM,2023-5-18,False,True
Ro Khanna,Democrat,House,CA,PSA,2023-5-18,False,True
Ro Khanna,Democrat,House,CA,APTV,2023-5-22,False,True
Ro Khanna,Democrat,House,CA,ATVI,2023-5-22,False,True
Ro Khanna,Democrat,House,CA,BDX,2023-5-22,False,True
Ro Khanna,Democrat,House,CA,MSI,2023-5-22,False,True
Ro Khanna,Democrat,House,CA,UNP,2023-5-18,False,True
Ro Khanna,Democrat,House,CA,AVB,2023-5-22,False,True
Ro Khanna,Democrat,House,CA,TSN,2023-5-18,False,True
Ro Khanna,Democrat,House,CA,HPE,2023-5-22,False,True
Ro Khanna,Democrat,House,CA,ETSY,2023-5-18,False,True
Ro Khanna,Democrat,House,CA,CME,2023-5-22,False,True
Ro Khanna,Democrat,House,CA,MKC,2023-5-22,False,True
Ro Khanna,Democrat,House,CA,MDT,2023-5-22,False,True
Ro Khanna,Democrat,House,CA,AVY,2023-5-22,False,True
Ro Khanna,Democrat,House,CA,VZ,2023-5-22,False,True
Ro Khanna,Democrat,House,CA,APD,2023-5-22,False,True
Ro Khanna,Democrat,House,CA,GPN,2023-5-22,False,True
Ro Khanna,Democrat,House,CA,LEA,2023-5-22,False,True
Ro Khanna,Democrat,House,CA,NEM,2023-5-18,False,True
Ro Khanna,Democrat,House,CA,CTVA,2023-5-18,False,True
